Read blend: "/home/user/liuflexrobo/GLIMMER/blend/final/GLIMMER_master.blend"
Fra:36 Mem:134.86M (Peak 135.28M) | Time:00:00.17 | Mem:0.00M, Peak:0.00M | Scene, ViewLayer | Synchronizing object | FX_001_abdomen
Fra:36 Mem:134.91M (Peak 135.28M) | Time:00:00.17 | Mem:0.00M, Peak:0.00M | Scene, ViewLayer | Synchronizing object | FX_001_body
Fra:36 Mem:134.97M (Peak 135.28M) | Time:00:00.17 | Mem:0.00M, Peak:0.00M | Scene, ViewLayer | Synchronizing object | FX_001_wing_L
Fra:36 Mem:134.98M (Peak 135.28M) | Time:00:00.17 | Mem:0.00M, Peak:0.00M | Scene, ViewLayer | Synchronizing object | FX_001_wing_R
Fra:36 Mem:134.99M (Peak 135.28M) | Time:00:00.17 | Mem:0.00M, Peak:0.00M | Scene, ViewLayer | Synchronizing object | FX_010_dot_src
Fra:36 Mem:135.11M (Peak 135.28M) | Time:00:00.17 | Mem:0.00M, Peak:0.00M | Scene, ViewLayer | Synchronizing object | FX_010_swarm
Fra:36 Mem:134.92M (Peak 135.28M) | Time:00:00.17 | Mem:0.00M, Peak:0.00M | Scene, ViewLayer | Synchronizing object | LIGHT_ff_practical
Fra:36 Mem:134.93M (Peak 135.28M) | Time:00:00.17 | Mem:0.00M, Peak:0.00M | Scene, ViewLayer | Synchronizing object | LIGHT_sun
Fra:36 Mem:134.93M (Peak 135.28M) | Time:00:00.17 | Mem:0.00M, Peak:0.00M | Scene, ViewLayer | Synchronizing object | LIGHT_moon
Fra:36 Mem:134.93M (Peak 135.28M) | Time:00:00.17 | Mem:0.00M, Peak:0.00M | Scene, ViewLayer | Synchronizing object | LIGHT_shaft_0
Fra:36 Mem:134.93M (Peak 135.28M) | Time:00:00.17 | Mem:0.00M, Peak:0.00M | Scene, ViewLayer | Synchronizing object | LIGHT_shaft_1
Fra:36 Mem:134.93M (Peak 135.28M) | Time:00:00.17 | Mem:0.00M, Peak:0.00M | Scene, ViewLayer | Synchronizing object | LIGHT_char_fill
Fra:36 Mem:134.93M (Peak 135.28M) | Time:00:00.17 | Mem:0.00M, Peak:0.00M | Scene, ViewLayer | Synchronizing object | LIGHT_night_rim
Fra:36 Mem:134.93M (Peak 135.28M) | Time:00:00.17 | Mem:0.00M, Peak:0.00M | Scene, ViewLayer | Synchronizing object | LIGHT_night_fill
Fra:36 Mem:134.93M (Peak 135.28M) | Time:00:00.17 | Mem:0.00M, Peak:0.00M | Scene, ViewLayer | Synchronizing object | LIGHT_robot_key
Fra:36 Mem:135.69M (Peak 135.69M) | Time:00:00.21 | Mem:0.00M, Peak:0.00M | Scene, ViewLayer | Synchronizing object | CHAR_001_head
Fra:36 Mem:135.97M (Peak 135.97M) | Time:00:00.21 | Mem:0.00M, Peak:0.00M | Scene, ViewLayer | Synchronizing object | CHAR_001_antenna
Fra:36 Mem:138.88M (Peak 138.88M) | Time:00:00.22 | Mem:0.00M, Peak:0.00M | Scene, ViewLayer | Synchronizing object | TWIG_A
Fra:36 Mem:138.92M (Peak 138.92M) | Time:00:00.22 | Mem:0.00M, Peak:0.00M | Scene, ViewLayer | Synchronizing object | TWIG_B
Fra:36 Mem:139.51M (Peak 139.51M) | Time:00:00.22 | Mem:0.00M, Peak:0.00M | Scene, ViewLayer | Synchronizing object | CHAR_001_head_hatch
Fra:36 Mem:139.53M (Peak 139.53M) | Time:00:00.22 | Mem:0.00M, Peak:0.00M | Scene, ViewLayer | Synchronizing object | CHAR_001_head_seam
Fra:36 Mem:139.53M (Peak 139.53M) | Time:00:00.22 | Mem:0.00M, Peak:0.00M | Scene, ViewLayer | Synchronizing object | CHAR_001_eye_rim_L
Fra:36 Mem:139.55M (Peak 139.55M) | Time:00:00.22 | Mem:0.00M, Peak:0.00M | Scene, ViewLayer | Synchronizing object | CHAR_001_eye_L
Fra:36 Mem:139.60M (Peak 139.60M) | Time:00:00.22 | Mem:0.00M, Peak:0.00M | Scene, ViewLayer | Synchronizing object | CHAR_001_iris_L
Fra:36 Mem:139.62M (Peak 139.62M) | Time:00:00.22 | Mem:0.00M, Peak:0.00M | Scene, ViewLayer | Synchronizing object | CHAR_001_eye_rim_R
Fra:36 Mem:139.64M (Peak 139.64M) | Time:00:00.22 | Mem:0.00M, Peak:0.00M | Scene, ViewLayer | Synchronizing object | CHAR_001_eye_R
Fra:36 Mem:139.69M (Peak 139.69M) | Time:00:00.22 | Mem:0.00M, Peak:0.00M | Scene, ViewLayer | Synchronizing object | CHAR_001_iris_R
Fra:36 Mem:139.71M (Peak 139.71M) | Time:00:00.22 | Mem:0.00M, Peak:0.00M | Scene, ViewLayer | Synchronizing object | CHAR_001_antenna_tip
Fra:36 Mem:139.72M (Peak 139.72M) | Time:00:00.22 | Mem:0.00M, Peak:0.00M | Scene, ViewLayer | Synchronizing object | CHAR_001_torso
Fra:36 Mem:139.74M (Peak 139.74M) | Time:00:00.22 | Mem:0.00M, Peak:0.00M | Scene, ViewLayer | Synchronizing object | CHAR_001_torso_panel
Fra:36 Mem:139.74M (Peak 139.74M) | Time:00:00.22 | Mem:0.00M, Peak:0.00M | Scene, ViewLayer | Synchronizing object | CHAR_001_rivets
Fra:36 Mem:139.79M (Peak 139.79M) | Time:00:00.22 | Mem:0.00M, Peak:0.00M | Scene, ViewLayer | Synchronizing object | CHAR_001_vents
Fra:36 Mem:139.80M (Peak 139.80M) | Time:00:00.22 | Mem:0.00M, Peak:0.00M | Scene, ViewLayer | Synchronizing object | CHAR_001_neck
Fra:36 Mem:139.80M (Peak 139.80M) | Time:00:00.22 | Mem:0.00M, Peak:0.00M | Scene, ViewLayer | Synchronizing object | CHAR_001_shoulder_L
Fra:36 Mem:139.83M (Peak 139.83M) | Time:00:00.22 | Mem:0.00M, Peak:0.00M | Scene, ViewLayer | Synchronizing object | CHAR_001_upperarm_L
Fra:36 Mem:139.84M (Peak 139.84M) | Time:00:00.22 | Mem:0.00M, Peak:0.00M | Scene, ViewLayer | Synchronizing object | CHAR_001_forearm_L
Fra:36 Mem:139.84M (Peak 139.84M) | Time:00:00.22 | Mem:0.00M, Peak:0.00M | Scene, ViewLayer | Synchronizing object | CHAR_001_hand_L
Fra:36 Mem:139.90M (Peak 139.90M) | Time:00:00.22 | Mem:0.00M, Peak:0.00M | Scene, ViewLayer | Synchronizing object | CHAR_001_shoulder_R
Fra:36 Mem:140.05M (Peak 140.05M) | Time:00:00.22 | Mem:0.00M, Peak:0.00M | Scene, ViewLayer | Synchronizing object | CHAR_001_upperarm_R
Fra:36 Mem:140.26M (Peak 140.26M) | Time:00:00.22 | Mem:0.00M, Peak:0.00M | Scene, ViewLayer | Synchronizing object | CHAR_001_forearm_R
Fra:36 Mem:140.27M (Peak 140.27M) | Time:00:00.22 | Mem:0.00M, Peak:0.00M | Scene, ViewLayer | Synchronizing object | CHAR_001_hand_R
Fra:36 Mem:140.32M (Peak 140.32M) | Time:00:00.22 | Mem:0.00M, Peak:0.00M | Scene, ViewLayer | Synchronizing object | CHAR_001_finger_R_index
Fra:36 Mem:140.34M (Peak 140.34M) | Time:00:00.22 | Mem:0.00M, Peak:0.00M | Scene, ViewLayer | Synchronizing object | CHAR_001_chassis
Fra:36 Mem:140.35M (Peak 140.35M) | Time:00:00.22 | Mem:0.00M, Peak:0.00M | Scene, ViewLayer | Synchronizing object | CHAR_001_track_plates_L
Fra:36 Mem:140.40M (Peak 140.40M) | Time:00:00.22 | Mem:0.00M, Peak:0.00M | Scene, ViewLayer | Synchronizing object | CHAR_001_wheel_L_0
Fra:36 Mem:140.41M (Peak 140.41M) | Time:00:00.23 | Mem:0.00M, Peak:0.00M | Scene, ViewLayer | Synchronizing object | CHAR_001_wheel_L_1
Fra:36 Mem:140.41M (Peak 140.41M) | Time:00:00.23 | Mem:0.00M, Peak:0.00M | Scene, ViewLayer | Synchronizing object | CHAR_001_wheel_L_2
Fra:36 Mem:140.42M (Peak 140.42M) | Time:00:00.23 | Mem:0.00M, Peak:0.00M | Scene, ViewLayer | Synchronizing object | CHAR_001_wheel_L_3
Fra:36 Mem:140.43M (Peak 140.43M) | Time:00:00.23 | Mem:0.00M, Peak:0.00M | Scene, ViewLayer | Synchronizing object | CHAR_001_wheel_L_4
Fra:36 Mem:140.44M (Peak 140.44M) | Time:00:00.23 | Mem:0.00M, Peak:0.00M | Scene, ViewLayer | Synchronizing object | CHAR_001_fender_L
Fra:36 Mem:140.45M (Peak 140.45M) | Time:00:00.23 | Mem:0.00M, Peak:0.00M | Scene, ViewLayer | Synchronizing object | CHAR_001_track_plates_R
Fra:36 Mem:140.49M (Peak 140.49M) | Time:00:00.23 | Mem:0.00M, Peak:0.00M | Scene, ViewLayer | Synchronizing object | CHAR_001_wheel_R_0
Fra:36 Mem:140.50M (Peak 140.50M) | Time:00:00.23 | Mem:0.00M, Peak:0.00M | Scene, ViewLayer | Synchronizing object | CHAR_001_wheel_R_1
Fra:36 Mem:140.51M (Peak 140.51M) | Time:00:00.23 | Mem:0.00M, Peak:0.00M | Scene, ViewLayer | Synchronizing object | CHAR_001_wheel_R_2
Fra:36 Mem:140.52M (Peak 140.52M) | Time:00:00.23 | Mem:0.00M, Peak:0.00M | Scene, ViewLayer | Synchronizing object | CHAR_001_wheel_R_3
Fra:36 Mem:140.53M (Peak 140.53M) | Time:00:00.23 | Mem:0.00M, Peak:0.00M | Scene, ViewLayer | Synchronizing object | CHAR_001_wheel_R_4
Fra:36 Mem:140.53M (Peak 140.53M) | Time:00:00.23 | Mem:0.00M, Peak:0.00M | Scene, ViewLayer | Synchronizing object | CHAR_001_fender_R
Fra:36 Mem:140.54M (Peak 140.54M) | Time:00:00.23 | Mem:0.00M, Peak:0.00M | Scene, ViewLayer | Synchronizing object | TREE_TRUNK_A
Fra:36 Mem:141.30M (Peak 141.87M) | Time:00:00.23 | Mem:0.00M, Peak:0.00M | Scene, ViewLayer | Synchronizing object | TREE_TRUNK_B
Fra:36 Mem:142.07M (Peak 142.63M) | Time:00:00.23 | Mem:0.00M, Peak:0.00M | Scene, ViewLayer | Synchronizing object | TREE_TRUNK_C
Fra:36 Mem:142.83M (Peak 143.40M) | Time:00:00.23 | Mem:0.00M, Peak:0.00M | Scene, ViewLayer | Synchronizing object | ROOT_A
Fra:36 Mem:142.85M (Peak 143.40M) | Time:00:00.23 | Mem:0.00M, Peak:0.00M | Scene, ViewLayer | Synchronizing object | ROOT_B
Fra:36 Mem:142.87M (Peak 143.40M) | Time:00:00.23 | Mem:0.00M, Peak:0.00M | Scene, ViewLayer | Synchronizing object | ROOT_C
Fra:36 Mem:142.89M (Peak 143.40M) | Time:00:00.23 | Mem:0.00M, Peak:0.00M | Scene, ViewLayer | Synchronizing object | FALLEN_LOG_HERO
Fra:36 Mem:143.00M (Peak 143.40M) | Time:00:00.23 | Mem:0.00M, Peak:0.00M | Scene, ViewLayer | Synchronizing object | FERN_A
Fra:36 Mem:143.38M (Peak 143.40M) | Time:00:00.23 | Mem:0.00M, Peak:0.00M | Scene, ViewLayer | Synchronizing object | FERN_B
Fra:36 Mem:144.22M (Peak 144.22M) | Time:00:00.23 | Mem:0.00M, Peak:0.00M | Scene, ViewLayer | Synchronizing object | FERN_C
Fra:36 Mem:144.84M (Peak 144.84M) | Time:00:00.23 | Mem:0.00M, Peak:0.00M | Scene, ViewLayer | Synchronizing object | MOSS_PATCH_A
Fra:36 Mem:144.86M (Peak 144.86M) | Time:00:00.23 | Mem:0.00M, Peak:0.00M | Scene, ViewLayer | Synchronizing object | MOSS_PATCH_B
Fra:36 Mem:144.87M (Peak 144.87M) | Time:00:00.23 | Mem:0.00M, Peak:0.00M | Scene, ViewLayer | Synchronizing object | GROUND_LEAF_A
Fra:36 Mem:144.88M (Peak 144.88M) | Time:00:00.24 | Mem:0.00M, Peak:0.00M | Scene, ViewLayer | Synchronizing object | GROUND_LEAF_B
Fra:36 Mem:144.88M (Peak 144.88M) | Time:00:00.24 | Mem:0.00M, Peak:0.00M | Scene, ViewLayer | Synchronizing object | GROUND_LEAF_C
Fra:36 Mem:144.88M (Peak 144.88M) | Time:00:00.24 | Mem:0.00M, Peak:0.00M | Scene, ViewLayer | Synchronizing object | ROCK_SMALL
Fra:36 Mem:145.21M (Peak 145.21M) | Time:00:00.24 | Mem:0.00M, Peak:0.00M | Scene, ViewLayer | Synchronizing object | BACKGROUND_TREE
Fra:36 Mem:145.79M (Peak 145.79M) | Time:00:00.24 | Mem:0.00M, Peak:0.00M | Scene, ViewLayer | Synchronizing object | ENV_ground
Fra:36 Mem:147.10M (Peak 147.10M) | Time:00:00.24 | Mem:0.00M, Peak:0.00M | Scene, ViewLayer | Synchronizing object | ENV_hero_tree
Fra:36 Mem:147.86M (Peak 148.43M) | Time:00:00.24 | Mem:0.00M, Peak:0.00M | Scene, ViewLayer | Synchronizing object | ENV_root_0
Fra:36 Mem:147.86M (Peak 148.43M) | Time:00:00.24 | Mem:0.00M, Peak:0.00M | Scene, ViewLayer | Synchronizing object | ENV_root_1
Fra:36 Mem:147.87M (Peak 148.43M) | Time:00:00.24 | Mem:0.00M, Peak:0.00M | Scene, ViewLayer | Synchronizing object | ENV_root_2
Fra:36 Mem:148.20M (Peak 148.43M) | Time:00:00.24 | Mem:0.00M, Peak:0.00M | Scene, ViewLayer | Synchronizing object | ENV_root_3
Fra:36 Mem:148.22M (Peak 148.43M) | Time:00:00.24 | Mem:0.00M, Peak:0.00M | Scene, ViewLayer | Synchronizing object | ENV_root_4
Fra:36 Mem:148.23M (Peak 148.43M) | Time:00:00.24 | Mem:0.00M, Peak:0.00M | Scene, ViewLayer | Synchronizing object | ENV_root_5
Fra:36 Mem:148.24M (Peak 148.43M) | Time:00:00.24 | Mem:0.00M, Peak:0.00M | Scene, ViewLayer | Synchronizing object | ENV_fallen_log
Fra:36 Mem:148.32M (Peak 148.43M) | Time:00:00.24 | Mem:0.00M, Peak:0.00M | Scene, ViewLayer | Synchronizing object | ENV_midtree_0
Fra:36 Mem:149.08M (Peak 149.65M) | Time:00:00.24 | Mem:0.00M, Peak:0.00M | Scene, ViewLayer | Synchronizing object | ENV_midtree_1
Fra:36 Mem:149.84M (Peak 150.41M) | Time:00:00.25 | Mem:0.00M, Peak:0.00M | Scene, ViewLayer | Synchronizing object | ENV_midtree_2
Fra:36 Mem:150.60M (Peak 151.04M) | Time:00:00.25 | Mem:0.00M, Peak:0.00M | Scene, ViewLayer | Synchronizing object | ENV_midtree_3
Fra:36 Mem:151.05M (Peak 151.64M) | Time:00:00.25 | Mem:0.00M, Peak:0.00M | Scene, ViewLayer | Synchronizing object | ENV_midtree_4
Fra:36 Mem:151.83M (Peak 152.40M) | Time:00:00.25 | Mem:0.00M, Peak:0.00M | Scene, ViewLayer | Synchronizing object | ENV_midtree_5
Fra:36 Mem:152.59M (Peak 153.16M) | Time:00:00.25 | Mem:0.00M, Peak:0.00M | Scene, ViewLayer | Synchronizing object | ENV_bgtree_0
Fra:36 Mem:153.47M (Peak 153.47M) | Time:00:00.25 | Mem:0.00M, Peak:0.00M | Scene, ViewLayer | Synchronizing object | ENV_bgtree_1
Fra:36 Mem:154.05M (Peak 154.05M) | Time:00:00.26 | Mem:0.00M, Peak:0.00M | Scene, ViewLayer | Synchronizing object | ENV_bgtree_2
Fra:36 Mem:154.93M (Peak 154.93M) | Time:00:00.26 | Mem:0.00M, Peak:0.00M | Scene, ViewLayer | Synchronizing object | ENV_bgtree_3
Fra:36 Mem:155.51M (Peak 155.51M) | Time:00:00.26 | Mem:0.00M, Peak:0.00M | Scene, ViewLayer | Synchronizing object | ENV_bgtree_4
Fra:36 Mem:156.39M (Peak 156.39M) | Time:00:00.26 | Mem:0.00M, Peak:0.00M | Scene, ViewLayer | Synchronizing object | ENV_bgtree_5
Fra:36 Mem:156.97M (Peak 156.97M) | Time:00:00.26 | Mem:0.00M, Peak:0.00M | Scene, ViewLayer | Synchronizing object | ENV_bgtree_6
Fra:36 Mem:157.54M (Peak 157.54M) | Time:00:00.26 | Mem:0.00M, Peak:0.00M | Scene, ViewLayer | Synchronizing object | ENV_bgtree_7
Fra:36 Mem:158.43M (Peak 158.43M) | Time:00:00.26 | Mem:0.00M, Peak:0.00M | Scene, ViewLayer | Synchronizing object | ENV_bgtree_8
Fra:36 Mem:159.01M (Peak 159.01M) | Time:00:00.26 | Mem:0.00M, Peak:0.00M | Scene, ViewLayer | Synchronizing object | ENV_bgtree_9
Fra:36 Mem:159.89M (Peak 159.89M) | Time:00:00.26 | Mem:0.00M, Peak:0.00M | Scene, ViewLayer | Synchronizing object | ENV_bgtree_10
Fra:36 Mem:160.47M (Peak 160.47M) | Time:00:00.27 | Mem:0.00M, Peak:0.00M | Scene, ViewLayer | Synchronizing object | ENV_bgtree_11
Fra:36 Mem:161.35M (Peak 161.35M) | Time:00:00.27 | Mem:0.00M, Peak:0.00M | Scene, ViewLayer | Synchronizing object | ENV_bgtree_12
Fra:36 Mem:161.93M (Peak 161.93M) | Time:00:00.27 | Mem:0.00M, Peak:0.00M | Scene, ViewLayer | Synchronizing object | ENV_bgtree_13
Fra:36 Mem:162.81M (Peak 162.81M) | Time:00:00.27 | Mem:0.00M, Peak:0.00M | Scene, ViewLayer | Synchronizing object | ENV_bgtree_14
Fra:36 Mem:163.39M (Peak 163.39M) | Time:00:00.27 | Mem:0.00M, Peak:0.00M | Scene, ViewLayer | Synchronizing object | ENV_bgtree_15
Fra:36 Mem:164.25M (Peak 164.25M) | Time:00:00.27 | Mem:0.00M, Peak:0.00M | Scene, ViewLayer | Synchronizing object | ENV_bgtree_16
Fra:36 Mem:165.13M (Peak 165.13M) | Time:00:00.27 | Mem:0.00M, Peak:0.00M | Scene, ViewLayer | Synchronizing object | ENV_bgtree_17
Fra:36 Mem:166.01M (Peak 166.01M) | Time:00:00.28 | Mem:0.00M, Peak:0.00M | Scene, ViewLayer | Synchronizing object | ENV_bgtree_18
Fra:36 Mem:166.89M (Peak 166.89M) | Time:00:00.28 | Mem:0.00M, Peak:0.00M | Scene, ViewLayer | Synchronizing object | ENV_bgtree_19
Fra:36 Mem:167.76M (Peak 167.76M) | Time:00:00.28 | Mem:0.00M, Peak:0.00M | Scene, ViewLayer | Synchronizing object | ENV_bgtree_20
Fra:36 Mem:168.64M (Peak 168.64M) | Time:00:00.28 | Mem:0.00M, Peak:0.00M | Scene, ViewLayer | Synchronizing object | ENV_bgtree_21
Fra:36 Mem:169.52M (Peak 169.52M) | Time:00:00.28 | Mem:0.00M, Peak:0.00M | Scene, ViewLayer | Synchronizing object | ENV_bgtree_22
Fra:36 Mem:170.40M (Peak 170.40M) | Time:00:00.28 | Mem:0.00M, Peak:0.00M | Scene, ViewLayer | Synchronizing object | ENV_bgtree_23
Fra:36 Mem:171.28M (Peak 171.28M) | Time:00:00.29 | Mem:0.00M, Peak:0.00M | Scene, ViewLayer | Synchronizing object | ENV_bgtree_24
Fra:36 Mem:172.17M (Peak 172.17M) | Time:00:00.29 | Mem:0.00M, Peak:0.00M | Scene, ViewLayer | Synchronizing object | ENV_bgtree_25
Fra:36 Mem:173.06M (Peak 173.06M) | Time:00:00.29 | Mem:0.00M, Peak:0.00M | Scene, ViewLayer | Synchronizing object | ENV_bgtree_26
Fra:36 Mem:173.94M (Peak 173.94M) | Time:00:00.29 | Mem:0.00M, Peak:0.00M | Scene, ViewLayer | Synchronizing object | ENV_bgtree_27
Fra:36 Mem:174.80M (Peak 174.80M) | Time:00:00.29 | Mem:0.00M, Peak:0.00M | Scene, ViewLayer | Synchronizing object | ENV_bgtree_28
Fra:36 Mem:175.69M (Peak 175.69M) | Time:00:00.30 | Mem:0.00M, Peak:0.00M | Scene, ViewLayer | Synchronizing object | ENV_bgtree_29
Fra:36 Mem:176.56M (Peak 176.56M) | Time:00:00.30 | Mem:0.00M, Peak:0.00M | Scene, ViewLayer | Synchronizing object | ENV_bgtree_30
Fra:36 Mem:177.43M (Peak 177.43M) | Time:00:00.30 | Mem:0.00M, Peak:0.00M | Scene, ViewLayer | Synchronizing object | ENV_bgtree_31
Fra:36 Mem:178.31M (Peak 178.31M) | Time:00:00.30 | Mem:0.00M, Peak:0.00M | Scene, ViewLayer | Synchronizing object | ENV_bgtree_32
Fra:36 Mem:179.19M (Peak 179.19M) | Time:00:00.30 | Mem:0.00M, Peak:0.00M | Scene, ViewLayer | Synchronizing object | ENV_bgtree_33
Fra:36 Mem:180.07M (Peak 180.07M) | Time:00:00.31 | Mem:0.00M, Peak:0.00M | Scene, ViewLayer | Synchronizing object | ENV_bgtree_34
Fra:36 Mem:180.95M (Peak 180.95M) | Time:00:00.31 | Mem:0.00M, Peak:0.00M | Scene, ViewLayer | Synchronizing object | ENV_bgtree_35
Fra:36 Mem:181.82M (Peak 181.82M) | Time:00:00.31 | Mem:0.00M, Peak:0.00M | Scene, ViewLayer | Synchronizing object | ENV_bgtree_36
Fra:36 Mem:182.70M (Peak 182.70M) | Time:00:00.31 | Mem:0.00M, Peak:0.00M | Scene, ViewLayer | Synchronizing object | ENV_bgtree_37
Fra:36 Mem:183.58M (Peak 183.58M) | Time:00:00.31 | Mem:0.00M, Peak:0.00M | Scene, ViewLayer | Synchronizing object | ENV_bgtree_38
Fra:36 Mem:184.46M (Peak 184.46M) | Time:00:00.32 | Mem:0.00M, Peak:0.00M | Scene, ViewLayer | Synchronizing object | ENV_bgtree_39
Fra:36 Mem:185.34M (Peak 185.34M) | Time:00:00.32 | Mem:0.00M, Peak:0.00M | Scene, ViewLayer | Synchronizing object | ENV_bgtree_40
Fra:36 Mem:186.22M (Peak 186.22M) | Time:00:00.32 | Mem:0.00M, Peak:0.00M | Scene, ViewLayer | Synchronizing object | ENV_bgtree_41
Fra:36 Mem:187.09M (Peak 187.09M) | Time:00:00.32 | Mem:0.00M, Peak:0.00M | Scene, ViewLayer | Synchronizing object | ENV_bgtree_42
Fra:36 Mem:187.97M (Peak 187.97M) | Time:00:00.32 | Mem:0.00M, Peak:0.00M | Scene, ViewLayer | Synchronizing object | ENV_bgtree_43
Fra:36 Mem:188.85M (Peak 188.85M) | Time:00:00.32 | Mem:0.00M, Peak:0.00M | Scene, ViewLayer | Synchronizing object | ENV_bgtree_44
Fra:36 Mem:189.73M (Peak 189.73M) | Time:00:00.33 | Mem:0.00M, Peak:0.00M | Scene, ViewLayer | Synchronizing object | ENV_bgtree_45
Fra:36 Mem:190.61M (Peak 190.61M) | Time:00:00.33 | Mem:0.00M, Peak:0.00M | Scene, ViewLayer | Synchronizing object | ENV_bgtree_46
Fra:36 Mem:191.48M (Peak 191.48M) | Time:00:00.33 | Mem:0.00M, Peak:0.00M | Scene, ViewLayer | Synchronizing object | ENV_bgtree_47
Fra:36 Mem:192.36M (Peak 192.36M) | Time:00:00.33 | Mem:0.00M, Peak:0.00M | Scene, ViewLayer | Synchronizing object | ENV_bgtree_48
Fra:36 Mem:193.24M (Peak 193.24M) | Time:00:00.33 | Mem:0.00M, Peak:0.00M | Scene, ViewLayer | Synchronizing object | ENV_bgtree_49
Fra:36 Mem:194.12M (Peak 194.12M) | Time:00:00.34 | Mem:0.00M, Peak:0.00M | Scene, ViewLayer | Synchronizing object | ENV_bgtree_50
Fra:36 Mem:195.00M (Peak 195.00M) | Time:00:00.34 | Mem:0.00M, Peak:0.00M | Scene, ViewLayer | Synchronizing object | ENV_bgtree_51
Fra:36 Mem:195.87M (Peak 195.87M) | Time:00:00.34 | Mem:0.00M, Peak:0.00M | Scene, ViewLayer | Synchronizing object | ENV_bgtree_52
Fra:36 Mem:196.75M (Peak 196.75M) | Time:00:00.34 | Mem:0.00M, Peak:0.00M | Scene, ViewLayer | Synchronizing object | ENV_bgtree_53
Fra:36 Mem:197.63M (Peak 197.63M) | Time:00:00.34 | Mem:0.00M, Peak:0.00M | Scene, ViewLayer | Synchronizing object | ENV_bgtree_54
Fra:36 Mem:198.51M (Peak 198.51M) | Time:00:00.34 | Mem:0.00M, Peak:0.00M | Scene, ViewLayer | Synchronizing object | ENV_bgtree_55
Fra:36 Mem:199.39M (Peak 199.39M) | Time:00:00.35 | Mem:0.00M, Peak:0.00M | Scene, ViewLayer | Synchronizing object | ENV_bgtree_56
Fra:36 Mem:200.27M (Peak 200.27M) | Time:00:00.35 | Mem:0.00M, Peak:0.00M | Scene, ViewLayer | Synchronizing object | ENV_bgtree_57
Fra:36 Mem:201.14M (Peak 201.14M) | Time:00:00.35 | Mem:0.00M, Peak:0.00M | Scene, ViewLayer | Synchronizing object | ENV_bgtree_58
Fra:36 Mem:202.02M (Peak 202.02M) | Time:00:00.35 | Mem:0.00M, Peak:0.00M | Scene, ViewLayer | Synchronizing object | ENV_bgtree_59
Fra:36 Mem:202.64M (Peak 202.64M) | Time:00:00.35 | Mem:0.00M, Peak:0.00M | Scene, ViewLayer | Synchronizing object | ENV_fern_0
Fra:36 Mem:203.06M (Peak 203.06M) | Time:00:00.35 | Mem:0.00M, Peak:0.00M | Scene, ViewLayer | Synchronizing object | ENV_fern_1
Fra:36 Mem:203.60M (Peak 203.60M) | Time:00:00.35 | Mem:0.00M, Peak:0.00M | Scene, ViewLayer | Synchronizing object | ENV_fern_2
Fra:36 Mem:204.27M (Peak 204.27M) | Time:00:00.36 | Mem:0.00M, Peak:0.00M | Scene, ViewLayer | Synchronizing object | ENV_fern_3
Fra:36 Mem:204.69M (Peak 204.69M) | Time:00:00.36 | Mem:0.00M, Peak:0.00M | Scene, ViewLayer | Synchronizing object | ENV_fern_4
Fra:36 Mem:205.24M (Peak 205.24M) | Time:00:00.36 | Mem:0.00M, Peak:0.00M | Scene, ViewLayer | Synchronizing object | ENV_fern_5
Fra:36 Mem:205.91M (Peak 205.91M) | Time:00:00.36 | Mem:0.00M, Peak:0.00M | Scene, ViewLayer | Synchronizing object | ENV_fern_6
Fra:36 Mem:206.33M (Peak 206.33M) | Time:00:00.36 | Mem:0.00M, Peak:0.00M | Scene, ViewLayer | Synchronizing object | ENV_fern_7
Fra:36 Mem:206.88M (Peak 206.88M) | Time:00:00.36 | Mem:0.00M, Peak:0.00M | Scene, ViewLayer | Synchronizing object | ENV_fern_8
Fra:36 Mem:207.55M (Peak 207.55M) | Time:00:00.36 | Mem:0.00M, Peak:0.00M | Scene, ViewLayer | Synchronizing object | ENV_fern_9
Fra:36 Mem:207.99M (Peak 207.99M) | Time:00:00.36 | Mem:0.00M, Peak:0.00M | Scene, ViewLayer | Synchronizing object | ENV_fern_10
Fra:36 Mem:208.53M (Peak 208.53M) | Time:00:00.36 | Mem:0.00M, Peak:0.00M | Scene, ViewLayer | Synchronizing object | ENV_fern_11
Fra:36 Mem:209.08M (Peak 209.08M) | Time:00:00.36 | Mem:0.00M, Peak:0.00M | Scene, ViewLayer | Synchronizing object | ENV_twig_0
Fra:36 Mem:209.13M (Peak 209.13M) | Time:00:00.36 | Mem:0.00M, Peak:0.00M | Scene, ViewLayer | Synchronizing object | ENV_twig_1
Fra:36 Mem:209.18M (Peak 209.18M) | Time:00:00.36 | Mem:0.00M, Peak:0.00M | Scene, ViewLayer | Synchronizing object | ENV_twig_2
Fra:36 Mem:209.30M (Peak 209.30M) | Time:00:00.36 | Mem:0.00M, Peak:0.00M | Scene, ViewLayer | Synchronizing object | ENV_twig_3
Fra:36 Mem:209.45M (Peak 209.45M) | Time:00:00.36 | Mem:0.00M, Peak:0.00M | Scene, ViewLayer | Synchronizing object | ENV_twig_4
Fra:36 Mem:209.41M (Peak 209.45M) | Time:00:00.36 | Mem:0.00M, Peak:0.00M | Scene, ViewLayer | Synchronizing object | ENV_fern_12
Fra:36 Mem:209.47M (Peak 209.47M) | Time:00:00.36 | Mem:0.00M, Peak:0.00M | Scene, ViewLayer | Synchronizing object | ENV_twig_5
Fra:36 Mem:209.75M (Peak 209.75M) | Time:00:00.36 | Mem:0.00M, Peak:0.00M | Scene, ViewLayer | Synchronizing object | ENV_twig_6
Fra:36 Mem:209.86M (Peak 209.86M) | Time:00:00.36 | Mem:0.00M, Peak:0.00M | Scene, ViewLayer | Synchronizing object | ENV_twig_7
Fra:36 Mem:209.89M (Peak 209.89M) | Time:00:00.36 | Mem:0.00M, Peak:0.00M | Scene, ViewLayer | Synchronizing object | ENV_twig_8
Fra:36 Mem:209.94M (Peak 209.94M) | Time:00:00.36 | Mem:0.00M, Peak:0.00M | Scene, ViewLayer | Synchronizing object | ENV_twig_9
Fra:36 Mem:210.03M (Peak 210.03M) | Time:00:00.37 | Mem:0.00M, Peak:0.00M | Scene, ViewLayer | Synchronizing object | ENV_twig_10
Fra:36 Mem:210.14M (Peak 210.14M) | Time:00:00.37 | Mem:0.00M, Peak:0.00M | Scene, ViewLayer | Synchronizing object | ENV_twig_11
Fra:36 Mem:210.13M (Peak 210.14M) | Time:00:00.37 | Mem:0.00M, Peak:0.00M | Scene, ViewLayer | Synchronizing object | ENV_fern_13
Fra:36 Mem:210.21M (Peak 210.21M) | Time:00:00.37 | Mem:0.00M, Peak:0.00M | Scene, ViewLayer | Synchronizing object | ENV_twig_12
Fra:36 Mem:210.48M (Peak 210.48M) | Time:00:00.37 | Mem:0.00M, Peak:0.00M | Scene, ViewLayer | Synchronizing object | ENV_twig_13
Fra:36 Mem:210.68M (Peak 210.68M) | Time:00:00.37 | Mem:0.00M, Peak:0.00M | Scene, ViewLayer | Synchronizing object | ENV_twig_14
Fra:36 Mem:210.73M (Peak 210.73M) | Time:00:00.37 | Mem:0.00M, Peak:0.00M | Scene, ViewLayer | Synchronizing object | ENV_twig_15
Fra:36 Mem:210.76M (Peak 210.76M) | Time:00:00.37 | Mem:0.00M, Peak:0.00M | Scene, ViewLayer | Synchronizing object | ENV_twig_16
Fra:36 Mem:210.80M (Peak 210.80M) | Time:00:00.37 | Mem:0.00M, Peak:0.00M | Scene, ViewLayer | Synchronizing object | ENV_twig_17
Fra:36 Mem:210.85M (Peak 210.85M) | Time:00:00.37 | Mem:0.00M, Peak:0.00M | Scene, ViewLayer | Synchronizing object | ENV_twig_18
Fra:36 Mem:210.98M (Peak 210.98M) | Time:00:00.37 | Mem:0.00M, Peak:0.00M | Scene, ViewLayer | Synchronizing object | ENV_twig_19
Fra:36 Mem:211.02M (Peak 211.02M) | Time:00:00.37 | Mem:0.00M, Peak:0.00M | Scene, ViewLayer | Synchronizing object | ENV_twig_20
Fra:36 Mem:211.02M (Peak 211.02M) | Time:00:00.37 | Mem:0.00M, Peak:0.00M | Scene, ViewLayer | Synchronizing object | ENV_fern_14
Fra:36 Mem:211.16M (Peak 211.16M) | Time:00:00.37 | Mem:0.00M, Peak:0.00M | Scene, ViewLayer | Synchronizing object | ENV_twig_21
Fra:36 Mem:211.58M (Peak 211.58M) | Time:00:00.37 | Mem:0.00M, Peak:0.00M | Scene, ViewLayer | Synchronizing object | ENV_twig_22
Fra:36 Mem:211.72M (Peak 211.72M) | Time:00:00.37 | Mem:0.00M, Peak:0.00M | Scene, ViewLayer | Synchronizing object | ENV_twig_23
Fra:36 Mem:211.76M (Peak 211.76M) | Time:00:00.37 | Mem:0.00M, Peak:0.00M | Scene, ViewLayer | Synchronizing object | ENV_twig_24
Fra:36 Mem:211.79M (Peak 211.79M) | Time:00:00.37 | Mem:0.00M, Peak:0.00M | Scene, ViewLayer | Synchronizing object | ENV_twig_25
Fra:36 Mem:211.95M (Peak 211.95M) | Time:00:00.37 | Mem:0.00M, Peak:0.00M | Scene, ViewLayer | Synchronizing object | PROP_twig_hero
Fra:36 Mem:212.03M (Peak 212.03M) | Time:00:00.37 | Mem:0.00M, Peak:0.00M | Scene, ViewLayer | Synchronizing object | ENV_mist
Fra:36 Mem:212.03M (Peak 212.03M) | Time:00:00.37 | Mem:0.00M, Peak:0.00M | Scene, ViewLayer | Synchronizing object | ENV_leaf_1099
Fra:36 Mem:212.04M (Peak 212.04M) | Time:00:00.37 | Mem:0.00M, Peak:0.00M | Scene, ViewLayer | Synchronizing object | ENV_leaf_1098
Fra:36 Mem:212.04M (Peak 212.04M) | Time:00:00.37 | Mem:0.00M, Peak:0.00M | Scene, ViewLayer | Synchronizing object | ENV_leaf_1097
Fra:36 Mem:211.97M (Peak 212.04M) | Time:00:00.37 | Mem:0.00M, Peak:0.00M | Scene, ViewLayer | Synchronizing object | ENV_fern_15
Fra:36 Mem:211.97M (Peak 212.04M) | Time:00:00.37 | Mem:0.00M, Peak:0.00M | Scene, ViewLayer | Synchronizing object | ENV_leaf_1096
Fra:36 Mem:212.03M (Peak 212.04M) | Time:00:00.37 | Mem:0.00M, Peak:0.00M | Scene, ViewLayer | Synchronizing object | ENV_leaf_1095
Fra:36 Mem:212.13M (Peak 212.13M) | Time:00:00.37 | Mem:0.00M, Peak:0.00M | Scene, ViewLayer | Synchronizing object | ENV_leaf_1094
Fra:36 Mem:212.21M (Peak 212.21M) | Time:00:00.37 | Mem:0.00M, Peak:0.00M | Scene, ViewLayer | Synchronizing object | ENV_leaf_1093
Fra:36 Mem:212.27M (Peak 212.27M) | Time:00:00.37 | Mem:0.00M, Peak:0.00M | Scene, ViewLayer | Synchronizing object | ENV_leaf_1092
Fra:36 Mem:212.28M (Peak 212.28M) | Time:00:00.37 | Mem:0.00M, Peak:0.00M | Scene, ViewLayer | Synchronizing object | ENV_leaf_1091
Fra:36 Mem:212.28M (Peak 212.28M) | Time:00:00.37 | Mem:0.00M, Peak:0.00M | Scene, ViewLayer | Synchronizing object | ENV_leaf_1090
Fra:36 Mem:212.34M (Peak 212.34M) | Time:00:00.37 | Mem:0.00M, Peak:0.00M | Scene, ViewLayer | Synchronizing object | ENV_leaf_1089
Fra:36 Mem:212.35M (Peak 212.35M) | Time:00:00.37 | Mem:0.00M, Peak:0.00M | Scene, ViewLayer | Synchronizing object | ENV_leaf_1088
Fra:36 Mem:212.35M (Peak 212.35M) | Time:00:00.37 | Mem:0.00M, Peak:0.00M | Scene, ViewLayer | Synchronizing object | ENV_leaf_1087
Fra:36 Mem:212.36M (Peak 212.36M) | Time:00:00.37 | Mem:0.00M, Peak:0.00M | Scene, ViewLayer | Synchronizing object | ENV_leaf_1086
Fra:36 Mem:212.36M (Peak 212.36M) | Time:00:00.37 | Mem:0.00M, Peak:0.00M | Scene, ViewLayer | Synchronizing object | ENV_leaf_1085
Fra:36 Mem:212.35M (Peak 212.36M) | Time:00:00.37 | Mem:0.00M, Peak:0.00M | Scene, ViewLayer | Synchronizing object | ENV_leaf_1084
Fra:36 Mem:212.36M (Peak 212.36M) | Time:00:00.37 | Mem:0.00M, Peak:0.00M | Scene, ViewLayer | Synchronizing object | ENV_leaf_1083
Fra:36 Mem:212.36M (Peak 212.36M) | Time:00:00.37 | Mem:0.00M, Peak:0.00M | Scene, ViewLayer | Synchronizing object | ENV_leaf_1082
Fra:36 Mem:212.36M (Peak 212.36M) | Time:00:00.37 | Mem:0.00M, Peak:0.00M | Scene, ViewLayer | Synchronizing object | ENV_leaf_1081
Fra:36 Mem:212.37M (Peak 212.37M) | Time:00:00.37 | Mem:0.00M, Peak:0.00M | Scene, ViewLayer | Synchronizing object | ENV_leaf_1080
Fra:36 Mem:212.37M (Peak 212.37M) | Time:00:00.37 | Mem:0.00M, Peak:0.00M | Scene, ViewLayer | Synchronizing object | ENV_leaf_1079
Fra:36 Mem:212.38M (Peak 212.38M) | Time:00:00.37 | Mem:0.00M, Peak:0.00M | Scene, ViewLayer | Synchronizing object | ENV_leaf_1078
Fra:36 Mem:212.38M (Peak 212.38M) | Time:00:00.37 | Mem:0.00M, Peak:0.00M | Scene, ViewLayer | Synchronizing object | ENV_leaf_1077
Fra:36 Mem:212.39M (Peak 212.39M) | Time:00:00.37 | Mem:0.00M, Peak:0.00M | Scene, ViewLayer | Synchronizing object | ENV_leaf_1076
Fra:36 Mem:212.39M (Peak 212.39M) | Time:00:00.37 | Mem:0.00M, Peak:0.00M | Scene, ViewLayer | Synchronizing object | ENV_leaf_1075
Fra:36 Mem:212.39M (Peak 212.39M) | Time:00:00.37 | Mem:0.00M, Peak:0.00M | Scene, ViewLayer | Synchronizing object | ENV_leaf_1074
Fra:36 Mem:212.44M (Peak 212.44M) | Time:00:00.37 | Mem:0.00M, Peak:0.00M | Scene, ViewLayer | Synchronizing object | ENV_leaf_1073
Fra:36 Mem:212.45M (Peak 212.45M) | Time:00:00.37 | Mem:0.00M, Peak:0.00M | Scene, ViewLayer | Synchronizing object | ENV_leaf_1072
Fra:36 Mem:212.45M (Peak 212.45M) | Time:00:00.37 | Mem:0.00M, Peak:0.00M | Scene, ViewLayer | Synchronizing object | ENV_leaf_1071
Fra:36 Mem:212.47M (Peak 212.47M) | Time:00:00.37 | Mem:0.00M, Peak:0.00M | Scene, ViewLayer | Synchronizing object | ENV_leaf_1070
Fra:36 Mem:212.53M (Peak 212.53M) | Time:00:00.37 | Mem:0.00M, Peak:0.00M | Scene, ViewLayer | Synchronizing object | ENV_leaf_1069
Fra:36 Mem:212.53M (Peak 212.53M) | Time:00:00.37 | Mem:0.00M, Peak:0.00M | Scene, ViewLayer | Synchronizing object | ENV_leaf_1068
Fra:36 Mem:212.53M (Peak 212.53M) | Time:00:00.37 | Mem:0.00M, Peak:0.00M | Scene, ViewLayer | Synchronizing object | ENV_leaf_1067
Fra:36 Mem:212.49M (Peak 212.53M) | Time:00:00.37 | Mem:0.00M, Peak:0.00M | Scene, ViewLayer | Synchronizing object | ENV_fern_16
Fra:36 Mem:212.49M (Peak 212.53M) | Time:00:00.37 | Mem:0.00M, Peak:0.00M | Scene, ViewLayer | Synchronizing object | ENV_leaf_1066
Fra:36 Mem:212.56M (Peak 212.56M) | Time:00:00.37 | Mem:0.00M, Peak:0.00M | Scene, ViewLayer | Synchronizing object | ENV_leaf_1065
Fra:36 Mem:212.57M (Peak 212.57M) | Time:00:00.37 | Mem:0.00M, Peak:0.00M | Scene, ViewLayer | Synchronizing object | ENV_leaf_1064
Fra:36 Mem:212.73M (Peak 212.73M) | Time:00:00.37 | Mem:0.00M, Peak:0.00M | Scene, ViewLayer | Synchronizing object | ENV_leaf_1063
Fra:36 Mem:212.74M (Peak 212.74M) | Time:00:00.37 | Mem:0.00M, Peak:0.00M | Scene, ViewLayer | Synchronizing object | ENV_leaf_1062
Fra:36 Mem:212.80M (Peak 212.80M) | Time:00:00.37 | Mem:0.00M, Peak:0.00M | Scene, ViewLayer | Synchronizing object | ENV_leaf_1061
Fra:36 Mem:212.81M (Peak 212.81M) | Time:00:00.37 | Mem:0.00M, Peak:0.00M | Scene, ViewLayer | Synchronizing object | ENV_leaf_1060
Fra:36 Mem:212.89M (Peak 212.89M) | Time:00:00.37 | Mem:0.00M, Peak:0.00M | Scene, ViewLayer | Synchronizing object | ENV_leaf_1059
Fra:36 Mem:212.90M (Peak 212.90M) | Time:00:00.37 | Mem:0.00M, Peak:0.00M | Scene, ViewLayer | Synchronizing object | ENV_leaf_1058
Fra:36 Mem:212.90M (Peak 212.90M) | Time:00:00.37 | Mem:0.00M, Peak:0.00M | Scene, ViewLayer | Synchronizing object | ENV_leaf_1057
Fra:36 Mem:212.92M (Peak 212.92M) | Time:00:00.37 | Mem:0.00M, Peak:0.00M | Scene, ViewLayer | Synchronizing object | ENV_leaf_1056
Fra:36 Mem:212.99M (Peak 212.99M) | Time:00:00.37 | Mem:0.00M, Peak:0.00M | Scene, ViewLayer | Synchronizing object | ENV_leaf_1055
Fra:36 Mem:212.99M (Peak 212.99M) | Time:00:00.37 | Mem:0.00M, Peak:0.00M | Scene, ViewLayer | Synchronizing object | ENV_leaf_1054
Fra:36 Mem:212.99M (Peak 212.99M) | Time:00:00.37 | Mem:0.00M, Peak:0.00M | Scene, ViewLayer | Synchronizing object | ENV_leaf_1053
Fra:36 Mem:213.00M (Peak 213.00M) | Time:00:00.37 | Mem:0.00M, Peak:0.00M | Scene, ViewLayer | Synchronizing object | ENV_leaf_1052
Fra:36 Mem:213.00M (Peak 213.00M) | Time:00:00.37 | Mem:0.00M, Peak:0.00M | Scene, ViewLayer | Synchronizing object | ENV_leaf_1051
Fra:36 Mem:213.01M (Peak 213.01M) | Time:00:00.37 | Mem:0.00M, Peak:0.00M | Scene, ViewLayer | Synchronizing object | ENV_leaf_1050
Fra:36 Mem:212.99M (Peak 213.01M) | Time:00:00.37 | Mem:0.00M, Peak:0.00M | Scene, ViewLayer | Synchronizing object | ENV_leaf_1049
Fra:36 Mem:213.00M (Peak 213.01M) | Time:00:00.37 | Mem:0.00M, Peak:0.00M | Scene, ViewLayer | Synchronizing object | ENV_leaf_1048
Fra:36 Mem:213.00M (Peak 213.01M) | Time:00:00.37 | Mem:0.00M, Peak:0.00M | Scene, ViewLayer | Synchronizing object | ENV_leaf_1047
Fra:36 Mem:213.01M (Peak 213.01M) | Time:00:00.37 | Mem:0.00M, Peak:0.00M | Scene, ViewLayer | Synchronizing object | ENV_leaf_1046
Fra:36 Mem:213.01M (Peak 213.01M) | Time:00:00.37 | Mem:0.00M, Peak:0.00M | Scene, ViewLayer | Synchronizing object | ENV_leaf_1045
Fra:36 Mem:213.02M (Peak 213.02M) | Time:00:00.37 | Mem:0.00M, Peak:0.00M | Scene, ViewLayer | Synchronizing object | ENV_leaf_1044
Fra:36 Mem:213.02M (Peak 213.02M) | Time:00:00.37 | Mem:0.00M, Peak:0.00M | Scene, ViewLayer | Synchronizing object | ENV_leaf_1043
Fra:36 Mem:213.02M (Peak 213.02M) | Time:00:00.37 | Mem:0.00M, Peak:0.00M | Scene, ViewLayer | Synchronizing object | ENV_leaf_1042
Fra:36 Mem:213.03M (Peak 213.03M) | Time:00:00.37 | Mem:0.00M, Peak:0.00M | Scene, ViewLayer | Synchronizing object | ENV_leaf_1041
Fra:36 Mem:213.03M (Peak 213.03M) | Time:00:00.37 | Mem:0.00M, Peak:0.00M | Scene, ViewLayer | Synchronizing object | ENV_leaf_1039
Fra:36 Mem:213.04M (Peak 213.04M) | Time:00:00.37 | Mem:0.00M, Peak:0.00M | Scene, ViewLayer | Synchronizing object | ENV_leaf_1038
Fra:36 Mem:213.04M (Peak 213.04M) | Time:00:00.37 | Mem:0.00M, Peak:0.00M | Scene, ViewLayer | Synchronizing object | ENV_leaf_1037
Fra:36 Mem:213.04M (Peak 213.04M) | Time:00:00.37 | Mem:0.00M, Peak:0.00M | Scene, ViewLayer | Synchronizing object | ENV_leaf_1036
Fra:36 Mem:213.05M (Peak 213.05M) | Time:00:00.37 | Mem:0.00M, Peak:0.00M | Scene, ViewLayer | Synchronizing object | ENV_leaf_1035
Fra:36 Mem:213.11M (Peak 213.11M) | Time:00:00.37 | Mem:0.00M, Peak:0.00M | Scene, ViewLayer | Synchronizing object | ENV_leaf_1034
Fra:36 Mem:213.12M (Peak 213.12M) | Time:00:00.37 | Mem:0.00M, Peak:0.00M | Scene, ViewLayer | Synchronizing object | ENV_leaf_1033
Fra:36 Mem:213.12M (Peak 213.12M) | Time:00:00.37 | Mem:0.00M, Peak:0.00M | Scene, ViewLayer | Synchronizing object | ENV_leaf_1032
Fra:36 Mem:213.15M (Peak 213.15M) | Time:00:00.37 | Mem:0.00M, Peak:0.00M | Scene, ViewLayer | Synchronizing object | ENV_leaf_1031
Fra:36 Mem:213.21M (Peak 213.21M) | Time:00:00.37 | Mem:0.00M, Peak:0.00M | Scene, ViewLayer | Synchronizing object | ENV_leaf_1030
Fra:36 Mem:213.22M (Peak 213.22M) | Time:00:00.37 | Mem:0.00M, Peak:0.00M | Scene, ViewLayer | Synchronizing object | ENV_leaf_1029
Fra:36 Mem:213.22M (Peak 213.22M) | Time:00:00.37 | Mem:0.00M, Peak:0.00M | Scene, ViewLayer | Synchronizing object | ENV_leaf_1028
Fra:36 Mem:213.16M (Peak 213.22M) | Time:00:00.37 | Mem:0.00M, Peak:0.00M | Scene, ViewLayer | Synchronizing object | ENV_fern_17
Fra:36 Mem:213.17M (Peak 213.22M) | Time:00:00.37 | Mem:0.00M, Peak:0.00M | Scene, ViewLayer | Synchronizing object | ENV_leaf_1026
Fra:36 Mem:213.26M (Peak 213.26M) | Time:00:00.37 | Mem:0.00M, Peak:0.00M | Scene, ViewLayer | Synchronizing object | ENV_leaf_1025
Fra:36 Mem:213.26M (Peak 213.26M) | Time:00:00.37 | Mem:0.00M, Peak:0.00M | Scene, ViewLayer | Synchronizing object | ENV_leaf_1024
Fra:36 Mem:213.27M (Peak 213.27M) | Time:00:00.37 | Mem:0.00M, Peak:0.00M | Scene, ViewLayer | Synchronizing object | ENV_leaf_1023
Fra:36 Mem:213.47M (Peak 213.47M) | Time:00:00.37 | Mem:0.00M, Peak:0.00M | Scene, ViewLayer | Synchronizing object | ENV_leaf_1022
Fra:36 Mem:213.55M (Peak 213.55M) | Time:00:00.37 | Mem:0.00M, Peak:0.00M | Scene, ViewLayer | Synchronizing object | ENV_leaf_1021
Fra:36 Mem:213.55M (Peak 213.55M) | Time:00:00.37 | Mem:0.00M, Peak:0.00M | Scene, ViewLayer | Synchronizing object | ENV_leaf_1020
Fra:36 Mem:213.56M (Peak 213.56M) | Time:00:00.37 | Mem:0.00M, Peak:0.00M | Scene, ViewLayer | Synchronizing object | ENV_leaf_1019
Fra:36 Mem:213.66M (Peak 213.66M) | Time:00:00.37 | Mem:0.00M, Peak:0.00M | Scene, ViewLayer | Synchronizing object | ENV_leaf_1018
Fra:36 Mem:213.66M (Peak 213.66M) | Time:00:00.37 | Mem:0.00M, Peak:0.00M | Scene, ViewLayer | Synchronizing object | ENV_leaf_1017
Fra:36 Mem:213.67M (Peak 213.67M) | Time:00:00.37 | Mem:0.00M, Peak:0.00M | Scene, ViewLayer | Synchronizing object | ENV_leaf_1016
Fra:36 Mem:213.69M (Peak 213.69M) | Time:00:00.37 | Mem:0.00M, Peak:0.00M | Scene, ViewLayer | Synchronizing object | ENV_leaf_1015
Fra:36 Mem:213.77M (Peak 213.77M) | Time:00:00.37 | Mem:0.00M, Peak:0.00M | Scene, ViewLayer | Synchronizing object | ENV_leaf_1014
Fra:36 Mem:213.78M (Peak 213.78M) | Time:00:00.37 | Mem:0.00M, Peak:0.00M | Scene, ViewLayer | Synchronizing object | ENV_leaf_1013
Fra:36 Mem:213.78M (Peak 213.78M) | Time:00:00.37 | Mem:0.00M, Peak:0.00M | Scene, ViewLayer | Synchronizing object | ENV_leaf_1012
Fra:36 Mem:213.78M (Peak 213.78M) | Time:00:00.37 | Mem:0.00M, Peak:0.00M | Scene, ViewLayer | Synchronizing object | ENV_leaf_1011
Fra:36 Mem:213.79M (Peak 213.79M) | Time:00:00.37 | Mem:0.00M, Peak:0.00M | Scene, ViewLayer | Synchronizing object | ENV_leaf_1009
Fra:36 Mem:213.79M (Peak 213.79M) | Time:00:00.37 | Mem:0.00M, Peak:0.00M | Scene, ViewLayer | Synchronizing object | ENV_leaf_1008
Fra:36 Mem:213.80M (Peak 213.80M) | Time:00:00.37 | Mem:0.00M, Peak:0.00M | Scene, ViewLayer | Synchronizing object | ENV_leaf_1007
Fra:36 Mem:213.78M (Peak 213.80M) | Time:00:00.37 | Mem:0.00M, Peak:0.00M | Scene, ViewLayer | Synchronizing object | ENV_leaf_1006
Fra:36 Mem:213.79M (Peak 213.80M) | Time:00:00.37 | Mem:0.00M, Peak:0.00M | Scene, ViewLayer | Synchronizing object | ENV_leaf_1005
Fra:36 Mem:213.79M (Peak 213.80M) | Time:00:00.37 | Mem:0.00M, Peak:0.00M | Scene, ViewLayer | Synchronizing object | ENV_leaf_1004
Fra:36 Mem:213.79M (Peak 213.80M) | Time:00:00.37 | Mem:0.00M, Peak:0.00M | Scene, ViewLayer | Synchronizing object | ENV_leaf_1003
Fra:36 Mem:213.80M (Peak 213.80M) | Time:00:00.37 | Mem:0.00M, Peak:0.00M | Scene, ViewLayer | Synchronizing object | ENV_leaf_1002
Fra:36 Mem:213.80M (Peak 213.80M) | Time:00:00.37 | Mem:0.00M, Peak:0.00M | Scene, ViewLayer | Synchronizing object | ENV_leaf_1001
Fra:36 Mem:213.81M (Peak 213.81M) | Time:00:00.37 | Mem:0.00M, Peak:0.00M | Scene, ViewLayer | Synchronizing object | ENV_leaf_1000
Fra:36 Mem:213.81M (Peak 213.81M) | Time:00:00.37 | Mem:0.00M, Peak:0.00M | Scene, ViewLayer | Synchronizing object | ENV_leaf_998
Fra:36 Mem:213.81M (Peak 213.81M) | Time:00:00.37 | Mem:0.00M, Peak:0.00M | Scene, ViewLayer | Synchronizing object | ENV_leaf_997
Fra:36 Mem:213.82M (Peak 213.82M) | Time:00:00.37 | Mem:0.00M, Peak:0.00M | Scene, ViewLayer | Synchronizing object | ENV_leaf_996
Fra:36 Mem:213.82M (Peak 213.82M) | Time:00:00.37 | Mem:0.00M, Peak:0.00M | Scene, ViewLayer | Synchronizing object | ENV_leaf_995
Fra:36 Mem:213.83M (Peak 213.83M) | Time:00:00.37 | Mem:0.00M, Peak:0.00M | Scene, ViewLayer | Synchronizing object | ENV_leaf_994
Fra:36 Mem:213.83M (Peak 213.83M) | Time:00:00.37 | Mem:0.00M, Peak:0.00M | Scene, ViewLayer | Synchronizing object | ENV_leaf_993
Fra:36 Mem:213.83M (Peak 213.83M) | Time:00:00.37 | Mem:0.00M, Peak:0.00M | Scene, ViewLayer | Synchronizing object | ENV_leaf_992
Fra:36 Mem:213.84M (Peak 213.84M) | Time:00:00.37 | Mem:0.00M, Peak:0.00M | Scene, ViewLayer | Synchronizing object | ENV_leaf_991
Fra:36 Mem:213.84M (Peak 213.84M) | Time:00:00.37 | Mem:0.00M, Peak:0.00M | Scene, ViewLayer | Synchronizing object | ENV_leaf_990
Fra:36 Mem:213.85M (Peak 213.85M) | Time:00:00.37 | Mem:0.00M, Peak:0.00M | Scene, ViewLayer | Synchronizing object | ENV_leaf_989
Fra:36 Mem:213.85M (Peak 213.85M) | Time:00:00.37 | Mem:0.00M, Peak:0.00M | Scene, ViewLayer | Synchronizing object | ENV_leaf_988
Fra:36 Mem:213.85M (Peak 213.85M) | Time:00:00.37 | Mem:0.00M, Peak:0.00M | Scene, ViewLayer | Synchronizing object | ENV_leaf_987
Fra:36 Mem:213.86M (Peak 213.86M) | Time:00:00.37 | Mem:0.00M, Peak:0.00M | Scene, ViewLayer | Synchronizing object | ENV_leaf_986
Fra:36 Mem:213.86M (Peak 213.86M) | Time:00:00.37 | Mem:0.00M, Peak:0.00M | Scene, ViewLayer | Synchronizing object | ENV_leaf_985
Fra:36 Mem:213.87M (Peak 213.87M) | Time:00:00.37 | Mem:0.00M, Peak:0.00M | Scene, ViewLayer | Synchronizing object | ENV_leaf_984
Fra:36 Mem:213.87M (Peak 213.87M) | Time:00:00.37 | Mem:0.00M, Peak:0.00M | Scene, ViewLayer | Synchronizing object | ENV_leaf_983
Fra:36 Mem:213.87M (Peak 213.87M) | Time:00:00.37 | Mem:0.00M, Peak:0.00M | Scene, ViewLayer | Synchronizing object | ENV_leaf_982
Fra:36 Mem:213.88M (Peak 213.88M) | Time:00:00.37 | Mem:0.00M, Peak:0.00M | Scene, ViewLayer | Synchronizing object | ENV_leaf_981
Fra:36 Mem:213.88M (Peak 213.88M) | Time:00:00.37 | Mem:0.00M, Peak:0.00M | Scene, ViewLayer | Synchronizing object | ENV_leaf_980
Fra:36 Mem:213.89M (Peak 213.89M) | Time:00:00.37 | Mem:0.00M, Peak:0.00M | Scene, ViewLayer | Synchronizing object | ENV_leaf_979
Fra:36 Mem:213.97M (Peak 213.97M) | Time:00:00.37 | Mem:0.00M, Peak:0.00M | Scene, ViewLayer | Synchronizing object | ENV_leaf_978
Fra:36 Mem:213.97M (Peak 213.97M) | Time:00:00.37 | Mem:0.00M, Peak:0.00M | Scene, ViewLayer | Synchronizing object | ENV_leaf_977
Fra:36 Mem:213.97M (Peak 213.97M) | Time:00:00.37 | Mem:0.00M, Peak:0.00M | Scene, ViewLayer | Synchronizing object | ENV_leaf_976
Fra:36 Mem:213.98M (Peak 213.98M) | Time:00:00.37 | Mem:0.00M, Peak:0.00M | Scene, ViewLayer | Synchronizing object | ENV_leaf_975
Fra:36 Mem:213.98M (Peak 213.98M) | Time:00:00.37 | Mem:0.00M, Peak:0.00M | Scene, ViewLayer | Synchronizing object | ENV_leaf_974
Fra:36 Mem:213.99M (Peak 213.99M) | Time:00:00.37 | Mem:0.00M, Peak:0.00M | Scene, ViewLayer | Synchronizing object | ENV_leaf_973
Fra:36 Mem:213.99M (Peak 213.99M) | Time:00:00.37 | Mem:0.00M, Peak:0.00M | Scene, ViewLayer | Synchronizing object | ENV_leaf_972
Fra:36 Mem:214.02M (Peak 214.02M) | Time:00:00.37 | Mem:0.00M, Peak:0.00M | Scene, ViewLayer | Synchronizing object | ENV_leaf_971
Fra:36 Mem:214.03M (Peak 214.03M) | Time:00:00.37 | Mem:0.00M, Peak:0.00M | Scene, ViewLayer | Synchronizing object | ENV_leaf_970
Fra:36 Mem:214.03M (Peak 214.03M) | Time:00:00.37 | Mem:0.00M, Peak:0.00M | Scene, ViewLayer | Synchronizing object | ENV_leaf_969
Fra:36 Mem:214.11M (Peak 214.11M) | Time:00:00.37 | Mem:0.00M, Peak:0.00M | Scene, ViewLayer | Synchronizing object | ENV_leaf_968
Fra:36 Mem:214.12M (Peak 214.12M) | Time:00:00.37 | Mem:0.00M, Peak:0.00M | Scene, ViewLayer | Synchronizing object | ENV_leaf_967
Fra:36 Mem:214.12M (Peak 214.12M) | Time:00:00.37 | Mem:0.00M, Peak:0.00M | Scene, ViewLayer | Synchronizing object | ENV_leaf_966
Fra:36 Mem:214.12M (Peak 214.12M) | Time:00:00.37 | Mem:0.00M, Peak:0.00M | Scene, ViewLayer | Synchronizing object | ENV_leaf_965
Fra:36 Mem:214.13M (Peak 214.13M) | Time:00:00.37 | Mem:0.00M, Peak:0.00M | Scene, ViewLayer | Synchronizing object | ENV_leaf_964
Fra:36 Mem:214.13M (Peak 214.13M) | Time:00:00.37 | Mem:0.00M, Peak:0.00M | Scene, ViewLayer | Synchronizing object | ENV_leaf_963
Fra:36 Mem:214.14M (Peak 214.14M) | Time:00:00.37 | Mem:0.00M, Peak:0.00M | Scene, ViewLayer | Synchronizing object | ENV_leaf_962
Fra:36 Mem:214.06M (Peak 214.14M) | Time:00:00.37 | Mem:0.00M, Peak:0.00M | Scene, ViewLayer | Synchronizing object | ENV_fern_18
Fra:36 Mem:214.12M (Peak 214.14M) | Time:00:00.37 | Mem:0.00M, Peak:0.00M | Scene, ViewLayer | Synchronizing object | ENV_leaf_961
Fra:36 Mem:214.12M (Peak 214.14M) | Time:00:00.37 | Mem:0.00M, Peak:0.00M | Scene, ViewLayer | Synchronizing object | ENV_leaf_960
Fra:36 Mem:214.23M (Peak 214.23M) | Time:00:00.37 | Mem:0.00M, Peak:0.00M | Scene, ViewLayer | Synchronizing object | ENV_leaf_959
Fra:36 Mem:214.25M (Peak 214.25M) | Time:00:00.37 | Mem:0.00M, Peak:0.00M | Scene, ViewLayer | Synchronizing object | ENV_leaf_958
Fra:36 Mem:214.30M (Peak 214.30M) | Time:00:00.37 | Mem:0.00M, Peak:0.00M | Scene, ViewLayer | Synchronizing object | ENV_leaf_957
Fra:36 Mem:214.31M (Peak 214.31M) | Time:00:00.37 | Mem:0.00M, Peak:0.00M | Scene, ViewLayer | Synchronizing object | ENV_leaf_956
Fra:36 Mem:214.35M (Peak 214.35M) | Time:00:00.37 | Mem:0.00M, Peak:0.00M | Scene, ViewLayer | Synchronizing object | ENV_leaf_955
Fra:36 Mem:214.38M (Peak 214.38M) | Time:00:00.37 | Mem:0.00M, Peak:0.00M | Scene, ViewLayer | Synchronizing object | ENV_leaf_954
Fra:36 Mem:214.38M (Peak 214.38M) | Time:00:00.37 | Mem:0.00M, Peak:0.00M | Scene, ViewLayer | Synchronizing object | ENV_leaf_953
Fra:36 Mem:214.39M (Peak 214.39M) | Time:00:00.37 | Mem:0.00M, Peak:0.00M | Scene, ViewLayer | Synchronizing object | ENV_leaf_952
Fra:36 Mem:214.39M (Peak 214.39M) | Time:00:00.37 | Mem:0.00M, Peak:0.00M | Scene, ViewLayer | Synchronizing object | ENV_leaf_951
Fra:36 Mem:214.41M (Peak 214.41M) | Time:00:00.37 | Mem:0.00M, Peak:0.00M | Scene, ViewLayer | Synchronizing object | ENV_leaf_950
Fra:36 Mem:214.46M (Peak 214.46M) | Time:00:00.37 | Mem:0.00M, Peak:0.00M | Scene, ViewLayer | Synchronizing object | ENV_leaf_949
Fra:36 Mem:214.46M (Peak 214.46M) | Time:00:00.37 | Mem:0.00M, Peak:0.00M | Scene, ViewLayer | Synchronizing object | ENV_leaf_948
Fra:36 Mem:214.47M (Peak 214.47M) | Time:00:00.37 | Mem:0.00M, Peak:0.00M | Scene, ViewLayer | Synchronizing object | ENV_leaf_947
Fra:36 Mem:214.47M (Peak 214.47M) | Time:00:00.37 | Mem:0.00M, Peak:0.00M | Scene, ViewLayer | Synchronizing object | ENV_leaf_946
Fra:36 Mem:214.48M (Peak 214.48M) | Time:00:00.37 | Mem:0.00M, Peak:0.00M | Scene, ViewLayer | Synchronizing object | ENV_leaf_945
Fra:36 Mem:214.47M (Peak 214.48M) | Time:00:00.37 | Mem:0.00M, Peak:0.00M | Scene, ViewLayer | Synchronizing object | ENV_leaf_944
Fra:36 Mem:214.47M (Peak 214.48M) | Time:00:00.37 | Mem:0.00M, Peak:0.00M | Scene, ViewLayer | Synchronizing object | ENV_leaf_943
Fra:36 Mem:214.48M (Peak 214.48M) | Time:00:00.37 | Mem:0.00M, Peak:0.00M | Scene, ViewLayer | Synchronizing object | ENV_leaf_942
Fra:36 Mem:214.48M (Peak 214.48M) | Time:00:00.37 | Mem:0.00M, Peak:0.00M | Scene, ViewLayer | Synchronizing object | ENV_leaf_941
Fra:36 Mem:214.48M (Peak 214.48M) | Time:00:00.37 | Mem:0.00M, Peak:0.00M | Scene, ViewLayer | Synchronizing object | ENV_leaf_940
Fra:36 Mem:214.49M (Peak 214.49M) | Time:00:00.37 | Mem:0.00M, Peak:0.00M | Scene, ViewLayer | Synchronizing object | ENV_leaf_939
Fra:36 Mem:214.49M (Peak 214.49M) | Time:00:00.37 | Mem:0.00M, Peak:0.00M | Scene, ViewLayer | Synchronizing object | ENV_leaf_938
Fra:36 Mem:214.50M (Peak 214.50M) | Time:00:00.37 | Mem:0.00M, Peak:0.00M | Scene, ViewLayer | Synchronizing object | ENV_leaf_937
Fra:36 Mem:214.50M (Peak 214.50M) | Time:00:00.37 | Mem:0.00M, Peak:0.00M | Scene, ViewLayer | Synchronizing object | ENV_leaf_936
Fra:36 Mem:214.50M (Peak 214.50M) | Time:00:00.37 | Mem:0.00M, Peak:0.00M | Scene, ViewLayer | Synchronizing object | ENV_leaf_935
Fra:36 Mem:214.51M (Peak 214.51M) | Time:00:00.37 | Mem:0.00M, Peak:0.00M | Scene, ViewLayer | Synchronizing object | ENV_leaf_934
Fra:36 Mem:214.51M (Peak 214.51M) | Time:00:00.37 | Mem:0.00M, Peak:0.00M | Scene, ViewLayer | Synchronizing object | ENV_leaf_933
Fra:36 Mem:214.52M (Peak 214.52M) | Time:00:00.37 | Mem:0.00M, Peak:0.00M | Scene, ViewLayer | Synchronizing object | ENV_leaf_932
Fra:36 Mem:214.52M (Peak 214.52M) | Time:00:00.37 | Mem:0.00M, Peak:0.00M | Scene, ViewLayer | Synchronizing object | ENV_leaf_931
Fra:36 Mem:214.57M (Peak 214.57M) | Time:00:00.37 | Mem:0.00M, Peak:0.00M | Scene, ViewLayer | Synchronizing object | ENV_leaf_930
Fra:36 Mem:214.58M (Peak 214.58M) | Time:00:00.37 | Mem:0.00M, Peak:0.00M | Scene, ViewLayer | Synchronizing object | ENV_leaf_929
Fra:36 Mem:214.58M (Peak 214.58M) | Time:00:00.37 | Mem:0.00M, Peak:0.00M | Scene, ViewLayer | Synchronizing object | ENV_leaf_928
Fra:36 Mem:214.58M (Peak 214.58M) | Time:00:00.37 | Mem:0.00M, Peak:0.00M | Scene, ViewLayer | Synchronizing object | ENV_leaf_927
Fra:36 Mem:214.61M (Peak 214.61M) | Time:00:00.37 | Mem:0.00M, Peak:0.00M | Scene, ViewLayer | Synchronizing object | ENV_leaf_926
Fra:36 Mem:214.61M (Peak 214.61M) | Time:00:00.37 | Mem:0.00M, Peak:0.00M | Scene, ViewLayer | Synchronizing object | ENV_leaf_925
Fra:36 Mem:214.61M (Peak 214.61M) | Time:00:00.37 | Mem:0.00M, Peak:0.00M | Scene, ViewLayer | Synchronizing object | ENV_leaf_924
Fra:36 Mem:214.67M (Peak 214.67M) | Time:00:00.37 | Mem:0.00M, Peak:0.00M | Scene, ViewLayer | Synchronizing object | ENV_leaf_923
Fra:36 Mem:214.67M (Peak 214.67M) | Time:00:00.37 | Mem:0.00M, Peak:0.00M | Scene, ViewLayer | Synchronizing object | ENV_leaf_922
Fra:36 Mem:214.67M (Peak 214.67M) | Time:00:00.37 | Mem:0.00M, Peak:0.00M | Scene, ViewLayer | Synchronizing object | ENV_leaf_921
Fra:36 Mem:214.63M (Peak 214.67M) | Time:00:00.37 | Mem:0.00M, Peak:0.00M | Scene, ViewLayer | Synchronizing object | ENV_leaf_920
Fra:36 Mem:214.63M (Peak 214.67M) | Time:00:00.37 | Mem:0.00M, Peak:0.00M | Scene, ViewLayer | Synchronizing object | ENV_fern_19
Fra:36 Mem:214.63M (Peak 214.67M) | Time:00:00.37 | Mem:0.00M, Peak:0.00M | Scene, ViewLayer | Synchronizing object | ENV_leaf_919
Fra:36 Mem:214.71M (Peak 214.71M) | Time:00:00.37 | Mem:0.00M, Peak:0.00M | Scene, ViewLayer | Synchronizing object | ENV_leaf_918
Fra:36 Mem:214.71M (Peak 214.71M) | Time:00:00.37 | Mem:0.00M, Peak:0.00M | Scene, ViewLayer | Synchronizing object | ENV_leaf_917
Fra:36 Mem:214.72M (Peak 214.72M) | Time:00:00.37 | Mem:0.00M, Peak:0.00M | Scene, ViewLayer | Synchronizing object | ENV_leaf_916
Fra:36 Mem:214.78M (Peak 214.78M) | Time:00:00.37 | Mem:0.00M, Peak:0.00M | Scene, ViewLayer | Synchronizing object | ENV_leaf_915
Fra:36 Mem:214.88M (Peak 214.88M) | Time:00:00.37 | Mem:0.00M, Peak:0.00M | Scene, ViewLayer | Synchronizing object | ENV_leaf_914
Fra:36 Mem:214.95M (Peak 214.95M) | Time:00:00.37 | Mem:0.00M, Peak:0.00M | Scene, ViewLayer | Synchronizing object | ENV_leaf_913
Fra:36 Mem:214.95M (Peak 214.95M) | Time:00:00.37 | Mem:0.00M, Peak:0.00M | Scene, ViewLayer | Synchronizing object | ENV_leaf_912
Fra:36 Mem:215.04M (Peak 215.04M) | Time:00:00.37 | Mem:0.00M, Peak:0.00M | Scene, ViewLayer | Synchronizing object | ENV_leaf_911
Fra:36 Mem:215.04M (Peak 215.04M) | Time:00:00.37 | Mem:0.00M, Peak:0.00M | Scene, ViewLayer | Synchronizing object | ENV_leaf_910
Fra:36 Mem:215.05M (Peak 215.05M) | Time:00:00.37 | Mem:0.00M, Peak:0.00M | Scene, ViewLayer | Synchronizing object | ENV_leaf_909
Fra:36 Mem:215.05M (Peak 215.05M) | Time:00:00.37 | Mem:0.00M, Peak:0.00M | Scene, ViewLayer | Synchronizing object | ENV_leaf_908
Fra:36 Mem:215.06M (Peak 215.06M) | Time:00:00.37 | Mem:0.00M, Peak:0.00M | Scene, ViewLayer | Synchronizing object | ENV_leaf_907
Fra:36 Mem:215.08M (Peak 215.08M) | Time:00:00.37 | Mem:0.00M, Peak:0.00M | Scene, ViewLayer | Synchronizing object | ENV_leaf_906
Fra:36 Mem:215.08M (Peak 215.08M) | Time:00:00.37 | Mem:0.00M, Peak:0.00M | Scene, ViewLayer | Synchronizing object | ENV_leaf_905
Fra:36 Mem:215.15M (Peak 215.15M) | Time:00:00.37 | Mem:0.00M, Peak:0.00M | Scene, ViewLayer | Synchronizing object | ENV_leaf_904
Fra:36 Mem:215.15M (Peak 215.15M) | Time:00:00.37 | Mem:0.00M, Peak:0.00M | Scene, ViewLayer | Synchronizing object | ENV_leaf_903
Fra:36 Mem:215.15M (Peak 215.15M) | Time:00:00.37 | Mem:0.00M, Peak:0.00M | Scene, ViewLayer | Synchronizing object | ENV_leaf_902
Fra:36 Mem:215.16M (Peak 215.16M) | Time:00:00.37 | Mem:0.00M, Peak:0.00M | Scene, ViewLayer | Synchronizing object | ENV_leaf_901
Fra:36 Mem:215.16M (Peak 215.16M) | Time:00:00.37 | Mem:0.00M, Peak:0.00M | Scene, ViewLayer | Synchronizing object | ENV_leaf_900
Fra:36 Mem:215.17M (Peak 215.17M) | Time:00:00.37 | Mem:0.00M, Peak:0.00M | Scene, ViewLayer | Synchronizing object | ENV_leaf_899
Fra:36 Mem:215.17M (Peak 215.17M) | Time:00:00.37 | Mem:0.00M, Peak:0.00M | Scene, ViewLayer | Synchronizing object | ENV_leaf_898
Fra:36 Mem:215.17M (Peak 215.17M) | Time:00:00.37 | Mem:0.00M, Peak:0.00M | Scene, ViewLayer | Synchronizing object | ENV_leaf_897
Fra:36 Mem:215.18M (Peak 215.18M) | Time:00:00.37 | Mem:0.00M, Peak:0.00M | Scene, ViewLayer | Synchronizing object | ENV_leaf_896
Fra:36 Mem:215.17M (Peak 215.18M) | Time:00:00.37 | Mem:0.00M, Peak:0.00M | Scene, ViewLayer | Synchronizing object | ENV_leaf_895
Fra:36 Mem:215.17M (Peak 215.18M) | Time:00:00.37 | Mem:0.00M, Peak:0.00M | Scene, ViewLayer | Synchronizing object | ENV_leaf_894
Fra:36 Mem:215.17M (Peak 215.18M) | Time:00:00.37 | Mem:0.00M, Peak:0.00M | Scene, ViewLayer | Synchronizing object | ENV_leaf_893
Fra:36 Mem:215.18M (Peak 215.18M) | Time:00:00.37 | Mem:0.00M, Peak:0.00M | Scene, ViewLayer | Synchronizing object | ENV_leaf_892
Fra:36 Mem:215.18M (Peak 215.18M) | Time:00:00.37 | Mem:0.00M, Peak:0.00M | Scene, ViewLayer | Synchronizing object | ENV_leaf_891
Fra:36 Mem:215.19M (Peak 215.19M) | Time:00:00.37 | Mem:0.00M, Peak:0.00M | Scene, ViewLayer | Synchronizing object | ENV_leaf_890
Fra:36 Mem:215.19M (Peak 215.19M) | Time:00:00.37 | Mem:0.00M, Peak:0.00M | Scene, ViewLayer | Synchronizing object | ENV_leaf_889
Fra:36 Mem:215.19M (Peak 215.19M) | Time:00:00.37 | Mem:0.00M, Peak:0.00M | Scene, ViewLayer | Synchronizing object | ENV_leaf_888
Fra:36 Mem:215.20M (Peak 215.20M) | Time:00:00.37 | Mem:0.00M, Peak:0.00M | Scene, ViewLayer | Synchronizing object | ENV_leaf_887
Fra:36 Mem:215.20M (Peak 215.20M) | Time:00:00.37 | Mem:0.00M, Peak:0.00M | Scene, ViewLayer | Synchronizing object | ENV_leaf_886
Fra:36 Mem:215.21M (Peak 215.21M) | Time:00:00.37 | Mem:0.00M, Peak:0.00M | Scene, ViewLayer | Synchronizing object | ENV_leaf_885
Fra:36 Mem:215.21M (Peak 215.21M) | Time:00:00.37 | Mem:0.00M, Peak:0.00M | Scene, ViewLayer | Synchronizing object | ENV_leaf_884
Fra:36 Mem:215.21M (Peak 215.21M) | Time:00:00.37 | Mem:0.00M, Peak:0.00M | Scene, ViewLayer | Synchronizing object | ENV_leaf_883
Fra:36 Mem:215.22M (Peak 215.22M) | Time:00:00.37 | Mem:0.00M, Peak:0.00M | Scene, ViewLayer | Synchronizing object | ENV_leaf_882
Fra:36 Mem:215.22M (Peak 215.22M) | Time:00:00.37 | Mem:0.00M, Peak:0.00M | Scene, ViewLayer | Synchronizing object | ENV_leaf_881
Fra:36 Mem:215.23M (Peak 215.23M) | Time:00:00.37 | Mem:0.00M, Peak:0.00M | Scene, ViewLayer | Synchronizing object | ENV_leaf_880
Fra:36 Mem:215.23M (Peak 215.23M) | Time:00:00.37 | Mem:0.00M, Peak:0.00M | Scene, ViewLayer | Synchronizing object | ENV_leaf_879
Fra:36 Mem:215.23M (Peak 215.23M) | Time:00:00.37 | Mem:0.00M, Peak:0.00M | Scene, ViewLayer | Synchronizing object | ENV_leaf_878
Fra:36 Mem:215.24M (Peak 215.24M) | Time:00:00.37 | Mem:0.00M, Peak:0.00M | Scene, ViewLayer | Synchronizing object | ENV_leaf_877
Fra:36 Mem:215.24M (Peak 215.24M) | Time:00:00.37 | Mem:0.00M, Peak:0.00M | Scene, ViewLayer | Synchronizing object | ENV_leaf_876
Fra:36 Mem:215.31M (Peak 215.31M) | Time:00:00.37 | Mem:0.00M, Peak:0.00M | Scene, ViewLayer | Synchronizing object | ENV_leaf_875
Fra:36 Mem:215.31M (Peak 215.31M) | Time:00:00.37 | Mem:0.00M, Peak:0.00M | Scene, ViewLayer | Synchronizing object | ENV_leaf_874
Fra:36 Mem:215.32M (Peak 215.32M) | Time:00:00.37 | Mem:0.00M, Peak:0.00M | Scene, ViewLayer | Synchronizing object | ENV_leaf_873
Fra:36 Mem:215.32M (Peak 215.32M) | Time:00:00.37 | Mem:0.00M, Peak:0.00M | Scene, ViewLayer | Synchronizing object | ENV_leaf_872
Fra:36 Mem:215.33M (Peak 215.33M) | Time:00:00.37 | Mem:0.00M, Peak:0.00M | Scene, ViewLayer | Synchronizing object | ENV_leaf_871
Fra:36 Mem:215.33M (Peak 215.33M) | Time:00:00.37 | Mem:0.00M, Peak:0.00M | Scene, ViewLayer | Synchronizing object | ENV_leaf_870
Fra:36 Mem:215.36M (Peak 215.36M) | Time:00:00.37 | Mem:0.00M, Peak:0.00M | Scene, ViewLayer | Synchronizing object | ENV_leaf_869
Fra:36 Mem:215.36M (Peak 215.36M) | Time:00:00.37 | Mem:0.00M, Peak:0.00M | Scene, ViewLayer | Synchronizing object | ENV_leaf_868
Fra:36 Mem:215.36M (Peak 215.36M) | Time:00:00.37 | Mem:0.00M, Peak:0.00M | Scene, ViewLayer | Synchronizing object | ENV_leaf_867
Fra:36 Mem:215.43M (Peak 215.43M) | Time:00:00.37 | Mem:0.00M, Peak:0.00M | Scene, ViewLayer | Synchronizing object | ENV_leaf_866
Fra:36 Mem:215.43M (Peak 215.43M) | Time:00:00.37 | Mem:0.00M, Peak:0.00M | Scene, ViewLayer | Synchronizing object | ENV_leaf_865
Fra:36 Mem:215.44M (Peak 215.44M) | Time:00:00.37 | Mem:0.00M, Peak:0.00M | Scene, ViewLayer | Synchronizing object | ENV_leaf_864
Fra:36 Mem:215.44M (Peak 215.44M) | Time:00:00.37 | Mem:0.00M, Peak:0.00M | Scene, ViewLayer | Synchronizing object | ENV_leaf_863
Fra:36 Mem:215.45M (Peak 215.45M) | Time:00:00.37 | Mem:0.00M, Peak:0.00M | Scene, ViewLayer | Synchronizing object | ENV_leaf_862
Fra:36 Mem:215.45M (Peak 215.45M) | Time:00:00.37 | Mem:0.00M, Peak:0.00M | Scene, ViewLayer | Synchronizing object | ENV_leaf_861
Fra:36 Mem:215.39M (Peak 215.45M) | Time:00:00.37 | Mem:0.00M, Peak:0.00M | Scene, ViewLayer | Synchronizing object | ENV_fern_20
Fra:36 Mem:215.39M (Peak 215.45M) | Time:00:00.37 | Mem:0.00M, Peak:0.00M | Scene, ViewLayer | Synchronizing object | ENV_leaf_860
Fra:36 Mem:215.48M (Peak 215.48M) | Time:00:00.37 | Mem:0.00M, Peak:0.00M | Scene, ViewLayer | Synchronizing object | ENV_leaf_859
Fra:36 Mem:215.49M (Peak 215.49M) | Time:00:00.37 | Mem:0.00M, Peak:0.00M | Scene, ViewLayer | Synchronizing object | ENV_leaf_858
Fra:36 Mem:215.49M (Peak 215.49M) | Time:00:00.37 | Mem:0.00M, Peak:0.00M | Scene, ViewLayer | Synchronizing object | ENV_leaf_857
Fra:36 Mem:215.66M (Peak 215.66M) | Time:00:00.37 | Mem:0.00M, Peak:0.00M | Scene, ViewLayer | Synchronizing object | ENV_leaf_856
Fra:36 Mem:215.70M (Peak 215.70M) | Time:00:00.37 | Mem:0.00M, Peak:0.00M | Scene, ViewLayer | Synchronizing object | ENV_leaf_855
Fra:36 Mem:215.70M (Peak 215.70M) | Time:00:00.37 | Mem:0.00M, Peak:0.00M | Scene, ViewLayer | Synchronizing object | ENV_leaf_854
Fra:36 Mem:215.78M (Peak 215.78M) | Time:00:00.37 | Mem:0.00M, Peak:0.00M | Scene, ViewLayer | Synchronizing object | ENV_leaf_853
Fra:36 Mem:215.78M (Peak 215.78M) | Time:00:00.37 | Mem:0.00M, Peak:0.00M | Scene, ViewLayer | Synchronizing object | ENV_leaf_852
Fra:36 Mem:215.79M (Peak 215.79M) | Time:00:00.37 | Mem:0.00M, Peak:0.00M | Scene, ViewLayer | Synchronizing object | ENV_leaf_851
Fra:36 Mem:215.79M (Peak 215.79M) | Time:00:00.37 | Mem:0.00M, Peak:0.00M | Scene, ViewLayer | Synchronizing object | ENV_leaf_850
Fra:36 Mem:215.90M (Peak 215.90M) | Time:00:00.37 | Mem:0.00M, Peak:0.00M | Scene, ViewLayer | Synchronizing object | ENV_leaf_849
Fra:36 Mem:215.90M (Peak 215.90M) | Time:00:00.37 | Mem:0.00M, Peak:0.00M | Scene, ViewLayer | Synchronizing object | ENV_leaf_848
Fra:36 Mem:215.90M (Peak 215.90M) | Time:00:00.37 | Mem:0.00M, Peak:0.00M | Scene, ViewLayer | Synchronizing object | ENV_leaf_847
Fra:36 Mem:215.91M (Peak 215.91M) | Time:00:00.37 | Mem:0.00M, Peak:0.00M | Scene, ViewLayer | Synchronizing object | ENV_leaf_846
Fra:36 Mem:215.91M (Peak 215.91M) | Time:00:00.37 | Mem:0.00M, Peak:0.00M | Scene, ViewLayer | Synchronizing object | ENV_leaf_845
Fra:36 Mem:215.92M (Peak 215.92M) | Time:00:00.37 | Mem:0.00M, Peak:0.00M | Scene, ViewLayer | Synchronizing object | ENV_leaf_844
Fra:36 Mem:215.92M (Peak 215.92M) | Time:00:00.37 | Mem:0.00M, Peak:0.00M | Scene, ViewLayer | Synchronizing object | ENV_leaf_843
Fra:36 Mem:215.94M (Peak 215.94M) | Time:00:00.37 | Mem:0.00M, Peak:0.00M | Scene, ViewLayer | Synchronizing object | ENV_leaf_842
Fra:36 Mem:215.95M (Peak 215.95M) | Time:00:00.37 | Mem:0.00M, Peak:0.00M | Scene, ViewLayer | Synchronizing object | ENV_leaf_841
Fra:36 Mem:216.03M (Peak 216.03M) | Time:00:00.37 | Mem:0.00M, Peak:0.00M | Scene, ViewLayer | Synchronizing object | ENV_leaf_840
Fra:36 Mem:216.03M (Peak 216.03M) | Time:00:00.37 | Mem:0.00M, Peak:0.00M | Scene, ViewLayer | Synchronizing object | ENV_leaf_839
Fra:36 Mem:216.04M (Peak 216.04M) | Time:00:00.37 | Mem:0.00M, Peak:0.00M | Scene, ViewLayer | Synchronizing object | ENV_leaf_838
Fra:36 Mem:216.04M (Peak 216.04M) | Time:00:00.37 | Mem:0.00M, Peak:0.00M | Scene, ViewLayer | Synchronizing object | ENV_leaf_837
Fra:36 Mem:216.04M (Peak 216.04M) | Time:00:00.37 | Mem:0.00M, Peak:0.00M | Scene, ViewLayer | Synchronizing object | ENV_leaf_836
Fra:36 Mem:216.05M (Peak 216.05M) | Time:00:00.37 | Mem:0.00M, Peak:0.00M | Scene, ViewLayer | Synchronizing object | ENV_leaf_835
Fra:36 Mem:216.05M (Peak 216.05M) | Time:00:00.37 | Mem:0.00M, Peak:0.00M | Scene, ViewLayer | Synchronizing object | ENV_leaf_834
Fra:36 Mem:216.06M (Peak 216.06M) | Time:00:00.37 | Mem:0.00M, Peak:0.00M | Scene, ViewLayer | Synchronizing object | ENV_leaf_833
Fra:36 Mem:216.06M (Peak 216.06M) | Time:00:00.37 | Mem:0.00M, Peak:0.00M | Scene, ViewLayer | Synchronizing object | ENV_leaf_832
Fra:36 Mem:216.06M (Peak 216.06M) | Time:00:00.37 | Mem:0.00M, Peak:0.00M | Scene, ViewLayer | Synchronizing object | ENV_leaf_831
Fra:36 Mem:216.07M (Peak 216.07M) | Time:00:00.37 | Mem:0.00M, Peak:0.00M | Scene, ViewLayer | Synchronizing object | ENV_leaf_830
Fra:36 Mem:216.05M (Peak 216.07M) | Time:00:00.37 | Mem:0.00M, Peak:0.00M | Scene, ViewLayer | Synchronizing object | ENV_leaf_829
Fra:36 Mem:216.06M (Peak 216.07M) | Time:00:00.37 | Mem:0.00M, Peak:0.00M | Scene, ViewLayer | Synchronizing object | ENV_leaf_828
Fra:36 Mem:216.06M (Peak 216.07M) | Time:00:00.37 | Mem:0.00M, Peak:0.00M | Scene, ViewLayer | Synchronizing object | ENV_leaf_827
Fra:36 Mem:216.07M (Peak 216.07M) | Time:00:00.37 | Mem:0.00M, Peak:0.00M | Scene, ViewLayer | Synchronizing object | ENV_leaf_826
Fra:36 Mem:216.07M (Peak 216.07M) | Time:00:00.37 | Mem:0.00M, Peak:0.00M | Scene, ViewLayer | Synchronizing object | ENV_leaf_825
Fra:36 Mem:216.07M (Peak 216.07M) | Time:00:00.37 | Mem:0.00M, Peak:0.00M | Scene, ViewLayer | Synchronizing object | ENV_leaf_824
Fra:36 Mem:216.08M (Peak 216.08M) | Time:00:00.37 | Mem:0.00M, Peak:0.00M | Scene, ViewLayer | Synchronizing object | ENV_leaf_823
Fra:36 Mem:216.08M (Peak 216.08M) | Time:00:00.37 | Mem:0.00M, Peak:0.00M | Scene, ViewLayer | Synchronizing object | ENV_leaf_822
Fra:36 Mem:216.09M (Peak 216.09M) | Time:00:00.37 | Mem:0.00M, Peak:0.00M | Scene, ViewLayer | Synchronizing object | ENV_leaf_821
Fra:36 Mem:216.09M (Peak 216.09M) | Time:00:00.37 | Mem:0.00M, Peak:0.00M | Scene, ViewLayer | Synchronizing object | ENV_leaf_820
Fra:36 Mem:216.09M (Peak 216.09M) | Time:00:00.37 | Mem:0.00M, Peak:0.00M | Scene, ViewLayer | Synchronizing object | ENV_leaf_819
Fra:36 Mem:216.10M (Peak 216.10M) | Time:00:00.37 | Mem:0.00M, Peak:0.00M | Scene, ViewLayer | Synchronizing object | ENV_leaf_818
Fra:36 Mem:216.10M (Peak 216.10M) | Time:00:00.37 | Mem:0.00M, Peak:0.00M | Scene, ViewLayer | Synchronizing object | ENV_leaf_817
Fra:36 Mem:216.11M (Peak 216.11M) | Time:00:00.37 | Mem:0.00M, Peak:0.00M | Scene, ViewLayer | Synchronizing object | ENV_leaf_816
Fra:36 Mem:216.11M (Peak 216.11M) | Time:00:00.37 | Mem:0.00M, Peak:0.00M | Scene, ViewLayer | Synchronizing object | ENV_leaf_815
Fra:36 Mem:216.11M (Peak 216.11M) | Time:00:00.37 | Mem:0.00M, Peak:0.00M | Scene, ViewLayer | Synchronizing object | ENV_leaf_814
Fra:36 Mem:216.12M (Peak 216.12M) | Time:00:00.37 | Mem:0.00M, Peak:0.00M | Scene, ViewLayer | Synchronizing object | ENV_leaf_813
Fra:36 Mem:216.12M (Peak 216.12M) | Time:00:00.37 | Mem:0.00M, Peak:0.00M | Scene, ViewLayer | Synchronizing object | ENV_leaf_812
Fra:36 Mem:216.13M (Peak 216.13M) | Time:00:00.37 | Mem:0.00M, Peak:0.00M | Scene, ViewLayer | Synchronizing object | ENV_leaf_811
Fra:36 Mem:216.13M (Peak 216.13M) | Time:00:00.37 | Mem:0.00M, Peak:0.00M | Scene, ViewLayer | Synchronizing object | ENV_leaf_810
Fra:36 Mem:216.13M (Peak 216.13M) | Time:00:00.37 | Mem:0.00M, Peak:0.00M | Scene, ViewLayer | Synchronizing object | ENV_leaf_809
Fra:36 Mem:216.14M (Peak 216.14M) | Time:00:00.37 | Mem:0.00M, Peak:0.00M | Scene, ViewLayer | Synchronizing object | ENV_leaf_808
Fra:36 Mem:216.14M (Peak 216.14M) | Time:00:00.37 | Mem:0.00M, Peak:0.00M | Scene, ViewLayer | Synchronizing object | ENV_leaf_807
Fra:36 Mem:216.15M (Peak 216.15M) | Time:00:00.37 | Mem:0.00M, Peak:0.00M | Scene, ViewLayer | Synchronizing object | ENV_leaf_806
Fra:36 Mem:216.15M (Peak 216.15M) | Time:00:00.37 | Mem:0.00M, Peak:0.00M | Scene, ViewLayer | Synchronizing object | ENV_leaf_805
Fra:36 Mem:216.15M (Peak 216.15M) | Time:00:00.37 | Mem:0.00M, Peak:0.00M | Scene, ViewLayer | Synchronizing object | ENV_leaf_804
Fra:36 Mem:216.16M (Peak 216.16M) | Time:00:00.37 | Mem:0.00M, Peak:0.00M | Scene, ViewLayer | Synchronizing object | ENV_leaf_803
Fra:36 Mem:216.24M (Peak 216.24M) | Time:00:00.37 | Mem:0.00M, Peak:0.00M | Scene, ViewLayer | Synchronizing object | ENV_leaf_802
Fra:36 Mem:216.24M (Peak 216.24M) | Time:00:00.37 | Mem:0.00M, Peak:0.00M | Scene, ViewLayer | Synchronizing object | ENV_leaf_801
Fra:36 Mem:216.25M (Peak 216.25M) | Time:00:00.37 | Mem:0.00M, Peak:0.00M | Scene, ViewLayer | Synchronizing object | ENV_leaf_800
Fra:36 Mem:216.25M (Peak 216.25M) | Time:00:00.37 | Mem:0.00M, Peak:0.00M | Scene, ViewLayer | Synchronizing object | ENV_leaf_799
Fra:36 Mem:216.26M (Peak 216.26M) | Time:00:00.37 | Mem:0.00M, Peak:0.00M | Scene, ViewLayer | Synchronizing object | ENV_leaf_798
Fra:36 Mem:216.26M (Peak 216.26M) | Time:00:00.37 | Mem:0.00M, Peak:0.00M | Scene, ViewLayer | Synchronizing object | ENV_leaf_797
Fra:36 Mem:216.26M (Peak 216.26M) | Time:00:00.37 | Mem:0.00M, Peak:0.00M | Scene, ViewLayer | Synchronizing object | ENV_leaf_796
Fra:36 Mem:216.27M (Peak 216.27M) | Time:00:00.37 | Mem:0.00M, Peak:0.00M | Scene, ViewLayer | Synchronizing object | ENV_leaf_795
Fra:36 Mem:216.30M (Peak 216.30M) | Time:00:00.37 | Mem:0.00M, Peak:0.00M | Scene, ViewLayer | Synchronizing object | ENV_leaf_794
Fra:36 Mem:216.30M (Peak 216.30M) | Time:00:00.37 | Mem:0.00M, Peak:0.00M | Scene, ViewLayer | Synchronizing object | ENV_leaf_793
Fra:36 Mem:216.38M (Peak 216.38M) | Time:00:00.37 | Mem:0.00M, Peak:0.00M | Scene, ViewLayer | Synchronizing object | ENV_leaf_792
Fra:36 Mem:216.39M (Peak 216.39M) | Time:00:00.37 | Mem:0.00M, Peak:0.00M | Scene, ViewLayer | Synchronizing object | ENV_leaf_791
Fra:36 Mem:216.39M (Peak 216.39M) | Time:00:00.37 | Mem:0.00M, Peak:0.00M | Scene, ViewLayer | Synchronizing object | ENV_leaf_790
Fra:36 Mem:216.32M (Peak 216.39M) | Time:00:00.37 | Mem:0.00M, Peak:0.00M | Scene, ViewLayer | Synchronizing object | ENV_leaf_789
Fra:36 Mem:216.32M (Peak 216.39M) | Time:00:00.37 | Mem:0.00M, Peak:0.00M | Scene, ViewLayer | Synchronizing object | ENV_leaf_788
Fra:36 Mem:216.33M (Peak 216.39M) | Time:00:00.37 | Mem:0.00M, Peak:0.00M | Scene, ViewLayer | Synchronizing object | ENV_leaf_787
Fra:36 Mem:216.39M (Peak 216.39M) | Time:00:00.37 | Mem:0.00M, Peak:0.00M | Scene, ViewLayer | Synchronizing object | ENV_leaf_786
Fra:36 Mem:216.49M (Peak 216.49M) | Time:00:00.37 | Mem:0.00M, Peak:0.00M | Scene, ViewLayer | Synchronizing object | ENV_leaf_785
Fra:36 Mem:216.52M (Peak 216.52M) | Time:00:00.37 | Mem:0.00M, Peak:0.00M | Scene, ViewLayer | Synchronizing object | ENV_leaf_784
Fra:36 Mem:216.57M (Peak 216.57M) | Time:00:00.37 | Mem:0.00M, Peak:0.00M | Scene, ViewLayer | Synchronizing object | ENV_leaf_783
Fra:36 Mem:216.64M (Peak 216.64M) | Time:00:00.37 | Mem:0.00M, Peak:0.00M | Scene, ViewLayer | Synchronizing object | ENV_leaf_782
Fra:36 Mem:216.65M (Peak 216.65M) | Time:00:00.37 | Mem:0.00M, Peak:0.00M | Scene, ViewLayer | Synchronizing object | ENV_leaf_781
Fra:36 Mem:216.70M (Peak 216.70M) | Time:00:00.37 | Mem:0.00M, Peak:0.00M | Scene, ViewLayer | Synchronizing object | ENV_leaf_780
Fra:36 Mem:216.71M (Peak 216.71M) | Time:00:00.37 | Mem:0.00M, Peak:0.00M | Scene, ViewLayer | Synchronizing object | ENV_leaf_779
Fra:36 Mem:216.71M (Peak 216.71M) | Time:00:00.37 | Mem:0.00M, Peak:0.00M | Scene, ViewLayer | Synchronizing object | ENV_leaf_778
Fra:36 Mem:216.72M (Peak 216.72M) | Time:00:00.37 | Mem:0.00M, Peak:0.00M | Scene, ViewLayer | Synchronizing object | ENV_leaf_777
Fra:36 Mem:216.72M (Peak 216.72M) | Time:00:00.37 | Mem:0.00M, Peak:0.00M | Scene, ViewLayer | Synchronizing object | ENV_leaf_776
Fra:36 Mem:216.71M (Peak 216.72M) | Time:00:00.37 | Mem:0.00M, Peak:0.00M | Scene, ViewLayer | Synchronizing object | ENV_leaf_775
Fra:36 Mem:216.72M (Peak 216.72M) | Time:00:00.37 | Mem:0.00M, Peak:0.00M | Scene, ViewLayer | Synchronizing object | ENV_leaf_774
Fra:36 Mem:216.72M (Peak 216.72M) | Time:00:00.37 | Mem:0.00M, Peak:0.00M | Scene, ViewLayer | Synchronizing object | ENV_leaf_773
Fra:36 Mem:216.72M (Peak 216.72M) | Time:00:00.37 | Mem:0.00M, Peak:0.00M | Scene, ViewLayer | Synchronizing object | ENV_leaf_772
Fra:36 Mem:216.73M (Peak 216.73M) | Time:00:00.38 | Mem:0.00M, Peak:0.00M | Scene, ViewLayer | Synchronizing object | ENV_leaf_771
Fra:36 Mem:216.73M (Peak 216.73M) | Time:00:00.38 | Mem:0.00M, Peak:0.00M | Scene, ViewLayer | Synchronizing object | ENV_leaf_770
Fra:36 Mem:216.74M (Peak 216.74M) | Time:00:00.38 | Mem:0.00M, Peak:0.00M | Scene, ViewLayer | Synchronizing object | ENV_leaf_769
Fra:36 Mem:216.74M (Peak 216.74M) | Time:00:00.38 | Mem:0.00M, Peak:0.00M | Scene, ViewLayer | Synchronizing object | ENV_leaf_768
Fra:36 Mem:216.74M (Peak 216.74M) | Time:00:00.38 | Mem:0.00M, Peak:0.00M | Scene, ViewLayer | Synchronizing object | ENV_leaf_767
Fra:36 Mem:216.75M (Peak 216.75M) | Time:00:00.38 | Mem:0.00M, Peak:0.00M | Scene, ViewLayer | Synchronizing object | ENV_leaf_766
Fra:36 Mem:216.75M (Peak 216.75M) | Time:00:00.38 | Mem:0.00M, Peak:0.00M | Scene, ViewLayer | Synchronizing object | ENV_leaf_765
Fra:36 Mem:216.80M (Peak 216.80M) | Time:00:00.38 | Mem:0.00M, Peak:0.00M | Scene, ViewLayer | Synchronizing object | ENV_leaf_764
Fra:36 Mem:216.81M (Peak 216.81M) | Time:00:00.38 | Mem:0.00M, Peak:0.00M | Scene, ViewLayer | Synchronizing object | ENV_leaf_763
Fra:36 Mem:216.81M (Peak 216.81M) | Time:00:00.38 | Mem:0.00M, Peak:0.00M | Scene, ViewLayer | Synchronizing object | ENV_leaf_762
Fra:36 Mem:216.83M (Peak 216.83M) | Time:00:00.38 | Mem:0.00M, Peak:0.00M | Scene, ViewLayer | Synchronizing object | ENV_leaf_761
Fra:36 Mem:216.89M (Peak 216.89M) | Time:00:00.38 | Mem:0.00M, Peak:0.00M | Scene, ViewLayer | Synchronizing object | ENV_leaf_760
Fra:36 Mem:216.89M (Peak 216.89M) | Time:00:00.38 | Mem:0.00M, Peak:0.00M | Scene, ViewLayer | Synchronizing object | ENV_leaf_759
Fra:36 Mem:216.85M (Peak 216.89M) | Time:00:00.38 | Mem:0.00M, Peak:0.00M | Scene, ViewLayer | Synchronizing object | ENV_fern_22
Fra:36 Mem:216.92M (Peak 216.92M) | Time:00:00.38 | Mem:0.00M, Peak:0.00M | Scene, ViewLayer | Synchronizing object | ENV_leaf_758
Fra:36 Mem:216.92M (Peak 216.92M) | Time:00:00.38 | Mem:0.00M, Peak:0.00M | Scene, ViewLayer | Synchronizing object | ENV_leaf_757
Fra:36 Mem:217.08M (Peak 217.08M) | Time:00:00.38 | Mem:0.00M, Peak:0.00M | Scene, ViewLayer | Synchronizing object | ENV_leaf_756
Fra:36 Mem:217.15M (Peak 217.15M) | Time:00:00.38 | Mem:0.00M, Peak:0.00M | Scene, ViewLayer | Synchronizing object | ENV_leaf_755
Fra:36 Mem:217.15M (Peak 217.15M) | Time:00:00.38 | Mem:0.00M, Peak:0.00M | Scene, ViewLayer | Synchronizing object | ENV_leaf_754
Fra:36 Mem:217.16M (Peak 217.16M) | Time:00:00.38 | Mem:0.00M, Peak:0.00M | Scene, ViewLayer | Synchronizing object | ENV_leaf_753
Fra:36 Mem:217.24M (Peak 217.24M) | Time:00:00.38 | Mem:0.00M, Peak:0.00M | Scene, ViewLayer | Synchronizing object | ENV_leaf_752
Fra:36 Mem:217.25M (Peak 217.25M) | Time:00:00.38 | Mem:0.00M, Peak:0.00M | Scene, ViewLayer | Synchronizing object | ENV_leaf_751
Fra:36 Mem:217.25M (Peak 217.25M) | Time:00:00.38 | Mem:0.00M, Peak:0.00M | Scene, ViewLayer | Synchronizing object | ENV_leaf_750
Fra:36 Mem:217.33M (Peak 217.33M) | Time:00:00.38 | Mem:0.00M, Peak:0.00M | Scene, ViewLayer | Synchronizing object | ENV_leaf_749
Fra:36 Mem:217.34M (Peak 217.34M) | Time:00:00.38 | Mem:0.00M, Peak:0.00M | Scene, ViewLayer | Synchronizing object | ENV_leaf_748
Fra:36 Mem:217.34M (Peak 217.34M) | Time:00:00.38 | Mem:0.00M, Peak:0.00M | Scene, ViewLayer | Synchronizing object | ENV_leaf_747
Fra:36 Mem:217.34M (Peak 217.34M) | Time:00:00.38 | Mem:0.00M, Peak:0.00M | Scene, ViewLayer | Synchronizing object | ENV_leaf_746
Fra:36 Mem:217.35M (Peak 217.35M) | Time:00:00.38 | Mem:0.00M, Peak:0.00M | Scene, ViewLayer | Synchronizing object | ENV_leaf_745
Fra:36 Mem:217.35M (Peak 217.35M) | Time:00:00.38 | Mem:0.00M, Peak:0.00M | Scene, ViewLayer | Synchronizing object | ENV_leaf_744
Fra:36 Mem:217.36M (Peak 217.36M) | Time:00:00.38 | Mem:0.00M, Peak:0.00M | Scene, ViewLayer | Synchronizing object | ENV_leaf_743
Fra:36 Mem:217.35M (Peak 217.36M) | Time:00:00.38 | Mem:0.00M, Peak:0.00M | Scene, ViewLayer | Synchronizing object | ENV_leaf_742
Fra:36 Mem:217.35M (Peak 217.36M) | Time:00:00.38 | Mem:0.00M, Peak:0.00M | Scene, ViewLayer | Synchronizing object | ENV_leaf_741
Fra:36 Mem:217.35M (Peak 217.36M) | Time:00:00.38 | Mem:0.00M, Peak:0.00M | Scene, ViewLayer | Synchronizing object | ENV_leaf_740
Fra:36 Mem:217.36M (Peak 217.36M) | Time:00:00.38 | Mem:0.00M, Peak:0.00M | Scene, ViewLayer | Synchronizing object | ENV_leaf_739
Fra:36 Mem:217.36M (Peak 217.36M) | Time:00:00.38 | Mem:0.00M, Peak:0.00M | Scene, ViewLayer | Synchronizing object | ENV_leaf_738
Fra:36 Mem:217.37M (Peak 217.37M) | Time:00:00.38 | Mem:0.00M, Peak:0.00M | Scene, ViewLayer | Synchronizing object | ENV_leaf_737
Fra:36 Mem:217.37M (Peak 217.37M) | Time:00:00.38 | Mem:0.00M, Peak:0.00M | Scene, ViewLayer | Synchronizing object | ENV_leaf_736
Fra:36 Mem:217.37M (Peak 217.37M) | Time:00:00.38 | Mem:0.00M, Peak:0.00M | Scene, ViewLayer | Synchronizing object | ENV_leaf_735
Fra:36 Mem:217.38M (Peak 217.38M) | Time:00:00.38 | Mem:0.00M, Peak:0.00M | Scene, ViewLayer | Synchronizing object | ENV_leaf_734
Fra:36 Mem:217.38M (Peak 217.38M) | Time:00:00.38 | Mem:0.00M, Peak:0.00M | Scene, ViewLayer | Synchronizing object | ENV_leaf_733
Fra:36 Mem:217.39M (Peak 217.39M) | Time:00:00.38 | Mem:0.00M, Peak:0.00M | Scene, ViewLayer | Synchronizing object | ENV_leaf_732
Fra:36 Mem:217.39M (Peak 217.39M) | Time:00:00.38 | Mem:0.00M, Peak:0.00M | Scene, ViewLayer | Synchronizing object | ENV_leaf_731
Fra:36 Mem:217.39M (Peak 217.39M) | Time:00:00.38 | Mem:0.00M, Peak:0.00M | Scene, ViewLayer | Synchronizing object | ENV_leaf_730
Fra:36 Mem:217.40M (Peak 217.40M) | Time:00:00.38 | Mem:0.00M, Peak:0.00M | Scene, ViewLayer | Synchronizing object | ENV_leaf_729
Fra:36 Mem:217.46M (Peak 217.46M) | Time:00:00.38 | Mem:0.00M, Peak:0.00M | Scene, ViewLayer | Synchronizing object | ENV_leaf_727
Fra:36 Mem:217.47M (Peak 217.47M) | Time:00:00.38 | Mem:0.00M, Peak:0.00M | Scene, ViewLayer | Synchronizing object | ENV_leaf_726
Fra:36 Mem:217.47M (Peak 217.47M) | Time:00:00.38 | Mem:0.00M, Peak:0.00M | Scene, ViewLayer | Synchronizing object | ENV_leaf_725
Fra:36 Mem:217.48M (Peak 217.48M) | Time:00:00.38 | Mem:0.00M, Peak:0.00M | Scene, ViewLayer | Synchronizing object | ENV_leaf_723
Fra:36 Mem:217.50M (Peak 217.50M) | Time:00:00.38 | Mem:0.00M, Peak:0.00M | Scene, ViewLayer | Synchronizing object | ENV_leaf_722
Fra:36 Mem:217.51M (Peak 217.51M) | Time:00:00.38 | Mem:0.00M, Peak:0.00M | Scene, ViewLayer | Synchronizing object | ENV_leaf_721
Fra:36 Mem:217.57M (Peak 217.57M) | Time:00:00.38 | Mem:0.00M, Peak:0.00M | Scene, ViewLayer | Synchronizing object | ENV_leaf_720
Fra:36 Mem:217.58M (Peak 217.58M) | Time:00:00.38 | Mem:0.00M, Peak:0.00M | Scene, ViewLayer | Synchronizing object | ENV_leaf_719
Fra:36 Mem:217.52M (Peak 217.58M) | Time:00:00.38 | Mem:0.00M, Peak:0.00M | Scene, ViewLayer | Synchronizing object | ENV_leaf_718
Fra:36 Mem:217.52M (Peak 217.58M) | Time:00:00.38 | Mem:0.00M, Peak:0.00M | Scene, ViewLayer | Synchronizing object | ENV_fern_23
Fra:36 Mem:217.61M (Peak 217.61M) | Time:00:00.38 | Mem:0.00M, Peak:0.00M | Scene, ViewLayer | Synchronizing object | ENV_leaf_717
Fra:36 Mem:217.61M (Peak 217.61M) | Time:00:00.38 | Mem:0.00M, Peak:0.00M | Scene, ViewLayer | Synchronizing object | ENV_leaf_715
Fra:36 Mem:217.82M (Peak 217.82M) | Time:00:00.38 | Mem:0.00M, Peak:0.00M | Scene, ViewLayer | Synchronizing object | ENV_leaf_714
Fra:36 Mem:217.90M (Peak 217.90M) | Time:00:00.38 | Mem:0.00M, Peak:0.00M | Scene, ViewLayer | Synchronizing object | ENV_leaf_713
Fra:36 Mem:217.90M (Peak 217.90M) | Time:00:00.38 | Mem:0.00M, Peak:0.00M | Scene, ViewLayer | Synchronizing object | ENV_leaf_712
Fra:36 Mem:217.90M (Peak 217.90M) | Time:00:00.38 | Mem:0.00M, Peak:0.00M | Scene, ViewLayer | Synchronizing object | ENV_leaf_711
Fra:36 Mem:217.91M (Peak 217.91M) | Time:00:00.38 | Mem:0.00M, Peak:0.00M | Scene, ViewLayer | Synchronizing object | ENV_leaf_710
Fra:36 Mem:218.01M (Peak 218.01M) | Time:00:00.38 | Mem:0.00M, Peak:0.00M | Scene, ViewLayer | Synchronizing object | ENV_leaf_709
Fra:36 Mem:218.02M (Peak 218.02M) | Time:00:00.38 | Mem:0.00M, Peak:0.00M | Scene, ViewLayer | Synchronizing object | ENV_leaf_708
Fra:36 Mem:218.04M (Peak 218.04M) | Time:00:00.38 | Mem:0.00M, Peak:0.00M | Scene, ViewLayer | Synchronizing object | ENV_leaf_707
Fra:36 Mem:218.12M (Peak 218.12M) | Time:00:00.38 | Mem:0.00M, Peak:0.00M | Scene, ViewLayer | Synchronizing object | ENV_leaf_706
Fra:36 Mem:218.12M (Peak 218.12M) | Time:00:00.38 | Mem:0.00M, Peak:0.00M | Scene, ViewLayer | Synchronizing object | ENV_leaf_705
Fra:36 Mem:218.13M (Peak 218.13M) | Time:00:00.38 | Mem:0.00M, Peak:0.00M | Scene, ViewLayer | Synchronizing object | ENV_leaf_704
Fra:36 Mem:218.13M (Peak 218.13M) | Time:00:00.38 | Mem:0.00M, Peak:0.00M | Scene, ViewLayer | Synchronizing object | ENV_leaf_703
Fra:36 Mem:218.13M (Peak 218.13M) | Time:00:00.38 | Mem:0.00M, Peak:0.00M | Scene, ViewLayer | Synchronizing object | ENV_leaf_702
Fra:36 Mem:218.14M (Peak 218.14M) | Time:00:00.38 | Mem:0.00M, Peak:0.00M | Scene, ViewLayer | Synchronizing object | ENV_leaf_701
Fra:36 Mem:218.14M (Peak 218.14M) | Time:00:00.38 | Mem:0.00M, Peak:0.00M | Scene, ViewLayer | Synchronizing object | ENV_leaf_700
Fra:36 Mem:218.13M (Peak 218.14M) | Time:00:00.38 | Mem:0.00M, Peak:0.00M | Scene, ViewLayer | Synchronizing object | ENV_leaf_699
Fra:36 Mem:218.13M (Peak 218.14M) | Time:00:00.38 | Mem:0.00M, Peak:0.00M | Scene, ViewLayer | Synchronizing object | ENV_leaf_698
Fra:36 Mem:218.14M (Peak 218.14M) | Time:00:00.38 | Mem:0.00M, Peak:0.00M | Scene, ViewLayer | Synchronizing object | ENV_leaf_697
Fra:36 Mem:218.14M (Peak 218.14M) | Time:00:00.38 | Mem:0.00M, Peak:0.00M | Scene, ViewLayer | Synchronizing object | ENV_leaf_696
Fra:36 Mem:218.14M (Peak 218.14M) | Time:00:00.38 | Mem:0.00M, Peak:0.00M | Scene, ViewLayer | Synchronizing object | ENV_leaf_695
Fra:36 Mem:218.15M (Peak 218.15M) | Time:00:00.38 | Mem:0.00M, Peak:0.00M | Scene, ViewLayer | Synchronizing object | ENV_leaf_694
Fra:36 Mem:218.15M (Peak 218.15M) | Time:00:00.38 | Mem:0.00M, Peak:0.00M | Scene, ViewLayer | Synchronizing object | ENV_leaf_693
Fra:36 Mem:218.16M (Peak 218.16M) | Time:00:00.38 | Mem:0.00M, Peak:0.00M | Scene, ViewLayer | Synchronizing object | ENV_leaf_692
Fra:36 Mem:218.16M (Peak 218.16M) | Time:00:00.38 | Mem:0.00M, Peak:0.00M | Scene, ViewLayer | Synchronizing object | ENV_leaf_691
Fra:36 Mem:218.16M (Peak 218.16M) | Time:00:00.38 | Mem:0.00M, Peak:0.00M | Scene, ViewLayer | Synchronizing object | ENV_leaf_690
Fra:36 Mem:218.17M (Peak 218.17M) | Time:00:00.38 | Mem:0.00M, Peak:0.00M | Scene, ViewLayer | Synchronizing object | ENV_leaf_689
Fra:36 Mem:218.17M (Peak 218.17M) | Time:00:00.38 | Mem:0.00M, Peak:0.00M | Scene, ViewLayer | Synchronizing object | ENV_leaf_688
Fra:36 Mem:218.18M (Peak 218.18M) | Time:00:00.38 | Mem:0.00M, Peak:0.00M | Scene, ViewLayer | Synchronizing object | ENV_leaf_687
Fra:36 Mem:218.18M (Peak 218.18M) | Time:00:00.38 | Mem:0.00M, Peak:0.00M | Scene, ViewLayer | Synchronizing object | ENV_leaf_686
Fra:36 Mem:218.18M (Peak 218.18M) | Time:00:00.38 | Mem:0.00M, Peak:0.00M | Scene, ViewLayer | Synchronizing object | ENV_leaf_685
Fra:36 Mem:218.19M (Peak 218.19M) | Time:00:00.38 | Mem:0.00M, Peak:0.00M | Scene, ViewLayer | Synchronizing object | ENV_leaf_684
Fra:36 Mem:218.19M (Peak 218.19M) | Time:00:00.38 | Mem:0.00M, Peak:0.00M | Scene, ViewLayer | Synchronizing object | ENV_leaf_683
Fra:36 Mem:218.20M (Peak 218.20M) | Time:00:00.38 | Mem:0.00M, Peak:0.00M | Scene, ViewLayer | Synchronizing object | ENV_leaf_682
Fra:36 Mem:218.20M (Peak 218.20M) | Time:00:00.38 | Mem:0.00M, Peak:0.00M | Scene, ViewLayer | Synchronizing object | ENV_leaf_681
Fra:36 Mem:218.28M (Peak 218.28M) | Time:00:00.38 | Mem:0.00M, Peak:0.00M | Scene, ViewLayer | Synchronizing object | ENV_leaf_680
Fra:36 Mem:218.29M (Peak 218.29M) | Time:00:00.38 | Mem:0.00M, Peak:0.00M | Scene, ViewLayer | Synchronizing object | ENV_leaf_679
Fra:36 Mem:218.29M (Peak 218.29M) | Time:00:00.38 | Mem:0.00M, Peak:0.00M | Scene, ViewLayer | Synchronizing object | ENV_leaf_678
Fra:36 Mem:218.29M (Peak 218.29M) | Time:00:00.38 | Mem:0.00M, Peak:0.00M | Scene, ViewLayer | Synchronizing object | ENV_leaf_677
Fra:36 Mem:218.33M (Peak 218.33M) | Time:00:00.38 | Mem:0.00M, Peak:0.00M | Scene, ViewLayer | Synchronizing object | ENV_leaf_676
Fra:36 Mem:218.33M (Peak 218.33M) | Time:00:00.38 | Mem:0.00M, Peak:0.00M | Scene, ViewLayer | Synchronizing object | ENV_leaf_675
Fra:36 Mem:218.41M (Peak 218.41M) | Time:00:00.38 | Mem:0.00M, Peak:0.00M | Scene, ViewLayer | Synchronizing object | ENV_leaf_674
Fra:36 Mem:218.41M (Peak 218.41M) | Time:00:00.38 | Mem:0.00M, Peak:0.00M | Scene, ViewLayer | Synchronizing object | ENV_leaf_673
Fra:36 Mem:218.42M (Peak 218.42M) | Time:00:00.38 | Mem:0.00M, Peak:0.00M | Scene, ViewLayer | Synchronizing object | ENV_leaf_672
Fra:36 Mem:218.35M (Peak 218.42M) | Time:00:00.38 | Mem:0.00M, Peak:0.00M | Scene, ViewLayer | Synchronizing object | ENV_leaf_671
Fra:36 Mem:218.35M (Peak 218.42M) | Time:00:00.38 | Mem:0.00M, Peak:0.00M | Scene, ViewLayer | Synchronizing object | ENV_leaf_670
Fra:36 Mem:218.41M (Peak 218.42M) | Time:00:00.38 | Mem:0.00M, Peak:0.00M | Scene, ViewLayer | Synchronizing object | ENV_leaf_669
Fra:36 Mem:218.41M (Peak 218.42M) | Time:00:00.38 | Mem:0.00M, Peak:0.00M | Scene, ViewLayer | Synchronizing object | ENV_leaf_668
Fra:36 Mem:218.52M (Peak 218.52M) | Time:00:00.38 | Mem:0.00M, Peak:0.00M | Scene, ViewLayer | Synchronizing object | ENV_leaf_667
Fra:36 Mem:218.59M (Peak 218.59M) | Time:00:00.38 | Mem:0.00M, Peak:0.00M | Scene, ViewLayer | Synchronizing object | ENV_leaf_666
Fra:36 Mem:218.59M (Peak 218.59M) | Time:00:00.38 | Mem:0.00M, Peak:0.00M | Scene, ViewLayer | Synchronizing object | ENV_leaf_665
Fra:36 Mem:218.66M (Peak 218.66M) | Time:00:00.38 | Mem:0.00M, Peak:0.00M | Scene, ViewLayer | Synchronizing object | ENV_leaf_664
Fra:36 Mem:218.67M (Peak 218.67M) | Time:00:00.38 | Mem:0.00M, Peak:0.00M | Scene, ViewLayer | Synchronizing object | ENV_leaf_663
Fra:36 Mem:218.68M (Peak 218.68M) | Time:00:00.38 | Mem:0.00M, Peak:0.00M | Scene, ViewLayer | Synchronizing object | ENV_leaf_662
Fra:36 Mem:218.73M (Peak 218.73M) | Time:00:00.38 | Mem:0.00M, Peak:0.00M | Scene, ViewLayer | Synchronizing object | ENV_leaf_661
Fra:36 Mem:218.74M (Peak 218.74M) | Time:00:00.38 | Mem:0.00M, Peak:0.00M | Scene, ViewLayer | Synchronizing object | ENV_leaf_660
Fra:36 Mem:218.74M (Peak 218.74M) | Time:00:00.38 | Mem:0.00M, Peak:0.00M | Scene, ViewLayer | Synchronizing object | ENV_leaf_659
Fra:36 Mem:218.75M (Peak 218.75M) | Time:00:00.38 | Mem:0.00M, Peak:0.00M | Scene, ViewLayer | Synchronizing object | ENV_leaf_658
Fra:36 Mem:218.75M (Peak 218.75M) | Time:00:00.38 | Mem:0.00M, Peak:0.00M | Scene, ViewLayer | Synchronizing object | ENV_leaf_657
Fra:36 Mem:218.74M (Peak 218.75M) | Time:00:00.38 | Mem:0.00M, Peak:0.00M | Scene, ViewLayer | Synchronizing object | ENV_leaf_656
Fra:36 Mem:218.75M (Peak 218.75M) | Time:00:00.38 | Mem:0.00M, Peak:0.00M | Scene, ViewLayer | Synchronizing object | ENV_leaf_655
Fra:36 Mem:218.75M (Peak 218.75M) | Time:00:00.38 | Mem:0.00M, Peak:0.00M | Scene, ViewLayer | Synchronizing object | ENV_leaf_654
Fra:36 Mem:218.75M (Peak 218.75M) | Time:00:00.38 | Mem:0.00M, Peak:0.00M | Scene, ViewLayer | Synchronizing object | ENV_leaf_653
Fra:36 Mem:218.76M (Peak 218.76M) | Time:00:00.38 | Mem:0.00M, Peak:0.00M | Scene, ViewLayer | Synchronizing object | ENV_leaf_652
Fra:36 Mem:218.76M (Peak 218.76M) | Time:00:00.38 | Mem:0.00M, Peak:0.00M | Scene, ViewLayer | Synchronizing object | ENV_leaf_651
Fra:36 Mem:218.77M (Peak 218.77M) | Time:00:00.38 | Mem:0.00M, Peak:0.00M | Scene, ViewLayer | Synchronizing object | ENV_leaf_650
Fra:36 Mem:218.77M (Peak 218.77M) | Time:00:00.38 | Mem:0.00M, Peak:0.00M | Scene, ViewLayer | Synchronizing object | ENV_leaf_649
Fra:36 Mem:218.77M (Peak 218.77M) | Time:00:00.38 | Mem:0.00M, Peak:0.00M | Scene, ViewLayer | Synchronizing object | ENV_leaf_648
Fra:36 Mem:218.78M (Peak 218.78M) | Time:00:00.38 | Mem:0.00M, Peak:0.00M | Scene, ViewLayer | Synchronizing object | ENV_leaf_647
Fra:36 Mem:218.78M (Peak 218.78M) | Time:00:00.38 | Mem:0.00M, Peak:0.00M | Scene, ViewLayer | Synchronizing object | ENV_leaf_646
Fra:36 Mem:218.83M (Peak 218.83M) | Time:00:00.38 | Mem:0.00M, Peak:0.00M | Scene, ViewLayer | Synchronizing object | ENV_leaf_645
Fra:36 Mem:218.84M (Peak 218.84M) | Time:00:00.38 | Mem:0.00M, Peak:0.00M | Scene, ViewLayer | Synchronizing object | ENV_leaf_644
Fra:36 Mem:218.84M (Peak 218.84M) | Time:00:00.38 | Mem:0.00M, Peak:0.00M | Scene, ViewLayer | Synchronizing object | ENV_leaf_643
Fra:36 Mem:218.86M (Peak 218.86M) | Time:00:00.38 | Mem:0.00M, Peak:0.00M | Scene, ViewLayer | Synchronizing object | ENV_leaf_642
Fra:36 Mem:218.92M (Peak 218.92M) | Time:00:00.38 | Mem:0.00M, Peak:0.00M | Scene, ViewLayer | Synchronizing object | ENV_leaf_641
Fra:36 Mem:218.92M (Peak 218.92M) | Time:00:00.38 | Mem:0.00M, Peak:0.00M | Scene, ViewLayer | Synchronizing object | ENV_leaf_640
Fra:36 Mem:218.92M (Peak 218.92M) | Time:00:00.38 | Mem:0.00M, Peak:0.00M | Scene, ViewLayer | Synchronizing object | ENV_leaf_639
Fra:36 Mem:218.88M (Peak 218.92M) | Time:00:00.38 | Mem:0.00M, Peak:0.00M | Scene, ViewLayer | Synchronizing object | ENV_fern_25
Fra:36 Mem:218.88M (Peak 218.92M) | Time:00:00.38 | Mem:0.00M, Peak:0.00M | Scene, ViewLayer | Synchronizing object | ENV_leaf_638
Fra:36 Mem:218.95M (Peak 218.95M) | Time:00:00.38 | Mem:0.00M, Peak:0.00M | Scene, ViewLayer | Synchronizing object | ENV_leaf_637
Fra:36 Mem:218.96M (Peak 218.96M) | Time:00:00.38 | Mem:0.00M, Peak:0.00M | Scene, ViewLayer | Synchronizing object | ENV_leaf_636
Fra:36 Mem:219.12M (Peak 219.12M) | Time:00:00.38 | Mem:0.00M, Peak:0.00M | Scene, ViewLayer | Synchronizing object | ENV_leaf_635
Fra:36 Mem:219.13M (Peak 219.13M) | Time:00:00.38 | Mem:0.00M, Peak:0.00M | Scene, ViewLayer | Synchronizing object | ENV_leaf_634
Fra:36 Mem:219.19M (Peak 219.19M) | Time:00:00.38 | Mem:0.00M, Peak:0.00M | Scene, ViewLayer | Synchronizing object | ENV_leaf_633
Fra:36 Mem:219.20M (Peak 219.20M) | Time:00:00.38 | Mem:0.00M, Peak:0.00M | Scene, ViewLayer | Synchronizing object | ENV_leaf_632
Fra:36 Mem:219.28M (Peak 219.28M) | Time:00:00.38 | Mem:0.00M, Peak:0.00M | Scene, ViewLayer | Synchronizing object | ENV_leaf_631
Fra:36 Mem:219.29M (Peak 219.29M) | Time:00:00.38 | Mem:0.00M, Peak:0.00M | Scene, ViewLayer | Synchronizing object | ENV_leaf_630
Fra:36 Mem:219.29M (Peak 219.29M) | Time:00:00.38 | Mem:0.00M, Peak:0.00M | Scene, ViewLayer | Synchronizing object | ENV_leaf_629
Fra:36 Mem:219.37M (Peak 219.37M) | Time:00:00.38 | Mem:0.00M, Peak:0.00M | Scene, ViewLayer | Synchronizing object | ENV_leaf_628
Fra:36 Mem:219.37M (Peak 219.37M) | Time:00:00.38 | Mem:0.00M, Peak:0.00M | Scene, ViewLayer | Synchronizing object | ENV_leaf_627
Fra:36 Mem:219.38M (Peak 219.38M) | Time:00:00.38 | Mem:0.00M, Peak:0.00M | Scene, ViewLayer | Synchronizing object | ENV_leaf_626
Fra:36 Mem:219.38M (Peak 219.38M) | Time:00:00.38 | Mem:0.00M, Peak:0.00M | Scene, ViewLayer | Synchronizing object | ENV_leaf_625
Fra:36 Mem:219.39M (Peak 219.39M) | Time:00:00.38 | Mem:0.00M, Peak:0.00M | Scene, ViewLayer | Synchronizing object | ENV_leaf_624
Fra:36 Mem:219.39M (Peak 219.39M) | Time:00:00.38 | Mem:0.00M, Peak:0.00M | Scene, ViewLayer | Synchronizing object | ENV_leaf_623
Fra:36 Mem:219.38M (Peak 219.39M) | Time:00:00.38 | Mem:0.00M, Peak:0.00M | Scene, ViewLayer | Synchronizing object | ENV_leaf_622
Fra:36 Mem:219.38M (Peak 219.39M) | Time:00:00.38 | Mem:0.00M, Peak:0.00M | Scene, ViewLayer | Synchronizing object | ENV_leaf_621
Fra:36 Mem:219.39M (Peak 219.39M) | Time:00:00.38 | Mem:0.00M, Peak:0.00M | Scene, ViewLayer | Synchronizing object | ENV_leaf_620
Fra:36 Mem:219.39M (Peak 219.39M) | Time:00:00.38 | Mem:0.00M, Peak:0.00M | Scene, ViewLayer | Synchronizing object | ENV_leaf_619
Fra:36 Mem:219.40M (Peak 219.40M) | Time:00:00.38 | Mem:0.00M, Peak:0.00M | Scene, ViewLayer | Synchronizing object | ENV_leaf_618
Fra:36 Mem:219.40M (Peak 219.40M) | Time:00:00.38 | Mem:0.00M, Peak:0.00M | Scene, ViewLayer | Synchronizing object | ENV_leaf_617
Fra:36 Mem:219.40M (Peak 219.40M) | Time:00:00.38 | Mem:0.00M, Peak:0.00M | Scene, ViewLayer | Synchronizing object | ENV_leaf_616
Fra:36 Mem:219.41M (Peak 219.41M) | Time:00:00.38 | Mem:0.00M, Peak:0.00M | Scene, ViewLayer | Synchronizing object | ENV_leaf_615
Fra:36 Mem:219.41M (Peak 219.41M) | Time:00:00.38 | Mem:0.00M, Peak:0.00M | Scene, ViewLayer | Synchronizing object | ENV_leaf_614
Fra:36 Mem:219.42M (Peak 219.42M) | Time:00:00.38 | Mem:0.00M, Peak:0.00M | Scene, ViewLayer | Synchronizing object | ENV_leaf_613
Fra:36 Mem:219.42M (Peak 219.42M) | Time:00:00.38 | Mem:0.00M, Peak:0.00M | Scene, ViewLayer | Synchronizing object | ENV_leaf_612
Fra:36 Mem:219.42M (Peak 219.42M) | Time:00:00.38 | Mem:0.00M, Peak:0.00M | Scene, ViewLayer | Synchronizing object | ENV_leaf_611
Fra:36 Mem:219.43M (Peak 219.43M) | Time:00:00.38 | Mem:0.00M, Peak:0.00M | Scene, ViewLayer | Synchronizing object | ENV_leaf_610
Fra:36 Mem:219.43M (Peak 219.43M) | Time:00:00.38 | Mem:0.00M, Peak:0.00M | Scene, ViewLayer | Synchronizing object | ENV_leaf_609
Fra:36 Mem:219.50M (Peak 219.50M) | Time:00:00.38 | Mem:0.00M, Peak:0.00M | Scene, ViewLayer | Synchronizing object | ENV_leaf_608
Fra:36 Mem:219.50M (Peak 219.50M) | Time:00:00.38 | Mem:0.00M, Peak:0.00M | Scene, ViewLayer | Synchronizing object | ENV_leaf_607
Fra:36 Mem:219.51M (Peak 219.51M) | Time:00:00.38 | Mem:0.00M, Peak:0.00M | Scene, ViewLayer | Synchronizing object | ENV_leaf_606
Fra:36 Mem:219.51M (Peak 219.51M) | Time:00:00.38 | Mem:0.00M, Peak:0.00M | Scene, ViewLayer | Synchronizing object | ENV_leaf_605
Fra:36 Mem:219.54M (Peak 219.54M) | Time:00:00.38 | Mem:0.00M, Peak:0.00M | Scene, ViewLayer | Synchronizing object | ENV_leaf_604
Fra:36 Mem:219.54M (Peak 219.54M) | Time:00:00.38 | Mem:0.00M, Peak:0.00M | Scene, ViewLayer | Synchronizing object | ENV_leaf_602
Fra:36 Mem:219.61M (Peak 219.61M) | Time:00:00.38 | Mem:0.00M, Peak:0.00M | Scene, ViewLayer | Synchronizing object | ENV_leaf_601
Fra:36 Mem:219.61M (Peak 219.61M) | Time:00:00.38 | Mem:0.00M, Peak:0.00M | Scene, ViewLayer | Synchronizing object | ENV_leaf_600
Fra:36 Mem:219.55M (Peak 219.61M) | Time:00:00.38 | Mem:0.00M, Peak:0.00M | Scene, ViewLayer | Synchronizing object | ENV_leaf_599
Fra:36 Mem:219.56M (Peak 219.61M) | Time:00:00.38 | Mem:0.00M, Peak:0.00M | Scene, ViewLayer | Synchronizing object | ENV_fern_26
Fra:36 Mem:219.56M (Peak 219.61M) | Time:00:00.38 | Mem:0.00M, Peak:0.00M | Scene, ViewLayer | Synchronizing object | ENV_leaf_598
Fra:36 Mem:219.65M (Peak 219.65M) | Time:00:00.38 | Mem:0.00M, Peak:0.00M | Scene, ViewLayer | Synchronizing object | ENV_leaf_597
Fra:36 Mem:219.65M (Peak 219.65M) | Time:00:00.38 | Mem:0.00M, Peak:0.00M | Scene, ViewLayer | Synchronizing object | ENV_leaf_596
Fra:36 Mem:219.66M (Peak 219.66M) | Time:00:00.38 | Mem:0.00M, Peak:0.00M | Scene, ViewLayer | Synchronizing object | ENV_leaf_595
Fra:36 Mem:219.86M (Peak 219.86M) | Time:00:00.38 | Mem:0.00M, Peak:0.00M | Scene, ViewLayer | Synchronizing object | ENV_leaf_594
Fra:36 Mem:219.94M (Peak 219.94M) | Time:00:00.38 | Mem:0.00M, Peak:0.00M | Scene, ViewLayer | Synchronizing object | ENV_leaf_593
Fra:36 Mem:219.94M (Peak 219.94M) | Time:00:00.38 | Mem:0.00M, Peak:0.00M | Scene, ViewLayer | Synchronizing object | ENV_leaf_592
Fra:36 Mem:219.95M (Peak 219.95M) | Time:00:00.38 | Mem:0.00M, Peak:0.00M | Scene, ViewLayer | Synchronizing object | ENV_leaf_591
Fra:36 Mem:220.05M (Peak 220.05M) | Time:00:00.38 | Mem:0.00M, Peak:0.00M | Scene, ViewLayer | Synchronizing object | ENV_leaf_590
Fra:36 Mem:220.05M (Peak 220.05M) | Time:00:00.38 | Mem:0.00M, Peak:0.00M | Scene, ViewLayer | Synchronizing object | ENV_leaf_589
Fra:36 Mem:220.06M (Peak 220.06M) | Time:00:00.38 | Mem:0.00M, Peak:0.00M | Scene, ViewLayer | Synchronizing object | ENV_leaf_588
Fra:36 Mem:220.08M (Peak 220.08M) | Time:00:00.38 | Mem:0.00M, Peak:0.00M | Scene, ViewLayer | Synchronizing object | ENV_leaf_587
Fra:36 Mem:220.16M (Peak 220.16M) | Time:00:00.38 | Mem:0.00M, Peak:0.00M | Scene, ViewLayer | Synchronizing object | ENV_leaf_586
Fra:36 Mem:220.16M (Peak 220.16M) | Time:00:00.38 | Mem:0.00M, Peak:0.00M | Scene, ViewLayer | Synchronizing object | ENV_leaf_585
Fra:36 Mem:220.17M (Peak 220.17M) | Time:00:00.38 | Mem:0.00M, Peak:0.00M | Scene, ViewLayer | Synchronizing object | ENV_leaf_584
Fra:36 Mem:220.17M (Peak 220.17M) | Time:00:00.38 | Mem:0.00M, Peak:0.00M | Scene, ViewLayer | Synchronizing object | ENV_leaf_583
Fra:36 Mem:220.18M (Peak 220.18M) | Time:00:00.38 | Mem:0.00M, Peak:0.00M | Scene, ViewLayer | Synchronizing object | ENV_leaf_582
Fra:36 Mem:220.18M (Peak 220.18M) | Time:00:00.38 | Mem:0.00M, Peak:0.00M | Scene, ViewLayer | Synchronizing object | ENV_leaf_581
Fra:36 Mem:220.19M (Peak 220.19M) | Time:00:00.38 | Mem:0.00M, Peak:0.00M | Scene, ViewLayer | Synchronizing object | ENV_leaf_580
Fra:36 Mem:220.17M (Peak 220.19M) | Time:00:00.38 | Mem:0.00M, Peak:0.00M | Scene, ViewLayer | Synchronizing object | ENV_leaf_579
Fra:36 Mem:220.17M (Peak 220.19M) | Time:00:00.38 | Mem:0.00M, Peak:0.00M | Scene, ViewLayer | Synchronizing object | ENV_leaf_578
Fra:36 Mem:220.18M (Peak 220.19M) | Time:00:00.38 | Mem:0.00M, Peak:0.00M | Scene, ViewLayer | Synchronizing object | ENV_leaf_577
Fra:36 Mem:220.18M (Peak 220.19M) | Time:00:00.38 | Mem:0.00M, Peak:0.00M | Scene, ViewLayer | Synchronizing object | ENV_leaf_576
Fra:36 Mem:220.19M (Peak 220.19M) | Time:00:00.38 | Mem:0.00M, Peak:0.00M | Scene, ViewLayer | Synchronizing object | ENV_leaf_575
Fra:36 Mem:220.19M (Peak 220.19M) | Time:00:00.38 | Mem:0.00M, Peak:0.00M | Scene, ViewLayer | Synchronizing object | ENV_leaf_574
Fra:36 Mem:220.19M (Peak 220.19M) | Time:00:00.38 | Mem:0.00M, Peak:0.00M | Scene, ViewLayer | Synchronizing object | ENV_leaf_573
Fra:36 Mem:220.20M (Peak 220.20M) | Time:00:00.38 | Mem:0.00M, Peak:0.00M | Scene, ViewLayer | Synchronizing object | ENV_leaf_572
Fra:36 Mem:220.20M (Peak 220.20M) | Time:00:00.38 | Mem:0.00M, Peak:0.00M | Scene, ViewLayer | Synchronizing object | ENV_leaf_571
Fra:36 Mem:220.21M (Peak 220.21M) | Time:00:00.38 | Mem:0.00M, Peak:0.00M | Scene, ViewLayer | Synchronizing object | ENV_leaf_570
Fra:36 Mem:220.21M (Peak 220.21M) | Time:00:00.38 | Mem:0.00M, Peak:0.00M | Scene, ViewLayer | Synchronizing object | ENV_leaf_569
Fra:36 Mem:220.21M (Peak 220.21M) | Time:00:00.38 | Mem:0.00M, Peak:0.00M | Scene, ViewLayer | Synchronizing object | ENV_leaf_568
Fra:36 Mem:220.22M (Peak 220.22M) | Time:00:00.38 | Mem:0.00M, Peak:0.00M | Scene, ViewLayer | Synchronizing object | ENV_leaf_567
Fra:36 Mem:220.22M (Peak 220.22M) | Time:00:00.38 | Mem:0.00M, Peak:0.00M | Scene, ViewLayer | Synchronizing object | ENV_leaf_566
Fra:36 Mem:220.23M (Peak 220.23M) | Time:00:00.38 | Mem:0.00M, Peak:0.00M | Scene, ViewLayer | Synchronizing object | ENV_leaf_565
Fra:36 Mem:220.23M (Peak 220.23M) | Time:00:00.38 | Mem:0.00M, Peak:0.00M | Scene, ViewLayer | Synchronizing object | ENV_leaf_564
Fra:36 Mem:220.23M (Peak 220.23M) | Time:00:00.38 | Mem:0.00M, Peak:0.00M | Scene, ViewLayer | Synchronizing object | ENV_leaf_563
Fra:36 Mem:220.24M (Peak 220.24M) | Time:00:00.38 | Mem:0.00M, Peak:0.00M | Scene, ViewLayer | Synchronizing object | ENV_leaf_562
Fra:36 Mem:220.24M (Peak 220.24M) | Time:00:00.38 | Mem:0.00M, Peak:0.00M | Scene, ViewLayer | Synchronizing object | ENV_leaf_561
Fra:36 Mem:220.32M (Peak 220.32M) | Time:00:00.38 | Mem:0.00M, Peak:0.00M | Scene, ViewLayer | Synchronizing object | ENV_leaf_560
Fra:36 Mem:220.33M (Peak 220.33M) | Time:00:00.38 | Mem:0.00M, Peak:0.00M | Scene, ViewLayer | Synchronizing object | ENV_leaf_559
Fra:36 Mem:220.33M (Peak 220.33M) | Time:00:00.38 | Mem:0.00M, Peak:0.00M | Scene, ViewLayer | Synchronizing object | ENV_leaf_558
Fra:36 Mem:220.34M (Peak 220.34M) | Time:00:00.38 | Mem:0.00M, Peak:0.00M | Scene, ViewLayer | Synchronizing object | ENV_leaf_557
Fra:36 Mem:220.37M (Peak 220.37M) | Time:00:00.38 | Mem:0.00M, Peak:0.00M | Scene, ViewLayer | Synchronizing object | ENV_leaf_556
Fra:36 Mem:220.37M (Peak 220.37M) | Time:00:00.38 | Mem:0.00M, Peak:0.00M | Scene, ViewLayer | Synchronizing object | ENV_leaf_555
Fra:36 Mem:220.45M (Peak 220.45M) | Time:00:00.38 | Mem:0.00M, Peak:0.00M | Scene, ViewLayer | Synchronizing object | ENV_leaf_554
Fra:36 Mem:220.46M (Peak 220.46M) | Time:00:00.38 | Mem:0.00M, Peak:0.00M | Scene, ViewLayer | Synchronizing object | ENV_leaf_553
Fra:36 Mem:220.46M (Peak 220.46M) | Time:00:00.38 | Mem:0.00M, Peak:0.00M | Scene, ViewLayer | Synchronizing object | ENV_leaf_552
Fra:36 Mem:220.39M (Peak 220.46M) | Time:00:00.38 | Mem:0.00M, Peak:0.00M | Scene, ViewLayer | Synchronizing object | ENV_leaf_551
Fra:36 Mem:220.45M (Peak 220.46M) | Time:00:00.38 | Mem:0.00M, Peak:0.00M | Scene, ViewLayer | Synchronizing object | ENV_leaf_550
Fra:36 Mem:220.62M (Peak 220.62M) | Time:00:00.38 | Mem:0.00M, Peak:0.00M | Scene, ViewLayer | Synchronizing object | ENV_leaf_549
Fra:36 Mem:220.62M (Peak 220.62M) | Time:00:00.38 | Mem:0.00M, Peak:0.00M | Scene, ViewLayer | Synchronizing object | ENV_leaf_548
Fra:36 Mem:220.69M (Peak 220.69M) | Time:00:00.38 | Mem:0.00M, Peak:0.00M | Scene, ViewLayer | Synchronizing object | ENV_leaf_547
Fra:36 Mem:220.70M (Peak 220.70M) | Time:00:00.38 | Mem:0.00M, Peak:0.00M | Scene, ViewLayer | Synchronizing object | ENV_leaf_546
Fra:36 Mem:220.76M (Peak 220.76M) | Time:00:00.38 | Mem:0.00M, Peak:0.00M | Scene, ViewLayer | Synchronizing object | ENV_leaf_545
Fra:36 Mem:220.76M (Peak 220.76M) | Time:00:00.38 | Mem:0.00M, Peak:0.00M | Scene, ViewLayer | Synchronizing object | ENV_leaf_544
Fra:36 Mem:220.77M (Peak 220.77M) | Time:00:00.38 | Mem:0.00M, Peak:0.00M | Scene, ViewLayer | Synchronizing object | ENV_leaf_543
Fra:36 Mem:220.77M (Peak 220.77M) | Time:00:00.38 | Mem:0.00M, Peak:0.00M | Scene, ViewLayer | Synchronizing object | ENV_leaf_542
Fra:36 Mem:220.78M (Peak 220.78M) | Time:00:00.38 | Mem:0.00M, Peak:0.00M | Scene, ViewLayer | Synchronizing object | ENV_leaf_541
Fra:36 Mem:220.77M (Peak 220.78M) | Time:00:00.38 | Mem:0.00M, Peak:0.00M | Scene, ViewLayer | Synchronizing object | ENV_leaf_540
Fra:36 Mem:220.77M (Peak 220.78M) | Time:00:00.38 | Mem:0.00M, Peak:0.00M | Scene, ViewLayer | Synchronizing object | ENV_leaf_539
Fra:36 Mem:220.78M (Peak 220.78M) | Time:00:00.38 | Mem:0.00M, Peak:0.00M | Scene, ViewLayer | Synchronizing object | ENV_leaf_538
Fra:36 Mem:220.78M (Peak 220.78M) | Time:00:00.38 | Mem:0.00M, Peak:0.00M | Scene, ViewLayer | Synchronizing object | ENV_leaf_537
Fra:36 Mem:220.78M (Peak 220.78M) | Time:00:00.38 | Mem:0.00M, Peak:0.00M | Scene, ViewLayer | Synchronizing object | ENV_leaf_536
Fra:36 Mem:220.79M (Peak 220.79M) | Time:00:00.38 | Mem:0.00M, Peak:0.00M | Scene, ViewLayer | Synchronizing object | ENV_leaf_535
Fra:36 Mem:220.79M (Peak 220.79M) | Time:00:00.38 | Mem:0.00M, Peak:0.00M | Scene, ViewLayer | Synchronizing object | ENV_leaf_534
Fra:36 Mem:220.80M (Peak 220.80M) | Time:00:00.38 | Mem:0.00M, Peak:0.00M | Scene, ViewLayer | Synchronizing object | ENV_leaf_533
Fra:36 Mem:220.80M (Peak 220.80M) | Time:00:00.38 | Mem:0.00M, Peak:0.00M | Scene, ViewLayer | Synchronizing object | ENV_leaf_532
Fra:36 Mem:220.80M (Peak 220.80M) | Time:00:00.38 | Mem:0.00M, Peak:0.00M | Scene, ViewLayer | Synchronizing object | ENV_leaf_531
Fra:36 Mem:220.86M (Peak 220.86M) | Time:00:00.38 | Mem:0.00M, Peak:0.00M | Scene, ViewLayer | Synchronizing object | ENV_leaf_530
Fra:36 Mem:220.86M (Peak 220.86M) | Time:00:00.38 | Mem:0.00M, Peak:0.00M | Scene, ViewLayer | Synchronizing object | ENV_leaf_529
Fra:36 Mem:220.86M (Peak 220.86M) | Time:00:00.38 | Mem:0.00M, Peak:0.00M | Scene, ViewLayer | Synchronizing object | ENV_leaf_528
Fra:36 Mem:220.89M (Peak 220.89M) | Time:00:00.38 | Mem:0.00M, Peak:0.00M | Scene, ViewLayer | Synchronizing object | ENV_leaf_527
Fra:36 Mem:220.94M (Peak 220.94M) | Time:00:00.38 | Mem:0.00M, Peak:0.00M | Scene, ViewLayer | Synchronizing object | ENV_leaf_525
Fra:36 Mem:220.94M (Peak 220.94M) | Time:00:00.38 | Mem:0.00M, Peak:0.00M | Scene, ViewLayer | Synchronizing object | ENV_leaf_524
Fra:36 Mem:220.89M (Peak 220.94M) | Time:00:00.38 | Mem:0.00M, Peak:0.00M | Scene, ViewLayer | Synchronizing object | ENV_fern_28
Fra:36 Mem:220.90M (Peak 220.94M) | Time:00:00.38 | Mem:0.00M, Peak:0.00M | Scene, ViewLayer | Synchronizing object | ENV_leaf_523
Fra:36 Mem:220.97M (Peak 220.97M) | Time:00:00.38 | Mem:0.00M, Peak:0.00M | Scene, ViewLayer | Synchronizing object | ENV_leaf_522
Fra:36 Mem:220.98M (Peak 220.98M) | Time:00:00.38 | Mem:0.00M, Peak:0.00M | Scene, ViewLayer | Synchronizing object | ENV_leaf_521
Fra:36 Mem:221.14M (Peak 221.14M) | Time:00:00.38 | Mem:0.00M, Peak:0.00M | Scene, ViewLayer | Synchronizing object | ENV_leaf_520
Fra:36 Mem:221.21M (Peak 221.21M) | Time:00:00.38 | Mem:0.00M, Peak:0.00M | Scene, ViewLayer | Synchronizing object | ENV_leaf_519
Fra:36 Mem:221.21M (Peak 221.21M) | Time:00:00.38 | Mem:0.00M, Peak:0.00M | Scene, ViewLayer | Synchronizing object | ENV_leaf_518
Fra:36 Mem:221.29M (Peak 221.29M) | Time:00:00.38 | Mem:0.00M, Peak:0.00M | Scene, ViewLayer | Synchronizing object | ENV_leaf_517
Fra:36 Mem:221.30M (Peak 221.30M) | Time:00:00.38 | Mem:0.00M, Peak:0.00M | Scene, ViewLayer | Synchronizing object | ENV_leaf_516
Fra:36 Mem:221.30M (Peak 221.30M) | Time:00:00.38 | Mem:0.00M, Peak:0.00M | Scene, ViewLayer | Synchronizing object | ENV_leaf_515
Fra:36 Mem:221.32M (Peak 221.32M) | Time:00:00.38 | Mem:0.00M, Peak:0.00M | Scene, ViewLayer | Synchronizing object | ENV_leaf_514
Fra:36 Mem:221.39M (Peak 221.39M) | Time:00:00.38 | Mem:0.00M, Peak:0.00M | Scene, ViewLayer | Synchronizing object | ENV_leaf_513
Fra:36 Mem:221.39M (Peak 221.39M) | Time:00:00.38 | Mem:0.00M, Peak:0.00M | Scene, ViewLayer | Synchronizing object | ENV_leaf_512
Fra:36 Mem:221.40M (Peak 221.40M) | Time:00:00.38 | Mem:0.00M, Peak:0.00M | Scene, ViewLayer | Synchronizing object | ENV_leaf_511
Fra:36 Mem:221.40M (Peak 221.40M) | Time:00:00.38 | Mem:0.00M, Peak:0.00M | Scene, ViewLayer | Synchronizing object | ENV_leaf_510
Fra:36 Mem:221.40M (Peak 221.40M) | Time:00:00.38 | Mem:0.00M, Peak:0.00M | Scene, ViewLayer | Synchronizing object | ENV_leaf_509
Fra:36 Mem:221.41M (Peak 221.41M) | Time:00:00.38 | Mem:0.00M, Peak:0.00M | Scene, ViewLayer | Synchronizing object | ENV_leaf_508
Fra:36 Mem:221.40M (Peak 221.41M) | Time:00:00.38 | Mem:0.00M, Peak:0.00M | Scene, ViewLayer | Synchronizing object | ENV_leaf_507
Fra:36 Mem:221.40M (Peak 221.41M) | Time:00:00.38 | Mem:0.00M, Peak:0.00M | Scene, ViewLayer | Synchronizing object | ENV_leaf_506
Fra:36 Mem:221.41M (Peak 221.41M) | Time:00:00.38 | Mem:0.00M, Peak:0.00M | Scene, ViewLayer | Synchronizing object | ENV_leaf_505
Fra:36 Mem:221.41M (Peak 221.41M) | Time:00:00.38 | Mem:0.00M, Peak:0.00M | Scene, ViewLayer | Synchronizing object | ENV_leaf_504
Fra:36 Mem:221.41M (Peak 221.41M) | Time:00:00.38 | Mem:0.00M, Peak:0.00M | Scene, ViewLayer | Synchronizing object | ENV_leaf_503
Fra:36 Mem:221.42M (Peak 221.42M) | Time:00:00.38 | Mem:0.00M, Peak:0.00M | Scene, ViewLayer | Synchronizing object | ENV_leaf_502
Fra:36 Mem:221.42M (Peak 221.42M) | Time:00:00.38 | Mem:0.00M, Peak:0.00M | Scene, ViewLayer | Synchronizing object | ENV_leaf_501
Fra:36 Mem:221.43M (Peak 221.43M) | Time:00:00.38 | Mem:0.00M, Peak:0.00M | Scene, ViewLayer | Synchronizing object | ENV_leaf_500
Fra:36 Mem:221.43M (Peak 221.43M) | Time:00:00.38 | Mem:0.00M, Peak:0.00M | Scene, ViewLayer | Synchronizing object | ENV_leaf_499
Fra:36 Mem:221.43M (Peak 221.43M) | Time:00:00.38 | Mem:0.00M, Peak:0.00M | Scene, ViewLayer | Synchronizing object | ENV_leaf_498
Fra:36 Mem:221.44M (Peak 221.44M) | Time:00:00.38 | Mem:0.00M, Peak:0.00M | Scene, ViewLayer | Synchronizing object | ENV_leaf_497
Fra:36 Mem:221.44M (Peak 221.44M) | Time:00:00.38 | Mem:0.00M, Peak:0.00M | Scene, ViewLayer | Synchronizing object | ENV_leaf_496
Fra:36 Mem:221.45M (Peak 221.45M) | Time:00:00.38 | Mem:0.00M, Peak:0.00M | Scene, ViewLayer | Synchronizing object | ENV_leaf_495
Fra:36 Mem:221.51M (Peak 221.51M) | Time:00:00.38 | Mem:0.00M, Peak:0.00M | Scene, ViewLayer | Synchronizing object | ENV_leaf_494
Fra:36 Mem:221.52M (Peak 221.52M) | Time:00:00.38 | Mem:0.00M, Peak:0.00M | Scene, ViewLayer | Synchronizing object | ENV_leaf_493
Fra:36 Mem:221.52M (Peak 221.52M) | Time:00:00.38 | Mem:0.00M, Peak:0.00M | Scene, ViewLayer | Synchronizing object | ENV_leaf_492
Fra:36 Mem:221.55M (Peak 221.55M) | Time:00:00.38 | Mem:0.00M, Peak:0.00M | Scene, ViewLayer | Synchronizing object | ENV_leaf_491
Fra:36 Mem:221.55M (Peak 221.55M) | Time:00:00.38 | Mem:0.00M, Peak:0.00M | Scene, ViewLayer | Synchronizing object | ENV_leaf_490
Fra:36 Mem:221.62M (Peak 221.62M) | Time:00:00.38 | Mem:0.00M, Peak:0.00M | Scene, ViewLayer | Synchronizing object | ENV_leaf_489
Fra:36 Mem:221.62M (Peak 221.62M) | Time:00:00.38 | Mem:0.00M, Peak:0.00M | Scene, ViewLayer | Synchronizing object | ENV_leaf_488
Fra:36 Mem:221.63M (Peak 221.63M) | Time:00:00.38 | Mem:0.00M, Peak:0.00M | Scene, ViewLayer | Synchronizing object | ENV_leaf_487
Fra:36 Mem:221.57M (Peak 221.63M) | Time:00:00.38 | Mem:0.00M, Peak:0.00M | Scene, ViewLayer | Synchronizing object | ENV_fern_29
Fra:36 Mem:221.65M (Peak 221.65M) | Time:00:00.38 | Mem:0.00M, Peak:0.00M | Scene, ViewLayer | Synchronizing object | ENV_leaf_486
Fra:36 Mem:221.66M (Peak 221.66M) | Time:00:00.38 | Mem:0.00M, Peak:0.00M | Scene, ViewLayer | Synchronizing object | ENV_leaf_485
Fra:36 Mem:221.82M (Peak 221.82M) | Time:00:00.38 | Mem:0.00M, Peak:0.00M | Scene, ViewLayer | Synchronizing object | ENV_leaf_484
Fra:36 Mem:221.86M (Peak 221.86M) | Time:00:00.38 | Mem:0.00M, Peak:0.00M | Scene, ViewLayer | Synchronizing object | ENV_leaf_483
Fra:36 Mem:221.94M (Peak 221.94M) | Time:00:00.38 | Mem:0.00M, Peak:0.00M | Scene, ViewLayer | Synchronizing object | ENV_leaf_482
Fra:36 Mem:221.95M (Peak 221.95M) | Time:00:00.38 | Mem:0.00M, Peak:0.00M | Scene, ViewLayer | Synchronizing object | ENV_leaf_481
Fra:36 Mem:222.05M (Peak 222.05M) | Time:00:00.38 | Mem:0.00M, Peak:0.00M | Scene, ViewLayer | Synchronizing object | ENV_leaf_480
Fra:36 Mem:222.05M (Peak 222.05M) | Time:00:00.38 | Mem:0.00M, Peak:0.00M | Scene, ViewLayer | Synchronizing object | ENV_leaf_479
Fra:36 Mem:222.06M (Peak 222.06M) | Time:00:00.38 | Mem:0.00M, Peak:0.00M | Scene, ViewLayer | Synchronizing object | ENV_leaf_478
Fra:36 Mem:222.06M (Peak 222.06M) | Time:00:00.38 | Mem:0.00M, Peak:0.00M | Scene, ViewLayer | Synchronizing object | ENV_leaf_477
Fra:36 Mem:222.09M (Peak 222.09M) | Time:00:00.38 | Mem:0.00M, Peak:0.00M | Scene, ViewLayer | Synchronizing object | ENV_leaf_476
Fra:36 Mem:222.17M (Peak 222.17M) | Time:00:00.38 | Mem:0.00M, Peak:0.00M | Scene, ViewLayer | Synchronizing object | ENV_leaf_475
Fra:36 Mem:222.17M (Peak 222.17M) | Time:00:00.38 | Mem:0.00M, Peak:0.00M | Scene, ViewLayer | Synchronizing object | ENV_leaf_474
Fra:36 Mem:222.17M (Peak 222.17M) | Time:00:00.38 | Mem:0.00M, Peak:0.00M | Scene, ViewLayer | Synchronizing object | ENV_leaf_473
Fra:36 Mem:222.18M (Peak 222.18M) | Time:00:00.38 | Mem:0.00M, Peak:0.00M | Scene, ViewLayer | Synchronizing object | ENV_leaf_472
Fra:36 Mem:222.18M (Peak 222.18M) | Time:00:00.38 | Mem:0.00M, Peak:0.00M | Scene, ViewLayer | Synchronizing object | ENV_leaf_471
Fra:36 Mem:222.19M (Peak 222.19M) | Time:00:00.38 | Mem:0.00M, Peak:0.00M | Scene, ViewLayer | Synchronizing object | ENV_leaf_470
Fra:36 Mem:222.19M (Peak 222.19M) | Time:00:00.38 | Mem:0.00M, Peak:0.00M | Scene, ViewLayer | Synchronizing object | ENV_leaf_468
Fra:36 Mem:222.19M (Peak 222.19M) | Time:00:00.38 | Mem:0.00M, Peak:0.00M | Scene, ViewLayer | Synchronizing object | ENV_leaf_467
Fra:36 Mem:222.18M (Peak 222.19M) | Time:00:00.38 | Mem:0.00M, Peak:0.00M | Scene, ViewLayer | Synchronizing object | ENV_leaf_466
Fra:36 Mem:222.18M (Peak 222.19M) | Time:00:00.38 | Mem:0.00M, Peak:0.00M | Scene, ViewLayer | Synchronizing object | ENV_leaf_465
Fra:36 Mem:222.19M (Peak 222.19M) | Time:00:00.38 | Mem:0.00M, Peak:0.00M | Scene, ViewLayer | Synchronizing object | ENV_leaf_464
Fra:36 Mem:222.19M (Peak 222.19M) | Time:00:00.38 | Mem:0.00M, Peak:0.00M | Scene, ViewLayer | Synchronizing object | ENV_leaf_463
Fra:36 Mem:222.20M (Peak 222.20M) | Time:00:00.38 | Mem:0.00M, Peak:0.00M | Scene, ViewLayer | Synchronizing object | ENV_leaf_462
Fra:36 Mem:222.20M (Peak 222.20M) | Time:00:00.38 | Mem:0.00M, Peak:0.00M | Scene, ViewLayer | Synchronizing object | ENV_leaf_461
Fra:36 Mem:222.20M (Peak 222.20M) | Time:00:00.38 | Mem:0.00M, Peak:0.00M | Scene, ViewLayer | Synchronizing object | ENV_leaf_460
Fra:36 Mem:222.21M (Peak 222.21M) | Time:00:00.38 | Mem:0.00M, Peak:0.00M | Scene, ViewLayer | Synchronizing object | ENV_leaf_459
Fra:36 Mem:222.21M (Peak 222.21M) | Time:00:00.38 | Mem:0.00M, Peak:0.00M | Scene, ViewLayer | Synchronizing object | ENV_leaf_458
Fra:36 Mem:222.22M (Peak 222.22M) | Time:00:00.38 | Mem:0.00M, Peak:0.00M | Scene, ViewLayer | Synchronizing object | ENV_leaf_457
Fra:36 Mem:222.22M (Peak 222.22M) | Time:00:00.38 | Mem:0.00M, Peak:0.00M | Scene, ViewLayer | Synchronizing object | ENV_leaf_456
Fra:36 Mem:222.22M (Peak 222.22M) | Time:00:00.38 | Mem:0.00M, Peak:0.00M | Scene, ViewLayer | Synchronizing object | ENV_leaf_455
Fra:36 Mem:222.23M (Peak 222.23M) | Time:00:00.38 | Mem:0.00M, Peak:0.00M | Scene, ViewLayer | Synchronizing object | ENV_leaf_454
Fra:36 Mem:222.23M (Peak 222.23M) | Time:00:00.38 | Mem:0.00M, Peak:0.00M | Scene, ViewLayer | Synchronizing object | ENV_leaf_453
Fra:36 Mem:222.24M (Peak 222.24M) | Time:00:00.38 | Mem:0.00M, Peak:0.00M | Scene, ViewLayer | Synchronizing object | ENV_leaf_452
Fra:36 Mem:222.24M (Peak 222.24M) | Time:00:00.38 | Mem:0.00M, Peak:0.00M | Scene, ViewLayer | Synchronizing object | ENV_leaf_451
Fra:36 Mem:222.24M (Peak 222.24M) | Time:00:00.38 | Mem:0.00M, Peak:0.00M | Scene, ViewLayer | Synchronizing object | ENV_leaf_450
Fra:36 Mem:222.25M (Peak 222.25M) | Time:00:00.38 | Mem:0.00M, Peak:0.00M | Scene, ViewLayer | Synchronizing object | ENV_leaf_449
Fra:36 Mem:222.33M (Peak 222.33M) | Time:00:00.38 | Mem:0.00M, Peak:0.00M | Scene, ViewLayer | Synchronizing object | ENV_leaf_448
Fra:36 Mem:222.33M (Peak 222.33M) | Time:00:00.38 | Mem:0.00M, Peak:0.00M | Scene, ViewLayer | Synchronizing object | ENV_leaf_447
Fra:36 Mem:222.37M (Peak 222.37M) | Time:00:00.38 | Mem:0.00M, Peak:0.00M | Scene, ViewLayer | Synchronizing object | ENV_leaf_446
Fra:36 Mem:222.37M (Peak 222.37M) | Time:00:00.38 | Mem:0.00M, Peak:0.00M | Scene, ViewLayer | Synchronizing object | ENV_leaf_445
Fra:36 Mem:222.45M (Peak 222.45M) | Time:00:00.38 | Mem:0.00M, Peak:0.00M | Scene, ViewLayer | Synchronizing object | ENV_leaf_444
Fra:36 Mem:222.45M (Peak 222.45M) | Time:00:00.38 | Mem:0.00M, Peak:0.00M | Scene, ViewLayer | Synchronizing object | ENV_leaf_443
Fra:36 Mem:222.46M (Peak 222.46M) | Time:00:00.38 | Mem:0.00M, Peak:0.00M | Scene, ViewLayer | Synchronizing object | ENV_leaf_442
Fra:36 Mem:222.39M (Peak 222.46M) | Time:00:00.38 | Mem:0.00M, Peak:0.00M | Scene, ViewLayer | Synchronizing object | ENV_leaf_441
Fra:36 Mem:222.39M (Peak 222.46M) | Time:00:00.38 | Mem:0.00M, Peak:0.00M | Scene, ViewLayer | Synchronizing object | ENV_leaf_440
Fra:36 Mem:222.45M (Peak 222.46M) | Time:00:00.38 | Mem:0.00M, Peak:0.00M | Scene, ViewLayer | Synchronizing object | ENV_leaf_439
Fra:36 Mem:222.45M (Peak 222.46M) | Time:00:00.38 | Mem:0.00M, Peak:0.00M | Scene, ViewLayer | Synchronizing object | ENV_leaf_438
Fra:36 Mem:222.56M (Peak 222.56M) | Time:00:00.38 | Mem:0.00M, Peak:0.00M | Scene, ViewLayer | Synchronizing object | ENV_leaf_437
Fra:36 Mem:222.63M (Peak 222.63M) | Time:00:00.38 | Mem:0.00M, Peak:0.00M | Scene, ViewLayer | Synchronizing object | ENV_leaf_436
Fra:36 Mem:222.63M (Peak 222.63M) | Time:00:00.38 | Mem:0.00M, Peak:0.00M | Scene, ViewLayer | Synchronizing object | ENV_leaf_435
Fra:36 Mem:222.70M (Peak 222.70M) | Time:00:00.38 | Mem:0.00M, Peak:0.00M | Scene, ViewLayer | Synchronizing object | ENV_leaf_434
Fra:36 Mem:222.70M (Peak 222.70M) | Time:00:00.38 | Mem:0.00M, Peak:0.00M | Scene, ViewLayer | Synchronizing object | ENV_leaf_433
Fra:36 Mem:222.72M (Peak 222.72M) | Time:00:00.38 | Mem:0.00M, Peak:0.00M | Scene, ViewLayer | Synchronizing object | ENV_leaf_432
Fra:36 Mem:222.77M (Peak 222.77M) | Time:00:00.38 | Mem:0.00M, Peak:0.00M | Scene, ViewLayer | Synchronizing object | ENV_leaf_431
Fra:36 Mem:222.78M (Peak 222.78M) | Time:00:00.38 | Mem:0.00M, Peak:0.00M | Scene, ViewLayer | Synchronizing object | ENV_leaf_430
Fra:36 Mem:222.78M (Peak 222.78M) | Time:00:00.38 | Mem:0.00M, Peak:0.00M | Scene, ViewLayer | Synchronizing object | ENV_leaf_429
Fra:36 Mem:222.78M (Peak 222.78M) | Time:00:00.38 | Mem:0.00M, Peak:0.00M | Scene, ViewLayer | Synchronizing object | ENV_leaf_428
Fra:36 Mem:222.79M (Peak 222.79M) | Time:00:00.38 | Mem:0.00M, Peak:0.00M | Scene, ViewLayer | Synchronizing object | ENV_leaf_427
Fra:36 Mem:222.78M (Peak 222.79M) | Time:00:00.38 | Mem:0.00M, Peak:0.00M | Scene, ViewLayer | Synchronizing object | ENV_leaf_426
Fra:36 Mem:222.78M (Peak 222.79M) | Time:00:00.38 | Mem:0.00M, Peak:0.00M | Scene, ViewLayer | Synchronizing object | ENV_leaf_425
Fra:36 Mem:222.79M (Peak 222.79M) | Time:00:00.38 | Mem:0.00M, Peak:0.00M | Scene, ViewLayer | Synchronizing object | ENV_leaf_424
Fra:36 Mem:222.79M (Peak 222.79M) | Time:00:00.38 | Mem:0.00M, Peak:0.00M | Scene, ViewLayer | Synchronizing object | ENV_leaf_423
Fra:36 Mem:222.80M (Peak 222.80M) | Time:00:00.38 | Mem:0.00M, Peak:0.00M | Scene, ViewLayer | Synchronizing object | ENV_leaf_422
Fra:36 Mem:222.80M (Peak 222.80M) | Time:00:00.38 | Mem:0.00M, Peak:0.00M | Scene, ViewLayer | Synchronizing object | ENV_leaf_421
Fra:36 Mem:222.81M (Peak 222.81M) | Time:00:00.38 | Mem:0.00M, Peak:0.00M | Scene, ViewLayer | Synchronizing object | ENV_leaf_420
Fra:36 Mem:222.81M (Peak 222.81M) | Time:00:00.38 | Mem:0.00M, Peak:0.00M | Scene, ViewLayer | Synchronizing object | ENV_leaf_419
Fra:36 Mem:222.81M (Peak 222.81M) | Time:00:00.38 | Mem:0.00M, Peak:0.00M | Scene, ViewLayer | Synchronizing object | ENV_leaf_418
Fra:36 Mem:222.82M (Peak 222.82M) | Time:00:00.38 | Mem:0.00M, Peak:0.00M | Scene, ViewLayer | Synchronizing object | ENV_leaf_417
Fra:36 Mem:222.82M (Peak 222.82M) | Time:00:00.38 | Mem:0.00M, Peak:0.00M | Scene, ViewLayer | Synchronizing object | ENV_leaf_416
Fra:36 Mem:222.87M (Peak 222.87M) | Time:00:00.38 | Mem:0.00M, Peak:0.00M | Scene, ViewLayer | Synchronizing object | ENV_leaf_415
Fra:36 Mem:222.88M (Peak 222.88M) | Time:00:00.38 | Mem:0.00M, Peak:0.00M | Scene, ViewLayer | Synchronizing object | ENV_leaf_414
Fra:36 Mem:222.88M (Peak 222.88M) | Time:00:00.38 | Mem:0.00M, Peak:0.00M | Scene, ViewLayer | Synchronizing object | ENV_leaf_413
Fra:36 Mem:222.90M (Peak 222.90M) | Time:00:00.38 | Mem:0.00M, Peak:0.00M | Scene, ViewLayer | Synchronizing object | ENV_leaf_412
Fra:36 Mem:222.95M (Peak 222.95M) | Time:00:00.38 | Mem:0.00M, Peak:0.00M | Scene, ViewLayer | Synchronizing object | ENV_leaf_411
Fra:36 Mem:222.96M (Peak 222.96M) | Time:00:00.38 | Mem:0.00M, Peak:0.00M | Scene, ViewLayer | Synchronizing object | ENV_leaf_410
Fra:36 Mem:222.91M (Peak 222.96M) | Time:00:00.38 | Mem:0.00M, Peak:0.00M | Scene, ViewLayer | Synchronizing object | ENV_fern_31
Fra:36 Mem:222.98M (Peak 222.98M) | Time:00:00.38 | Mem:0.00M, Peak:0.00M | Scene, ViewLayer | Synchronizing object | ENV_leaf_409
Fra:36 Mem:222.99M (Peak 222.99M) | Time:00:00.38 | Mem:0.00M, Peak:0.00M | Scene, ViewLayer | Synchronizing object | ENV_leaf_407
Fra:36 Mem:223.15M (Peak 223.15M) | Time:00:00.38 | Mem:0.00M, Peak:0.00M | Scene, ViewLayer | Synchronizing object | ENV_leaf_406
Fra:36 Mem:223.16M (Peak 223.16M) | Time:00:00.38 | Mem:0.00M, Peak:0.00M | Scene, ViewLayer | Synchronizing object | ENV_leaf_405
Fra:36 Mem:223.22M (Peak 223.22M) | Time:00:00.38 | Mem:0.00M, Peak:0.00M | Scene, ViewLayer | Synchronizing object | ENV_leaf_404
Fra:36 Mem:223.23M (Peak 223.23M) | Time:00:00.38 | Mem:0.00M, Peak:0.00M | Scene, ViewLayer | Synchronizing object | ENV_leaf_403
Fra:36 Mem:223.31M (Peak 223.31M) | Time:00:00.38 | Mem:0.00M, Peak:0.00M | Scene, ViewLayer | Synchronizing object | ENV_leaf_402
Fra:36 Mem:223.32M (Peak 223.32M) | Time:00:00.38 | Mem:0.00M, Peak:0.00M | Scene, ViewLayer | Synchronizing object | ENV_leaf_401
Fra:36 Mem:223.32M (Peak 223.32M) | Time:00:00.38 | Mem:0.00M, Peak:0.00M | Scene, ViewLayer | Synchronizing object | ENV_leaf_400
Fra:36 Mem:223.34M (Peak 223.34M) | Time:00:00.38 | Mem:0.00M, Peak:0.00M | Scene, ViewLayer | Synchronizing object | ENV_leaf_399
Fra:36 Mem:223.41M (Peak 223.41M) | Time:00:00.38 | Mem:0.00M, Peak:0.00M | Scene, ViewLayer | Synchronizing object | ENV_leaf_398
Fra:36 Mem:223.41M (Peak 223.41M) | Time:00:00.38 | Mem:0.00M, Peak:0.00M | Scene, ViewLayer | Synchronizing object | ENV_leaf_397
Fra:36 Mem:223.41M (Peak 223.41M) | Time:00:00.38 | Mem:0.00M, Peak:0.00M | Scene, ViewLayer | Synchronizing object | ENV_leaf_396
Fra:36 Mem:223.42M (Peak 223.42M) | Time:00:00.38 | Mem:0.00M, Peak:0.00M | Scene, ViewLayer | Synchronizing object | ENV_leaf_395
Fra:36 Mem:223.42M (Peak 223.42M) | Time:00:00.38 | Mem:0.00M, Peak:0.00M | Scene, ViewLayer | Synchronizing object | ENV_leaf_394
Fra:36 Mem:223.43M (Peak 223.43M) | Time:00:00.38 | Mem:0.00M, Peak:0.00M | Scene, ViewLayer | Synchronizing object | ENV_leaf_393
Fra:36 Mem:223.41M (Peak 223.43M) | Time:00:00.38 | Mem:0.00M, Peak:0.00M | Scene, ViewLayer | Synchronizing object | ENV_leaf_392
Fra:36 Mem:223.42M (Peak 223.43M) | Time:00:00.38 | Mem:0.00M, Peak:0.00M | Scene, ViewLayer | Synchronizing object | ENV_leaf_391
Fra:36 Mem:223.42M (Peak 223.43M) | Time:00:00.38 | Mem:0.00M, Peak:0.00M | Scene, ViewLayer | Synchronizing object | ENV_leaf_390
Fra:36 Mem:223.43M (Peak 223.43M) | Time:00:00.38 | Mem:0.00M, Peak:0.00M | Scene, ViewLayer | Synchronizing object | ENV_leaf_389
Fra:36 Mem:223.43M (Peak 223.43M) | Time:00:00.38 | Mem:0.00M, Peak:0.00M | Scene, ViewLayer | Synchronizing object | ENV_leaf_388
Fra:36 Mem:223.44M (Peak 223.44M) | Time:00:00.38 | Mem:0.00M, Peak:0.00M | Scene, ViewLayer | Synchronizing object | ENV_leaf_387
Fra:36 Mem:223.44M (Peak 223.44M) | Time:00:00.38 | Mem:0.00M, Peak:0.00M | Scene, ViewLayer | Synchronizing object | ENV_leaf_386
Fra:36 Mem:223.44M (Peak 223.44M) | Time:00:00.38 | Mem:0.00M, Peak:0.00M | Scene, ViewLayer | Synchronizing object | ENV_leaf_385
Fra:36 Mem:223.45M (Peak 223.45M) | Time:00:00.38 | Mem:0.00M, Peak:0.00M | Scene, ViewLayer | Synchronizing object | ENV_leaf_384
Fra:36 Mem:223.45M (Peak 223.45M) | Time:00:00.38 | Mem:0.00M, Peak:0.00M | Scene, ViewLayer | Synchronizing object | ENV_leaf_383
Fra:36 Mem:223.46M (Peak 223.46M) | Time:00:00.38 | Mem:0.00M, Peak:0.00M | Scene, ViewLayer | Synchronizing object | ENV_leaf_382
Fra:36 Mem:223.46M (Peak 223.46M) | Time:00:00.38 | Mem:0.00M, Peak:0.00M | Scene, ViewLayer | Synchronizing object | ENV_leaf_381
Fra:36 Mem:223.46M (Peak 223.46M) | Time:00:00.38 | Mem:0.00M, Peak:0.00M | Scene, ViewLayer | Synchronizing object | ENV_leaf_380
Fra:36 Mem:223.47M (Peak 223.47M) | Time:00:00.38 | Mem:0.00M, Peak:0.00M | Scene, ViewLayer | Synchronizing object | ENV_leaf_379
Fra:36 Mem:223.53M (Peak 223.53M) | Time:00:00.38 | Mem:0.00M, Peak:0.00M | Scene, ViewLayer | Synchronizing object | ENV_leaf_378
Fra:36 Mem:223.54M (Peak 223.54M) | Time:00:00.38 | Mem:0.00M, Peak:0.00M | Scene, ViewLayer | Synchronizing object | ENV_leaf_377
Fra:36 Mem:223.54M (Peak 223.54M) | Time:00:00.38 | Mem:0.00M, Peak:0.00M | Scene, ViewLayer | Synchronizing object | ENV_leaf_376
Fra:36 Mem:223.55M (Peak 223.55M) | Time:00:00.38 | Mem:0.00M, Peak:0.00M | Scene, ViewLayer | Synchronizing object | ENV_leaf_375
Fra:36 Mem:223.57M (Peak 223.57M) | Time:00:00.38 | Mem:0.00M, Peak:0.00M | Scene, ViewLayer | Synchronizing object | ENV_leaf_374
Fra:36 Mem:223.64M (Peak 223.64M) | Time:00:00.38 | Mem:0.00M, Peak:0.00M | Scene, ViewLayer | Synchronizing object | ENV_leaf_373
Fra:36 Mem:223.64M (Peak 223.64M) | Time:00:00.38 | Mem:0.00M, Peak:0.00M | Scene, ViewLayer | Synchronizing object | ENV_leaf_372
Fra:36 Mem:223.65M (Peak 223.65M) | Time:00:00.38 | Mem:0.00M, Peak:0.00M | Scene, ViewLayer | Synchronizing object | ENV_leaf_371
Fra:36 Mem:223.59M (Peak 223.65M) | Time:00:00.38 | Mem:0.00M, Peak:0.00M | Scene, ViewLayer | Synchronizing object | ENV_fern_32
Fra:36 Mem:223.67M (Peak 223.67M) | Time:00:00.38 | Mem:0.00M, Peak:0.00M | Scene, ViewLayer | Synchronizing object | ENV_leaf_370
Fra:36 Mem:223.68M (Peak 223.68M) | Time:00:00.38 | Mem:0.00M, Peak:0.00M | Scene, ViewLayer | Synchronizing object | ENV_leaf_369
Fra:36 Mem:223.88M (Peak 223.88M) | Time:00:00.38 | Mem:0.00M, Peak:0.00M | Scene, ViewLayer | Synchronizing object | ENV_leaf_368
Fra:36 Mem:223.88M (Peak 223.88M) | Time:00:00.38 | Mem:0.00M, Peak:0.00M | Scene, ViewLayer | Synchronizing object | ENV_leaf_367
Fra:36 Mem:223.96M (Peak 223.96M) | Time:00:00.38 | Mem:0.00M, Peak:0.00M | Scene, ViewLayer | Synchronizing object | ENV_leaf_366
Fra:36 Mem:223.97M (Peak 223.97M) | Time:00:00.38 | Mem:0.00M, Peak:0.00M | Scene, ViewLayer | Synchronizing object | ENV_leaf_365
Fra:36 Mem:224.07M (Peak 224.07M) | Time:00:00.38 | Mem:0.00M, Peak:0.00M | Scene, ViewLayer | Synchronizing object | ENV_leaf_364
Fra:36 Mem:224.08M (Peak 224.08M) | Time:00:00.38 | Mem:0.00M, Peak:0.00M | Scene, ViewLayer | Synchronizing object | ENV_leaf_363
Fra:36 Mem:224.08M (Peak 224.08M) | Time:00:00.38 | Mem:0.00M, Peak:0.00M | Scene, ViewLayer | Synchronizing object | ENV_leaf_362
Fra:36 Mem:224.08M (Peak 224.08M) | Time:00:00.38 | Mem:0.00M, Peak:0.00M | Scene, ViewLayer | Synchronizing object | ENV_leaf_361
Fra:36 Mem:224.11M (Peak 224.11M) | Time:00:00.38 | Mem:0.00M, Peak:0.00M | Scene, ViewLayer | Synchronizing object | ENV_leaf_360
Fra:36 Mem:224.19M (Peak 224.19M) | Time:00:00.38 | Mem:0.00M, Peak:0.00M | Scene, ViewLayer | Synchronizing object | ENV_leaf_359
Fra:36 Mem:224.19M (Peak 224.19M) | Time:00:00.38 | Mem:0.00M, Peak:0.00M | Scene, ViewLayer | Synchronizing object | ENV_leaf_358
Fra:36 Mem:224.20M (Peak 224.20M) | Time:00:00.38 | Mem:0.00M, Peak:0.00M | Scene, ViewLayer | Synchronizing object | ENV_leaf_357
Fra:36 Mem:224.20M (Peak 224.20M) | Time:00:00.38 | Mem:0.00M, Peak:0.00M | Scene, ViewLayer | Synchronizing object | ENV_leaf_356
Fra:36 Mem:224.20M (Peak 224.20M) | Time:00:00.38 | Mem:0.00M, Peak:0.00M | Scene, ViewLayer | Synchronizing object | ENV_leaf_355
Fra:36 Mem:224.21M (Peak 224.21M) | Time:00:00.38 | Mem:0.00M, Peak:0.00M | Scene, ViewLayer | Synchronizing object | ENV_leaf_354
Fra:36 Mem:224.21M (Peak 224.21M) | Time:00:00.38 | Mem:0.00M, Peak:0.00M | Scene, ViewLayer | Synchronizing object | ENV_leaf_353
Fra:36 Mem:224.20M (Peak 224.21M) | Time:00:00.38 | Mem:0.00M, Peak:0.00M | Scene, ViewLayer | Synchronizing object | ENV_leaf_352
Fra:36 Mem:224.20M (Peak 224.21M) | Time:00:00.38 | Mem:0.00M, Peak:0.00M | Scene, ViewLayer | Synchronizing object | ENV_leaf_351
Fra:36 Mem:224.21M (Peak 224.21M) | Time:00:00.38 | Mem:0.00M, Peak:0.00M | Scene, ViewLayer | Synchronizing object | ENV_leaf_350
Fra:36 Mem:224.21M (Peak 224.21M) | Time:00:00.38 | Mem:0.00M, Peak:0.00M | Scene, ViewLayer | Synchronizing object | ENV_leaf_349
Fra:36 Mem:224.21M (Peak 224.21M) | Time:00:00.38 | Mem:0.00M, Peak:0.00M | Scene, ViewLayer | Synchronizing object | ENV_leaf_348
Fra:36 Mem:224.22M (Peak 224.22M) | Time:00:00.38 | Mem:0.00M, Peak:0.00M | Scene, ViewLayer | Synchronizing object | ENV_leaf_347
Fra:36 Mem:224.22M (Peak 224.22M) | Time:00:00.38 | Mem:0.00M, Peak:0.00M | Scene, ViewLayer | Synchronizing object | ENV_leaf_346
Fra:36 Mem:224.23M (Peak 224.23M) | Time:00:00.38 | Mem:0.00M, Peak:0.00M | Scene, ViewLayer | Synchronizing object | ENV_leaf_345
Fra:36 Mem:224.23M (Peak 224.23M) | Time:00:00.38 | Mem:0.00M, Peak:0.00M | Scene, ViewLayer | Synchronizing object | ENV_leaf_344
Fra:36 Mem:224.23M (Peak 224.23M) | Time:00:00.39 | Mem:0.00M, Peak:0.00M | Scene, ViewLayer | Synchronizing object | ENV_leaf_343
Fra:36 Mem:224.24M (Peak 224.24M) | Time:00:00.39 | Mem:0.00M, Peak:0.00M | Scene, ViewLayer | Synchronizing object | ENV_leaf_342
Fra:36 Mem:224.24M (Peak 224.24M) | Time:00:00.39 | Mem:0.00M, Peak:0.00M | Scene, ViewLayer | Synchronizing object | ENV_leaf_341
Fra:36 Mem:224.25M (Peak 224.25M) | Time:00:00.39 | Mem:0.00M, Peak:0.00M | Scene, ViewLayer | Synchronizing object | ENV_leaf_340
Fra:36 Mem:224.25M (Peak 224.25M) | Time:00:00.39 | Mem:0.00M, Peak:0.00M | Scene, ViewLayer | Synchronizing object | ENV_leaf_339
Fra:36 Mem:224.25M (Peak 224.25M) | Time:00:00.39 | Mem:0.00M, Peak:0.00M | Scene, ViewLayer | Synchronizing object | ENV_leaf_338
Fra:36 Mem:224.26M (Peak 224.26M) | Time:00:00.39 | Mem:0.00M, Peak:0.00M | Scene, ViewLayer | Synchronizing object | ENV_leaf_337
Fra:36 Mem:224.26M (Peak 224.26M) | Time:00:00.39 | Mem:0.00M, Peak:0.00M | Scene, ViewLayer | Synchronizing object | ENV_leaf_336
Fra:36 Mem:224.27M (Peak 224.27M) | Time:00:00.39 | Mem:0.00M, Peak:0.00M | Scene, ViewLayer | Synchronizing object | ENV_leaf_335
Fra:36 Mem:224.35M (Peak 224.35M) | Time:00:00.39 | Mem:0.00M, Peak:0.00M | Scene, ViewLayer | Synchronizing object | ENV_leaf_334
Fra:36 Mem:224.35M (Peak 224.35M) | Time:00:00.39 | Mem:0.00M, Peak:0.00M | Scene, ViewLayer | Synchronizing object | ENV_leaf_333
Fra:36 Mem:224.35M (Peak 224.35M) | Time:00:00.39 | Mem:0.00M, Peak:0.00M | Scene, ViewLayer | Synchronizing object | ENV_leaf_332
Fra:36 Mem:224.36M (Peak 224.36M) | Time:00:00.39 | Mem:0.00M, Peak:0.00M | Scene, ViewLayer | Synchronizing object | ENV_leaf_331
Fra:36 Mem:224.39M (Peak 224.39M) | Time:00:00.39 | Mem:0.00M, Peak:0.00M | Scene, ViewLayer | Synchronizing object | ENV_leaf_330
Fra:36 Mem:224.40M (Peak 224.40M) | Time:00:00.39 | Mem:0.00M, Peak:0.00M | Scene, ViewLayer | Synchronizing object | ENV_leaf_329
Fra:36 Mem:224.48M (Peak 224.48M) | Time:00:00.39 | Mem:0.00M, Peak:0.00M | Scene, ViewLayer | Synchronizing object | ENV_leaf_328
Fra:36 Mem:224.48M (Peak 224.48M) | Time:00:00.39 | Mem:0.00M, Peak:0.00M | Scene, ViewLayer | Synchronizing object | ENV_leaf_327
Fra:36 Mem:224.48M (Peak 224.48M) | Time:00:00.39 | Mem:0.00M, Peak:0.00M | Scene, ViewLayer | Synchronizing object | ENV_leaf_326
Fra:36 Mem:224.41M (Peak 224.48M) | Time:00:00.39 | Mem:0.00M, Peak:0.00M | Scene, ViewLayer | Synchronizing object | ENV_fern_33
Fra:36 Mem:224.46M (Peak 224.48M) | Time:00:00.39 | Mem:0.00M, Peak:0.00M | Scene, ViewLayer | Synchronizing object | ENV_leaf_325
Fra:36 Mem:224.47M (Peak 224.48M) | Time:00:00.39 | Mem:0.00M, Peak:0.00M | Scene, ViewLayer | Synchronizing object | ENV_leaf_324
Fra:36 Mem:224.64M (Peak 224.64M) | Time:00:00.39 | Mem:0.00M, Peak:0.00M | Scene, ViewLayer | Synchronizing object | ENV_leaf_323
Fra:36 Mem:224.65M (Peak 224.65M) | Time:00:00.39 | Mem:0.00M, Peak:0.00M | Scene, ViewLayer | Synchronizing object | ENV_leaf_322
Fra:36 Mem:224.71M (Peak 224.71M) | Time:00:00.39 | Mem:0.00M, Peak:0.00M | Scene, ViewLayer | Synchronizing object | ENV_leaf_321
Fra:36 Mem:224.72M (Peak 224.72M) | Time:00:00.39 | Mem:0.00M, Peak:0.00M | Scene, ViewLayer | Synchronizing object | ENV_leaf_320
Fra:36 Mem:224.73M (Peak 224.73M) | Time:00:00.39 | Mem:0.00M, Peak:0.00M | Scene, ViewLayer | Synchronizing object | ENV_leaf_319
Fra:36 Mem:224.79M (Peak 224.79M) | Time:00:00.39 | Mem:0.00M, Peak:0.00M | Scene, ViewLayer | Synchronizing object | ENV_leaf_318
Fra:36 Mem:224.79M (Peak 224.79M) | Time:00:00.39 | Mem:0.00M, Peak:0.00M | Scene, ViewLayer | Synchronizing object | ENV_leaf_317
Fra:36 Mem:224.79M (Peak 224.79M) | Time:00:00.39 | Mem:0.00M, Peak:0.00M | Scene, ViewLayer | Synchronizing object | ENV_leaf_316
Fra:36 Mem:224.80M (Peak 224.80M) | Time:00:00.39 | Mem:0.00M, Peak:0.00M | Scene, ViewLayer | Synchronizing object | ENV_leaf_315
Fra:36 Mem:224.80M (Peak 224.80M) | Time:00:00.39 | Mem:0.00M, Peak:0.00M | Scene, ViewLayer | Synchronizing object | ENV_leaf_314
Fra:36 Mem:224.79M (Peak 224.80M) | Time:00:00.39 | Mem:0.00M, Peak:0.00M | Scene, ViewLayer | Synchronizing object | ENV_leaf_313
Fra:36 Mem:224.80M (Peak 224.80M) | Time:00:00.39 | Mem:0.00M, Peak:0.00M | Scene, ViewLayer | Synchronizing object | ENV_leaf_312
Fra:36 Mem:224.80M (Peak 224.80M) | Time:00:00.39 | Mem:0.00M, Peak:0.00M | Scene, ViewLayer | Synchronizing object | ENV_leaf_311
Fra:36 Mem:224.81M (Peak 224.81M) | Time:00:00.39 | Mem:0.00M, Peak:0.00M | Scene, ViewLayer | Synchronizing object | ENV_leaf_310
Fra:36 Mem:224.81M (Peak 224.81M) | Time:00:00.39 | Mem:0.00M, Peak:0.00M | Scene, ViewLayer | Synchronizing object | ENV_leaf_309
Fra:36 Mem:224.81M (Peak 224.81M) | Time:00:00.39 | Mem:0.00M, Peak:0.00M | Scene, ViewLayer | Synchronizing object | ENV_leaf_308
Fra:36 Mem:224.82M (Peak 224.82M) | Time:00:00.39 | Mem:0.00M, Peak:0.00M | Scene, ViewLayer | Synchronizing object | ENV_leaf_307
Fra:36 Mem:224.82M (Peak 224.82M) | Time:00:00.39 | Mem:0.00M, Peak:0.00M | Scene, ViewLayer | Synchronizing object | ENV_leaf_306
Fra:36 Mem:224.83M (Peak 224.83M) | Time:00:00.39 | Mem:0.00M, Peak:0.00M | Scene, ViewLayer | Synchronizing object | ENV_leaf_305
Fra:36 Mem:224.83M (Peak 224.83M) | Time:00:00.39 | Mem:0.00M, Peak:0.00M | Scene, ViewLayer | Synchronizing object | ENV_leaf_304
Fra:36 Mem:224.84M (Peak 224.84M) | Time:00:00.39 | Mem:0.00M, Peak:0.00M | Scene, ViewLayer | Synchronizing object | ENV_leaf_303
Fra:36 Mem:224.89M (Peak 224.89M) | Time:00:00.39 | Mem:0.00M, Peak:0.00M | Scene, ViewLayer | Synchronizing object | ENV_leaf_302
Fra:36 Mem:224.89M (Peak 224.89M) | Time:00:00.39 | Mem:0.00M, Peak:0.00M | Scene, ViewLayer | Synchronizing object | ENV_leaf_301
Fra:36 Mem:224.89M (Peak 224.89M) | Time:00:00.39 | Mem:0.00M, Peak:0.00M | Scene, ViewLayer | Synchronizing object | ENV_leaf_300
Fra:36 Mem:224.92M (Peak 224.92M) | Time:00:00.39 | Mem:0.00M, Peak:0.00M | Scene, ViewLayer | Synchronizing object | ENV_leaf_299
Fra:36 Mem:224.97M (Peak 224.97M) | Time:00:00.39 | Mem:0.00M, Peak:0.00M | Scene, ViewLayer | Synchronizing object | ENV_leaf_298
Fra:36 Mem:224.97M (Peak 224.97M) | Time:00:00.39 | Mem:0.00M, Peak:0.00M | Scene, ViewLayer | Synchronizing object | ENV_leaf_297
Fra:36 Mem:224.93M (Peak 224.97M) | Time:00:00.39 | Mem:0.00M, Peak:0.00M | Scene, ViewLayer | Synchronizing object | ENV_leaf_296
Fra:36 Mem:224.93M (Peak 224.97M) | Time:00:00.39 | Mem:0.00M, Peak:0.00M | Scene, ViewLayer | Synchronizing object | ENV_leaf_295
Fra:36 Mem:224.94M (Peak 224.97M) | Time:00:00.39 | Mem:0.00M, Peak:0.00M | Scene, ViewLayer | Synchronizing object | ENV_leaf_294
Fra:36 Mem:225.01M (Peak 225.01M) | Time:00:00.39 | Mem:0.00M, Peak:0.00M | Scene, ViewLayer | Synchronizing object | ENV_leaf_292
Fra:36 Mem:225.01M (Peak 225.01M) | Time:00:00.39 | Mem:0.00M, Peak:0.00M | Scene, ViewLayer | Synchronizing object | ENV_leaf_291
Fra:36 Mem:225.18M (Peak 225.18M) | Time:00:00.39 | Mem:0.00M, Peak:0.00M | Scene, ViewLayer | Synchronizing object | ENV_leaf_290
Fra:36 Mem:225.18M (Peak 225.18M) | Time:00:00.39 | Mem:0.00M, Peak:0.00M | Scene, ViewLayer | Synchronizing object | ENV_leaf_289
Fra:36 Mem:225.25M (Peak 225.25M) | Time:00:00.39 | Mem:0.00M, Peak:0.00M | Scene, ViewLayer | Synchronizing object | ENV_leaf_288
Fra:36 Mem:225.25M (Peak 225.25M) | Time:00:00.39 | Mem:0.00M, Peak:0.00M | Scene, ViewLayer | Synchronizing object | ENV_leaf_287
Fra:36 Mem:225.34M (Peak 225.34M) | Time:00:00.39 | Mem:0.00M, Peak:0.00M | Scene, ViewLayer | Synchronizing object | ENV_leaf_286
Fra:36 Mem:225.34M (Peak 225.34M) | Time:00:00.39 | Mem:0.00M, Peak:0.00M | Scene, ViewLayer | Synchronizing object | ENV_leaf_285
Fra:36 Mem:225.35M (Peak 225.35M) | Time:00:00.39 | Mem:0.00M, Peak:0.00M | Scene, ViewLayer | Synchronizing object | ENV_leaf_284
Fra:36 Mem:225.41M (Peak 225.41M) | Time:00:00.39 | Mem:0.00M, Peak:0.00M | Scene, ViewLayer | Synchronizing object | ENV_leaf_283
Fra:36 Mem:225.43M (Peak 225.43M) | Time:00:00.39 | Mem:0.00M, Peak:0.00M | Scene, ViewLayer | Synchronizing object | ENV_leaf_282
Fra:36 Mem:225.44M (Peak 225.44M) | Time:00:00.39 | Mem:0.00M, Peak:0.00M | Scene, ViewLayer | Synchronizing object | ENV_leaf_281
Fra:36 Mem:225.44M (Peak 225.44M) | Time:00:00.39 | Mem:0.00M, Peak:0.00M | Scene, ViewLayer | Synchronizing object | ENV_leaf_280
Fra:36 Mem:225.44M (Peak 225.44M) | Time:00:00.39 | Mem:0.00M, Peak:0.00M | Scene, ViewLayer | Synchronizing object | ENV_leaf_279
Fra:36 Mem:225.45M (Peak 225.45M) | Time:00:00.39 | Mem:0.00M, Peak:0.00M | Scene, ViewLayer | Synchronizing object | ENV_leaf_278
Fra:36 Mem:225.44M (Peak 225.45M) | Time:00:00.39 | Mem:0.00M, Peak:0.00M | Scene, ViewLayer | Synchronizing object | ENV_leaf_277
Fra:36 Mem:225.44M (Peak 225.45M) | Time:00:00.39 | Mem:0.00M, Peak:0.00M | Scene, ViewLayer | Synchronizing object | ENV_leaf_276
Fra:36 Mem:225.44M (Peak 225.45M) | Time:00:00.39 | Mem:0.00M, Peak:0.00M | Scene, ViewLayer | Synchronizing object | ENV_leaf_275
Fra:36 Mem:225.45M (Peak 225.45M) | Time:00:00.39 | Mem:0.00M, Peak:0.00M | Scene, ViewLayer | Synchronizing object | ENV_leaf_274
Fra:36 Mem:225.45M (Peak 225.45M) | Time:00:00.39 | Mem:0.00M, Peak:0.00M | Scene, ViewLayer | Synchronizing object | ENV_leaf_273
Fra:36 Mem:225.46M (Peak 225.46M) | Time:00:00.39 | Mem:0.00M, Peak:0.00M | Scene, ViewLayer | Synchronizing object | ENV_leaf_272
Fra:36 Mem:225.46M (Peak 225.46M) | Time:00:00.39 | Mem:0.00M, Peak:0.00M | Scene, ViewLayer | Synchronizing object | ENV_leaf_271
Fra:36 Mem:225.47M (Peak 225.47M) | Time:00:00.39 | Mem:0.00M, Peak:0.00M | Scene, ViewLayer | Synchronizing object | ENV_leaf_270
Fra:36 Mem:225.47M (Peak 225.47M) | Time:00:00.39 | Mem:0.00M, Peak:0.00M | Scene, ViewLayer | Synchronizing object | ENV_leaf_269
Fra:36 Mem:225.47M (Peak 225.47M) | Time:00:00.39 | Mem:0.00M, Peak:0.00M | Scene, ViewLayer | Synchronizing object | ENV_leaf_268
Fra:36 Mem:225.48M (Peak 225.48M) | Time:00:00.39 | Mem:0.00M, Peak:0.00M | Scene, ViewLayer | Synchronizing object | ENV_leaf_267
Fra:36 Mem:225.48M (Peak 225.48M) | Time:00:00.39 | Mem:0.00M, Peak:0.00M | Scene, ViewLayer | Synchronizing object | ENV_leaf_266
Fra:36 Mem:225.49M (Peak 225.49M) | Time:00:00.39 | Mem:0.00M, Peak:0.00M | Scene, ViewLayer | Synchronizing object | ENV_leaf_265
Fra:36 Mem:225.49M (Peak 225.49M) | Time:00:00.39 | Mem:0.00M, Peak:0.00M | Scene, ViewLayer | Synchronizing object | ENV_leaf_264
Fra:36 Mem:225.56M (Peak 225.56M) | Time:00:00.39 | Mem:0.00M, Peak:0.00M | Scene, ViewLayer | Synchronizing object | ENV_leaf_263
Fra:36 Mem:225.56M (Peak 225.56M) | Time:00:00.39 | Mem:0.00M, Peak:0.00M | Scene, ViewLayer | Synchronizing object | ENV_leaf_262
Fra:36 Mem:225.56M (Peak 225.56M) | Time:00:00.39 | Mem:0.00M, Peak:0.00M | Scene, ViewLayer | Synchronizing object | ENV_leaf_261
Fra:36 Mem:225.59M (Peak 225.59M) | Time:00:00.39 | Mem:0.00M, Peak:0.00M | Scene, ViewLayer | Synchronizing object | ENV_leaf_260
Fra:36 Mem:225.66M (Peak 225.66M) | Time:00:00.39 | Mem:0.00M, Peak:0.00M | Scene, ViewLayer | Synchronizing object | ENV_leaf_259
Fra:36 Mem:225.66M (Peak 225.66M) | Time:00:00.39 | Mem:0.00M, Peak:0.00M | Scene, ViewLayer | Synchronizing object | ENV_leaf_258
Fra:36 Mem:225.60M (Peak 225.66M) | Time:00:00.39 | Mem:0.00M, Peak:0.00M | Scene, ViewLayer | Synchronizing object | ENV_fern_35
Fra:36 Mem:225.60M (Peak 225.66M) | Time:00:00.39 | Mem:0.00M, Peak:0.00M | Scene, ViewLayer | Synchronizing object | ENV_leaf_257
Fra:36 Mem:225.69M (Peak 225.69M) | Time:00:00.39 | Mem:0.00M, Peak:0.00M | Scene, ViewLayer | Synchronizing object | ENV_leaf_256
Fra:36 Mem:225.70M (Peak 225.70M) | Time:00:00.39 | Mem:0.00M, Peak:0.00M | Scene, ViewLayer | Synchronizing object | ENV_leaf_255
Fra:36 Mem:225.78M (Peak 225.78M) | Time:00:00.39 | Mem:0.00M, Peak:0.00M | Scene, ViewLayer | Synchronizing object | ENV_leaf_254
Fra:36 Mem:225.90M (Peak 225.90M) | Time:00:00.39 | Mem:0.00M, Peak:0.00M | Scene, ViewLayer | Synchronizing object | ENV_leaf_253
Fra:36 Mem:225.98M (Peak 225.98M) | Time:00:00.39 | Mem:0.00M, Peak:0.00M | Scene, ViewLayer | Synchronizing object | ENV_leaf_252
Fra:36 Mem:225.99M (Peak 225.99M) | Time:00:00.39 | Mem:0.00M, Peak:0.00M | Scene, ViewLayer | Synchronizing object | ENV_leaf_251
Fra:36 Mem:225.99M (Peak 225.99M) | Time:00:00.39 | Mem:0.00M, Peak:0.00M | Scene, ViewLayer | Synchronizing object | ENV_leaf_250
Fra:36 Mem:226.09M (Peak 226.09M) | Time:00:00.39 | Mem:0.00M, Peak:0.00M | Scene, ViewLayer | Synchronizing object | ENV_leaf_249
Fra:36 Mem:226.10M (Peak 226.10M) | Time:00:00.39 | Mem:0.00M, Peak:0.00M | Scene, ViewLayer | Synchronizing object | ENV_leaf_248
Fra:36 Mem:226.10M (Peak 226.10M) | Time:00:00.39 | Mem:0.00M, Peak:0.00M | Scene, ViewLayer | Synchronizing object | ENV_leaf_247
Fra:36 Mem:226.13M (Peak 226.13M) | Time:00:00.39 | Mem:0.00M, Peak:0.00M | Scene, ViewLayer | Synchronizing object | ENV_leaf_246
Fra:36 Mem:226.13M (Peak 226.13M) | Time:00:00.39 | Mem:0.00M, Peak:0.00M | Scene, ViewLayer | Synchronizing object | ENV_leaf_245
Fra:36 Mem:226.21M (Peak 226.21M) | Time:00:00.39 | Mem:0.00M, Peak:0.00M | Scene, ViewLayer | Synchronizing object | ENV_leaf_244
Fra:36 Mem:226.21M (Peak 226.21M) | Time:00:00.39 | Mem:0.00M, Peak:0.00M | Scene, ViewLayer | Synchronizing object | ENV_leaf_243
Fra:36 Mem:226.22M (Peak 226.22M) | Time:00:00.39 | Mem:0.00M, Peak:0.00M | Scene, ViewLayer | Synchronizing object | ENV_leaf_242
Fra:36 Mem:226.22M (Peak 226.22M) | Time:00:00.39 | Mem:0.00M, Peak:0.00M | Scene, ViewLayer | Synchronizing object | ENV_leaf_241
Fra:36 Mem:226.23M (Peak 226.23M) | Time:00:00.39 | Mem:0.00M, Peak:0.00M | Scene, ViewLayer | Synchronizing object | ENV_leaf_240
Fra:36 Mem:226.23M (Peak 226.23M) | Time:00:00.39 | Mem:0.00M, Peak:0.00M | Scene, ViewLayer | Synchronizing object | ENV_leaf_239
Fra:36 Mem:226.23M (Peak 226.23M) | Time:00:00.39 | Mem:0.00M, Peak:0.00M | Scene, ViewLayer | Synchronizing object | ENV_leaf_238
Fra:36 Mem:226.22M (Peak 226.23M) | Time:00:00.39 | Mem:0.00M, Peak:0.00M | Scene, ViewLayer | Synchronizing object | ENV_leaf_237
Fra:36 Mem:226.22M (Peak 226.23M) | Time:00:00.39 | Mem:0.00M, Peak:0.00M | Scene, ViewLayer | Synchronizing object | ENV_leaf_236
Fra:36 Mem:226.23M (Peak 226.23M) | Time:00:00.39 | Mem:0.00M, Peak:0.00M | Scene, ViewLayer | Synchronizing object | ENV_leaf_235
Fra:36 Mem:226.23M (Peak 226.23M) | Time:00:00.39 | Mem:0.00M, Peak:0.00M | Scene, ViewLayer | Synchronizing object | ENV_leaf_234
Fra:36 Mem:226.24M (Peak 226.24M) | Time:00:00.39 | Mem:0.00M, Peak:0.00M | Scene, ViewLayer | Synchronizing object | ENV_leaf_233
Fra:36 Mem:226.24M (Peak 226.24M) | Time:00:00.39 | Mem:0.00M, Peak:0.00M | Scene, ViewLayer | Synchronizing object | ENV_leaf_232
Fra:36 Mem:226.24M (Peak 226.24M) | Time:00:00.39 | Mem:0.00M, Peak:0.00M | Scene, ViewLayer | Synchronizing object | ENV_leaf_231
Fra:36 Mem:226.25M (Peak 226.25M) | Time:00:00.39 | Mem:0.00M, Peak:0.00M | Scene, ViewLayer | Synchronizing object | ENV_leaf_230
Fra:36 Mem:226.25M (Peak 226.25M) | Time:00:00.39 | Mem:0.00M, Peak:0.00M | Scene, ViewLayer | Synchronizing object | ENV_leaf_229
Fra:36 Mem:226.26M (Peak 226.26M) | Time:00:00.39 | Mem:0.00M, Peak:0.00M | Scene, ViewLayer | Synchronizing object | ENV_leaf_228
Fra:36 Mem:226.26M (Peak 226.26M) | Time:00:00.39 | Mem:0.00M, Peak:0.00M | Scene, ViewLayer | Synchronizing object | ENV_leaf_227
Fra:36 Mem:226.26M (Peak 226.26M) | Time:00:00.39 | Mem:0.00M, Peak:0.00M | Scene, ViewLayer | Synchronizing object | ENV_leaf_226
Fra:36 Mem:226.27M (Peak 226.27M) | Time:00:00.39 | Mem:0.00M, Peak:0.00M | Scene, ViewLayer | Synchronizing object | ENV_leaf_225
Fra:36 Mem:226.27M (Peak 226.27M) | Time:00:00.39 | Mem:0.00M, Peak:0.00M | Scene, ViewLayer | Synchronizing object | ENV_leaf_224
Fra:36 Mem:226.28M (Peak 226.28M) | Time:00:00.39 | Mem:0.00M, Peak:0.00M | Scene, ViewLayer | Synchronizing object | ENV_leaf_223
Fra:36 Mem:226.28M (Peak 226.28M) | Time:00:00.39 | Mem:0.00M, Peak:0.00M | Scene, ViewLayer | Synchronizing object | ENV_leaf_222
Fra:36 Mem:226.28M (Peak 226.28M) | Time:00:00.39 | Mem:0.00M, Peak:0.00M | Scene, ViewLayer | Synchronizing object | ENV_leaf_221
Fra:36 Mem:226.29M (Peak 226.29M) | Time:00:00.39 | Mem:0.00M, Peak:0.00M | Scene, ViewLayer | Synchronizing object | ENV_leaf_220
Fra:36 Mem:226.29M (Peak 226.29M) | Time:00:00.39 | Mem:0.00M, Peak:0.00M | Scene, ViewLayer | Synchronizing object | ENV_leaf_219
Fra:36 Mem:226.37M (Peak 226.37M) | Time:00:00.39 | Mem:0.00M, Peak:0.00M | Scene, ViewLayer | Synchronizing object | ENV_leaf_218
Fra:36 Mem:226.38M (Peak 226.38M) | Time:00:00.39 | Mem:0.00M, Peak:0.00M | Scene, ViewLayer | Synchronizing object | ENV_leaf_217
Fra:36 Mem:226.38M (Peak 226.38M) | Time:00:00.39 | Mem:0.00M, Peak:0.00M | Scene, ViewLayer | Synchronizing object | ENV_leaf_216
Fra:36 Mem:226.38M (Peak 226.38M) | Time:00:00.39 | Mem:0.00M, Peak:0.00M | Scene, ViewLayer | Synchronizing object | ENV_leaf_215
Fra:36 Mem:226.39M (Peak 226.39M) | Time:00:00.39 | Mem:0.00M, Peak:0.00M | Scene, ViewLayer | Synchronizing object | ENV_leaf_214
Fra:36 Mem:226.42M (Peak 226.42M) | Time:00:00.39 | Mem:0.00M, Peak:0.00M | Scene, ViewLayer | Synchronizing object | ENV_leaf_213
Fra:36 Mem:226.42M (Peak 226.42M) | Time:00:00.39 | Mem:0.00M, Peak:0.00M | Scene, ViewLayer | Synchronizing object | ENV_leaf_212
Fra:36 Mem:226.51M (Peak 226.51M) | Time:00:00.39 | Mem:0.00M, Peak:0.00M | Scene, ViewLayer | Synchronizing object | ENV_leaf_211
Fra:36 Mem:226.51M (Peak 226.51M) | Time:00:00.39 | Mem:0.00M, Peak:0.00M | Scene, ViewLayer | Synchronizing object | ENV_leaf_210
Fra:36 Mem:226.51M (Peak 226.51M) | Time:00:00.39 | Mem:0.00M, Peak:0.00M | Scene, ViewLayer | Synchronizing object | ENV_leaf_209
Fra:36 Mem:226.52M (Peak 226.52M) | Time:00:00.39 | Mem:0.00M, Peak:0.00M | Scene, ViewLayer | Synchronizing object | ENV_leaf_208
Fra:36 Mem:226.44M (Peak 226.52M) | Time:00:00.39 | Mem:0.00M, Peak:0.00M | Scene, ViewLayer | Synchronizing object | ENV_fern_36
Fra:36 Mem:226.45M (Peak 226.52M) | Time:00:00.39 | Mem:0.00M, Peak:0.00M | Scene, ViewLayer | Synchronizing object | ENV_leaf_207
Fra:36 Mem:226.50M (Peak 226.52M) | Time:00:00.39 | Mem:0.00M, Peak:0.00M | Scene, ViewLayer | Synchronizing object | ENV_leaf_206
Fra:36 Mem:226.51M (Peak 226.52M) | Time:00:00.39 | Mem:0.00M, Peak:0.00M | Scene, ViewLayer | Synchronizing object | ENV_leaf_205
Fra:36 Mem:226.68M (Peak 226.68M) | Time:00:00.39 | Mem:0.00M, Peak:0.00M | Scene, ViewLayer | Synchronizing object | ENV_leaf_204
Fra:36 Mem:226.69M (Peak 226.69M) | Time:00:00.39 | Mem:0.00M, Peak:0.00M | Scene, ViewLayer | Synchronizing object | ENV_leaf_203
Fra:36 Mem:226.75M (Peak 226.75M) | Time:00:00.39 | Mem:0.00M, Peak:0.00M | Scene, ViewLayer | Synchronizing object | ENV_leaf_202
Fra:36 Mem:226.76M (Peak 226.76M) | Time:00:00.39 | Mem:0.00M, Peak:0.00M | Scene, ViewLayer | Synchronizing object | ENV_leaf_201
Fra:36 Mem:226.81M (Peak 226.81M) | Time:00:00.39 | Mem:0.00M, Peak:0.00M | Scene, ViewLayer | Synchronizing object | ENV_leaf_200
Fra:36 Mem:226.82M (Peak 226.82M) | Time:00:00.39 | Mem:0.00M, Peak:0.00M | Scene, ViewLayer | Synchronizing object | ENV_leaf_199
Fra:36 Mem:226.83M (Peak 226.83M) | Time:00:00.39 | Mem:0.00M, Peak:0.00M | Scene, ViewLayer | Synchronizing object | ENV_leaf_198
Fra:36 Mem:226.83M (Peak 226.83M) | Time:00:00.39 | Mem:0.00M, Peak:0.00M | Scene, ViewLayer | Synchronizing object | ENV_leaf_197
Fra:36 Mem:226.84M (Peak 226.84M) | Time:00:00.39 | Mem:0.00M, Peak:0.00M | Scene, ViewLayer | Synchronizing object | ENV_leaf_196
Fra:36 Mem:226.83M (Peak 226.84M) | Time:00:00.39 | Mem:0.00M, Peak:0.00M | Scene, ViewLayer | Synchronizing object | ENV_leaf_195
Fra:36 Mem:226.83M (Peak 226.84M) | Time:00:00.39 | Mem:0.00M, Peak:0.00M | Scene, ViewLayer | Synchronizing object | ENV_leaf_194
Fra:36 Mem:226.84M (Peak 226.84M) | Time:00:00.39 | Mem:0.00M, Peak:0.00M | Scene, ViewLayer | Synchronizing object | ENV_leaf_193
Fra:36 Mem:226.84M (Peak 226.84M) | Time:00:00.39 | Mem:0.00M, Peak:0.00M | Scene, ViewLayer | Synchronizing object | ENV_leaf_192
Fra:36 Mem:226.84M (Peak 226.84M) | Time:00:00.39 | Mem:0.00M, Peak:0.00M | Scene, ViewLayer | Synchronizing object | ENV_leaf_191
Fra:36 Mem:226.85M (Peak 226.85M) | Time:00:00.39 | Mem:0.00M, Peak:0.00M | Scene, ViewLayer | Synchronizing object | ENV_leaf_190
Fra:36 Mem:226.85M (Peak 226.85M) | Time:00:00.39 | Mem:0.00M, Peak:0.00M | Scene, ViewLayer | Synchronizing object | ENV_leaf_189
Fra:36 Mem:226.86M (Peak 226.86M) | Time:00:00.39 | Mem:0.00M, Peak:0.00M | Scene, ViewLayer | Synchronizing object | ENV_leaf_188
Fra:36 Mem:226.86M (Peak 226.86M) | Time:00:00.39 | Mem:0.00M, Peak:0.00M | Scene, ViewLayer | Synchronizing object | ENV_leaf_187
Fra:36 Mem:226.86M (Peak 226.86M) | Time:00:00.39 | Mem:0.00M, Peak:0.00M | Scene, ViewLayer | Synchronizing object | ENV_leaf_186
Fra:36 Mem:226.92M (Peak 226.92M) | Time:00:00.39 | Mem:0.00M, Peak:0.00M | Scene, ViewLayer | Synchronizing object | ENV_leaf_185
Fra:36 Mem:226.92M (Peak 226.92M) | Time:00:00.39 | Mem:0.00M, Peak:0.00M | Scene, ViewLayer | Synchronizing object | ENV_leaf_184
Fra:36 Mem:226.92M (Peak 226.92M) | Time:00:00.39 | Mem:0.00M, Peak:0.00M | Scene, ViewLayer | Synchronizing object | ENV_leaf_183
Fra:36 Mem:226.93M (Peak 226.93M) | Time:00:00.39 | Mem:0.00M, Peak:0.00M | Scene, ViewLayer | Synchronizing object | ENV_leaf_182
Fra:36 Mem:226.95M (Peak 226.95M) | Time:00:00.39 | Mem:0.00M, Peak:0.00M | Scene, ViewLayer | Synchronizing object | ENV_leaf_181
Fra:36 Mem:227.00M (Peak 227.00M) | Time:00:00.39 | Mem:0.00M, Peak:0.00M | Scene, ViewLayer | Synchronizing object | ENV_leaf_180
Fra:36 Mem:227.01M (Peak 227.01M) | Time:00:00.39 | Mem:0.00M, Peak:0.00M | Scene, ViewLayer | Synchronizing object | ENV_leaf_179
Fra:36 Mem:226.96M (Peak 227.01M) | Time:00:00.39 | Mem:0.00M, Peak:0.00M | Scene, ViewLayer | Synchronizing object | ENV_fern_37
Fra:36 Mem:227.03M (Peak 227.03M) | Time:00:00.39 | Mem:0.00M, Peak:0.00M | Scene, ViewLayer | Synchronizing object | ENV_leaf_178
Fra:36 Mem:227.04M (Peak 227.04M) | Time:00:00.39 | Mem:0.00M, Peak:0.00M | Scene, ViewLayer | Synchronizing object | ENV_leaf_177
Fra:36 Mem:227.20M (Peak 227.20M) | Time:00:00.39 | Mem:0.00M, Peak:0.00M | Scene, ViewLayer | Synchronizing object | ENV_leaf_176
Fra:36 Mem:227.27M (Peak 227.27M) | Time:00:00.39 | Mem:0.00M, Peak:0.00M | Scene, ViewLayer | Synchronizing object | ENV_leaf_175
Fra:36 Mem:227.27M (Peak 227.27M) | Time:00:00.39 | Mem:0.00M, Peak:0.00M | Scene, ViewLayer | Synchronizing object | ENV_leaf_174
Fra:36 Mem:227.36M (Peak 227.36M) | Time:00:00.39 | Mem:0.00M, Peak:0.00M | Scene, ViewLayer | Synchronizing object | ENV_leaf_173
Fra:36 Mem:227.36M (Peak 227.36M) | Time:00:00.39 | Mem:0.00M, Peak:0.00M | Scene, ViewLayer | Synchronizing object | ENV_leaf_172
Fra:36 Mem:227.36M (Peak 227.36M) | Time:00:00.39 | Mem:0.00M, Peak:0.00M | Scene, ViewLayer | Synchronizing object | ENV_leaf_171
Fra:36 Mem:227.43M (Peak 227.43M) | Time:00:00.39 | Mem:0.00M, Peak:0.00M | Scene, ViewLayer | Synchronizing object | ENV_leaf_170
Fra:36 Mem:227.45M (Peak 227.45M) | Time:00:00.39 | Mem:0.00M, Peak:0.00M | Scene, ViewLayer | Synchronizing object | ENV_leaf_169
Fra:36 Mem:227.45M (Peak 227.45M) | Time:00:00.39 | Mem:0.00M, Peak:0.00M | Scene, ViewLayer | Synchronizing object | ENV_leaf_168
Fra:36 Mem:227.46M (Peak 227.46M) | Time:00:00.39 | Mem:0.00M, Peak:0.00M | Scene, ViewLayer | Synchronizing object | ENV_leaf_167
Fra:36 Mem:227.46M (Peak 227.46M) | Time:00:00.39 | Mem:0.00M, Peak:0.00M | Scene, ViewLayer | Synchronizing object | ENV_leaf_166
Fra:36 Mem:227.47M (Peak 227.47M) | Time:00:00.39 | Mem:0.00M, Peak:0.00M | Scene, ViewLayer | Synchronizing object | ENV_leaf_165
Fra:36 Mem:227.47M (Peak 227.47M) | Time:00:00.39 | Mem:0.00M, Peak:0.00M | Scene, ViewLayer | Synchronizing object | ENV_leaf_164
Fra:36 Mem:227.46M (Peak 227.47M) | Time:00:00.39 | Mem:0.00M, Peak:0.00M | Scene, ViewLayer | Synchronizing object | ENV_leaf_163
Fra:36 Mem:227.46M (Peak 227.47M) | Time:00:00.39 | Mem:0.00M, Peak:0.00M | Scene, ViewLayer | Synchronizing object | ENV_leaf_162
Fra:36 Mem:227.47M (Peak 227.47M) | Time:00:00.39 | Mem:0.00M, Peak:0.00M | Scene, ViewLayer | Synchronizing object | ENV_leaf_161
Fra:36 Mem:227.47M (Peak 227.47M) | Time:00:00.39 | Mem:0.00M, Peak:0.00M | Scene, ViewLayer | Synchronizing object | ENV_leaf_160
Fra:36 Mem:227.47M (Peak 227.47M) | Time:00:00.39 | Mem:0.00M, Peak:0.00M | Scene, ViewLayer | Synchronizing object | ENV_leaf_159
Fra:36 Mem:227.48M (Peak 227.48M) | Time:00:00.39 | Mem:0.00M, Peak:0.00M | Scene, ViewLayer | Synchronizing object | ENV_leaf_158
Fra:36 Mem:227.48M (Peak 227.48M) | Time:00:00.39 | Mem:0.00M, Peak:0.00M | Scene, ViewLayer | Synchronizing object | ENV_leaf_157
Fra:36 Mem:227.49M (Peak 227.49M) | Time:00:00.39 | Mem:0.00M, Peak:0.00M | Scene, ViewLayer | Synchronizing object | ENV_leaf_156
Fra:36 Mem:227.49M (Peak 227.49M) | Time:00:00.39 | Mem:0.00M, Peak:0.00M | Scene, ViewLayer | Synchronizing object | ENV_leaf_155
Fra:36 Mem:227.49M (Peak 227.49M) | Time:00:00.39 | Mem:0.00M, Peak:0.00M | Scene, ViewLayer | Synchronizing object | ENV_leaf_154
Fra:36 Mem:227.50M (Peak 227.50M) | Time:00:00.39 | Mem:0.00M, Peak:0.00M | Scene, ViewLayer | Synchronizing object | ENV_leaf_153
Fra:36 Mem:227.50M (Peak 227.50M) | Time:00:00.39 | Mem:0.00M, Peak:0.00M | Scene, ViewLayer | Synchronizing object | ENV_leaf_152
Fra:36 Mem:227.51M (Peak 227.51M) | Time:00:00.39 | Mem:0.00M, Peak:0.00M | Scene, ViewLayer | Synchronizing object | ENV_leaf_151
Fra:36 Mem:227.51M (Peak 227.51M) | Time:00:00.39 | Mem:0.00M, Peak:0.00M | Scene, ViewLayer | Synchronizing object | ENV_leaf_150
Fra:36 Mem:227.58M (Peak 227.58M) | Time:00:00.39 | Mem:0.00M, Peak:0.00M | Scene, ViewLayer | Synchronizing object | ENV_leaf_149
Fra:36 Mem:227.58M (Peak 227.58M) | Time:00:00.39 | Mem:0.00M, Peak:0.00M | Scene, ViewLayer | Synchronizing object | ENV_leaf_148
Fra:36 Mem:227.59M (Peak 227.59M) | Time:00:00.39 | Mem:0.00M, Peak:0.00M | Scene, ViewLayer | Synchronizing object | ENV_leaf_147
Fra:36 Mem:227.61M (Peak 227.61M) | Time:00:00.39 | Mem:0.00M, Peak:0.00M | Scene, ViewLayer | Synchronizing object | ENV_leaf_146
Fra:36 Mem:227.62M (Peak 227.62M) | Time:00:00.39 | Mem:0.00M, Peak:0.00M | Scene, ViewLayer | Synchronizing object | ENV_leaf_145
Fra:36 Mem:227.68M (Peak 227.68M) | Time:00:00.39 | Mem:0.00M, Peak:0.00M | Scene, ViewLayer | Synchronizing object | ENV_leaf_144
Fra:36 Mem:227.69M (Peak 227.69M) | Time:00:00.39 | Mem:0.00M, Peak:0.00M | Scene, ViewLayer | Synchronizing object | ENV_leaf_143
Fra:36 Mem:227.69M (Peak 227.69M) | Time:00:00.39 | Mem:0.00M, Peak:0.00M | Scene, ViewLayer | Synchronizing object | ENV_leaf_142
Fra:36 Mem:227.63M (Peak 227.69M) | Time:00:00.39 | Mem:0.00M, Peak:0.00M | Scene, ViewLayer | Synchronizing object | ENV_fern_38
Fra:36 Mem:227.72M (Peak 227.72M) | Time:00:00.39 | Mem:0.00M, Peak:0.00M | Scene, ViewLayer | Synchronizing object | ENV_leaf_141
Fra:36 Mem:227.72M (Peak 227.72M) | Time:00:00.39 | Mem:0.00M, Peak:0.00M | Scene, ViewLayer | Synchronizing object | ENV_leaf_140
Fra:36 Mem:227.73M (Peak 227.73M) | Time:00:00.39 | Mem:0.00M, Peak:0.00M | Scene, ViewLayer | Synchronizing object | ENV_leaf_139
Fra:36 Mem:227.93M (Peak 227.93M) | Time:00:00.39 | Mem:0.00M, Peak:0.00M | Scene, ViewLayer | Synchronizing object | ENV_leaf_138
Fra:36 Mem:228.01M (Peak 228.01M) | Time:00:00.39 | Mem:0.00M, Peak:0.00M | Scene, ViewLayer | Synchronizing object | ENV_leaf_137
Fra:36 Mem:228.01M (Peak 228.01M) | Time:00:00.39 | Mem:0.00M, Peak:0.00M | Scene, ViewLayer | Synchronizing object | ENV_leaf_136
Fra:36 Mem:228.02M (Peak 228.02M) | Time:00:00.39 | Mem:0.00M, Peak:0.00M | Scene, ViewLayer | Synchronizing object | ENV_leaf_135
Fra:36 Mem:228.12M (Peak 228.12M) | Time:00:00.39 | Mem:0.00M, Peak:0.00M | Scene, ViewLayer | Synchronizing object | ENV_leaf_134
Fra:36 Mem:228.12M (Peak 228.12M) | Time:00:00.39 | Mem:0.00M, Peak:0.00M | Scene, ViewLayer | Synchronizing object | ENV_leaf_133
Fra:36 Mem:228.13M (Peak 228.13M) | Time:00:00.39 | Mem:0.00M, Peak:0.00M | Scene, ViewLayer | Synchronizing object | ENV_leaf_132
Fra:36 Mem:228.13M (Peak 228.13M) | Time:00:00.39 | Mem:0.00M, Peak:0.00M | Scene, ViewLayer | Synchronizing object | ENV_leaf_131
Fra:36 Mem:228.16M (Peak 228.16M) | Time:00:00.39 | Mem:0.00M, Peak:0.00M | Scene, ViewLayer | Synchronizing object | ENV_leaf_130
Fra:36 Mem:228.24M (Peak 228.24M) | Time:00:00.39 | Mem:0.00M, Peak:0.00M | Scene, ViewLayer | Synchronizing object | ENV_leaf_129
Fra:36 Mem:228.24M (Peak 228.24M) | Time:00:00.39 | Mem:0.00M, Peak:0.00M | Scene, ViewLayer | Synchronizing object | ENV_leaf_128
Fra:36 Mem:228.24M (Peak 228.24M) | Time:00:00.39 | Mem:0.00M, Peak:0.00M | Scene, ViewLayer | Synchronizing object | ENV_leaf_127
Fra:36 Mem:228.25M (Peak 228.25M) | Time:00:00.39 | Mem:0.00M, Peak:0.00M | Scene, ViewLayer | Synchronizing object | ENV_leaf_126
Fra:36 Mem:228.25M (Peak 228.25M) | Time:00:00.39 | Mem:0.00M, Peak:0.00M | Scene, ViewLayer | Synchronizing object | ENV_leaf_125
Fra:36 Mem:228.24M (Peak 228.25M) | Time:00:00.39 | Mem:0.00M, Peak:0.00M | Scene, ViewLayer | Synchronizing object | ENV_leaf_124
Fra:36 Mem:228.24M (Peak 228.25M) | Time:00:00.39 | Mem:0.00M, Peak:0.00M | Scene, ViewLayer | Synchronizing object | ENV_leaf_123
Fra:36 Mem:228.24M (Peak 228.25M) | Time:00:00.39 | Mem:0.00M, Peak:0.00M | Scene, ViewLayer | Synchronizing object | ENV_leaf_122
Fra:36 Mem:228.25M (Peak 228.25M) | Time:00:00.39 | Mem:0.00M, Peak:0.00M | Scene, ViewLayer | Synchronizing object | ENV_leaf_121
Fra:36 Mem:228.25M (Peak 228.25M) | Time:00:00.39 | Mem:0.00M, Peak:0.00M | Scene, ViewLayer | Synchronizing object | ENV_leaf_120
Fra:36 Mem:228.26M (Peak 228.26M) | Time:00:00.39 | Mem:0.00M, Peak:0.00M | Scene, ViewLayer | Synchronizing object | ENV_leaf_119
Fra:36 Mem:228.26M (Peak 228.26M) | Time:00:00.39 | Mem:0.00M, Peak:0.00M | Scene, ViewLayer | Synchronizing object | ENV_leaf_118
Fra:36 Mem:228.27M (Peak 228.27M) | Time:00:00.39 | Mem:0.00M, Peak:0.00M | Scene, ViewLayer | Synchronizing object | ENV_leaf_117
Fra:36 Mem:228.27M (Peak 228.27M) | Time:00:00.39 | Mem:0.00M, Peak:0.00M | Scene, ViewLayer | Synchronizing object | ENV_leaf_116
Fra:36 Mem:228.27M (Peak 228.27M) | Time:00:00.39 | Mem:0.00M, Peak:0.00M | Scene, ViewLayer | Synchronizing object | ENV_leaf_115
Fra:36 Mem:228.28M (Peak 228.28M) | Time:00:00.39 | Mem:0.00M, Peak:0.00M | Scene, ViewLayer | Synchronizing object | ENV_leaf_114
Fra:36 Mem:228.28M (Peak 228.28M) | Time:00:00.39 | Mem:0.00M, Peak:0.00M | Scene, ViewLayer | Synchronizing object | ENV_leaf_113
Fra:36 Mem:228.29M (Peak 228.29M) | Time:00:00.39 | Mem:0.00M, Peak:0.00M | Scene, ViewLayer | Synchronizing object | ENV_leaf_112
Fra:36 Mem:228.29M (Peak 228.29M) | Time:00:00.39 | Mem:0.00M, Peak:0.00M | Scene, ViewLayer | Synchronizing object | ENV_leaf_111
Fra:36 Mem:228.29M (Peak 228.29M) | Time:00:00.39 | Mem:0.00M, Peak:0.00M | Scene, ViewLayer | Synchronizing object | ENV_leaf_110
Fra:36 Mem:228.30M (Peak 228.30M) | Time:00:00.39 | Mem:0.00M, Peak:0.00M | Scene, ViewLayer | Synchronizing object | ENV_leaf_109
Fra:36 Mem:228.38M (Peak 228.38M) | Time:00:00.39 | Mem:0.00M, Peak:0.00M | Scene, ViewLayer | Synchronizing object | ENV_leaf_108
Fra:36 Mem:228.38M (Peak 228.38M) | Time:00:00.39 | Mem:0.00M, Peak:0.00M | Scene, ViewLayer | Synchronizing object | ENV_leaf_107
Fra:36 Mem:228.39M (Peak 228.39M) | Time:00:00.39 | Mem:0.00M, Peak:0.00M | Scene, ViewLayer | Synchronizing object | ENV_leaf_106
Fra:36 Mem:228.39M (Peak 228.39M) | Time:00:00.39 | Mem:0.00M, Peak:0.00M | Scene, ViewLayer | Synchronizing object | ENV_leaf_105
Fra:36 Mem:228.39M (Peak 228.39M) | Time:00:00.39 | Mem:0.00M, Peak:0.00M | Scene, ViewLayer | Synchronizing object | ENV_leaf_104
Fra:36 Mem:228.40M (Peak 228.40M) | Time:00:00.39 | Mem:0.00M, Peak:0.00M | Scene, ViewLayer | Synchronizing object | ENV_leaf_103
Fra:36 Mem:228.43M (Peak 228.43M) | Time:00:00.39 | Mem:0.00M, Peak:0.00M | Scene, ViewLayer | Synchronizing object | ENV_leaf_102
Fra:36 Mem:228.43M (Peak 228.43M) | Time:00:00.39 | Mem:0.00M, Peak:0.00M | Scene, ViewLayer | Synchronizing object | ENV_leaf_101
Fra:36 Mem:228.44M (Peak 228.44M) | Time:00:00.39 | Mem:0.00M, Peak:0.00M | Scene, ViewLayer | Synchronizing object | ENV_leaf_100
Fra:36 Mem:228.52M (Peak 228.52M) | Time:00:00.39 | Mem:0.00M, Peak:0.00M | Scene, ViewLayer | Synchronizing object | ENV_leaf_99
Fra:36 Mem:228.52M (Peak 228.52M) | Time:00:00.39 | Mem:0.00M, Peak:0.00M | Scene, ViewLayer | Synchronizing object | ENV_leaf_98
Fra:36 Mem:228.53M (Peak 228.53M) | Time:00:00.39 | Mem:0.00M, Peak:0.00M | Scene, ViewLayer | Synchronizing object | ENV_leaf_97
Fra:36 Mem:228.53M (Peak 228.53M) | Time:00:00.39 | Mem:0.00M, Peak:0.00M | Scene, ViewLayer | Synchronizing object | ENV_leaf_96
Fra:36 Mem:228.46M (Peak 228.53M) | Time:00:00.39 | Mem:0.00M, Peak:0.00M | Scene, ViewLayer | Synchronizing object | ENV_fern_39
Fra:36 Mem:228.51M (Peak 228.53M) | Time:00:00.39 | Mem:0.00M, Peak:0.00M | Scene, ViewLayer | Synchronizing object | ENV_leaf_95
Fra:36 Mem:228.62M (Peak 228.62M) | Time:00:00.39 | Mem:0.00M, Peak:0.00M | Scene, ViewLayer | Synchronizing object | ENV_leaf_94
Fra:36 Mem:228.69M (Peak 228.69M) | Time:00:00.39 | Mem:0.00M, Peak:0.00M | Scene, ViewLayer | Synchronizing object | ENV_leaf_93
Fra:36 Mem:228.70M (Peak 228.70M) | Time:00:00.39 | Mem:0.00M, Peak:0.00M | Scene, ViewLayer | Synchronizing object | ENV_leaf_92
Fra:36 Mem:228.76M (Peak 228.76M) | Time:00:00.39 | Mem:0.00M, Peak:0.00M | Scene, ViewLayer | Synchronizing object | ENV_leaf_91
Fra:36 Mem:228.77M (Peak 228.77M) | Time:00:00.39 | Mem:0.00M, Peak:0.00M | Scene, ViewLayer | Synchronizing object | ENV_leaf_90
Fra:36 Mem:228.78M (Peak 228.78M) | Time:00:00.39 | Mem:0.00M, Peak:0.00M | Scene, ViewLayer | Synchronizing object | ENV_leaf_89
Fra:36 Mem:228.83M (Peak 228.83M) | Time:00:00.39 | Mem:0.00M, Peak:0.00M | Scene, ViewLayer | Synchronizing object | ENV_leaf_88
Fra:36 Mem:228.84M (Peak 228.84M) | Time:00:00.39 | Mem:0.00M, Peak:0.00M | Scene, ViewLayer | Synchronizing object | ENV_leaf_87
Fra:36 Mem:228.84M (Peak 228.84M) | Time:00:00.39 | Mem:0.00M, Peak:0.00M | Scene, ViewLayer | Synchronizing object | ENV_leaf_86
Fra:36 Mem:228.85M (Peak 228.85M) | Time:00:00.39 | Mem:0.00M, Peak:0.00M | Scene, ViewLayer | Synchronizing object | ENV_leaf_85
Fra:36 Mem:228.85M (Peak 228.85M) | Time:00:00.39 | Mem:0.00M, Peak:0.00M | Scene, ViewLayer | Synchronizing object | ENV_leaf_84
Fra:36 Mem:228.84M (Peak 228.85M) | Time:00:00.39 | Mem:0.00M, Peak:0.00M | Scene, ViewLayer | Synchronizing object | ENV_leaf_83
Fra:36 Mem:228.85M (Peak 228.85M) | Time:00:00.39 | Mem:0.00M, Peak:0.00M | Scene, ViewLayer | Synchronizing object | ENV_leaf_82
Fra:36 Mem:228.85M (Peak 228.85M) | Time:00:00.39 | Mem:0.00M, Peak:0.00M | Scene, ViewLayer | Synchronizing object | ENV_leaf_81
Fra:36 Mem:228.85M (Peak 228.85M) | Time:00:00.39 | Mem:0.00M, Peak:0.00M | Scene, ViewLayer | Synchronizing object | ENV_leaf_80
Fra:36 Mem:228.86M (Peak 228.86M) | Time:00:00.39 | Mem:0.00M, Peak:0.00M | Scene, ViewLayer | Synchronizing object | ENV_leaf_79
Fra:36 Mem:228.86M (Peak 228.86M) | Time:00:00.39 | Mem:0.00M, Peak:0.00M | Scene, ViewLayer | Synchronizing object | ENV_leaf_78
Fra:36 Mem:228.87M (Peak 228.87M) | Time:00:00.39 | Mem:0.00M, Peak:0.00M | Scene, ViewLayer | Synchronizing object | ENV_leaf_77
Fra:36 Mem:228.87M (Peak 228.87M) | Time:00:00.39 | Mem:0.00M, Peak:0.00M | Scene, ViewLayer | Synchronizing object | ENV_leaf_76
Fra:36 Mem:228.87M (Peak 228.87M) | Time:00:00.39 | Mem:0.00M, Peak:0.00M | Scene, ViewLayer | Synchronizing object | ENV_leaf_75
Fra:36 Mem:228.88M (Peak 228.88M) | Time:00:00.39 | Mem:0.00M, Peak:0.00M | Scene, ViewLayer | Synchronizing object | ENV_leaf_74
Fra:36 Mem:228.88M (Peak 228.88M) | Time:00:00.39 | Mem:0.00M, Peak:0.00M | Scene, ViewLayer | Synchronizing object | ENV_leaf_73
Fra:36 Mem:228.93M (Peak 228.93M) | Time:00:00.39 | Mem:0.00M, Peak:0.00M | Scene, ViewLayer | Synchronizing object | ENV_leaf_72
Fra:36 Mem:228.94M (Peak 228.94M) | Time:00:00.39 | Mem:0.00M, Peak:0.00M | Scene, ViewLayer | Synchronizing object | ENV_leaf_71
Fra:36 Mem:228.96M (Peak 228.96M) | Time:00:00.39 | Mem:0.00M, Peak:0.00M | Scene, ViewLayer | Synchronizing object | ENV_leaf_70
Fra:36 Mem:229.01M (Peak 229.01M) | Time:00:00.39 | Mem:0.00M, Peak:0.00M | Scene, ViewLayer | Synchronizing object | ENV_leaf_69
Fra:36 Mem:229.02M (Peak 229.02M) | Time:00:00.39 | Mem:0.00M, Peak:0.00M | Scene, ViewLayer | Synchronizing object | ENV_leaf_68
Fra:36 Mem:228.97M (Peak 229.02M) | Time:00:00.39 | Mem:0.00M, Peak:0.00M | Scene, ViewLayer | Synchronizing object | ENV_leaf_67
Fra:36 Mem:228.98M (Peak 229.02M) | Time:00:00.39 | Mem:0.00M, Peak:0.00M | Scene, ViewLayer | Synchronizing object | ENV_leaf_66
Fra:36 Mem:229.05M (Peak 229.05M) | Time:00:00.39 | Mem:0.00M, Peak:0.00M | Scene, ViewLayer | Synchronizing object | ENV_leaf_65
Fra:36 Mem:229.05M (Peak 229.05M) | Time:00:00.39 | Mem:0.00M, Peak:0.00M | Scene, ViewLayer | Synchronizing object | ENV_leaf_64
Fra:36 Mem:229.06M (Peak 229.06M) | Time:00:00.39 | Mem:0.00M, Peak:0.00M | Scene, ViewLayer | Synchronizing object | ENV_leaf_63
Fra:36 Mem:229.22M (Peak 229.22M) | Time:00:00.39 | Mem:0.00M, Peak:0.00M | Scene, ViewLayer | Synchronizing object | ENV_leaf_62
Fra:36 Mem:229.29M (Peak 229.29M) | Time:00:00.39 | Mem:0.00M, Peak:0.00M | Scene, ViewLayer | Synchronizing object | ENV_leaf_61
Fra:36 Mem:229.29M (Peak 229.29M) | Time:00:00.39 | Mem:0.00M, Peak:0.00M | Scene, ViewLayer | Synchronizing object | ENV_leaf_60
Fra:36 Mem:229.38M (Peak 229.38M) | Time:00:00.39 | Mem:0.00M, Peak:0.00M | Scene, ViewLayer | Synchronizing object | ENV_leaf_59
Fra:36 Mem:229.38M (Peak 229.38M) | Time:00:00.39 | Mem:0.00M, Peak:0.00M | Scene, ViewLayer | Synchronizing object | ENV_leaf_58
Fra:36 Mem:229.39M (Peak 229.39M) | Time:00:00.39 | Mem:0.00M, Peak:0.00M | Scene, ViewLayer | Synchronizing object | ENV_leaf_57
Fra:36 Mem:229.41M (Peak 229.41M) | Time:00:00.39 | Mem:0.00M, Peak:0.00M | Scene, ViewLayer | Synchronizing object | ENV_leaf_56
Fra:36 Mem:229.47M (Peak 229.47M) | Time:00:00.39 | Mem:0.00M, Peak:0.00M | Scene, ViewLayer | Synchronizing object | ENV_leaf_55
Fra:36 Mem:229.48M (Peak 229.48M) | Time:00:00.39 | Mem:0.00M, Peak:0.00M | Scene, ViewLayer | Synchronizing object | ENV_leaf_54
Fra:36 Mem:229.48M (Peak 229.48M) | Time:00:00.39 | Mem:0.00M, Peak:0.00M | Scene, ViewLayer | Synchronizing object | ENV_leaf_53
Fra:36 Mem:229.48M (Peak 229.48M) | Time:00:00.39 | Mem:0.00M, Peak:0.00M | Scene, ViewLayer | Synchronizing object | ENV_leaf_52
Fra:36 Mem:229.49M (Peak 229.49M) | Time:00:00.39 | Mem:0.00M, Peak:0.00M | Scene, ViewLayer | Synchronizing object | ENV_leaf_51
Fra:36 Mem:229.49M (Peak 229.49M) | Time:00:00.39 | Mem:0.00M, Peak:0.00M | Scene, ViewLayer | Synchronizing object | ENV_leaf_50
Fra:36 Mem:229.48M (Peak 229.49M) | Time:00:00.39 | Mem:0.00M, Peak:0.00M | Scene, ViewLayer | Synchronizing object | ENV_leaf_49
Fra:36 Mem:229.48M (Peak 229.49M) | Time:00:00.39 | Mem:0.00M, Peak:0.00M | Scene, ViewLayer | Synchronizing object | ENV_leaf_48
Fra:36 Mem:229.49M (Peak 229.49M) | Time:00:00.39 | Mem:0.00M, Peak:0.00M | Scene, ViewLayer | Synchronizing object | ENV_leaf_47
Fra:36 Mem:229.49M (Peak 229.49M) | Time:00:00.39 | Mem:0.00M, Peak:0.00M | Scene, ViewLayer | Synchronizing object | ENV_leaf_46
Fra:36 Mem:229.50M (Peak 229.50M) | Time:00:00.39 | Mem:0.00M, Peak:0.00M | Scene, ViewLayer | Synchronizing object | ENV_leaf_45
Fra:36 Mem:229.50M (Peak 229.50M) | Time:00:00.39 | Mem:0.00M, Peak:0.00M | Scene, ViewLayer | Synchronizing object | ENV_leaf_44
Fra:36 Mem:229.50M (Peak 229.50M) | Time:00:00.39 | Mem:0.00M, Peak:0.00M | Scene, ViewLayer | Synchronizing object | ENV_leaf_43
Fra:36 Mem:229.51M (Peak 229.51M) | Time:00:00.39 | Mem:0.00M, Peak:0.00M | Scene, ViewLayer | Synchronizing object | ENV_leaf_42
Fra:36 Mem:229.51M (Peak 229.51M) | Time:00:00.39 | Mem:0.00M, Peak:0.00M | Scene, ViewLayer | Synchronizing object | ENV_leaf_41
Fra:36 Mem:229.52M (Peak 229.52M) | Time:00:00.39 | Mem:0.00M, Peak:0.00M | Scene, ViewLayer | Synchronizing object | ENV_leaf_40
Fra:36 Mem:229.52M (Peak 229.52M) | Time:00:00.39 | Mem:0.00M, Peak:0.00M | Scene, ViewLayer | Synchronizing object | ENV_leaf_39
Fra:36 Mem:229.52M (Peak 229.52M) | Time:00:00.39 | Mem:0.00M, Peak:0.00M | Scene, ViewLayer | Synchronizing object | ENV_leaf_38
Fra:36 Mem:229.53M (Peak 229.53M) | Time:00:00.39 | Mem:0.00M, Peak:0.00M | Scene, ViewLayer | Synchronizing object | ENV_leaf_37
Fra:36 Mem:229.53M (Peak 229.53M) | Time:00:00.39 | Mem:0.00M, Peak:0.00M | Scene, ViewLayer | Synchronizing object | ENV_leaf_36
Fra:36 Mem:229.60M (Peak 229.60M) | Time:00:00.39 | Mem:0.00M, Peak:0.00M | Scene, ViewLayer | Synchronizing object | ENV_leaf_35
Fra:36 Mem:229.60M (Peak 229.60M) | Time:00:00.39 | Mem:0.00M, Peak:0.00M | Scene, ViewLayer | Synchronizing object | ENV_leaf_34
Fra:36 Mem:229.61M (Peak 229.61M) | Time:00:00.39 | Mem:0.00M, Peak:0.00M | Scene, ViewLayer | Synchronizing object | ENV_leaf_33
Fra:36 Mem:229.61M (Peak 229.61M) | Time:00:00.39 | Mem:0.00M, Peak:0.00M | Scene, ViewLayer | Synchronizing object | ENV_leaf_32
Fra:36 Mem:229.64M (Peak 229.64M) | Time:00:00.39 | Mem:0.00M, Peak:0.00M | Scene, ViewLayer | Synchronizing object | ENV_leaf_31
Fra:36 Mem:229.64M (Peak 229.64M) | Time:00:00.39 | Mem:0.00M, Peak:0.00M | Scene, ViewLayer | Synchronizing object | ENV_leaf_30
Fra:36 Mem:229.71M (Peak 229.71M) | Time:00:00.39 | Mem:0.00M, Peak:0.00M | Scene, ViewLayer | Synchronizing object | ENV_leaf_29
Fra:36 Mem:229.71M (Peak 229.71M) | Time:00:00.39 | Mem:0.00M, Peak:0.00M | Scene, ViewLayer | Synchronizing object | ENV_leaf_28
Fra:36 Mem:229.72M (Peak 229.72M) | Time:00:00.39 | Mem:0.00M, Peak:0.00M | Scene, ViewLayer | Synchronizing object | ENV_leaf_27
Fra:36 Mem:229.66M (Peak 229.72M) | Time:00:00.39 | Mem:0.00M, Peak:0.00M | Scene, ViewLayer | Synchronizing object | ENV_fern_41
Fra:36 Mem:229.66M (Peak 229.72M) | Time:00:00.39 | Mem:0.00M, Peak:0.00M | Scene, ViewLayer | Synchronizing object | ENV_leaf_26
Fra:36 Mem:229.75M (Peak 229.75M) | Time:00:00.39 | Mem:0.00M, Peak:0.00M | Scene, ViewLayer | Synchronizing object | ENV_leaf_25
Fra:36 Mem:229.83M (Peak 229.83M) | Time:00:00.39 | Mem:0.00M, Peak:0.00M | Scene, ViewLayer | Synchronizing object | ENV_leaf_24
Fra:36 Mem:230.03M (Peak 230.03M) | Time:00:00.39 | Mem:0.00M, Peak:0.00M | Scene, ViewLayer | Synchronizing object | ENV_leaf_23
Fra:36 Mem:230.03M (Peak 230.03M) | Time:00:00.39 | Mem:0.00M, Peak:0.00M | Scene, ViewLayer | Synchronizing object | ENV_leaf_22
Fra:36 Mem:230.14M (Peak 230.14M) | Time:00:00.39 | Mem:0.00M, Peak:0.00M | Scene, ViewLayer | Synchronizing object | ENV_leaf_21
Fra:36 Mem:230.14M (Peak 230.14M) | Time:00:00.39 | Mem:0.00M, Peak:0.00M | Scene, ViewLayer | Synchronizing object | ENV_leaf_20
Fra:36 Mem:230.15M (Peak 230.15M) | Time:00:00.39 | Mem:0.00M, Peak:0.00M | Scene, ViewLayer | Synchronizing object | ENV_leaf_19
Fra:36 Mem:230.17M (Peak 230.17M) | Time:00:00.39 | Mem:0.00M, Peak:0.00M | Scene, ViewLayer | Synchronizing object | ENV_leaf_18
Fra:36 Mem:230.25M (Peak 230.25M) | Time:00:00.39 | Mem:0.00M, Peak:0.00M | Scene, ViewLayer | Synchronizing object | ENV_leaf_17
Fra:36 Mem:230.25M (Peak 230.25M) | Time:00:00.39 | Mem:0.00M, Peak:0.00M | Scene, ViewLayer | Synchronizing object | ENV_leaf_16
Fra:36 Mem:230.26M (Peak 230.26M) | Time:00:00.39 | Mem:0.00M, Peak:0.00M | Scene, ViewLayer | Synchronizing object | ENV_leaf_15
Fra:36 Mem:230.26M (Peak 230.26M) | Time:00:00.39 | Mem:0.00M, Peak:0.00M | Scene, ViewLayer | Synchronizing object | ENV_leaf_14
Fra:36 Mem:230.27M (Peak 230.27M) | Time:00:00.39 | Mem:0.00M, Peak:0.00M | Scene, ViewLayer | Synchronizing object | ENV_leaf_13
Fra:36 Mem:230.27M (Peak 230.27M) | Time:00:00.39 | Mem:0.00M, Peak:0.00M | Scene, ViewLayer | Synchronizing object | ENV_leaf_12
Fra:36 Mem:230.27M (Peak 230.27M) | Time:00:00.39 | Mem:0.00M, Peak:0.00M | Scene, ViewLayer | Synchronizing object | ENV_leaf_11
Fra:36 Mem:230.26M (Peak 230.27M) | Time:00:00.39 | Mem:0.00M, Peak:0.00M | Scene, ViewLayer | Synchronizing object | ENV_leaf_10
Fra:36 Mem:230.26M (Peak 230.27M) | Time:00:00.39 | Mem:0.00M, Peak:0.00M | Scene, ViewLayer | Synchronizing object | ENV_leaf_9
Fra:36 Mem:230.27M (Peak 230.27M) | Time:00:00.39 | Mem:0.00M, Peak:0.00M | Scene, ViewLayer | Synchronizing object | ENV_leaf_8
Fra:36 Mem:230.27M (Peak 230.27M) | Time:00:00.39 | Mem:0.00M, Peak:0.00M | Scene, ViewLayer | Synchronizing object | ENV_leaf_7
Fra:36 Mem:230.27M (Peak 230.27M) | Time:00:00.39 | Mem:0.00M, Peak:0.00M | Scene, ViewLayer | Synchronizing object | ENV_leaf_6
Fra:36 Mem:230.28M (Peak 230.28M) | Time:00:00.39 | Mem:0.00M, Peak:0.00M | Scene, ViewLayer | Synchronizing object | ENV_leaf_5
Fra:36 Mem:230.28M (Peak 230.28M) | Time:00:00.39 | Mem:0.00M, Peak:0.00M | Scene, ViewLayer | Synchronizing object | ENV_leaf_4
Fra:36 Mem:230.29M (Peak 230.29M) | Time:00:00.39 | Mem:0.00M, Peak:0.00M | Scene, ViewLayer | Synchronizing object | ENV_leaf_3
Fra:36 Mem:230.29M (Peak 230.29M) | Time:00:00.39 | Mem:0.00M, Peak:0.00M | Scene, ViewLayer | Synchronizing object | ENV_leaf_2
Fra:36 Mem:230.30M (Peak 230.30M) | Time:00:00.39 | Mem:0.00M, Peak:0.00M | Scene, ViewLayer | Synchronizing object | ENV_leaf_1
Fra:36 Mem:230.30M (Peak 230.30M) | Time:00:00.39 | Mem:0.00M, Peak:0.00M | Scene, ViewLayer | Synchronizing object | ENV_leaf_0
Fra:36 Mem:230.30M (Peak 230.30M) | Time:00:00.39 | Mem:0.00M, Peak:0.00M | Scene, ViewLayer | Synchronizing object | ENV_fern_77
Fra:36 Mem:230.96M (Peak 230.96M) | Time:00:00.39 | Mem:0.00M, Peak:0.00M | Scene, ViewLayer | Synchronizing object | ENV_fern_42
Fra:36 Mem:231.42M (Peak 231.42M) | Time:00:00.39 | Mem:0.00M, Peak:0.00M | Scene, ViewLayer | Synchronizing object | ENV_fern_43
Fra:36 Mem:231.82M (Peak 231.82M) | Time:00:00.39 | Mem:0.00M, Peak:0.00M | Scene, ViewLayer | Synchronizing object | ENV_fern_76
Fra:36 Mem:232.40M (Peak 232.40M) | Time:00:00.40 | Mem:0.00M, Peak:0.00M | Scene, ViewLayer | Synchronizing object | ENV_fern_44
Fra:36 Mem:232.95M (Peak 232.95M) | Time:00:00.40 | Mem:0.00M, Peak:0.00M | Scene, ViewLayer | Synchronizing object | ENV_fern_75
Fra:36 Mem:233.50M (Peak 233.50M) | Time:00:00.40 | Mem:0.00M, Peak:0.00M | Scene, ViewLayer | Synchronizing object | ENV_fern_74
Fra:36 Mem:233.99M (Peak 233.99M) | Time:00:00.40 | Mem:0.00M, Peak:0.00M | Scene, ViewLayer | Synchronizing object | ENV_fern_45
Fra:36 Mem:234.54M (Peak 234.54M) | Time:00:00.40 | Mem:0.00M, Peak:0.00M | Scene, ViewLayer | Synchronizing object | ENV_fern_46
Fra:36 Mem:234.94M (Peak 234.94M) | Time:00:00.40 | Mem:0.00M, Peak:0.00M | Scene, ViewLayer | Synchronizing object | ENV_fern_73
Fra:36 Mem:235.59M (Peak 235.59M) | Time:00:00.40 | Mem:0.00M, Peak:0.00M | Scene, ViewLayer | Synchronizing object | ENV_fern_47
Fra:36 Mem:235.97M (Peak 235.97M) | Time:00:00.40 | Mem:0.00M, Peak:0.00M | Scene, ViewLayer | Synchronizing object | ENV_fern_72
Fra:36 Mem:236.55M (Peak 236.55M) | Time:00:00.40 | Mem:0.00M, Peak:0.00M | Scene, ViewLayer | Synchronizing object | ENV_fern_71
Fra:36 Mem:237.21M (Peak 237.21M) | Time:00:00.40 | Mem:0.00M, Peak:0.00M | Scene, ViewLayer | Synchronizing object | ENV_fern_48
Fra:36 Mem:237.66M (Peak 237.66M) | Time:00:00.40 | Mem:0.00M, Peak:0.00M | Scene, ViewLayer | Synchronizing object | ENV_fern_49
Fra:36 Mem:238.06M (Peak 238.06M) | Time:00:00.40 | Mem:0.00M, Peak:0.00M | Scene, ViewLayer | Synchronizing object | ENV_fern_70
Fra:36 Mem:238.71M (Peak 238.71M) | Time:00:00.40 | Mem:0.00M, Peak:0.00M | Scene, ViewLayer | Synchronizing object | ENV_fern_50
Fra:36 Mem:239.09M (Peak 239.09M) | Time:00:00.40 | Mem:0.00M, Peak:0.00M | Scene, ViewLayer | Synchronizing object | ENV_fern_69
Fra:36 Mem:239.67M (Peak 239.67M) | Time:00:00.40 | Mem:0.00M, Peak:0.00M | Scene, ViewLayer | Synchronizing object | ENV_fern_68
Fra:36 Mem:240.25M (Peak 240.25M) | Time:00:00.40 | Mem:0.00M, Peak:0.00M | Scene, ViewLayer | Synchronizing object | ENV_fern_51
Fra:36 Mem:240.81M (Peak 240.81M) | Time:00:00.40 | Mem:0.00M, Peak:0.00M | Scene, ViewLayer | Synchronizing object | ENV_fern_52
Fra:36 Mem:241.01M (Peak 241.01M) | Time:00:00.40 | Mem:0.00M, Peak:0.00M | Scene, ViewLayer | Synchronizing object | ENV_fern_67
Fra:36 Mem:241.92M (Peak 241.92M) | Time:00:00.40 | Mem:0.00M, Peak:0.00M | Scene, ViewLayer | Synchronizing object | ENV_fern_53
Fra:36 Mem:241.94M (Peak 241.94M) | Time:00:00.40 | Mem:0.00M, Peak:0.00M | Scene, ViewLayer | Synchronizing object | ENV_fern_66
Fra:36 Mem:242.79M (Peak 242.79M) | Time:00:00.40 | Mem:0.00M, Peak:0.00M | Scene, ViewLayer | Synchronizing object | ENV_fern_65
Fra:36 Mem:243.45M (Peak 243.45M) | Time:00:00.41 | Mem:0.00M, Peak:0.00M | Scene, ViewLayer | Synchronizing object | ENV_fern_54
Fra:36 Mem:243.93M (Peak 243.93M) | Time:00:00.41 | Mem:0.00M, Peak:0.00M | Scene, ViewLayer | Synchronizing object | ENV_fern_55
Fra:36 Mem:244.23M (Peak 244.23M) | Time:00:00.41 | Mem:0.00M, Peak:0.00M | Scene, ViewLayer | Synchronizing object | ENV_fern_64
Fra:36 Mem:244.98M (Peak 244.98M) | Time:00:00.41 | Mem:0.00M, Peak:0.00M | Scene, ViewLayer | Synchronizing object | ENV_fern_56
Fra:36 Mem:245.06M (Peak 245.06M) | Time:00:00.41 | Mem:0.00M, Peak:0.00M | Scene, ViewLayer | Synchronizing object | ENV_fern_63
Fra:36 Mem:245.91M (Peak 245.91M) | Time:00:00.41 | Mem:0.00M, Peak:0.00M | Scene, ViewLayer | Synchronizing object | ENV_fern_62
Fra:36 Mem:246.57M (Peak 246.57M) | Time:00:00.41 | Mem:0.00M, Peak:0.00M | Scene, ViewLayer | Synchronizing object | ENV_fern_57
Fra:36 Mem:246.99M (Peak 246.99M) | Time:00:00.41 | Mem:0.00M, Peak:0.00M | Scene, ViewLayer | Synchronizing object | ENV_fern_61
Fra:36 Mem:247.51M (Peak 247.51M) | Time:00:00.41 | Mem:0.00M, Peak:0.00M | Scene, ViewLayer | Synchronizing object | ENV_fern_58
Fra:36 Mem:248.03M (Peak 248.03M) | Time:00:00.41 | Mem:0.00M, Peak:0.00M | Scene, ViewLayer | Synchronizing object | ENV_fern_60
Fra:36 Mem:248.47M (Peak 248.47M) | Time:00:00.41 | Mem:0.00M, Peak:0.00M | Scene, ViewLayer | Synchronizing object | ENV_fern_59
Fra:36 Mem:249.14M (Peak 249.14M) | Time:00:00.41 | Mem:0.00M, Peak:0.00M | Scene, ViewLayer | Initializing
Fra:36 Mem:125.41M (Peak 249.14M) | Time:00:00.45 | Mem:0.00M, Peak:0.00M | Scene, ViewLayer | Waiting for render to start
Fra:36 Mem:125.41M (Peak 249.14M) | Time:00:00.45 | Mem:0.00M, Peak:0.00M | Scene, ViewLayer | Updating Scene
Fra:36 Mem:125.41M (Peak 249.14M) | Time:00:00.45 | Mem:0.00M, Peak:0.00M | Scene, ViewLayer | Updating Shaders
Fra:36 Mem:125.41M (Peak 249.14M) | Time:00:00.45 | Mem:0.00M, Peak:0.00M | Scene, ViewLayer | Loading render kernels (may take a few minutes the first time)
Fra:36 Mem:125.54M (Peak 249.14M) | Time:00:00.45 | Mem:0.05M, Peak:0.05M | Scene, ViewLayer | Updating Procedurals
Fra:36 Mem:125.54M (Peak 249.14M) | Time:00:00.45 | Mem:0.05M, Peak:0.05M | Scene, ViewLayer | Updating Background
Fra:36 Mem:125.54M (Peak 249.14M) | Time:00:00.45 | Mem:0.05M, Peak:0.05M | Scene, ViewLayer | Updating Camera
Fra:36 Mem:125.54M (Peak 249.14M) | Time:00:00.45 | Mem:0.05M, Peak:0.05M | Scene, ViewLayer | Updating Meshes Flags
Fra:36 Mem:125.54M (Peak 249.14M) | Time:00:00.45 | Mem:0.05M, Peak:0.05M | Scene, ViewLayer | Updating Objects
Fra:36 Mem:125.54M (Peak 249.14M) | Time:00:00.45 | Mem:0.05M, Peak:0.05M | Scene, ViewLayer | Updating Objects | Copying Transformations to device
Fra:36 Mem:126.08M (Peak 249.14M) | Time:00:00.45 | Mem:0.57M, Peak:0.57M | Scene, ViewLayer | Updating Particle Systems
Fra:36 Mem:126.08M (Peak 249.14M) | Time:00:00.45 | Mem:0.57M, Peak:0.57M | Scene, ViewLayer | Updating Particle Systems | Copying Particles to device
Fra:36 Mem:126.08M (Peak 249.14M) | Time:00:00.45 | Mem:0.57M, Peak:0.57M | Scene, ViewLayer | Updating Meshes
Fra:36 Mem:126.08M (Peak 249.14M) | Time:00:00.45 | Mem:0.57M, Peak:0.57M | Scene, ViewLayer | Updating Objects | Applying Static Transformations
Fra:36 Mem:126.08M (Peak 249.14M) | Time:00:00.46 | Mem:0.57M, Peak:0.57M | Scene, ViewLayer | Updating Mesh | Computing attributes
Fra:36 Mem:134.17M (Peak 249.14M) | Time:00:00.46 | Mem:0.65M, Peak:0.65M | Scene, ViewLayer | Updating Mesh | Copying Attributes to device
Fra:36 Mem:133.94M (Peak 249.14M) | Time:00:00.46 | Mem:8.43M, Peak:8.43M | Scene, ViewLayer | Updating Geometry BVH FX_010_dot_src 2/4 | Building BVH
Fra:36 Mem:133.94M (Peak 249.14M) | Time:00:00.46 | Mem:8.43M, Peak:8.43M | Scene, ViewLayer | Updating Geometry BVH FX_010_dot_src 2/4 | Building BVH 0%
Fra:36 Mem:133.94M (Peak 249.14M) | Time:00:00.46 | Mem:8.44M, Peak:8.44M | Scene, ViewLayer | Updating Geometry BVH MOSS_PATCH_A.001 3/4 | Building BVH
Fra:36 Mem:133.94M (Peak 249.14M) | Time:00:00.46 | Mem:8.45M, Peak:8.46M | Scene, ViewLayer | Updating Geometry BVH MOSS_PATCH_B.001 4/4 | Building BVH
Fra:36 Mem:133.94M (Peak 249.14M) | Time:00:00.46 | Mem:8.47M, Peak:8.47M | Scene, ViewLayer | Updating Geometry BVH ROCK_SMALL.001 5/4 | Building BVH
Fra:36 Mem:133.94M (Peak 249.14M) | Time:00:00.47 | Mem:8.48M, Peak:8.49M | Scene, ViewLayer | Updating Scene BVH | Building
Fra:36 Mem:133.97M (Peak 249.14M) | Time:00:00.47 | Mem:8.48M, Peak:8.49M | Scene, ViewLayer | Updating Scene BVH | Building BVH
Fra:36 Mem:133.97M (Peak 249.14M) | Time:00:00.71 | Mem:112.54M, Peak:112.54M | Scene, ViewLayer | Updating Scene BVH | Building BVH 96%
Fra:36 Mem:133.97M (Peak 249.14M) | Time:00:00.72 | Mem:80.79M, Peak:116.54M | Scene, ViewLayer | Updating Scene BVH | Copying BVH to device
Fra:36 Mem:133.97M (Peak 249.14M) | Time:00:00.72 | Mem:80.79M, Peak:116.54M | Scene, ViewLayer | Updating Mesh | Computing normals
Fra:36 Mem:167.35M (Peak 249.14M) | Time:00:00.74 | Mem:80.79M, Peak:116.54M | Scene, ViewLayer | Updating Mesh | Copying Mesh to device
Fra:36 Mem:167.35M (Peak 249.14M) | Time:00:00.74 | Mem:114.16M, Peak:116.54M | Scene, ViewLayer | Updating Objects Flags
Fra:36 Mem:167.35M (Peak 249.14M) | Time:00:00.74 | Mem:114.18M, Peak:116.54M | Scene, ViewLayer | Updating Primitive Offsets
Fra:36 Mem:167.36M (Peak 249.14M) | Time:00:00.74 | Mem:114.19M, Peak:116.54M | Scene, ViewLayer | Updating Images
Fra:36 Mem:167.36M (Peak 249.14M) | Time:00:00.74 | Mem:114.19M, Peak:116.54M | Scene, ViewLayer | Updating Camera Volume
Fra:36 Mem:167.36M (Peak 249.14M) | Time:00:00.74 | Mem:114.19M, Peak:116.54M | Scene, ViewLayer | Updating Lookup Tables
Fra:36 Mem:167.36M (Peak 249.14M) | Time:00:00.74 | Mem:114.27M, Peak:116.54M | Scene, ViewLayer | Updating Lights
Fra:36 Mem:167.36M (Peak 249.14M) | Time:00:00.74 | Mem:114.27M, Peak:116.54M | Scene, ViewLayer | Updating Lights | Computing tree
Fra:36 Mem:168.04M (Peak 249.14M) | Time:00:00.76 | Mem:114.95M, Peak:116.54M | Scene, ViewLayer | Updating Integrator
Fra:36 Mem:168.04M (Peak 249.14M) | Time:00:00.76 | Mem:114.95M, Peak:116.54M | Scene, ViewLayer | Updating Film
Fra:36 Mem:168.04M (Peak 249.14M) | Time:00:00.76 | Mem:114.87M, Peak:116.54M | Scene, ViewLayer | Updating Lookup Tables
Fra:36 Mem:168.04M (Peak 249.14M) | Time:00:00.76 | Mem:114.96M, Peak:116.54M | Scene, ViewLayer | Updating Baking
Fra:36 Mem:168.04M (Peak 249.14M) | Time:00:00.76 | Mem:114.96M, Peak:116.54M | Scene, ViewLayer | Updating Device | Writing constant memory
Fra:36 Mem:168.08M (Peak 249.14M) | Time:00:00.76 | Mem:114.96M, Peak:116.54M | Scene, ViewLayer | Loading denoising kernels (may take a few minutes the first time)
Fra:36 Mem:168.08M (Peak 249.14M) | Time:00:00.76 | Mem:114.96M, Peak:116.54M | Scene, ViewLayer | Sample 0/64
Fra:36 Mem:318.40M (Peak 318.40M) | Time:00:15.02 | Remaining:14:58.68 | Mem:265.25M, Peak:265.25M | Scene, ViewLayer | Sample 1/64
Fra:36 Mem:318.40M (Peak 318.40M) | Time:00:43.18 | Remaining:14:22.60 | Mem:265.25M, Peak:265.25M | Scene, ViewLayer | Sample 3/64
Fra:36 Mem:318.40M (Peak 318.40M) | Time:01:10.89 | Remaining:13:47.57 | Mem:265.25M, Peak:265.25M | Scene, ViewLayer | Sample 5/64
Fra:36 Mem:318.40M (Peak 318.40M) | Time:01:38.77 | Remaining:13:18.11 | Mem:265.25M, Peak:265.25M | Scene, ViewLayer | Sample 7/64
Fra:36 Mem:318.40M (Peak 318.40M) | Time:02:06.50 | Remaining:12:48.43 | Mem:265.25M, Peak:265.25M | Scene, ViewLayer | Sample 9/64
Fra:36 Mem:318.40M (Peak 318.40M) | Time:02:34.53 | Remaining:12:20.88 | Mem:265.25M, Peak:265.25M | Scene, ViewLayer | Sample 11/64
Fra:36 Mem:318.40M (Peak 318.40M) | Time:03:01.96 | Remaining:11:50.88 | Mem:265.25M, Peak:265.25M | Scene, ViewLayer | Sample 13/64
Fra:36 Mem:318.40M (Peak 318.40M) | Time:03:29.66 | Remaining:11:22.43 | Mem:265.25M, Peak:265.25M | Scene, ViewLayer | Sample 15/64
Fra:36 Mem:318.40M (Peak 318.40M) | Time:03:57.71 | Remaining:10:55.11 | Mem:265.25M, Peak:265.25M | Scene, ViewLayer | Sample 17/64
Fra:36 Mem:318.40M (Peak 318.40M) | Time:04:24.70 | Remaining:10:25.13 | Mem:265.25M, Peak:265.25M | Scene, ViewLayer | Sample 19/64
Fra:36 Mem:318.40M (Peak 318.40M) | Time:04:51.50 | Remaining:09:55.32 | Mem:265.25M, Peak:265.25M | Scene, ViewLayer | Sample 21/64
Fra:36 Mem:318.40M (Peak 318.40M) | Time:05:17.76 | Remaining:09:25.08 | Mem:265.25M, Peak:265.25M | Scene, ViewLayer | Sample 23/64
Fra:36 Mem:318.40M (Peak 318.40M) | Time:05:44.53 | Remaining:08:56.28 | Mem:265.25M, Peak:265.25M | Scene, ViewLayer | Sample 25/64
Fra:36 Mem:318.40M (Peak 318.40M) | Time:06:12.11 | Remaining:08:28.88 | Mem:265.25M, Peak:265.25M | Scene, ViewLayer | Sample 27/64
Fra:36 Mem:318.40M (Peak 318.40M) | Time:06:39.37 | Remaining:08:01.08 | Mem:265.25M, Peak:265.25M | Scene, ViewLayer | Sample 29/64
Fra:36 Mem:318.40M (Peak 318.40M) | Time:07:05.86 | Remaining:07:32.52 | Mem:265.25M, Peak:265.25M | Scene, ViewLayer | Sample 31/64
Fra:36 Mem:318.40M (Peak 318.40M) | Time:07:34.39 | Remaining:07:06.14 | Mem:265.25M, Peak:265.25M | Scene, ViewLayer | Sample 33/64
Fra:36 Mem:318.40M (Peak 318.40M) | Time:08:02.02 | Remaining:06:38.76 | Mem:265.25M, Peak:265.25M | Scene, ViewLayer | Sample 35/64
Fra:36 Mem:318.40M (Peak 318.40M) | Time:08:28.37 | Remaining:06:10.42 | Mem:265.25M, Peak:265.25M | Scene, ViewLayer | Sample 37/64
Fra:36 Mem:318.40M (Peak 318.40M) | Time:08:53.96 | Remaining:05:41.79 | Mem:265.25M, Peak:265.25M | Scene, ViewLayer | Sample 39/64
Fra:36 Mem:318.40M (Peak 318.40M) | Time:09:20.24 | Remaining:05:13.85 | Mem:265.25M, Peak:265.25M | Scene, ViewLayer | Sample 41/64
Fra:36 Mem:318.40M (Peak 318.40M) | Time:09:47.25 | Remaining:04:46.42 | Mem:265.25M, Peak:265.25M | Scene, ViewLayer | Sample 43/64
Fra:36 Mem:318.40M (Peak 318.40M) | Time:10:13.15 | Remaining:04:18.56 | Mem:265.25M, Peak:265.25M | Scene, ViewLayer | Sample 45/64
Fra:36 Mem:318.40M (Peak 318.40M) | Time:10:39.75 | Remaining:03:51.12 | Mem:265.25M, Peak:265.25M | Scene, ViewLayer | Sample 47/64
Fra:36 Mem:318.40M (Peak 318.40M) | Time:11:07.52 | Remaining:03:24.11 | Mem:265.25M, Peak:265.25M | Scene, ViewLayer | Sample 49/64
Fra:36 Mem:318.40M (Peak 318.40M) | Time:11:34.84 | Remaining:02:56.92 | Mem:265.25M, Peak:265.25M | Scene, ViewLayer | Sample 51/64
Fra:36 Mem:318.40M (Peak 318.40M) | Time:12:01.35 | Remaining:02:29.55 | Mem:265.25M, Peak:265.25M | Scene, ViewLayer | Sample 53/64
Fra:36 Mem:318.40M (Peak 318.40M) | Time:12:27.96 | Remaining:02:02.26 | Mem:265.25M, Peak:265.25M | Scene, ViewLayer | Sample 55/64
Fra:36 Mem:318.40M (Peak 318.40M) | Time:12:54.07 | Remaining:01:34.96 | Mem:265.25M, Peak:265.25M | Scene, ViewLayer | Sample 57/64
Fra:36 Mem:318.40M (Peak 318.40M) | Time:13:21.15 | Remaining:01:07.83 | Mem:265.25M, Peak:265.25M | Scene, ViewLayer | Sample 59/64
Fra:36 Mem:318.40M (Peak 318.40M) | Time:13:47.17 | Remaining:00:40.64 | Mem:265.25M, Peak:265.25M | Scene, ViewLayer | Sample 61/64
Fra:36 Mem:318.40M (Peak 318.40M) | Time:14:16.30 | Remaining:00:13.58 | Mem:265.25M, Peak:265.25M | Scene, ViewLayer | Sample 63/64
Fra:36 Mem:381.68M (Peak 476.60M) | Time:14:46.57 | Mem:265.25M, Peak:265.25M | Scene, ViewLayer | Sample 64/64
Fra:36 Mem:381.68M (Peak 476.60M) | Time:14:46.57 | Mem:265.25M, Peak:265.25M | Scene, ViewLayer | Finished
Saved: '/home/user/liuflexrobo/GLIMMER/renders/final/SHOT_001/frame_0036.jpg'
Time: 14:46.84 (Saving: 00:00.24)

FINAL_FR SHOT_001 36 886.9s
Fra:372 Mem:135.19M (Peak 135.19M) | Time:00:00.12 | Mem:0.00M, Peak:0.00M | Scene, ViewLayer | Synchronizing object | FX_001_abdomen
Fra:372 Mem:135.21M (Peak 135.21M) | Time:00:00.12 | Mem:0.00M, Peak:0.00M | Scene, ViewLayer | Synchronizing object | FX_001_body
Fra:372 Mem:135.24M (Peak 135.24M) | Time:00:00.12 | Mem:0.00M, Peak:0.00M | Scene, ViewLayer | Synchronizing object | FX_001_wing_L
Fra:372 Mem:135.24M (Peak 135.24M) | Time:00:00.12 | Mem:0.00M, Peak:0.00M | Scene, ViewLayer | Synchronizing object | FX_001_wing_R
Fra:372 Mem:135.25M (Peak 135.25M) | Time:00:00.12 | Mem:0.00M, Peak:0.00M | Scene, ViewLayer | Synchronizing object | FX_010_dot_src
Fra:372 Mem:135.41M (Peak 135.41M) | Time:00:00.12 | Mem:0.00M, Peak:0.00M | Scene, ViewLayer | Synchronizing object | FX_010_swarm
Fra:372 Mem:135.22M (Peak 135.41M) | Time:00:00.12 | Mem:0.00M, Peak:0.00M | Scene, ViewLayer | Synchronizing object | LIGHT_ff_practical
Fra:372 Mem:135.22M (Peak 135.41M) | Time:00:00.12 | Mem:0.00M, Peak:0.00M | Scene, ViewLayer | Synchronizing object | LIGHT_sun
Fra:372 Mem:135.22M (Peak 135.41M) | Time:00:00.12 | Mem:0.00M, Peak:0.00M | Scene, ViewLayer | Synchronizing object | LIGHT_moon
Fra:372 Mem:135.22M (Peak 135.41M) | Time:00:00.12 | Mem:0.00M, Peak:0.00M | Scene, ViewLayer | Synchronizing object | LIGHT_shaft_0
Fra:372 Mem:135.22M (Peak 135.41M) | Time:00:00.12 | Mem:0.00M, Peak:0.00M | Scene, ViewLayer | Synchronizing object | LIGHT_shaft_1
Fra:372 Mem:135.23M (Peak 135.41M) | Time:00:00.12 | Mem:0.00M, Peak:0.00M | Scene, ViewLayer | Synchronizing object | LIGHT_char_fill
Fra:372 Mem:135.24M (Peak 135.41M) | Time:00:00.12 | Mem:0.00M, Peak:0.00M | Scene, ViewLayer | Synchronizing object | LIGHT_night_rim
Fra:372 Mem:135.24M (Peak 135.41M) | Time:00:00.12 | Mem:0.00M, Peak:0.00M | Scene, ViewLayer | Synchronizing object | LIGHT_night_fill
Fra:372 Mem:135.24M (Peak 135.41M) | Time:00:00.12 | Mem:0.00M, Peak:0.00M | Scene, ViewLayer | Synchronizing object | LIGHT_robot_key
Fra:372 Mem:136.00M (Peak 136.00M) | Time:00:00.16 | Mem:0.00M, Peak:0.00M | Scene, ViewLayer | Synchronizing object | CHAR_001_head
Fra:372 Mem:136.27M (Peak 136.27M) | Time:00:00.16 | Mem:0.00M, Peak:0.00M | Scene, ViewLayer | Synchronizing object | CHAR_001_antenna
Fra:372 Mem:139.18M (Peak 139.18M) | Time:00:00.17 | Mem:0.00M, Peak:0.00M | Scene, ViewLayer | Synchronizing object | TWIG_A
Fra:372 Mem:139.23M (Peak 139.23M) | Time:00:00.17 | Mem:0.00M, Peak:0.00M | Scene, ViewLayer | Synchronizing object | TWIG_B
Fra:372 Mem:139.62M (Peak 139.62M) | Time:00:00.17 | Mem:0.00M, Peak:0.00M | Scene, ViewLayer | Synchronizing object | CHAR_001_head_hatch
Fra:372 Mem:139.83M (Peak 139.83M) | Time:00:00.17 | Mem:0.00M, Peak:0.00M | Scene, ViewLayer | Synchronizing object | CHAR_001_head_seam
Fra:372 Mem:139.83M (Peak 139.83M) | Time:00:00.17 | Mem:0.00M, Peak:0.00M | Scene, ViewLayer | Synchronizing object | CHAR_001_eye_rim_L
Fra:372 Mem:139.85M (Peak 139.85M) | Time:00:00.17 | Mem:0.00M, Peak:0.00M | Scene, ViewLayer | Synchronizing object | CHAR_001_eye_L
Fra:372 Mem:139.88M (Peak 139.88M) | Time:00:00.17 | Mem:0.00M, Peak:0.00M | Scene, ViewLayer | Synchronizing object | CHAR_001_iris_L
Fra:372 Mem:139.89M (Peak 139.89M) | Time:00:00.17 | Mem:0.00M, Peak:0.00M | Scene, ViewLayer | Synchronizing object | CHAR_001_eye_rim_R
Fra:372 Mem:139.91M (Peak 139.91M) | Time:00:00.17 | Mem:0.00M, Peak:0.00M | Scene, ViewLayer | Synchronizing object | CHAR_001_eye_R
Fra:372 Mem:139.93M (Peak 139.93M) | Time:00:00.17 | Mem:0.00M, Peak:0.00M | Scene, ViewLayer | Synchronizing object | CHAR_001_iris_R
Fra:372 Mem:139.94M (Peak 139.94M) | Time:00:00.17 | Mem:0.00M, Peak:0.00M | Scene, ViewLayer | Synchronizing object | CHAR_001_antenna_tip
Fra:372 Mem:139.95M (Peak 139.95M) | Time:00:00.17 | Mem:0.00M, Peak:0.00M | Scene, ViewLayer | Synchronizing object | CHAR_001_torso
Fra:372 Mem:139.97M (Peak 139.97M) | Time:00:00.17 | Mem:0.00M, Peak:0.00M | Scene, ViewLayer | Synchronizing object | CHAR_001_torso_panel
Fra:372 Mem:139.98M (Peak 139.98M) | Time:00:00.17 | Mem:0.00M, Peak:0.00M | Scene, ViewLayer | Synchronizing object | CHAR_001_rivets
Fra:372 Mem:140.00M (Peak 140.00M) | Time:00:00.17 | Mem:0.00M, Peak:0.00M | Scene, ViewLayer | Synchronizing object | CHAR_001_vents
Fra:372 Mem:140.01M (Peak 140.01M) | Time:00:00.17 | Mem:0.00M, Peak:0.00M | Scene, ViewLayer | Synchronizing object | CHAR_001_neck
Fra:372 Mem:140.01M (Peak 140.01M) | Time:00:00.17 | Mem:0.00M, Peak:0.00M | Scene, ViewLayer | Synchronizing object | CHAR_001_shoulder_L
Fra:372 Mem:140.02M (Peak 140.02M) | Time:00:00.17 | Mem:0.00M, Peak:0.00M | Scene, ViewLayer | Synchronizing object | CHAR_001_upperarm_L
Fra:372 Mem:140.04M (Peak 140.04M) | Time:00:00.17 | Mem:0.00M, Peak:0.00M | Scene, ViewLayer | Synchronizing object | CHAR_001_forearm_L
Fra:372 Mem:140.04M (Peak 140.04M) | Time:00:00.17 | Mem:0.00M, Peak:0.00M | Scene, ViewLayer | Synchronizing object | CHAR_001_hand_L
Fra:372 Mem:140.11M (Peak 140.11M) | Time:00:00.17 | Mem:0.00M, Peak:0.00M | Scene, ViewLayer | Synchronizing object | CHAR_001_shoulder_R
Fra:372 Mem:140.12M (Peak 140.12M) | Time:00:00.17 | Mem:0.00M, Peak:0.00M | Scene, ViewLayer | Synchronizing object | CHAR_001_upperarm_R
Fra:372 Mem:140.12M (Peak 140.12M) | Time:00:00.17 | Mem:0.00M, Peak:0.00M | Scene, ViewLayer | Synchronizing object | CHAR_001_forearm_R
Fra:372 Mem:140.13M (Peak 140.13M) | Time:00:00.17 | Mem:0.00M, Peak:0.00M | Scene, ViewLayer | Synchronizing object | CHAR_001_hand_R
Fra:372 Mem:140.18M (Peak 140.18M) | Time:00:00.17 | Mem:0.00M, Peak:0.00M | Scene, ViewLayer | Synchronizing object | CHAR_001_finger_R_index
Fra:372 Mem:140.21M (Peak 140.21M) | Time:00:00.17 | Mem:0.00M, Peak:0.00M | Scene, ViewLayer | Synchronizing object | CHAR_001_chassis
Fra:372 Mem:140.22M (Peak 140.22M) | Time:00:00.17 | Mem:0.00M, Peak:0.00M | Scene, ViewLayer | Synchronizing object | CHAR_001_track_plates_L
Fra:372 Mem:140.27M (Peak 140.27M) | Time:00:00.17 | Mem:0.00M, Peak:0.00M | Scene, ViewLayer | Synchronizing object | CHAR_001_wheel_L_0
Fra:372 Mem:140.26M (Peak 140.27M) | Time:00:00.17 | Mem:0.00M, Peak:0.00M | Scene, ViewLayer | Synchronizing object | CHAR_001_wheel_L_1
Fra:372 Mem:140.26M (Peak 140.27M) | Time:00:00.17 | Mem:0.00M, Peak:0.00M | Scene, ViewLayer | Synchronizing object | CHAR_001_wheel_L_2
Fra:372 Mem:140.45M (Peak 140.45M) | Time:00:00.17 | Mem:0.00M, Peak:0.00M | Scene, ViewLayer | Synchronizing object | CHAR_001_wheel_L_3
Fra:372 Mem:140.59M (Peak 140.59M) | Time:00:00.17 | Mem:0.00M, Peak:0.00M | Scene, ViewLayer | Synchronizing object | CHAR_001_wheel_L_4
Fra:372 Mem:140.60M (Peak 140.60M) | Time:00:00.17 | Mem:0.00M, Peak:0.00M | Scene, ViewLayer | Synchronizing object | CHAR_001_fender_L
Fra:372 Mem:140.60M (Peak 140.60M) | Time:00:00.17 | Mem:0.00M, Peak:0.00M | Scene, ViewLayer | Synchronizing object | CHAR_001_track_plates_R
Fra:372 Mem:140.65M (Peak 140.65M) | Time:00:00.17 | Mem:0.00M, Peak:0.00M | Scene, ViewLayer | Synchronizing object | CHAR_001_wheel_R_0
Fra:372 Mem:140.66M (Peak 140.66M) | Time:00:00.17 | Mem:0.00M, Peak:0.00M | Scene, ViewLayer | Synchronizing object | CHAR_001_wheel_R_1
Fra:372 Mem:140.66M (Peak 140.66M) | Time:00:00.17 | Mem:0.00M, Peak:0.00M | Scene, ViewLayer | Synchronizing object | CHAR_001_wheel_R_2
Fra:372 Mem:140.67M (Peak 140.67M) | Time:00:00.17 | Mem:0.00M, Peak:0.00M | Scene, ViewLayer | Synchronizing object | CHAR_001_wheel_R_3
Fra:372 Mem:140.67M (Peak 140.67M) | Time:00:00.17 | Mem:0.00M, Peak:0.00M | Scene, ViewLayer | Synchronizing object | CHAR_001_wheel_R_4
Fra:372 Mem:140.68M (Peak 140.68M) | Time:00:00.17 | Mem:0.00M, Peak:0.00M | Scene, ViewLayer | Synchronizing object | CHAR_001_fender_R
Fra:372 Mem:140.69M (Peak 140.69M) | Time:00:00.17 | Mem:0.00M, Peak:0.00M | Scene, ViewLayer | Synchronizing object | TREE_TRUNK_A
Fra:372 Mem:141.45M (Peak 142.02M) | Time:00:00.17 | Mem:0.00M, Peak:0.00M | Scene, ViewLayer | Synchronizing object | TREE_TRUNK_B
Fra:372 Mem:142.21M (Peak 142.54M) | Time:00:00.18 | Mem:0.00M, Peak:0.00M | Scene, ViewLayer | Synchronizing object | TREE_TRUNK_C
Fra:372 Mem:142.97M (Peak 143.54M) | Time:00:00.18 | Mem:0.00M, Peak:0.00M | Scene, ViewLayer | Synchronizing object | ROOT_A
Fra:372 Mem:142.99M (Peak 143.54M) | Time:00:00.18 | Mem:0.00M, Peak:0.00M | Scene, ViewLayer | Synchronizing object | ROOT_B
Fra:372 Mem:143.00M (Peak 143.54M) | Time:00:00.18 | Mem:0.00M, Peak:0.00M | Scene, ViewLayer | Synchronizing object | ROOT_C
Fra:372 Mem:143.02M (Peak 143.54M) | Time:00:00.18 | Mem:0.00M, Peak:0.00M | Scene, ViewLayer | Synchronizing object | FALLEN_LOG_HERO
Fra:372 Mem:143.10M (Peak 143.54M) | Time:00:00.18 | Mem:0.00M, Peak:0.00M | Scene, ViewLayer | Synchronizing object | FERN_A
Fra:372 Mem:143.49M (Peak 143.54M) | Time:00:00.18 | Mem:0.00M, Peak:0.00M | Scene, ViewLayer | Synchronizing object | FERN_B
Fra:372 Mem:144.00M (Peak 144.00M) | Time:00:00.18 | Mem:0.00M, Peak:0.00M | Scene, ViewLayer | Synchronizing object | FERN_C
Fra:372 Mem:144.95M (Peak 144.95M) | Time:00:00.18 | Mem:0.00M, Peak:0.00M | Scene, ViewLayer | Synchronizing object | MOSS_PATCH_A
Fra:372 Mem:144.96M (Peak 144.96M) | Time:00:00.18 | Mem:0.00M, Peak:0.00M | Scene, ViewLayer | Synchronizing object | MOSS_PATCH_B
Fra:372 Mem:144.97M (Peak 144.97M) | Time:00:00.18 | Mem:0.00M, Peak:0.00M | Scene, ViewLayer | Synchronizing object | GROUND_LEAF_A
Fra:372 Mem:144.97M (Peak 144.97M) | Time:00:00.18 | Mem:0.00M, Peak:0.00M | Scene, ViewLayer | Synchronizing object | GROUND_LEAF_B
Fra:372 Mem:144.98M (Peak 144.98M) | Time:00:00.18 | Mem:0.00M, Peak:0.00M | Scene, ViewLayer | Synchronizing object | GROUND_LEAF_C
Fra:372 Mem:144.98M (Peak 144.98M) | Time:00:00.18 | Mem:0.00M, Peak:0.00M | Scene, ViewLayer | Synchronizing object | ROCK_SMALL
Fra:372 Mem:144.99M (Peak 144.99M) | Time:00:00.18 | Mem:0.00M, Peak:0.00M | Scene, ViewLayer | Synchronizing object | BACKGROUND_TREE
Fra:372 Mem:145.57M (Peak 145.57M) | Time:00:00.18 | Mem:0.00M, Peak:0.00M | Scene, ViewLayer | Synchronizing object | ENV_ground
Fra:372 Mem:146.81M (Peak 146.95M) | Time:00:00.18 | Mem:0.00M, Peak:0.00M | Scene, ViewLayer | Synchronizing object | ENV_hero_tree
Fra:372 Mem:147.57M (Peak 148.14M) | Time:00:00.19 | Mem:0.00M, Peak:0.00M | Scene, ViewLayer | Synchronizing object | ENV_root_0
Fra:372 Mem:147.58M (Peak 148.14M) | Time:00:00.19 | Mem:0.00M, Peak:0.00M | Scene, ViewLayer | Synchronizing object | ENV_root_1
Fra:372 Mem:147.60M (Peak 148.14M) | Time:00:00.19 | Mem:0.00M, Peak:0.00M | Scene, ViewLayer | Synchronizing object | ENV_root_2
Fra:372 Mem:147.61M (Peak 148.14M) | Time:00:00.19 | Mem:0.00M, Peak:0.00M | Scene, ViewLayer | Synchronizing object | ENV_root_3
Fra:372 Mem:147.63M (Peak 148.14M) | Time:00:00.19 | Mem:0.00M, Peak:0.00M | Scene, ViewLayer | Synchronizing object | ENV_root_4
Fra:372 Mem:147.64M (Peak 148.14M) | Time:00:00.19 | Mem:0.00M, Peak:0.00M | Scene, ViewLayer | Synchronizing object | ENV_root_5
Fra:372 Mem:147.65M (Peak 148.14M) | Time:00:00.19 | Mem:0.00M, Peak:0.00M | Scene, ViewLayer | Synchronizing object | ENV_fallen_log
Fra:372 Mem:148.03M (Peak 148.14M) | Time:00:00.19 | Mem:0.00M, Peak:0.00M | Scene, ViewLayer | Synchronizing object | ENV_midtree_0
Fra:372 Mem:148.49M (Peak 149.05M) | Time:00:00.19 | Mem:0.00M, Peak:0.00M | Scene, ViewLayer | Synchronizing object | ENV_midtree_1
Fra:372 Mem:149.26M (Peak 149.83M) | Time:00:00.19 | Mem:0.00M, Peak:0.00M | Scene, ViewLayer | Synchronizing object | ENV_midtree_2
Fra:372 Mem:150.02M (Peak 150.59M) | Time:00:00.19 | Mem:0.00M, Peak:0.00M | Scene, ViewLayer | Synchronizing object | ENV_midtree_3
Fra:372 Mem:150.78M (Peak 151.35M) | Time:00:00.19 | Mem:0.00M, Peak:0.00M | Scene, ViewLayer | Synchronizing object | ENV_midtree_4
Fra:372 Mem:151.24M (Peak 151.81M) | Time:00:00.20 | Mem:0.00M, Peak:0.00M | Scene, ViewLayer | Synchronizing object | ENV_midtree_5
Fra:372 Mem:152.00M (Peak 152.57M) | Time:00:00.20 | Mem:0.00M, Peak:0.00M | Scene, ViewLayer | Synchronizing object | ENV_bgtree_0
Fra:372 Mem:152.59M (Peak 152.59M) | Time:00:00.20 | Mem:0.00M, Peak:0.00M | Scene, ViewLayer | Synchronizing object | ENV_bgtree_1
Fra:372 Mem:153.17M (Peak 153.17M) | Time:00:00.20 | Mem:0.00M, Peak:0.00M | Scene, ViewLayer | Synchronizing object | ENV_bgtree_2
Fra:372 Mem:153.81M (Peak 153.81M) | Time:00:00.20 | Mem:0.00M, Peak:0.00M | Scene, ViewLayer | Synchronizing object | ENV_bgtree_3
Fra:372 Mem:154.63M (Peak 154.63M) | Time:00:00.20 | Mem:0.00M, Peak:0.00M | Scene, ViewLayer | Synchronizing object | ENV_bgtree_4
Fra:372 Mem:155.21M (Peak 155.21M) | Time:00:00.20 | Mem:0.00M, Peak:0.00M | Scene, ViewLayer | Synchronizing object | ENV_bgtree_5
Fra:372 Mem:156.09M (Peak 156.09M) | Time:00:00.20 | Mem:0.00M, Peak:0.00M | Scene, ViewLayer | Synchronizing object | ENV_bgtree_6
Fra:372 Mem:156.67M (Peak 156.67M) | Time:00:00.20 | Mem:0.00M, Peak:0.00M | Scene, ViewLayer | Synchronizing object | ENV_bgtree_7
Fra:372 Mem:157.23M (Peak 157.23M) | Time:00:00.20 | Mem:0.00M, Peak:0.00M | Scene, ViewLayer | Synchronizing object | ENV_bgtree_8
Fra:372 Mem:158.11M (Peak 158.11M) | Time:00:00.20 | Mem:0.00M, Peak:0.00M | Scene, ViewLayer | Synchronizing object | ENV_bgtree_9
Fra:372 Mem:158.99M (Peak 158.99M) | Time:00:00.21 | Mem:0.00M, Peak:0.00M | Scene, ViewLayer | Synchronizing object | ENV_bgtree_10
Fra:372 Mem:159.87M (Peak 159.87M) | Time:00:00.21 | Mem:0.00M, Peak:0.00M | Scene, ViewLayer | Synchronizing object | ENV_bgtree_11
Fra:372 Mem:160.74M (Peak 160.74M) | Time:00:00.21 | Mem:0.00M, Peak:0.00M | Scene, ViewLayer | Synchronizing object | ENV_bgtree_12
Fra:372 Mem:161.62M (Peak 161.62M) | Time:00:00.21 | Mem:0.00M, Peak:0.00M | Scene, ViewLayer | Synchronizing object | ENV_bgtree_13
Fra:372 Mem:162.50M (Peak 162.50M) | Time:00:00.21 | Mem:0.00M, Peak:0.00M | Scene, ViewLayer | Synchronizing object | ENV_bgtree_14
Fra:372 Mem:163.38M (Peak 163.38M) | Time:00:00.21 | Mem:0.00M, Peak:0.00M | Scene, ViewLayer | Synchronizing object | ENV_bgtree_15
Fra:372 Mem:164.26M (Peak 164.26M) | Time:00:00.22 | Mem:0.00M, Peak:0.00M | Scene, ViewLayer | Synchronizing object | ENV_bgtree_16
Fra:372 Mem:165.14M (Peak 165.14M) | Time:00:00.22 | Mem:0.00M, Peak:0.00M | Scene, ViewLayer | Synchronizing object | ENV_bgtree_17
Fra:372 Mem:166.01M (Peak 166.01M) | Time:00:00.22 | Mem:0.00M, Peak:0.00M | Scene, ViewLayer | Synchronizing object | ENV_bgtree_18
Fra:372 Mem:166.89M (Peak 166.89M) | Time:00:00.22 | Mem:0.00M, Peak:0.00M | Scene, ViewLayer | Synchronizing object | ENV_bgtree_19
Fra:372 Mem:167.77M (Peak 167.77M) | Time:00:00.22 | Mem:0.00M, Peak:0.00M | Scene, ViewLayer | Synchronizing object | ENV_bgtree_20
Fra:372 Mem:168.65M (Peak 168.65M) | Time:00:00.22 | Mem:0.00M, Peak:0.00M | Scene, ViewLayer | Synchronizing object | ENV_bgtree_21
Fra:372 Mem:169.53M (Peak 169.53M) | Time:00:00.22 | Mem:0.00M, Peak:0.00M | Scene, ViewLayer | Synchronizing object | ENV_bgtree_22
Fra:372 Mem:170.40M (Peak 170.40M) | Time:00:00.23 | Mem:0.00M, Peak:0.00M | Scene, ViewLayer | Synchronizing object | ENV_bgtree_23
Fra:372 Mem:171.28M (Peak 171.28M) | Time:00:00.23 | Mem:0.00M, Peak:0.00M | Scene, ViewLayer | Synchronizing object | ENV_bgtree_24
Fra:372 Mem:172.16M (Peak 172.16M) | Time:00:00.23 | Mem:0.00M, Peak:0.00M | Scene, ViewLayer | Synchronizing object | ENV_bgtree_25
Fra:372 Mem:173.05M (Peak 173.05M) | Time:00:00.23 | Mem:0.00M, Peak:0.00M | Scene, ViewLayer | Synchronizing object | ENV_bgtree_26
Fra:372 Mem:173.93M (Peak 173.93M) | Time:00:00.23 | Mem:0.00M, Peak:0.00M | Scene, ViewLayer | Synchronizing object | ENV_bgtree_27
Fra:372 Mem:174.80M (Peak 174.80M) | Time:00:00.23 | Mem:0.00M, Peak:0.00M | Scene, ViewLayer | Synchronizing object | ENV_bgtree_28
Fra:372 Mem:175.68M (Peak 175.68M) | Time:00:00.24 | Mem:0.00M, Peak:0.00M | Scene, ViewLayer | Synchronizing object | ENV_bgtree_29
Fra:372 Mem:176.56M (Peak 176.56M) | Time:00:00.24 | Mem:0.00M, Peak:0.00M | Scene, ViewLayer | Synchronizing object | ENV_bgtree_30
Fra:372 Mem:177.44M (Peak 177.44M) | Time:00:00.24 | Mem:0.00M, Peak:0.00M | Scene, ViewLayer | Synchronizing object | ENV_bgtree_31
Fra:372 Mem:178.32M (Peak 178.32M) | Time:00:00.24 | Mem:0.00M, Peak:0.00M | Scene, ViewLayer | Synchronizing object | ENV_bgtree_32
Fra:372 Mem:179.19M (Peak 179.19M) | Time:00:00.24 | Mem:0.00M, Peak:0.00M | Scene, ViewLayer | Synchronizing object | ENV_bgtree_33
Fra:372 Mem:180.07M (Peak 180.07M) | Time:00:00.24 | Mem:0.00M, Peak:0.00M | Scene, ViewLayer | Synchronizing object | ENV_bgtree_34
Fra:372 Mem:180.95M (Peak 180.95M) | Time:00:00.24 | Mem:0.00M, Peak:0.00M | Scene, ViewLayer | Synchronizing object | ENV_bgtree_35
Fra:372 Mem:181.83M (Peak 181.83M) | Time:00:00.25 | Mem:0.00M, Peak:0.00M | Scene, ViewLayer | Synchronizing object | ENV_bgtree_36
Fra:372 Mem:182.71M (Peak 182.71M) | Time:00:00.25 | Mem:0.00M, Peak:0.00M | Scene, ViewLayer | Synchronizing object | ENV_bgtree_37
Fra:372 Mem:183.59M (Peak 183.59M) | Time:00:00.25 | Mem:0.00M, Peak:0.00M | Scene, ViewLayer | Synchronizing object | ENV_bgtree_38
Fra:372 Mem:184.46M (Peak 184.46M) | Time:00:00.25 | Mem:0.00M, Peak:0.00M | Scene, ViewLayer | Synchronizing object | ENV_bgtree_39
Fra:372 Mem:185.35M (Peak 185.35M) | Time:00:00.25 | Mem:0.00M, Peak:0.00M | Scene, ViewLayer | Synchronizing object | ENV_bgtree_40
Fra:372 Mem:186.22M (Peak 186.22M) | Time:00:00.25 | Mem:0.00M, Peak:0.00M | Scene, ViewLayer | Synchronizing object | ENV_bgtree_41
Fra:372 Mem:187.10M (Peak 187.10M) | Time:00:00.26 | Mem:0.00M, Peak:0.00M | Scene, ViewLayer | Synchronizing object | ENV_bgtree_42
Fra:372 Mem:187.98M (Peak 187.98M) | Time:00:00.26 | Mem:0.00M, Peak:0.00M | Scene, ViewLayer | Synchronizing object | ENV_bgtree_43
Fra:372 Mem:188.85M (Peak 188.85M) | Time:00:00.26 | Mem:0.00M, Peak:0.00M | Scene, ViewLayer | Synchronizing object | ENV_bgtree_44
Fra:372 Mem:189.73M (Peak 189.73M) | Time:00:00.26 | Mem:0.00M, Peak:0.00M | Scene, ViewLayer | Synchronizing object | ENV_bgtree_45
Fra:372 Mem:190.61M (Peak 190.61M) | Time:00:00.26 | Mem:0.00M, Peak:0.00M | Scene, ViewLayer | Synchronizing object | ENV_bgtree_46
Fra:372 Mem:191.49M (Peak 191.49M) | Time:00:00.26 | Mem:0.00M, Peak:0.00M | Scene, ViewLayer | Synchronizing object | ENV_bgtree_47
Fra:372 Mem:192.37M (Peak 192.37M) | Time:00:00.27 | Mem:0.00M, Peak:0.00M | Scene, ViewLayer | Synchronizing object | ENV_bgtree_48
Fra:372 Mem:193.25M (Peak 193.25M) | Time:00:00.27 | Mem:0.00M, Peak:0.00M | Scene, ViewLayer | Synchronizing object | ENV_bgtree_49
Fra:372 Mem:194.12M (Peak 194.12M) | Time:00:00.27 | Mem:0.00M, Peak:0.00M | Scene, ViewLayer | Synchronizing object | ENV_bgtree_50
Fra:372 Mem:195.00M (Peak 195.00M) | Time:00:00.27 | Mem:0.00M, Peak:0.00M | Scene, ViewLayer | Synchronizing object | ENV_bgtree_51
Fra:372 Mem:195.88M (Peak 195.88M) | Time:00:00.27 | Mem:0.00M, Peak:0.00M | Scene, ViewLayer | Synchronizing object | ENV_bgtree_52
Fra:372 Mem:196.76M (Peak 196.76M) | Time:00:00.27 | Mem:0.00M, Peak:0.00M | Scene, ViewLayer | Synchronizing object | ENV_bgtree_53
Fra:372 Mem:197.64M (Peak 197.64M) | Time:00:00.28 | Mem:0.00M, Peak:0.00M | Scene, ViewLayer | Synchronizing object | ENV_bgtree_54
Fra:372 Mem:198.51M (Peak 198.51M) | Time:00:00.28 | Mem:0.00M, Peak:0.00M | Scene, ViewLayer | Synchronizing object | ENV_bgtree_55
Fra:372 Mem:199.39M (Peak 199.39M) | Time:00:00.28 | Mem:0.00M, Peak:0.00M | Scene, ViewLayer | Synchronizing object | ENV_bgtree_56
Fra:372 Mem:200.27M (Peak 200.27M) | Time:00:00.28 | Mem:0.00M, Peak:0.00M | Scene, ViewLayer | Synchronizing object | ENV_bgtree_57
Fra:372 Mem:201.15M (Peak 201.15M) | Time:00:00.28 | Mem:0.00M, Peak:0.00M | Scene, ViewLayer | Synchronizing object | ENV_bgtree_58
Fra:372 Mem:202.03M (Peak 202.03M) | Time:00:00.28 | Mem:0.00M, Peak:0.00M | Scene, ViewLayer | Synchronizing object | ENV_bgtree_59
Fra:372 Mem:202.63M (Peak 202.63M) | Time:00:00.28 | Mem:0.00M, Peak:0.00M | Scene, ViewLayer | Synchronizing object | ENV_fern_0
Fra:372 Mem:203.05M (Peak 203.05M) | Time:00:00.29 | Mem:0.00M, Peak:0.00M | Scene, ViewLayer | Synchronizing object | ENV_fern_1
Fra:372 Mem:203.59M (Peak 203.59M) | Time:00:00.29 | Mem:0.00M, Peak:0.00M | Scene, ViewLayer | Synchronizing object | ENV_fern_2
Fra:372 Mem:204.26M (Peak 204.26M) | Time:00:00.29 | Mem:0.00M, Peak:0.00M | Scene, ViewLayer | Synchronizing object | ENV_fern_3
Fra:372 Mem:204.68M (Peak 204.68M) | Time:00:00.29 | Mem:0.00M, Peak:0.00M | Scene, ViewLayer | Synchronizing object | ENV_fern_4
Fra:372 Mem:205.22M (Peak 205.22M) | Time:00:00.29 | Mem:0.00M, Peak:0.00M | Scene, ViewLayer | Synchronizing object | ENV_fern_5
Fra:372 Mem:205.89M (Peak 205.89M) | Time:00:00.29 | Mem:0.00M, Peak:0.00M | Scene, ViewLayer | Synchronizing object | ENV_fern_6
Fra:372 Mem:206.30M (Peak 206.30M) | Time:00:00.29 | Mem:0.00M, Peak:0.00M | Scene, ViewLayer | Synchronizing object | ENV_fern_7
Fra:372 Mem:206.84M (Peak 206.84M) | Time:00:00.29 | Mem:0.00M, Peak:0.00M | Scene, ViewLayer | Synchronizing object | ENV_fern_8
Fra:372 Mem:207.51M (Peak 207.51M) | Time:00:00.29 | Mem:0.00M, Peak:0.00M | Scene, ViewLayer | Synchronizing object | ENV_fern_9
Fra:372 Mem:207.92M (Peak 207.92M) | Time:00:00.29 | Mem:0.00M, Peak:0.00M | Scene, ViewLayer | Synchronizing object | ENV_fern_10
Fra:372 Mem:208.47M (Peak 208.47M) | Time:00:00.29 | Mem:0.00M, Peak:0.00M | Scene, ViewLayer | Synchronizing object | ENV_fern_11
Fra:372 Mem:209.15M (Peak 209.15M) | Time:00:00.29 | Mem:0.00M, Peak:0.00M | Scene, ViewLayer | Synchronizing object | ENV_fern_12
Fra:372 Mem:209.57M (Peak 209.57M) | Time:00:00.29 | Mem:0.00M, Peak:0.00M | Scene, ViewLayer | Synchronizing object | ENV_fern_13
Fra:372 Mem:210.11M (Peak 210.11M) | Time:00:00.29 | Mem:0.00M, Peak:0.00M | Scene, ViewLayer | Synchronizing object | ENV_fern_14
Fra:372 Mem:210.57M (Peak 210.57M) | Time:00:00.29 | Mem:0.00M, Peak:0.00M | Scene, ViewLayer | Synchronizing object | ENV_twig_0
Fra:372 Mem:210.71M (Peak 210.71M) | Time:00:00.29 | Mem:0.00M, Peak:0.00M | Scene, ViewLayer | Synchronizing object | ENV_twig_1
Fra:372 Mem:210.74M (Peak 210.74M) | Time:00:00.29 | Mem:0.00M, Peak:0.00M | Scene, ViewLayer | Synchronizing object | ENV_twig_2
Fra:372 Mem:210.79M (Peak 210.79M) | Time:00:00.29 | Mem:0.00M, Peak:0.00M | Scene, ViewLayer | Synchronizing object | ENV_twig_3
Fra:372 Mem:210.83M (Peak 210.83M) | Time:00:00.29 | Mem:0.00M, Peak:0.00M | Scene, ViewLayer | Synchronizing object | ENV_twig_4
Fra:372 Mem:210.88M (Peak 210.88M) | Time:00:00.29 | Mem:0.00M, Peak:0.00M | Scene, ViewLayer | Synchronizing object | ENV_twig_5
Fra:372 Mem:211.00M (Peak 211.00M) | Time:00:00.30 | Mem:0.00M, Peak:0.00M | Scene, ViewLayer | Synchronizing object | ENV_twig_6
Fra:372 Mem:211.07M (Peak 211.07M) | Time:00:00.30 | Mem:0.00M, Peak:0.00M | Scene, ViewLayer | Synchronizing object | ENV_fern_15
Fra:372 Mem:211.30M (Peak 211.30M) | Time:00:00.30 | Mem:0.00M, Peak:0.00M | Scene, ViewLayer | Synchronizing object | ENV_twig_7
Fra:372 Mem:211.47M (Peak 211.47M) | Time:00:00.30 | Mem:0.00M, Peak:0.00M | Scene, ViewLayer | Synchronizing object | ENV_twig_8
Fra:372 Mem:211.50M (Peak 211.50M) | Time:00:00.30 | Mem:0.00M, Peak:0.00M | Scene, ViewLayer | Synchronizing object | ENV_twig_9
Fra:372 Mem:211.55M (Peak 211.55M) | Time:00:00.30 | Mem:0.00M, Peak:0.00M | Scene, ViewLayer | Synchronizing object | ENV_twig_10
Fra:372 Mem:211.66M (Peak 211.66M) | Time:00:00.30 | Mem:0.00M, Peak:0.00M | Scene, ViewLayer | Synchronizing object | ENV_twig_11
Fra:372 Mem:211.70M (Peak 211.70M) | Time:00:00.30 | Mem:0.00M, Peak:0.00M | Scene, ViewLayer | Synchronizing object | ENV_fern_16
Fra:372 Mem:211.77M (Peak 211.77M) | Time:00:00.30 | Mem:0.00M, Peak:0.00M | Scene, ViewLayer | Synchronizing object | ENV_twig_12
Fra:372 Mem:212.12M (Peak 212.12M) | Time:00:00.30 | Mem:0.00M, Peak:0.00M | Scene, ViewLayer | Synchronizing object | ENV_twig_13
Fra:372 Mem:212.25M (Peak 212.25M) | Time:00:00.30 | Mem:0.00M, Peak:0.00M | Scene, ViewLayer | Synchronizing object | ENV_twig_14
Fra:372 Mem:212.28M (Peak 212.28M) | Time:00:00.30 | Mem:0.00M, Peak:0.00M | Scene, ViewLayer | Synchronizing object | ENV_twig_15
Fra:372 Mem:212.32M (Peak 212.32M) | Time:00:00.30 | Mem:0.00M, Peak:0.00M | Scene, ViewLayer | Synchronizing object | ENV_twig_16
Fra:372 Mem:212.37M (Peak 212.37M) | Time:00:00.30 | Mem:0.00M, Peak:0.00M | Scene, ViewLayer | Synchronizing object | ENV_twig_17
Fra:372 Mem:212.48M (Peak 212.48M) | Time:00:00.30 | Mem:0.00M, Peak:0.00M | Scene, ViewLayer | Synchronizing object | ENV_twig_18
Fra:372 Mem:212.54M (Peak 212.54M) | Time:00:00.30 | Mem:0.00M, Peak:0.00M | Scene, ViewLayer | Synchronizing object | ENV_fern_17
Fra:372 Mem:212.63M (Peak 212.63M) | Time:00:00.30 | Mem:0.00M, Peak:0.00M | Scene, ViewLayer | Synchronizing object | ENV_twig_19
Fra:372 Mem:213.05M (Peak 213.05M) | Time:00:00.30 | Mem:0.00M, Peak:0.00M | Scene, ViewLayer | Synchronizing object | ENV_twig_20
Fra:372 Mem:213.19M (Peak 213.19M) | Time:00:00.30 | Mem:0.00M, Peak:0.00M | Scene, ViewLayer | Synchronizing object | ENV_twig_21
Fra:372 Mem:213.24M (Peak 213.24M) | Time:00:00.30 | Mem:0.00M, Peak:0.00M | Scene, ViewLayer | Synchronizing object | ENV_twig_22
Fra:372 Mem:213.26M (Peak 213.26M) | Time:00:00.30 | Mem:0.00M, Peak:0.00M | Scene, ViewLayer | Synchronizing object | ENV_twig_23
Fra:372 Mem:213.31M (Peak 213.31M) | Time:00:00.30 | Mem:0.00M, Peak:0.00M | Scene, ViewLayer | Synchronizing object | ENV_twig_24
Fra:372 Mem:213.35M (Peak 213.35M) | Time:00:00.30 | Mem:0.00M, Peak:0.00M | Scene, ViewLayer | Synchronizing object | ENV_twig_25
Fra:372 Mem:213.51M (Peak 213.51M) | Time:00:00.30 | Mem:0.00M, Peak:0.00M | Scene, ViewLayer | Synchronizing object | ENV_fern_18
Fra:372 Mem:213.57M (Peak 213.57M) | Time:00:00.30 | Mem:0.00M, Peak:0.00M | Scene, ViewLayer | Synchronizing object | PROP_twig_hero
Fra:372 Mem:213.74M (Peak 213.74M) | Time:00:00.30 | Mem:0.00M, Peak:0.00M | Scene, ViewLayer | Synchronizing object | ENV_mist
Fra:372 Mem:213.81M (Peak 213.81M) | Time:00:00.30 | Mem:0.00M, Peak:0.00M | Scene, ViewLayer | Synchronizing object | ENV_leaf_1099
Fra:372 Mem:213.87M (Peak 213.87M) | Time:00:00.30 | Mem:0.00M, Peak:0.00M | Scene, ViewLayer | Synchronizing object | ENV_leaf_1098
Fra:372 Mem:213.87M (Peak 213.87M) | Time:00:00.30 | Mem:0.00M, Peak:0.00M | Scene, ViewLayer | Synchronizing object | ENV_leaf_1097
Fra:372 Mem:213.88M (Peak 213.88M) | Time:00:00.30 | Mem:0.00M, Peak:0.00M | Scene, ViewLayer | Synchronizing object | ENV_leaf_1096
Fra:372 Mem:213.87M (Peak 213.88M) | Time:00:00.30 | Mem:0.00M, Peak:0.00M | Scene, ViewLayer | Synchronizing object | ENV_leaf_1095
Fra:372 Mem:213.87M (Peak 213.88M) | Time:00:00.30 | Mem:0.00M, Peak:0.00M | Scene, ViewLayer | Synchronizing object | ENV_leaf_1094
Fra:372 Mem:213.88M (Peak 213.88M) | Time:00:00.30 | Mem:0.00M, Peak:0.00M | Scene, ViewLayer | Synchronizing object | ENV_leaf_1093
Fra:372 Mem:213.88M (Peak 213.88M) | Time:00:00.30 | Mem:0.00M, Peak:0.00M | Scene, ViewLayer | Synchronizing object | ENV_leaf_1092
Fra:372 Mem:213.89M (Peak 213.89M) | Time:00:00.30 | Mem:0.00M, Peak:0.00M | Scene, ViewLayer | Synchronizing object | ENV_leaf_1091
Fra:372 Mem:213.89M (Peak 213.89M) | Time:00:00.30 | Mem:0.00M, Peak:0.00M | Scene, ViewLayer | Synchronizing object | ENV_leaf_1090
Fra:372 Mem:213.89M (Peak 213.89M) | Time:00:00.30 | Mem:0.00M, Peak:0.00M | Scene, ViewLayer | Synchronizing object | ENV_leaf_1089
Fra:372 Mem:213.90M (Peak 213.90M) | Time:00:00.30 | Mem:0.00M, Peak:0.00M | Scene, ViewLayer | Synchronizing object | ENV_leaf_1088
Fra:372 Mem:213.90M (Peak 213.90M) | Time:00:00.30 | Mem:0.00M, Peak:0.00M | Scene, ViewLayer | Synchronizing object | ENV_leaf_1087
Fra:372 Mem:213.91M (Peak 213.91M) | Time:00:00.30 | Mem:0.00M, Peak:0.00M | Scene, ViewLayer | Synchronizing object | ENV_leaf_1086
Fra:372 Mem:213.91M (Peak 213.91M) | Time:00:00.30 | Mem:0.00M, Peak:0.00M | Scene, ViewLayer | Synchronizing object | ENV_leaf_1085
Fra:372 Mem:213.91M (Peak 213.91M) | Time:00:00.30 | Mem:0.00M, Peak:0.00M | Scene, ViewLayer | Synchronizing object | ENV_leaf_1084
Fra:372 Mem:213.97M (Peak 213.97M) | Time:00:00.30 | Mem:0.00M, Peak:0.00M | Scene, ViewLayer | Synchronizing object | ENV_leaf_1083
Fra:372 Mem:213.99M (Peak 213.99M) | Time:00:00.30 | Mem:0.00M, Peak:0.00M | Scene, ViewLayer | Synchronizing object | ENV_leaf_1082
Fra:372 Mem:214.04M (Peak 214.04M) | Time:00:00.30 | Mem:0.00M, Peak:0.00M | Scene, ViewLayer | Synchronizing object | ENV_leaf_1081
Fra:372 Mem:214.04M (Peak 214.04M) | Time:00:00.30 | Mem:0.00M, Peak:0.00M | Scene, ViewLayer | Synchronizing object | ENV_leaf_1080
Fra:372 Mem:214.00M (Peak 214.04M) | Time:00:00.30 | Mem:0.00M, Peak:0.00M | Scene, ViewLayer | Synchronizing object | ENV_fern_19
Fra:372 Mem:214.00M (Peak 214.04M) | Time:00:00.30 | Mem:0.00M, Peak:0.00M | Scene, ViewLayer | Synchronizing object | ENV_leaf_1079
Fra:372 Mem:214.07M (Peak 214.07M) | Time:00:00.30 | Mem:0.00M, Peak:0.00M | Scene, ViewLayer | Synchronizing object | ENV_leaf_1078
Fra:372 Mem:214.08M (Peak 214.08M) | Time:00:00.30 | Mem:0.00M, Peak:0.00M | Scene, ViewLayer | Synchronizing object | ENV_leaf_1077
Fra:372 Mem:214.30M (Peak 214.30M) | Time:00:00.30 | Mem:0.00M, Peak:0.00M | Scene, ViewLayer | Synchronizing object | ENV_leaf_1076
Fra:372 Mem:214.31M (Peak 214.31M) | Time:00:00.30 | Mem:0.00M, Peak:0.00M | Scene, ViewLayer | Synchronizing object | ENV_leaf_1075
Fra:372 Mem:214.39M (Peak 214.39M) | Time:00:00.30 | Mem:0.00M, Peak:0.00M | Scene, ViewLayer | Synchronizing object | ENV_leaf_1074
Fra:372 Mem:214.40M (Peak 214.40M) | Time:00:00.30 | Mem:0.00M, Peak:0.00M | Scene, ViewLayer | Synchronizing object | ENV_leaf_1073
Fra:372 Mem:214.42M (Peak 214.42M) | Time:00:00.30 | Mem:0.00M, Peak:0.00M | Scene, ViewLayer | Synchronizing object | ENV_leaf_1072
Fra:372 Mem:214.48M (Peak 214.48M) | Time:00:00.30 | Mem:0.00M, Peak:0.00M | Scene, ViewLayer | Synchronizing object | ENV_leaf_1071
Fra:372 Mem:214.49M (Peak 214.49M) | Time:00:00.30 | Mem:0.00M, Peak:0.00M | Scene, ViewLayer | Synchronizing object | ENV_leaf_1070
Fra:372 Mem:214.49M (Peak 214.49M) | Time:00:00.30 | Mem:0.00M, Peak:0.00M | Scene, ViewLayer | Synchronizing object | ENV_leaf_1069
Fra:372 Mem:214.49M (Peak 214.49M) | Time:00:00.30 | Mem:0.00M, Peak:0.00M | Scene, ViewLayer | Synchronizing object | ENV_leaf_1068
Fra:372 Mem:214.50M (Peak 214.50M) | Time:00:00.30 | Mem:0.00M, Peak:0.00M | Scene, ViewLayer | Synchronizing object | ENV_leaf_1067
Fra:372 Mem:214.49M (Peak 214.50M) | Time:00:00.30 | Mem:0.00M, Peak:0.00M | Scene, ViewLayer | Synchronizing object | ENV_leaf_1066
Fra:372 Mem:214.49M (Peak 214.50M) | Time:00:00.30 | Mem:0.00M, Peak:0.00M | Scene, ViewLayer | Synchronizing object | ENV_leaf_1065
Fra:372 Mem:214.50M (Peak 214.50M) | Time:00:00.30 | Mem:0.00M, Peak:0.00M | Scene, ViewLayer | Synchronizing object | ENV_leaf_1064
Fra:372 Mem:214.50M (Peak 214.50M) | Time:00:00.30 | Mem:0.00M, Peak:0.00M | Scene, ViewLayer | Synchronizing object | ENV_leaf_1063
Fra:372 Mem:214.50M (Peak 214.50M) | Time:00:00.30 | Mem:0.00M, Peak:0.00M | Scene, ViewLayer | Synchronizing object | ENV_leaf_1062
Fra:372 Mem:214.51M (Peak 214.51M) | Time:00:00.30 | Mem:0.00M, Peak:0.00M | Scene, ViewLayer | Synchronizing object | ENV_leaf_1061
Fra:372 Mem:214.51M (Peak 214.51M) | Time:00:00.30 | Mem:0.00M, Peak:0.00M | Scene, ViewLayer | Synchronizing object | ENV_leaf_1060
Fra:372 Mem:214.52M (Peak 214.52M) | Time:00:00.30 | Mem:0.00M, Peak:0.00M | Scene, ViewLayer | Synchronizing object | ENV_leaf_1059
Fra:372 Mem:214.52M (Peak 214.52M) | Time:00:00.30 | Mem:0.00M, Peak:0.00M | Scene, ViewLayer | Synchronizing object | ENV_leaf_1058
Fra:372 Mem:214.52M (Peak 214.52M) | Time:00:00.30 | Mem:0.00M, Peak:0.00M | Scene, ViewLayer | Synchronizing object | ENV_leaf_1057
Fra:372 Mem:214.53M (Peak 214.53M) | Time:00:00.30 | Mem:0.00M, Peak:0.00M | Scene, ViewLayer | Synchronizing object | ENV_leaf_1056
Fra:372 Mem:214.53M (Peak 214.53M) | Time:00:00.30 | Mem:0.00M, Peak:0.00M | Scene, ViewLayer | Synchronizing object | ENV_leaf_1055
Fra:372 Mem:214.60M (Peak 214.60M) | Time:00:00.30 | Mem:0.00M, Peak:0.00M | Scene, ViewLayer | Synchronizing object | ENV_leaf_1054
Fra:372 Mem:214.60M (Peak 214.60M) | Time:00:00.30 | Mem:0.00M, Peak:0.00M | Scene, ViewLayer | Synchronizing object | ENV_leaf_1053
Fra:372 Mem:214.63M (Peak 214.63M) | Time:00:00.30 | Mem:0.00M, Peak:0.00M | Scene, ViewLayer | Synchronizing object | ENV_leaf_1052
Fra:372 Mem:214.69M (Peak 214.69M) | Time:00:00.30 | Mem:0.00M, Peak:0.00M | Scene, ViewLayer | Synchronizing object | ENV_leaf_1051
Fra:372 Mem:214.70M (Peak 214.70M) | Time:00:00.30 | Mem:0.00M, Peak:0.00M | Scene, ViewLayer | Synchronizing object | ENV_leaf_1050
Fra:372 Mem:214.64M (Peak 214.70M) | Time:00:00.30 | Mem:0.00M, Peak:0.00M | Scene, ViewLayer | Synchronizing object | ENV_fern_20
Fra:372 Mem:214.64M (Peak 214.70M) | Time:00:00.30 | Mem:0.00M, Peak:0.00M | Scene, ViewLayer | Synchronizing object | ENV_leaf_1049
Fra:372 Mem:214.73M (Peak 214.73M) | Time:00:00.30 | Mem:0.00M, Peak:0.00M | Scene, ViewLayer | Synchronizing object | ENV_leaf_1048
Fra:372 Mem:214.73M (Peak 214.73M) | Time:00:00.30 | Mem:0.00M, Peak:0.00M | Scene, ViewLayer | Synchronizing object | ENV_leaf_1047
Fra:372 Mem:214.94M (Peak 214.94M) | Time:00:00.30 | Mem:0.00M, Peak:0.00M | Scene, ViewLayer | Synchronizing object | ENV_leaf_1046
Fra:372 Mem:215.02M (Peak 215.02M) | Time:00:00.30 | Mem:0.00M, Peak:0.00M | Scene, ViewLayer | Synchronizing object | ENV_leaf_1045
Fra:372 Mem:215.12M (Peak 215.12M) | Time:00:00.30 | Mem:0.00M, Peak:0.00M | Scene, ViewLayer | Synchronizing object | ENV_leaf_1044
Fra:372 Mem:215.12M (Peak 215.12M) | Time:00:00.30 | Mem:0.00M, Peak:0.00M | Scene, ViewLayer | Synchronizing object | ENV_leaf_1043
Fra:372 Mem:215.13M (Peak 215.13M) | Time:00:00.30 | Mem:0.00M, Peak:0.00M | Scene, ViewLayer | Synchronizing object | ENV_leaf_1042
Fra:372 Mem:215.13M (Peak 215.13M) | Time:00:00.30 | Mem:0.00M, Peak:0.00M | Scene, ViewLayer | Synchronizing object | ENV_leaf_1041
Fra:372 Mem:215.16M (Peak 215.16M) | Time:00:00.30 | Mem:0.00M, Peak:0.00M | Scene, ViewLayer | Synchronizing object | ENV_leaf_1039
Fra:372 Mem:215.24M (Peak 215.24M) | Time:00:00.30 | Mem:0.00M, Peak:0.00M | Scene, ViewLayer | Synchronizing object | ENV_leaf_1038
Fra:372 Mem:215.24M (Peak 215.24M) | Time:00:00.30 | Mem:0.00M, Peak:0.00M | Scene, ViewLayer | Synchronizing object | ENV_leaf_1037
Fra:372 Mem:215.24M (Peak 215.24M) | Time:00:00.30 | Mem:0.00M, Peak:0.00M | Scene, ViewLayer | Synchronizing object | ENV_leaf_1036
Fra:372 Mem:215.25M (Peak 215.25M) | Time:00:00.30 | Mem:0.00M, Peak:0.00M | Scene, ViewLayer | Synchronizing object | ENV_leaf_1035
Fra:372 Mem:215.25M (Peak 215.25M) | Time:00:00.30 | Mem:0.00M, Peak:0.00M | Scene, ViewLayer | Synchronizing object | ENV_leaf_1034
Fra:372 Mem:215.26M (Peak 215.26M) | Time:00:00.30 | Mem:0.00M, Peak:0.00M | Scene, ViewLayer | Synchronizing object | ENV_leaf_1033
Fra:372 Mem:215.26M (Peak 215.26M) | Time:00:00.30 | Mem:0.00M, Peak:0.00M | Scene, ViewLayer | Synchronizing object | ENV_leaf_1032
Fra:372 Mem:215.25M (Peak 215.26M) | Time:00:00.30 | Mem:0.00M, Peak:0.00M | Scene, ViewLayer | Synchronizing object | ENV_leaf_1031
Fra:372 Mem:215.25M (Peak 215.26M) | Time:00:00.30 | Mem:0.00M, Peak:0.00M | Scene, ViewLayer | Synchronizing object | ENV_leaf_1030
Fra:372 Mem:215.25M (Peak 215.26M) | Time:00:00.30 | Mem:0.00M, Peak:0.00M | Scene, ViewLayer | Synchronizing object | ENV_leaf_1029
Fra:372 Mem:215.26M (Peak 215.26M) | Time:00:00.30 | Mem:0.00M, Peak:0.00M | Scene, ViewLayer | Synchronizing object | ENV_leaf_1028
Fra:372 Mem:215.26M (Peak 215.26M) | Time:00:00.30 | Mem:0.00M, Peak:0.00M | Scene, ViewLayer | Synchronizing object | ENV_leaf_1027
Fra:372 Mem:215.27M (Peak 215.27M) | Time:00:00.30 | Mem:0.00M, Peak:0.00M | Scene, ViewLayer | Synchronizing object | ENV_leaf_1026
Fra:372 Mem:215.27M (Peak 215.27M) | Time:00:00.30 | Mem:0.00M, Peak:0.00M | Scene, ViewLayer | Synchronizing object | ENV_leaf_1025
Fra:372 Mem:215.27M (Peak 215.27M) | Time:00:00.30 | Mem:0.00M, Peak:0.00M | Scene, ViewLayer | Synchronizing object | ENV_leaf_1024
Fra:372 Mem:215.28M (Peak 215.28M) | Time:00:00.30 | Mem:0.00M, Peak:0.00M | Scene, ViewLayer | Synchronizing object | ENV_leaf_1023
Fra:372 Mem:215.28M (Peak 215.28M) | Time:00:00.30 | Mem:0.00M, Peak:0.00M | Scene, ViewLayer | Synchronizing object | ENV_leaf_1022
Fra:372 Mem:215.29M (Peak 215.29M) | Time:00:00.30 | Mem:0.00M, Peak:0.00M | Scene, ViewLayer | Synchronizing object | ENV_leaf_1021
Fra:372 Mem:215.29M (Peak 215.29M) | Time:00:00.30 | Mem:0.00M, Peak:0.00M | Scene, ViewLayer | Synchronizing object | ENV_leaf_1020
Fra:372 Mem:215.29M (Peak 215.29M) | Time:00:00.30 | Mem:0.00M, Peak:0.00M | Scene, ViewLayer | Synchronizing object | ENV_leaf_1019
Fra:372 Mem:215.30M (Peak 215.30M) | Time:00:00.30 | Mem:0.00M, Peak:0.00M | Scene, ViewLayer | Synchronizing object | ENV_leaf_1018
Fra:372 Mem:215.30M (Peak 215.30M) | Time:00:00.30 | Mem:0.00M, Peak:0.00M | Scene, ViewLayer | Synchronizing object | ENV_leaf_1017
Fra:372 Mem:215.31M (Peak 215.31M) | Time:00:00.30 | Mem:0.00M, Peak:0.00M | Scene, ViewLayer | Synchronizing object | ENV_leaf_1016
Fra:372 Mem:215.31M (Peak 215.31M) | Time:00:00.30 | Mem:0.00M, Peak:0.00M | Scene, ViewLayer | Synchronizing object | ENV_leaf_1015
Fra:372 Mem:215.39M (Peak 215.39M) | Time:00:00.30 | Mem:0.00M, Peak:0.00M | Scene, ViewLayer | Synchronizing object | ENV_leaf_1014
Fra:372 Mem:215.39M (Peak 215.39M) | Time:00:00.30 | Mem:0.00M, Peak:0.00M | Scene, ViewLayer | Synchronizing object | ENV_leaf_1013
Fra:372 Mem:215.43M (Peak 215.43M) | Time:00:00.30 | Mem:0.00M, Peak:0.00M | Scene, ViewLayer | Synchronizing object | ENV_leaf_1012
Fra:372 Mem:215.51M (Peak 215.51M) | Time:00:00.30 | Mem:0.00M, Peak:0.00M | Scene, ViewLayer | Synchronizing object | ENV_leaf_1011
Fra:372 Mem:215.43M (Peak 215.51M) | Time:00:00.30 | Mem:0.00M, Peak:0.00M | Scene, ViewLayer | Synchronizing object | ENV_fern_21
Fra:372 Mem:215.44M (Peak 215.51M) | Time:00:00.30 | Mem:0.00M, Peak:0.00M | Scene, ViewLayer | Synchronizing object | ENV_leaf_1008
Fra:372 Mem:215.67M (Peak 215.67M) | Time:00:00.30 | Mem:0.00M, Peak:0.00M | Scene, ViewLayer | Synchronizing object | ENV_leaf_1007
Fra:372 Mem:215.73M (Peak 215.73M) | Time:00:00.30 | Mem:0.00M, Peak:0.00M | Scene, ViewLayer | Synchronizing object | ENV_leaf_1006
Fra:372 Mem:215.75M (Peak 215.75M) | Time:00:00.30 | Mem:0.00M, Peak:0.00M | Scene, ViewLayer | Synchronizing object | ENV_leaf_1005
Fra:372 Mem:215.80M (Peak 215.80M) | Time:00:00.30 | Mem:0.00M, Peak:0.00M | Scene, ViewLayer | Synchronizing object | ENV_leaf_1004
Fra:372 Mem:215.81M (Peak 215.81M) | Time:00:00.30 | Mem:0.00M, Peak:0.00M | Scene, ViewLayer | Synchronizing object | ENV_leaf_1003
Fra:372 Mem:215.81M (Peak 215.81M) | Time:00:00.30 | Mem:0.00M, Peak:0.00M | Scene, ViewLayer | Synchronizing object | ENV_leaf_1002
Fra:372 Mem:215.81M (Peak 215.81M) | Time:00:00.30 | Mem:0.00M, Peak:0.00M | Scene, ViewLayer | Synchronizing object | ENV_leaf_1001
Fra:372 Mem:215.81M (Peak 215.81M) | Time:00:00.30 | Mem:0.00M, Peak:0.00M | Scene, ViewLayer | Synchronizing object | ENV_leaf_1000
Fra:372 Mem:215.81M (Peak 215.81M) | Time:00:00.30 | Mem:0.00M, Peak:0.00M | Scene, ViewLayer | Synchronizing object | ENV_leaf_998
Fra:372 Mem:215.81M (Peak 215.81M) | Time:00:00.30 | Mem:0.00M, Peak:0.00M | Scene, ViewLayer | Synchronizing object | ENV_leaf_997
Fra:372 Mem:215.82M (Peak 215.82M) | Time:00:00.30 | Mem:0.00M, Peak:0.00M | Scene, ViewLayer | Synchronizing object | ENV_leaf_996
Fra:372 Mem:215.82M (Peak 215.82M) | Time:00:00.30 | Mem:0.00M, Peak:0.00M | Scene, ViewLayer | Synchronizing object | ENV_leaf_995
Fra:372 Mem:215.83M (Peak 215.83M) | Time:00:00.30 | Mem:0.00M, Peak:0.00M | Scene, ViewLayer | Synchronizing object | ENV_leaf_994
Fra:372 Mem:215.83M (Peak 215.83M) | Time:00:00.30 | Mem:0.00M, Peak:0.00M | Scene, ViewLayer | Synchronizing object | ENV_leaf_993
Fra:372 Mem:215.83M (Peak 215.83M) | Time:00:00.30 | Mem:0.00M, Peak:0.00M | Scene, ViewLayer | Synchronizing object | ENV_leaf_992
Fra:372 Mem:215.84M (Peak 215.84M) | Time:00:00.30 | Mem:0.00M, Peak:0.00M | Scene, ViewLayer | Synchronizing object | ENV_leaf_991
Fra:372 Mem:215.84M (Peak 215.84M) | Time:00:00.30 | Mem:0.00M, Peak:0.00M | Scene, ViewLayer | Synchronizing object | ENV_leaf_990
Fra:372 Mem:215.85M (Peak 215.85M) | Time:00:00.30 | Mem:0.00M, Peak:0.00M | Scene, ViewLayer | Synchronizing object | ENV_leaf_989
Fra:372 Mem:215.90M (Peak 215.90M) | Time:00:00.30 | Mem:0.00M, Peak:0.00M | Scene, ViewLayer | Synchronizing object | ENV_leaf_988
Fra:372 Mem:215.92M (Peak 215.92M) | Time:00:00.30 | Mem:0.00M, Peak:0.00M | Scene, ViewLayer | Synchronizing object | ENV_leaf_987
Fra:372 Mem:215.97M (Peak 215.97M) | Time:00:00.30 | Mem:0.00M, Peak:0.00M | Scene, ViewLayer | Synchronizing object | ENV_leaf_986
Fra:372 Mem:215.98M (Peak 215.98M) | Time:00:00.30 | Mem:0.00M, Peak:0.00M | Scene, ViewLayer | Synchronizing object | ENV_leaf_985
Fra:372 Mem:215.93M (Peak 215.98M) | Time:00:00.30 | Mem:0.00M, Peak:0.00M | Scene, ViewLayer | Synchronizing object | ENV_fern_22
Fra:372 Mem:216.00M (Peak 216.00M) | Time:00:00.30 | Mem:0.00M, Peak:0.00M | Scene, ViewLayer | Synchronizing object | ENV_leaf_984
Fra:372 Mem:216.23M (Peak 216.23M) | Time:00:00.30 | Mem:0.00M, Peak:0.00M | Scene, ViewLayer | Synchronizing object | ENV_leaf_983
Fra:372 Mem:216.31M (Peak 216.31M) | Time:00:00.30 | Mem:0.00M, Peak:0.00M | Scene, ViewLayer | Synchronizing object | ENV_leaf_982
Fra:372 Mem:216.32M (Peak 216.32M) | Time:00:00.30 | Mem:0.00M, Peak:0.00M | Scene, ViewLayer | Synchronizing object | ENV_leaf_981
Fra:372 Mem:216.32M (Peak 216.32M) | Time:00:00.30 | Mem:0.00M, Peak:0.00M | Scene, ViewLayer | Synchronizing object | ENV_leaf_980
Fra:372 Mem:216.40M (Peak 216.40M) | Time:00:00.30 | Mem:0.00M, Peak:0.00M | Scene, ViewLayer | Synchronizing object | ENV_leaf_979
Fra:372 Mem:216.41M (Peak 216.41M) | Time:00:00.30 | Mem:0.00M, Peak:0.00M | Scene, ViewLayer | Synchronizing object | ENV_leaf_978
Fra:372 Mem:216.41M (Peak 216.41M) | Time:00:00.30 | Mem:0.00M, Peak:0.00M | Scene, ViewLayer | Synchronizing object | ENV_leaf_977
Fra:372 Mem:216.42M (Peak 216.42M) | Time:00:00.30 | Mem:0.00M, Peak:0.00M | Scene, ViewLayer | Synchronizing object | ENV_leaf_976
Fra:372 Mem:216.42M (Peak 216.42M) | Time:00:00.30 | Mem:0.00M, Peak:0.00M | Scene, ViewLayer | Synchronizing object | ENV_leaf_975
Fra:372 Mem:216.42M (Peak 216.42M) | Time:00:00.30 | Mem:0.00M, Peak:0.00M | Scene, ViewLayer | Synchronizing object | ENV_leaf_974
Fra:372 Mem:216.41M (Peak 216.42M) | Time:00:00.30 | Mem:0.00M, Peak:0.00M | Scene, ViewLayer | Synchronizing object | ENV_leaf_973
Fra:372 Mem:216.42M (Peak 216.42M) | Time:00:00.30 | Mem:0.00M, Peak:0.00M | Scene, ViewLayer | Synchronizing object | ENV_leaf_972
Fra:372 Mem:216.42M (Peak 216.42M) | Time:00:00.30 | Mem:0.00M, Peak:0.00M | Scene, ViewLayer | Synchronizing object | ENV_leaf_971
Fra:372 Mem:216.42M (Peak 216.42M) | Time:00:00.30 | Mem:0.00M, Peak:0.00M | Scene, ViewLayer | Synchronizing object | ENV_leaf_970
Fra:372 Mem:216.43M (Peak 216.43M) | Time:00:00.30 | Mem:0.00M, Peak:0.00M | Scene, ViewLayer | Synchronizing object | ENV_leaf_969
Fra:372 Mem:216.43M (Peak 216.43M) | Time:00:00.30 | Mem:0.00M, Peak:0.00M | Scene, ViewLayer | Synchronizing object | ENV_leaf_968
Fra:372 Mem:216.44M (Peak 216.44M) | Time:00:00.30 | Mem:0.00M, Peak:0.00M | Scene, ViewLayer | Synchronizing object | ENV_leaf_967
Fra:372 Mem:216.44M (Peak 216.44M) | Time:00:00.30 | Mem:0.00M, Peak:0.00M | Scene, ViewLayer | Synchronizing object | ENV_leaf_966
Fra:372 Mem:216.44M (Peak 216.44M) | Time:00:00.30 | Mem:0.00M, Peak:0.00M | Scene, ViewLayer | Synchronizing object | ENV_leaf_965
Fra:372 Mem:216.45M (Peak 216.45M) | Time:00:00.30 | Mem:0.00M, Peak:0.00M | Scene, ViewLayer | Synchronizing object | ENV_leaf_964
Fra:372 Mem:216.45M (Peak 216.45M) | Time:00:00.30 | Mem:0.00M, Peak:0.00M | Scene, ViewLayer | Synchronizing object | ENV_leaf_963
Fra:372 Mem:216.52M (Peak 216.52M) | Time:00:00.30 | Mem:0.00M, Peak:0.00M | Scene, ViewLayer | Synchronizing object | ENV_leaf_962
Fra:372 Mem:216.52M (Peak 216.52M) | Time:00:00.30 | Mem:0.00M, Peak:0.00M | Scene, ViewLayer | Synchronizing object | ENV_leaf_961
Fra:372 Mem:216.55M (Peak 216.55M) | Time:00:00.30 | Mem:0.00M, Peak:0.00M | Scene, ViewLayer | Synchronizing object | ENV_leaf_960
Fra:372 Mem:216.62M (Peak 216.62M) | Time:00:00.30 | Mem:0.00M, Peak:0.00M | Scene, ViewLayer | Synchronizing object | ENV_leaf_959
Fra:372 Mem:216.62M (Peak 216.62M) | Time:00:00.30 | Mem:0.00M, Peak:0.00M | Scene, ViewLayer | Synchronizing object | ENV_leaf_958
Fra:372 Mem:216.56M (Peak 216.62M) | Time:00:00.30 | Mem:0.00M, Peak:0.00M | Scene, ViewLayer | Synchronizing object | ENV_fern_23
Fra:372 Mem:216.65M (Peak 216.65M) | Time:00:00.30 | Mem:0.00M, Peak:0.00M | Scene, ViewLayer | Synchronizing object | ENV_leaf_957
Fra:372 Mem:216.65M (Peak 216.65M) | Time:00:00.30 | Mem:0.00M, Peak:0.00M | Scene, ViewLayer | Synchronizing object | ENV_leaf_956
Fra:372 Mem:216.93M (Peak 216.93M) | Time:00:00.30 | Mem:0.00M, Peak:0.00M | Scene, ViewLayer | Synchronizing object | ENV_leaf_955
Fra:372 Mem:217.03M (Peak 217.03M) | Time:00:00.30 | Mem:0.00M, Peak:0.00M | Scene, ViewLayer | Synchronizing object | ENV_leaf_954
Fra:372 Mem:217.04M (Peak 217.04M) | Time:00:00.30 | Mem:0.00M, Peak:0.00M | Scene, ViewLayer | Synchronizing object | ENV_leaf_953
Fra:372 Mem:217.04M (Peak 217.04M) | Time:00:00.30 | Mem:0.00M, Peak:0.00M | Scene, ViewLayer | Synchronizing object | ENV_leaf_952
Fra:372 Mem:217.06M (Peak 217.06M) | Time:00:00.30 | Mem:0.00M, Peak:0.00M | Scene, ViewLayer | Synchronizing object | ENV_leaf_951
Fra:372 Mem:217.14M (Peak 217.14M) | Time:00:00.30 | Mem:0.00M, Peak:0.00M | Scene, ViewLayer | Synchronizing object | ENV_leaf_950
Fra:372 Mem:217.15M (Peak 217.15M) | Time:00:00.30 | Mem:0.00M, Peak:0.00M | Scene, ViewLayer | Synchronizing object | ENV_leaf_949
Fra:372 Mem:217.15M (Peak 217.15M) | Time:00:00.30 | Mem:0.00M, Peak:0.00M | Scene, ViewLayer | Synchronizing object | ENV_leaf_948
Fra:372 Mem:217.16M (Peak 217.16M) | Time:00:00.30 | Mem:0.00M, Peak:0.00M | Scene, ViewLayer | Synchronizing object | ENV_leaf_947
Fra:372 Mem:217.16M (Peak 217.16M) | Time:00:00.30 | Mem:0.00M, Peak:0.00M | Scene, ViewLayer | Synchronizing object | ENV_leaf_946
Fra:372 Mem:217.16M (Peak 217.16M) | Time:00:00.30 | Mem:0.00M, Peak:0.00M | Scene, ViewLayer | Synchronizing object | ENV_leaf_945
Fra:372 Mem:217.17M (Peak 217.17M) | Time:00:00.30 | Mem:0.00M, Peak:0.00M | Scene, ViewLayer | Synchronizing object | ENV_leaf_944
Fra:372 Mem:217.15M (Peak 217.17M) | Time:00:00.30 | Mem:0.00M, Peak:0.00M | Scene, ViewLayer | Synchronizing object | ENV_leaf_943
Fra:372 Mem:217.16M (Peak 217.17M) | Time:00:00.30 | Mem:0.00M, Peak:0.00M | Scene, ViewLayer | Synchronizing object | ENV_leaf_942
Fra:372 Mem:217.16M (Peak 217.17M) | Time:00:00.30 | Mem:0.00M, Peak:0.00M | Scene, ViewLayer | Synchronizing object | ENV_leaf_941
Fra:372 Mem:217.17M (Peak 217.17M) | Time:00:00.30 | Mem:0.00M, Peak:0.00M | Scene, ViewLayer | Synchronizing object | ENV_leaf_940
Fra:372 Mem:217.17M (Peak 217.17M) | Time:00:00.30 | Mem:0.00M, Peak:0.00M | Scene, ViewLayer | Synchronizing object | ENV_leaf_939
Fra:372 Mem:217.17M (Peak 217.17M) | Time:00:00.30 | Mem:0.00M, Peak:0.00M | Scene, ViewLayer | Synchronizing object | ENV_leaf_938
Fra:372 Mem:217.18M (Peak 217.18M) | Time:00:00.30 | Mem:0.00M, Peak:0.00M | Scene, ViewLayer | Synchronizing object | ENV_leaf_937
Fra:372 Mem:217.18M (Peak 217.18M) | Time:00:00.30 | Mem:0.00M, Peak:0.00M | Scene, ViewLayer | Synchronizing object | ENV_leaf_936
Fra:372 Mem:217.19M (Peak 217.19M) | Time:00:00.30 | Mem:0.00M, Peak:0.00M | Scene, ViewLayer | Synchronizing object | ENV_leaf_935
Fra:372 Mem:217.19M (Peak 217.19M) | Time:00:00.30 | Mem:0.00M, Peak:0.00M | Scene, ViewLayer | Synchronizing object | ENV_leaf_934
Fra:372 Mem:217.19M (Peak 217.19M) | Time:00:00.30 | Mem:0.00M, Peak:0.00M | Scene, ViewLayer | Synchronizing object | ENV_leaf_933
Fra:372 Mem:217.20M (Peak 217.20M) | Time:00:00.30 | Mem:0.00M, Peak:0.00M | Scene, ViewLayer | Synchronizing object | ENV_leaf_932
Fra:372 Mem:217.20M (Peak 217.20M) | Time:00:00.30 | Mem:0.00M, Peak:0.00M | Scene, ViewLayer | Synchronizing object | ENV_leaf_931
Fra:372 Mem:217.21M (Peak 217.21M) | Time:00:00.30 | Mem:0.00M, Peak:0.00M | Scene, ViewLayer | Synchronizing object | ENV_leaf_930
Fra:372 Mem:217.21M (Peak 217.21M) | Time:00:00.30 | Mem:0.00M, Peak:0.00M | Scene, ViewLayer | Synchronizing object | ENV_leaf_929
Fra:372 Mem:217.29M (Peak 217.29M) | Time:00:00.30 | Mem:0.00M, Peak:0.00M | Scene, ViewLayer | Synchronizing object | ENV_leaf_928
Fra:372 Mem:217.29M (Peak 217.29M) | Time:00:00.30 | Mem:0.00M, Peak:0.00M | Scene, ViewLayer | Synchronizing object | ENV_leaf_927
Fra:372 Mem:217.40M (Peak 217.40M) | Time:00:00.30 | Mem:0.00M, Peak:0.00M | Scene, ViewLayer | Synchronizing object | ENV_leaf_926
Fra:372 Mem:217.41M (Peak 217.41M) | Time:00:00.30 | Mem:0.00M, Peak:0.00M | Scene, ViewLayer | Synchronizing object | ENV_leaf_925
Fra:372 Mem:217.41M (Peak 217.41M) | Time:00:00.30 | Mem:0.00M, Peak:0.00M | Scene, ViewLayer | Synchronizing object | ENV_leaf_924
Fra:372 Mem:217.34M (Peak 217.41M) | Time:00:00.30 | Mem:0.00M, Peak:0.00M | Scene, ViewLayer | Synchronizing object | ENV_fern_24
Fra:372 Mem:217.39M (Peak 217.41M) | Time:00:00.30 | Mem:0.00M, Peak:0.00M | Scene, ViewLayer | Synchronizing object | ENV_leaf_923
Fra:372 Mem:217.63M (Peak 217.63M) | Time:00:00.30 | Mem:0.00M, Peak:0.00M | Scene, ViewLayer | Synchronizing object | ENV_leaf_922
Fra:372 Mem:217.63M (Peak 217.63M) | Time:00:00.30 | Mem:0.00M, Peak:0.00M | Scene, ViewLayer | Synchronizing object | ENV_leaf_921
Fra:372 Mem:217.64M (Peak 217.64M) | Time:00:00.30 | Mem:0.00M, Peak:0.00M | Scene, ViewLayer | Synchronizing object | ENV_leaf_920
Fra:372 Mem:217.70M (Peak 217.70M) | Time:00:00.30 | Mem:0.00M, Peak:0.00M | Scene, ViewLayer | Synchronizing object | ENV_leaf_919
Fra:372 Mem:217.71M (Peak 217.71M) | Time:00:00.30 | Mem:0.00M, Peak:0.00M | Scene, ViewLayer | Synchronizing object | ENV_leaf_918
Fra:372 Mem:217.71M (Peak 217.71M) | Time:00:00.30 | Mem:0.00M, Peak:0.00M | Scene, ViewLayer | Synchronizing object | ENV_leaf_917
Fra:372 Mem:217.71M (Peak 217.71M) | Time:00:00.30 | Mem:0.00M, Peak:0.00M | Scene, ViewLayer | Synchronizing object | ENV_leaf_916
Fra:372 Mem:217.71M (Peak 217.71M) | Time:00:00.30 | Mem:0.00M, Peak:0.00M | Scene, ViewLayer | Synchronizing object | ENV_leaf_915
Fra:372 Mem:217.71M (Peak 217.71M) | Time:00:00.30 | Mem:0.00M, Peak:0.00M | Scene, ViewLayer | Synchronizing object | ENV_leaf_914
Fra:372 Mem:217.71M (Peak 217.71M) | Time:00:00.30 | Mem:0.00M, Peak:0.00M | Scene, ViewLayer | Synchronizing object | ENV_leaf_913
Fra:372 Mem:217.72M (Peak 217.72M) | Time:00:00.30 | Mem:0.00M, Peak:0.00M | Scene, ViewLayer | Synchronizing object | ENV_leaf_912
Fra:372 Mem:217.72M (Peak 217.72M) | Time:00:00.30 | Mem:0.00M, Peak:0.00M | Scene, ViewLayer | Synchronizing object | ENV_leaf_911
Fra:372 Mem:217.73M (Peak 217.73M) | Time:00:00.30 | Mem:0.00M, Peak:0.00M | Scene, ViewLayer | Synchronizing object | ENV_leaf_910
Fra:372 Mem:217.73M (Peak 217.73M) | Time:00:00.30 | Mem:0.00M, Peak:0.00M | Scene, ViewLayer | Synchronizing object | ENV_leaf_909
Fra:372 Mem:217.73M (Peak 217.73M) | Time:00:00.30 | Mem:0.00M, Peak:0.00M | Scene, ViewLayer | Synchronizing object | ENV_leaf_908
Fra:372 Mem:217.74M (Peak 217.74M) | Time:00:00.30 | Mem:0.00M, Peak:0.00M | Scene, ViewLayer | Synchronizing object | ENV_leaf_907
Fra:372 Mem:217.74M (Peak 217.74M) | Time:00:00.30 | Mem:0.00M, Peak:0.00M | Scene, ViewLayer | Synchronizing object | ENV_leaf_906
Fra:372 Mem:217.75M (Peak 217.75M) | Time:00:00.30 | Mem:0.00M, Peak:0.00M | Scene, ViewLayer | Synchronizing object | ENV_leaf_905
Fra:372 Mem:217.80M (Peak 217.80M) | Time:00:00.30 | Mem:0.00M, Peak:0.00M | Scene, ViewLayer | Synchronizing object | ENV_leaf_904
Fra:372 Mem:217.82M (Peak 217.82M) | Time:00:00.30 | Mem:0.00M, Peak:0.00M | Scene, ViewLayer | Synchronizing object | ENV_leaf_903
Fra:372 Mem:217.87M (Peak 217.87M) | Time:00:00.30 | Mem:0.00M, Peak:0.00M | Scene, ViewLayer | Synchronizing object | ENV_leaf_902
Fra:372 Mem:217.83M (Peak 217.87M) | Time:00:00.30 | Mem:0.00M, Peak:0.00M | Scene, ViewLayer | Synchronizing object | ENV_fern_25
Fra:372 Mem:217.90M (Peak 217.90M) | Time:00:00.30 | Mem:0.00M, Peak:0.00M | Scene, ViewLayer | Synchronizing object | ENV_leaf_901
Fra:372 Mem:218.06M (Peak 218.06M) | Time:00:00.30 | Mem:0.00M, Peak:0.00M | Scene, ViewLayer | Synchronizing object | ENV_leaf_900
Fra:372 Mem:218.13M (Peak 218.13M) | Time:00:00.30 | Mem:0.00M, Peak:0.00M | Scene, ViewLayer | Synchronizing object | ENV_leaf_899
Fra:372 Mem:218.21M (Peak 218.21M) | Time:00:00.30 | Mem:0.00M, Peak:0.00M | Scene, ViewLayer | Synchronizing object | ENV_leaf_898
Fra:372 Mem:218.22M (Peak 218.22M) | Time:00:00.30 | Mem:0.00M, Peak:0.00M | Scene, ViewLayer | Synchronizing object | ENV_leaf_897
Fra:372 Mem:218.24M (Peak 218.24M) | Time:00:00.30 | Mem:0.00M, Peak:0.00M | Scene, ViewLayer | Synchronizing object | ENV_leaf_896
Fra:372 Mem:218.30M (Peak 218.30M) | Time:00:00.30 | Mem:0.00M, Peak:0.00M | Scene, ViewLayer | Synchronizing object | ENV_leaf_895
Fra:372 Mem:218.31M (Peak 218.31M) | Time:00:00.30 | Mem:0.00M, Peak:0.00M | Scene, ViewLayer | Synchronizing object | ENV_leaf_894
Fra:372 Mem:218.31M (Peak 218.31M) | Time:00:00.30 | Mem:0.00M, Peak:0.00M | Scene, ViewLayer | Synchronizing object | ENV_leaf_893
Fra:372 Mem:218.32M (Peak 218.32M) | Time:00:00.30 | Mem:0.00M, Peak:0.00M | Scene, ViewLayer | Synchronizing object | ENV_leaf_892
Fra:372 Mem:218.30M (Peak 218.32M) | Time:00:00.30 | Mem:0.00M, Peak:0.00M | Scene, ViewLayer | Synchronizing object | ENV_leaf_891
Fra:372 Mem:218.31M (Peak 218.32M) | Time:00:00.30 | Mem:0.00M, Peak:0.00M | Scene, ViewLayer | Synchronizing object | ENV_leaf_890
Fra:372 Mem:218.31M (Peak 218.32M) | Time:00:00.30 | Mem:0.00M, Peak:0.00M | Scene, ViewLayer | Synchronizing object | ENV_leaf_889
Fra:372 Mem:218.32M (Peak 218.32M) | Time:00:00.30 | Mem:0.00M, Peak:0.00M | Scene, ViewLayer | Synchronizing object | ENV_leaf_888
Fra:372 Mem:218.32M (Peak 218.32M) | Time:00:00.30 | Mem:0.00M, Peak:0.00M | Scene, ViewLayer | Synchronizing object | ENV_leaf_887
Fra:372 Mem:218.32M (Peak 218.32M) | Time:00:00.30 | Mem:0.00M, Peak:0.00M | Scene, ViewLayer | Synchronizing object | ENV_leaf_886
Fra:372 Mem:218.33M (Peak 218.33M) | Time:00:00.30 | Mem:0.00M, Peak:0.00M | Scene, ViewLayer | Synchronizing object | ENV_leaf_885
Fra:372 Mem:218.33M (Peak 218.33M) | Time:00:00.30 | Mem:0.00M, Peak:0.00M | Scene, ViewLayer | Synchronizing object | ENV_leaf_884
Fra:372 Mem:218.34M (Peak 218.34M) | Time:00:00.30 | Mem:0.00M, Peak:0.00M | Scene, ViewLayer | Synchronizing object | ENV_leaf_883
Fra:372 Mem:218.34M (Peak 218.34M) | Time:00:00.30 | Mem:0.00M, Peak:0.00M | Scene, ViewLayer | Synchronizing object | ENV_leaf_882
Fra:372 Mem:218.34M (Peak 218.34M) | Time:00:00.30 | Mem:0.00M, Peak:0.00M | Scene, ViewLayer | Synchronizing object | ENV_leaf_881
Fra:372 Mem:218.35M (Peak 218.35M) | Time:00:00.30 | Mem:0.00M, Peak:0.00M | Scene, ViewLayer | Synchronizing object | ENV_leaf_880
Fra:372 Mem:218.35M (Peak 218.35M) | Time:00:00.30 | Mem:0.00M, Peak:0.00M | Scene, ViewLayer | Synchronizing object | ENV_leaf_879
Fra:372 Mem:218.36M (Peak 218.36M) | Time:00:00.30 | Mem:0.00M, Peak:0.00M | Scene, ViewLayer | Synchronizing object | ENV_leaf_878
Fra:372 Mem:218.42M (Peak 218.42M) | Time:00:00.30 | Mem:0.00M, Peak:0.00M | Scene, ViewLayer | Synchronizing object | ENV_leaf_877
Fra:372 Mem:218.43M (Peak 218.43M) | Time:00:00.30 | Mem:0.00M, Peak:0.00M | Scene, ViewLayer | Synchronizing object | ENV_leaf_876
Fra:372 Mem:218.45M (Peak 218.45M) | Time:00:00.30 | Mem:0.00M, Peak:0.00M | Scene, ViewLayer | Synchronizing object | ENV_leaf_875
Fra:372 Mem:218.52M (Peak 218.52M) | Time:00:00.30 | Mem:0.00M, Peak:0.00M | Scene, ViewLayer | Synchronizing object | ENV_leaf_874
Fra:372 Mem:218.52M (Peak 218.52M) | Time:00:00.30 | Mem:0.00M, Peak:0.00M | Scene, ViewLayer | Synchronizing object | ENV_leaf_873
Fra:372 Mem:218.47M (Peak 218.52M) | Time:00:00.30 | Mem:0.00M, Peak:0.00M | Scene, ViewLayer | Synchronizing object | ENV_fern_26
Fra:372 Mem:218.55M (Peak 218.55M) | Time:00:00.30 | Mem:0.00M, Peak:0.00M | Scene, ViewLayer | Synchronizing object | ENV_leaf_872
Fra:372 Mem:218.75M (Peak 218.75M) | Time:00:00.30 | Mem:0.00M, Peak:0.00M | Scene, ViewLayer | Synchronizing object | ENV_leaf_871
Fra:372 Mem:218.83M (Peak 218.83M) | Time:00:00.30 | Mem:0.00M, Peak:0.00M | Scene, ViewLayer | Synchronizing object | ENV_leaf_870
Fra:372 Mem:218.94M (Peak 218.94M) | Time:00:00.30 | Mem:0.00M, Peak:0.00M | Scene, ViewLayer | Synchronizing object | ENV_leaf_869
Fra:372 Mem:218.94M (Peak 218.94M) | Time:00:00.30 | Mem:0.00M, Peak:0.00M | Scene, ViewLayer | Synchronizing object | ENV_leaf_868
Fra:372 Mem:218.95M (Peak 218.95M) | Time:00:00.30 | Mem:0.00M, Peak:0.00M | Scene, ViewLayer | Synchronizing object | ENV_leaf_867
Fra:372 Mem:218.97M (Peak 218.97M) | Time:00:00.30 | Mem:0.00M, Peak:0.00M | Scene, ViewLayer | Synchronizing object | ENV_leaf_866
Fra:372 Mem:219.05M (Peak 219.05M) | Time:00:00.30 | Mem:0.00M, Peak:0.00M | Scene, ViewLayer | Synchronizing object | ENV_leaf_865
Fra:372 Mem:219.05M (Peak 219.05M) | Time:00:00.30 | Mem:0.00M, Peak:0.00M | Scene, ViewLayer | Synchronizing object | ENV_leaf_864
Fra:372 Mem:219.06M (Peak 219.06M) | Time:00:00.30 | Mem:0.00M, Peak:0.00M | Scene, ViewLayer | Synchronizing object | ENV_leaf_863
Fra:372 Mem:219.06M (Peak 219.06M) | Time:00:00.30 | Mem:0.00M, Peak:0.00M | Scene, ViewLayer | Synchronizing object | ENV_leaf_862
Fra:372 Mem:219.07M (Peak 219.07M) | Time:00:00.30 | Mem:0.00M, Peak:0.00M | Scene, ViewLayer | Synchronizing object | ENV_leaf_861
Fra:372 Mem:219.07M (Peak 219.07M) | Time:00:00.30 | Mem:0.00M, Peak:0.00M | Scene, ViewLayer | Synchronizing object | ENV_leaf_860
Fra:372 Mem:219.07M (Peak 219.07M) | Time:00:00.30 | Mem:0.00M, Peak:0.00M | Scene, ViewLayer | Synchronizing object | ENV_leaf_859
Fra:372 Mem:219.06M (Peak 219.07M) | Time:00:00.30 | Mem:0.00M, Peak:0.00M | Scene, ViewLayer | Synchronizing object | ENV_leaf_858
Fra:372 Mem:219.06M (Peak 219.07M) | Time:00:00.30 | Mem:0.00M, Peak:0.00M | Scene, ViewLayer | Synchronizing object | ENV_leaf_857
Fra:372 Mem:219.07M (Peak 219.07M) | Time:00:00.30 | Mem:0.00M, Peak:0.00M | Scene, ViewLayer | Synchronizing object | ENV_leaf_856
Fra:372 Mem:219.07M (Peak 219.07M) | Time:00:00.30 | Mem:0.00M, Peak:0.00M | Scene, ViewLayer | Synchronizing object | ENV_leaf_855
Fra:372 Mem:219.07M (Peak 219.07M) | Time:00:00.30 | Mem:0.00M, Peak:0.00M | Scene, ViewLayer | Synchronizing object | ENV_leaf_854
Fra:372 Mem:219.08M (Peak 219.08M) | Time:00:00.30 | Mem:0.00M, Peak:0.00M | Scene, ViewLayer | Synchronizing object | ENV_leaf_853
Fra:372 Mem:219.08M (Peak 219.08M) | Time:00:00.30 | Mem:0.00M, Peak:0.00M | Scene, ViewLayer | Synchronizing object | ENV_leaf_852
Fra:372 Mem:219.09M (Peak 219.09M) | Time:00:00.30 | Mem:0.00M, Peak:0.00M | Scene, ViewLayer | Synchronizing object | ENV_leaf_851
Fra:372 Mem:219.09M (Peak 219.09M) | Time:00:00.30 | Mem:0.00M, Peak:0.00M | Scene, ViewLayer | Synchronizing object | ENV_leaf_850
Fra:372 Mem:219.09M (Peak 219.09M) | Time:00:00.30 | Mem:0.00M, Peak:0.00M | Scene, ViewLayer | Synchronizing object | ENV_leaf_849
Fra:372 Mem:219.10M (Peak 219.10M) | Time:00:00.30 | Mem:0.00M, Peak:0.00M | Scene, ViewLayer | Synchronizing object | ENV_leaf_848
Fra:372 Mem:219.10M (Peak 219.10M) | Time:00:00.30 | Mem:0.00M, Peak:0.00M | Scene, ViewLayer | Synchronizing object | ENV_leaf_847
Fra:372 Mem:219.11M (Peak 219.11M) | Time:00:00.30 | Mem:0.00M, Peak:0.00M | Scene, ViewLayer | Synchronizing object | ENV_leaf_846
Fra:372 Mem:219.11M (Peak 219.11M) | Time:00:00.30 | Mem:0.00M, Peak:0.00M | Scene, ViewLayer | Synchronizing object | ENV_leaf_845
Fra:372 Mem:219.11M (Peak 219.11M) | Time:00:00.30 | Mem:0.00M, Peak:0.00M | Scene, ViewLayer | Synchronizing object | ENV_leaf_844
Fra:372 Mem:219.19M (Peak 219.19M) | Time:00:00.30 | Mem:0.00M, Peak:0.00M | Scene, ViewLayer | Synchronizing object | ENV_leaf_843
Fra:372 Mem:219.20M (Peak 219.20M) | Time:00:00.30 | Mem:0.00M, Peak:0.00M | Scene, ViewLayer | Synchronizing object | ENV_leaf_842
Fra:372 Mem:219.23M (Peak 219.23M) | Time:00:00.30 | Mem:0.00M, Peak:0.00M | Scene, ViewLayer | Synchronizing object | ENV_leaf_841
Fra:372 Mem:219.31M (Peak 219.31M) | Time:00:00.30 | Mem:0.00M, Peak:0.00M | Scene, ViewLayer | Synchronizing object | ENV_leaf_840
Fra:372 Mem:219.32M (Peak 219.32M) | Time:00:00.30 | Mem:0.00M, Peak:0.00M | Scene, ViewLayer | Synchronizing object | ENV_leaf_839
Fra:372 Mem:219.24M (Peak 219.32M) | Time:00:00.30 | Mem:0.00M, Peak:0.00M | Scene, ViewLayer | Synchronizing object | ENV_leaf_838
Fra:372 Mem:219.25M (Peak 219.32M) | Time:00:00.30 | Mem:0.00M, Peak:0.00M | Scene, ViewLayer | Synchronizing object | ENV_fern_27
Fra:372 Mem:219.42M (Peak 219.42M) | Time:00:00.30 | Mem:0.00M, Peak:0.00M | Scene, ViewLayer | Synchronizing object | ENV_leaf_837
Fra:372 Mem:219.54M (Peak 219.54M) | Time:00:00.30 | Mem:0.00M, Peak:0.00M | Scene, ViewLayer | Synchronizing object | ENV_leaf_836
Fra:372 Mem:219.54M (Peak 219.54M) | Time:00:00.30 | Mem:0.00M, Peak:0.00M | Scene, ViewLayer | Synchronizing object | ENV_leaf_835
Fra:372 Mem:219.61M (Peak 219.61M) | Time:00:00.30 | Mem:0.00M, Peak:0.00M | Scene, ViewLayer | Synchronizing object | ENV_leaf_834
Fra:372 Mem:219.61M (Peak 219.61M) | Time:00:00.30 | Mem:0.00M, Peak:0.00M | Scene, ViewLayer | Synchronizing object | ENV_leaf_833
Fra:372 Mem:219.61M (Peak 219.61M) | Time:00:00.30 | Mem:0.00M, Peak:0.00M | Scene, ViewLayer | Synchronizing object | ENV_leaf_832
Fra:372 Mem:219.62M (Peak 219.62M) | Time:00:00.30 | Mem:0.00M, Peak:0.00M | Scene, ViewLayer | Synchronizing object | ENV_leaf_831
Fra:372 Mem:219.62M (Peak 219.62M) | Time:00:00.30 | Mem:0.00M, Peak:0.00M | Scene, ViewLayer | Synchronizing object | ENV_leaf_830
Fra:372 Mem:219.61M (Peak 219.62M) | Time:00:00.30 | Mem:0.00M, Peak:0.00M | Scene, ViewLayer | Synchronizing object | ENV_leaf_829
Fra:372 Mem:219.62M (Peak 219.62M) | Time:00:00.30 | Mem:0.00M, Peak:0.00M | Scene, ViewLayer | Synchronizing object | ENV_leaf_828
Fra:372 Mem:219.62M (Peak 219.62M) | Time:00:00.30 | Mem:0.00M, Peak:0.00M | Scene, ViewLayer | Synchronizing object | ENV_leaf_827
Fra:372 Mem:219.63M (Peak 219.63M) | Time:00:00.30 | Mem:0.00M, Peak:0.00M | Scene, ViewLayer | Synchronizing object | ENV_leaf_826
Fra:372 Mem:219.63M (Peak 219.63M) | Time:00:00.30 | Mem:0.00M, Peak:0.00M | Scene, ViewLayer | Synchronizing object | ENV_leaf_825
Fra:372 Mem:219.64M (Peak 219.64M) | Time:00:00.30 | Mem:0.00M, Peak:0.00M | Scene, ViewLayer | Synchronizing object | ENV_leaf_824
Fra:372 Mem:219.64M (Peak 219.64M) | Time:00:00.30 | Mem:0.00M, Peak:0.00M | Scene, ViewLayer | Synchronizing object | ENV_leaf_823
Fra:372 Mem:219.64M (Peak 219.64M) | Time:00:00.30 | Mem:0.00M, Peak:0.00M | Scene, ViewLayer | Synchronizing object | ENV_leaf_822
Fra:372 Mem:219.65M (Peak 219.65M) | Time:00:00.30 | Mem:0.00M, Peak:0.00M | Scene, ViewLayer | Synchronizing object | ENV_leaf_821
Fra:372 Mem:219.65M (Peak 219.65M) | Time:00:00.30 | Mem:0.00M, Peak:0.00M | Scene, ViewLayer | Synchronizing object | ENV_leaf_820
Fra:372 Mem:219.66M (Peak 219.66M) | Time:00:00.30 | Mem:0.00M, Peak:0.00M | Scene, ViewLayer | Synchronizing object | ENV_leaf_819
Fra:372 Mem:219.71M (Peak 219.71M) | Time:00:00.30 | Mem:0.00M, Peak:0.00M | Scene, ViewLayer | Synchronizing object | ENV_leaf_818
Fra:372 Mem:219.73M (Peak 219.73M) | Time:00:00.30 | Mem:0.00M, Peak:0.00M | Scene, ViewLayer | Synchronizing object | ENV_leaf_817
Fra:372 Mem:219.78M (Peak 219.78M) | Time:00:00.30 | Mem:0.00M, Peak:0.00M | Scene, ViewLayer | Synchronizing object | ENV_leaf_816
Fra:372 Mem:219.74M (Peak 219.78M) | Time:00:00.30 | Mem:0.00M, Peak:0.00M | Scene, ViewLayer | Synchronizing object | ENV_leaf_815
Fra:372 Mem:219.74M (Peak 219.78M) | Time:00:00.30 | Mem:0.00M, Peak:0.00M | Scene, ViewLayer | Synchronizing object | ENV_leaf_814
Fra:372 Mem:219.81M (Peak 219.81M) | Time:00:00.30 | Mem:0.00M, Peak:0.00M | Scene, ViewLayer | Synchronizing object | ENV_leaf_813
Fra:372 Mem:219.82M (Peak 219.82M) | Time:00:00.30 | Mem:0.00M, Peak:0.00M | Scene, ViewLayer | Synchronizing object | ENV_leaf_812
Fra:372 Mem:219.95M (Peak 219.95M) | Time:00:00.30 | Mem:0.00M, Peak:0.00M | Scene, ViewLayer | Synchronizing object | ENV_leaf_811
Fra:372 Mem:220.05M (Peak 220.05M) | Time:00:00.30 | Mem:0.00M, Peak:0.00M | Scene, ViewLayer | Synchronizing object | ENV_leaf_810
Fra:372 Mem:220.13M (Peak 220.13M) | Time:00:00.30 | Mem:0.00M, Peak:0.00M | Scene, ViewLayer | Synchronizing object | ENV_leaf_809
Fra:372 Mem:220.14M (Peak 220.14M) | Time:00:00.30 | Mem:0.00M, Peak:0.00M | Scene, ViewLayer | Synchronizing object | ENV_leaf_808
Fra:372 Mem:220.22M (Peak 220.22M) | Time:00:00.30 | Mem:0.00M, Peak:0.00M | Scene, ViewLayer | Synchronizing object | ENV_leaf_807
Fra:372 Mem:220.22M (Peak 220.22M) | Time:00:00.30 | Mem:0.00M, Peak:0.00M | Scene, ViewLayer | Synchronizing object | ENV_leaf_806
Fra:372 Mem:220.23M (Peak 220.23M) | Time:00:00.30 | Mem:0.00M, Peak:0.00M | Scene, ViewLayer | Synchronizing object | ENV_leaf_805
Fra:372 Mem:220.23M (Peak 220.23M) | Time:00:00.30 | Mem:0.00M, Peak:0.00M | Scene, ViewLayer | Synchronizing object | ENV_leaf_804
Fra:372 Mem:220.24M (Peak 220.24M) | Time:00:00.30 | Mem:0.00M, Peak:0.00M | Scene, ViewLayer | Synchronizing object | ENV_leaf_803
Fra:372 Mem:220.22M (Peak 220.24M) | Time:00:00.30 | Mem:0.00M, Peak:0.00M | Scene, ViewLayer | Synchronizing object | ENV_leaf_802
Fra:372 Mem:220.23M (Peak 220.24M) | Time:00:00.30 | Mem:0.00M, Peak:0.00M | Scene, ViewLayer | Synchronizing object | ENV_leaf_801
Fra:372 Mem:220.23M (Peak 220.24M) | Time:00:00.30 | Mem:0.00M, Peak:0.00M | Scene, ViewLayer | Synchronizing object | ENV_leaf_800
Fra:372 Mem:220.24M (Peak 220.24M) | Time:00:00.30 | Mem:0.00M, Peak:0.00M | Scene, ViewLayer | Synchronizing object | ENV_leaf_799
Fra:372 Mem:220.24M (Peak 220.24M) | Time:00:00.30 | Mem:0.00M, Peak:0.00M | Scene, ViewLayer | Synchronizing object | ENV_leaf_798
Fra:372 Mem:220.24M (Peak 220.24M) | Time:00:00.30 | Mem:0.00M, Peak:0.00M | Scene, ViewLayer | Synchronizing object | ENV_leaf_797
Fra:372 Mem:220.25M (Peak 220.25M) | Time:00:00.30 | Mem:0.00M, Peak:0.00M | Scene, ViewLayer | Synchronizing object | ENV_leaf_796
Fra:372 Mem:220.25M (Peak 220.25M) | Time:00:00.30 | Mem:0.00M, Peak:0.00M | Scene, ViewLayer | Synchronizing object | ENV_leaf_795
Fra:372 Mem:220.26M (Peak 220.26M) | Time:00:00.30 | Mem:0.00M, Peak:0.00M | Scene, ViewLayer | Synchronizing object | ENV_leaf_794
Fra:372 Mem:220.26M (Peak 220.26M) | Time:00:00.30 | Mem:0.00M, Peak:0.00M | Scene, ViewLayer | Synchronizing object | ENV_leaf_793
Fra:372 Mem:220.27M (Peak 220.27M) | Time:00:00.30 | Mem:0.00M, Peak:0.00M | Scene, ViewLayer | Synchronizing object | ENV_leaf_792
Fra:372 Mem:220.27M (Peak 220.27M) | Time:00:00.30 | Mem:0.00M, Peak:0.00M | Scene, ViewLayer | Synchronizing object | ENV_leaf_791
Fra:372 Mem:220.27M (Peak 220.27M) | Time:00:00.30 | Mem:0.00M, Peak:0.00M | Scene, ViewLayer | Synchronizing object | ENV_leaf_790
Fra:372 Mem:220.28M (Peak 220.28M) | Time:00:00.30 | Mem:0.00M, Peak:0.00M | Scene, ViewLayer | Synchronizing object | ENV_leaf_789
Fra:372 Mem:220.28M (Peak 220.28M) | Time:00:00.30 | Mem:0.00M, Peak:0.00M | Scene, ViewLayer | Synchronizing object | ENV_leaf_788
Fra:372 Mem:220.35M (Peak 220.35M) | Time:00:00.30 | Mem:0.00M, Peak:0.00M | Scene, ViewLayer | Synchronizing object | ENV_leaf_787
Fra:372 Mem:220.35M (Peak 220.35M) | Time:00:00.30 | Mem:0.00M, Peak:0.00M | Scene, ViewLayer | Synchronizing object | ENV_leaf_786
Fra:372 Mem:220.38M (Peak 220.38M) | Time:00:00.30 | Mem:0.00M, Peak:0.00M | Scene, ViewLayer | Synchronizing object | ENV_leaf_785
Fra:372 Mem:220.44M (Peak 220.44M) | Time:00:00.30 | Mem:0.00M, Peak:0.00M | Scene, ViewLayer | Synchronizing object | ENV_leaf_784
Fra:372 Mem:220.45M (Peak 220.45M) | Time:00:00.30 | Mem:0.00M, Peak:0.00M | Scene, ViewLayer | Synchronizing object | ENV_leaf_783
Fra:372 Mem:220.39M (Peak 220.45M) | Time:00:00.30 | Mem:0.00M, Peak:0.00M | Scene, ViewLayer | Synchronizing object | ENV_fern_29
Fra:372 Mem:220.48M (Peak 220.48M) | Time:00:00.30 | Mem:0.00M, Peak:0.00M | Scene, ViewLayer | Synchronizing object | ENV_leaf_782
Fra:372 Mem:220.68M (Peak 220.68M) | Time:00:00.30 | Mem:0.00M, Peak:0.00M | Scene, ViewLayer | Synchronizing object | ENV_leaf_781
Fra:372 Mem:220.76M (Peak 220.76M) | Time:00:00.30 | Mem:0.00M, Peak:0.00M | Scene, ViewLayer | Synchronizing object | ENV_leaf_780
Fra:372 Mem:220.86M (Peak 220.86M) | Time:00:00.30 | Mem:0.00M, Peak:0.00M | Scene, ViewLayer | Synchronizing object | ENV_leaf_779
Fra:372 Mem:220.87M (Peak 220.87M) | Time:00:00.30 | Mem:0.00M, Peak:0.00M | Scene, ViewLayer | Synchronizing object | ENV_leaf_778
Fra:372 Mem:220.87M (Peak 220.87M) | Time:00:00.30 | Mem:0.00M, Peak:0.00M | Scene, ViewLayer | Synchronizing object | ENV_leaf_777
Fra:372 Mem:220.89M (Peak 220.89M) | Time:00:00.30 | Mem:0.00M, Peak:0.00M | Scene, ViewLayer | Synchronizing object | ENV_leaf_776
Fra:372 Mem:220.97M (Peak 220.97M) | Time:00:00.31 | Mem:0.00M, Peak:0.00M | Scene, ViewLayer | Synchronizing object | ENV_leaf_775
Fra:372 Mem:220.98M (Peak 220.98M) | Time:00:00.31 | Mem:0.00M, Peak:0.00M | Scene, ViewLayer | Synchronizing object | ENV_leaf_774
Fra:372 Mem:220.98M (Peak 220.98M) | Time:00:00.31 | Mem:0.00M, Peak:0.00M | Scene, ViewLayer | Synchronizing object | ENV_leaf_773
Fra:372 Mem:220.99M (Peak 220.99M) | Time:00:00.31 | Mem:0.00M, Peak:0.00M | Scene, ViewLayer | Synchronizing object | ENV_leaf_772
Fra:372 Mem:220.99M (Peak 220.99M) | Time:00:00.31 | Mem:0.00M, Peak:0.00M | Scene, ViewLayer | Synchronizing object | ENV_leaf_771
Fra:372 Mem:220.99M (Peak 220.99M) | Time:00:00.31 | Mem:0.00M, Peak:0.00M | Scene, ViewLayer | Synchronizing object | ENV_leaf_770
Fra:372 Mem:221.00M (Peak 221.00M) | Time:00:00.31 | Mem:0.00M, Peak:0.00M | Scene, ViewLayer | Synchronizing object | ENV_leaf_769
Fra:372 Mem:220.98M (Peak 221.00M) | Time:00:00.31 | Mem:0.00M, Peak:0.00M | Scene, ViewLayer | Synchronizing object | ENV_leaf_768
Fra:372 Mem:220.99M (Peak 221.00M) | Time:00:00.31 | Mem:0.00M, Peak:0.00M | Scene, ViewLayer | Synchronizing object | ENV_leaf_767
Fra:372 Mem:220.99M (Peak 221.00M) | Time:00:00.31 | Mem:0.00M, Peak:0.00M | Scene, ViewLayer | Synchronizing object | ENV_leaf_766
Fra:372 Mem:220.99M (Peak 221.00M) | Time:00:00.31 | Mem:0.00M, Peak:0.00M | Scene, ViewLayer | Synchronizing object | ENV_leaf_765
Fra:372 Mem:221.00M (Peak 221.00M) | Time:00:00.31 | Mem:0.00M, Peak:0.00M | Scene, ViewLayer | Synchronizing object | ENV_leaf_764
Fra:372 Mem:221.00M (Peak 221.00M) | Time:00:00.31 | Mem:0.00M, Peak:0.00M | Scene, ViewLayer | Synchronizing object | ENV_leaf_763
Fra:372 Mem:221.01M (Peak 221.01M) | Time:00:00.31 | Mem:0.00M, Peak:0.00M | Scene, ViewLayer | Synchronizing object | ENV_leaf_762
Fra:372 Mem:221.01M (Peak 221.01M) | Time:00:00.31 | Mem:0.00M, Peak:0.00M | Scene, ViewLayer | Synchronizing object | ENV_leaf_761
Fra:372 Mem:221.02M (Peak 221.02M) | Time:00:00.31 | Mem:0.00M, Peak:0.00M | Scene, ViewLayer | Synchronizing object | ENV_leaf_760
Fra:372 Mem:221.02M (Peak 221.02M) | Time:00:00.31 | Mem:0.00M, Peak:0.00M | Scene, ViewLayer | Synchronizing object | ENV_leaf_759
Fra:372 Mem:221.02M (Peak 221.02M) | Time:00:00.31 | Mem:0.00M, Peak:0.00M | Scene, ViewLayer | Synchronizing object | ENV_leaf_758
Fra:372 Mem:221.03M (Peak 221.03M) | Time:00:00.31 | Mem:0.00M, Peak:0.00M | Scene, ViewLayer | Synchronizing object | ENV_leaf_757
Fra:372 Mem:221.03M (Peak 221.03M) | Time:00:00.31 | Mem:0.00M, Peak:0.00M | Scene, ViewLayer | Synchronizing object | ENV_leaf_756
Fra:372 Mem:221.04M (Peak 221.04M) | Time:00:00.31 | Mem:0.00M, Peak:0.00M | Scene, ViewLayer | Synchronizing object | ENV_leaf_755
Fra:372 Mem:221.04M (Peak 221.04M) | Time:00:00.31 | Mem:0.00M, Peak:0.00M | Scene, ViewLayer | Synchronizing object | ENV_leaf_754
Fra:372 Mem:221.04M (Peak 221.04M) | Time:00:00.31 | Mem:0.00M, Peak:0.00M | Scene, ViewLayer | Synchronizing object | ENV_leaf_753
Fra:372 Mem:221.12M (Peak 221.12M) | Time:00:00.31 | Mem:0.00M, Peak:0.00M | Scene, ViewLayer | Synchronizing object | ENV_leaf_752
Fra:372 Mem:221.13M (Peak 221.13M) | Time:00:00.31 | Mem:0.00M, Peak:0.00M | Scene, ViewLayer | Synchronizing object | ENV_leaf_751
Fra:372 Mem:221.16M (Peak 221.16M) | Time:00:00.31 | Mem:0.00M, Peak:0.00M | Scene, ViewLayer | Synchronizing object | ENV_leaf_750
Fra:372 Mem:221.24M (Peak 221.24M) | Time:00:00.31 | Mem:0.00M, Peak:0.00M | Scene, ViewLayer | Synchronizing object | ENV_leaf_749
Fra:372 Mem:221.17M (Peak 221.24M) | Time:00:00.31 | Mem:0.00M, Peak:0.00M | Scene, ViewLayer | Synchronizing object | ENV_leaf_748
Fra:372 Mem:221.25M (Peak 221.25M) | Time:00:00.31 | Mem:0.00M, Peak:0.00M | Scene, ViewLayer | Synchronizing object | ENV_leaf_747
Fra:372 Mem:221.18M (Peak 221.25M) | Time:00:00.31 | Mem:0.00M, Peak:0.00M | Scene, ViewLayer | Synchronizing object | ENV_fern_30
Fra:372 Mem:221.23M (Peak 221.25M) | Time:00:00.31 | Mem:0.00M, Peak:0.00M | Scene, ViewLayer | Synchronizing object | ENV_leaf_746
Fra:372 Mem:221.41M (Peak 221.41M) | Time:00:00.31 | Mem:0.00M, Peak:0.00M | Scene, ViewLayer | Synchronizing object | ENV_leaf_745
Fra:372 Mem:221.41M (Peak 221.41M) | Time:00:00.31 | Mem:0.00M, Peak:0.00M | Scene, ViewLayer | Synchronizing object | ENV_leaf_744
Fra:372 Mem:221.48M (Peak 221.48M) | Time:00:00.31 | Mem:0.00M, Peak:0.00M | Scene, ViewLayer | Synchronizing object | ENV_leaf_743
Fra:372 Mem:221.48M (Peak 221.48M) | Time:00:00.31 | Mem:0.00M, Peak:0.00M | Scene, ViewLayer | Synchronizing object | ENV_leaf_742
Fra:372 Mem:221.54M (Peak 221.54M) | Time:00:00.31 | Mem:0.00M, Peak:0.00M | Scene, ViewLayer | Synchronizing object | ENV_leaf_741
Fra:372 Mem:221.55M (Peak 221.55M) | Time:00:00.31 | Mem:0.00M, Peak:0.00M | Scene, ViewLayer | Synchronizing object | ENV_leaf_740
Fra:372 Mem:221.55M (Peak 221.55M) | Time:00:00.31 | Mem:0.00M, Peak:0.00M | Scene, ViewLayer | Synchronizing object | ENV_leaf_739
Fra:372 Mem:221.56M (Peak 221.56M) | Time:00:00.31 | Mem:0.00M, Peak:0.00M | Scene, ViewLayer | Synchronizing object | ENV_leaf_738
Fra:372 Mem:221.56M (Peak 221.56M) | Time:00:00.31 | Mem:0.00M, Peak:0.00M | Scene, ViewLayer | Synchronizing object | ENV_leaf_737
Fra:372 Mem:221.56M (Peak 221.56M) | Time:00:00.31 | Mem:0.00M, Peak:0.00M | Scene, ViewLayer | Synchronizing object | ENV_leaf_736
Fra:372 Mem:221.56M (Peak 221.56M) | Time:00:00.31 | Mem:0.00M, Peak:0.00M | Scene, ViewLayer | Synchronizing object | ENV_leaf_735
Fra:372 Mem:221.56M (Peak 221.56M) | Time:00:00.31 | Mem:0.00M, Peak:0.00M | Scene, ViewLayer | Synchronizing object | ENV_leaf_734
Fra:372 Mem:221.56M (Peak 221.56M) | Time:00:00.31 | Mem:0.00M, Peak:0.00M | Scene, ViewLayer | Synchronizing object | ENV_leaf_733
Fra:372 Mem:221.57M (Peak 221.57M) | Time:00:00.31 | Mem:0.00M, Peak:0.00M | Scene, ViewLayer | Synchronizing object | ENV_leaf_732
Fra:372 Mem:221.57M (Peak 221.57M) | Time:00:00.31 | Mem:0.00M, Peak:0.00M | Scene, ViewLayer | Synchronizing object | ENV_leaf_731
Fra:372 Mem:221.58M (Peak 221.58M) | Time:00:00.31 | Mem:0.00M, Peak:0.00M | Scene, ViewLayer | Synchronizing object | ENV_leaf_730
Fra:372 Mem:221.58M (Peak 221.58M) | Time:00:00.31 | Mem:0.00M, Peak:0.00M | Scene, ViewLayer | Synchronizing object | ENV_leaf_729
Fra:372 Mem:221.58M (Peak 221.58M) | Time:00:00.31 | Mem:0.00M, Peak:0.00M | Scene, ViewLayer | Synchronizing object | ENV_leaf_727
Fra:372 Mem:221.59M (Peak 221.59M) | Time:00:00.31 | Mem:0.00M, Peak:0.00M | Scene, ViewLayer | Synchronizing object | ENV_leaf_726
Fra:372 Mem:221.59M (Peak 221.59M) | Time:00:00.31 | Mem:0.00M, Peak:0.00M | Scene, ViewLayer | Synchronizing object | ENV_leaf_725
Fra:372 Mem:221.60M (Peak 221.60M) | Time:00:00.31 | Mem:0.00M, Peak:0.00M | Scene, ViewLayer | Synchronizing object | ENV_leaf_723
Fra:372 Mem:221.65M (Peak 221.65M) | Time:00:00.31 | Mem:0.00M, Peak:0.00M | Scene, ViewLayer | Synchronizing object | ENV_leaf_722
Fra:372 Mem:221.67M (Peak 221.67M) | Time:00:00.31 | Mem:0.00M, Peak:0.00M | Scene, ViewLayer | Synchronizing object | ENV_leaf_721
Fra:372 Mem:221.72M (Peak 221.72M) | Time:00:00.31 | Mem:0.00M, Peak:0.00M | Scene, ViewLayer | Synchronizing object | ENV_leaf_720
Fra:372 Mem:221.68M (Peak 221.72M) | Time:00:00.31 | Mem:0.00M, Peak:0.00M | Scene, ViewLayer | Synchronizing object | ENV_fern_31
Fra:372 Mem:221.68M (Peak 221.72M) | Time:00:00.31 | Mem:0.00M, Peak:0.00M | Scene, ViewLayer | Synchronizing object | ENV_leaf_719
Fra:372 Mem:221.75M (Peak 221.75M) | Time:00:00.31 | Mem:0.00M, Peak:0.00M | Scene, ViewLayer | Synchronizing object | ENV_leaf_718
Fra:372 Mem:221.98M (Peak 221.98M) | Time:00:00.31 | Mem:0.00M, Peak:0.00M | Scene, ViewLayer | Synchronizing object | ENV_leaf_717
Fra:372 Mem:222.06M (Peak 222.06M) | Time:00:00.31 | Mem:0.00M, Peak:0.00M | Scene, ViewLayer | Synchronizing object | ENV_leaf_715
Fra:372 Mem:222.07M (Peak 222.07M) | Time:00:00.31 | Mem:0.00M, Peak:0.00M | Scene, ViewLayer | Synchronizing object | ENV_leaf_714
Fra:372 Mem:222.07M (Peak 222.07M) | Time:00:00.31 | Mem:0.00M, Peak:0.00M | Scene, ViewLayer | Synchronizing object | ENV_leaf_713
Fra:372 Mem:222.09M (Peak 222.09M) | Time:00:00.31 | Mem:0.00M, Peak:0.00M | Scene, ViewLayer | Synchronizing object | ENV_leaf_712
Fra:372 Mem:222.16M (Peak 222.16M) | Time:00:00.31 | Mem:0.00M, Peak:0.00M | Scene, ViewLayer | Synchronizing object | ENV_leaf_711
Fra:372 Mem:222.16M (Peak 222.16M) | Time:00:00.31 | Mem:0.00M, Peak:0.00M | Scene, ViewLayer | Synchronizing object | ENV_leaf_710
Fra:372 Mem:222.16M (Peak 222.16M) | Time:00:00.31 | Mem:0.00M, Peak:0.00M | Scene, ViewLayer | Synchronizing object | ENV_leaf_709
Fra:372 Mem:222.17M (Peak 222.17M) | Time:00:00.31 | Mem:0.00M, Peak:0.00M | Scene, ViewLayer | Synchronizing object | ENV_leaf_708
Fra:372 Mem:222.17M (Peak 222.17M) | Time:00:00.31 | Mem:0.00M, Peak:0.00M | Scene, ViewLayer | Synchronizing object | ENV_leaf_707
Fra:372 Mem:222.18M (Peak 222.18M) | Time:00:00.31 | Mem:0.00M, Peak:0.00M | Scene, ViewLayer | Synchronizing object | ENV_leaf_706
Fra:372 Mem:222.18M (Peak 222.18M) | Time:00:00.31 | Mem:0.00M, Peak:0.00M | Scene, ViewLayer | Synchronizing object | ENV_leaf_705
Fra:372 Mem:222.17M (Peak 222.18M) | Time:00:00.31 | Mem:0.00M, Peak:0.00M | Scene, ViewLayer | Synchronizing object | ENV_leaf_704
Fra:372 Mem:222.17M (Peak 222.18M) | Time:00:00.31 | Mem:0.00M, Peak:0.00M | Scene, ViewLayer | Synchronizing object | ENV_leaf_703
Fra:372 Mem:222.18M (Peak 222.18M) | Time:00:00.31 | Mem:0.00M, Peak:0.00M | Scene, ViewLayer | Synchronizing object | ENV_leaf_702
Fra:372 Mem:222.18M (Peak 222.18M) | Time:00:00.31 | Mem:0.00M, Peak:0.00M | Scene, ViewLayer | Synchronizing object | ENV_leaf_701
Fra:372 Mem:222.19M (Peak 222.19M) | Time:00:00.31 | Mem:0.00M, Peak:0.00M | Scene, ViewLayer | Synchronizing object | ENV_leaf_700
Fra:372 Mem:222.19M (Peak 222.19M) | Time:00:00.31 | Mem:0.00M, Peak:0.00M | Scene, ViewLayer | Synchronizing object | ENV_leaf_699
Fra:372 Mem:222.19M (Peak 222.19M) | Time:00:00.31 | Mem:0.00M, Peak:0.00M | Scene, ViewLayer | Synchronizing object | ENV_leaf_698
Fra:372 Mem:222.20M (Peak 222.20M) | Time:00:00.31 | Mem:0.00M, Peak:0.00M | Scene, ViewLayer | Synchronizing object | ENV_leaf_697
Fra:372 Mem:222.20M (Peak 222.20M) | Time:00:00.31 | Mem:0.00M, Peak:0.00M | Scene, ViewLayer | Synchronizing object | ENV_leaf_696
Fra:372 Mem:222.21M (Peak 222.21M) | Time:00:00.31 | Mem:0.00M, Peak:0.00M | Scene, ViewLayer | Synchronizing object | ENV_leaf_695
Fra:372 Mem:222.21M (Peak 222.21M) | Time:00:00.31 | Mem:0.00M, Peak:0.00M | Scene, ViewLayer | Synchronizing object | ENV_leaf_694
Fra:372 Mem:222.21M (Peak 222.21M) | Time:00:00.31 | Mem:0.00M, Peak:0.00M | Scene, ViewLayer | Synchronizing object | ENV_leaf_693
Fra:372 Mem:222.22M (Peak 222.22M) | Time:00:00.31 | Mem:0.00M, Peak:0.00M | Scene, ViewLayer | Synchronizing object | ENV_leaf_692
Fra:372 Mem:222.22M (Peak 222.22M) | Time:00:00.31 | Mem:0.00M, Peak:0.00M | Scene, ViewLayer | Synchronizing object | ENV_leaf_691
Fra:372 Mem:222.23M (Peak 222.23M) | Time:00:00.31 | Mem:0.00M, Peak:0.00M | Scene, ViewLayer | Synchronizing object | ENV_leaf_690
Fra:372 Mem:222.29M (Peak 222.29M) | Time:00:00.31 | Mem:0.00M, Peak:0.00M | Scene, ViewLayer | Synchronizing object | ENV_leaf_689
Fra:372 Mem:222.30M (Peak 222.30M) | Time:00:00.31 | Mem:0.00M, Peak:0.00M | Scene, ViewLayer | Synchronizing object | ENV_leaf_688
Fra:372 Mem:222.30M (Peak 222.30M) | Time:00:00.31 | Mem:0.00M, Peak:0.00M | Scene, ViewLayer | Synchronizing object | ENV_leaf_687
Fra:372 Mem:222.33M (Peak 222.33M) | Time:00:00.31 | Mem:0.00M, Peak:0.00M | Scene, ViewLayer | Synchronizing object | ENV_leaf_686
Fra:372 Mem:222.39M (Peak 222.39M) | Time:00:00.31 | Mem:0.00M, Peak:0.00M | Scene, ViewLayer | Synchronizing object | ENV_leaf_685
Fra:372 Mem:222.40M (Peak 222.40M) | Time:00:00.31 | Mem:0.00M, Peak:0.00M | Scene, ViewLayer | Synchronizing object | ENV_leaf_684
Fra:372 Mem:222.40M (Peak 222.40M) | Time:00:00.31 | Mem:0.00M, Peak:0.00M | Scene, ViewLayer | Synchronizing object | ENV_leaf_683
Fra:372 Mem:222.34M (Peak 222.40M) | Time:00:00.31 | Mem:0.00M, Peak:0.00M | Scene, ViewLayer | Synchronizing object | ENV_fern_32
Fra:372 Mem:222.43M (Peak 222.43M) | Time:00:00.31 | Mem:0.00M, Peak:0.00M | Scene, ViewLayer | Synchronizing object | ENV_leaf_682
Fra:372 Mem:222.43M (Peak 222.43M) | Time:00:00.31 | Mem:0.00M, Peak:0.00M | Scene, ViewLayer | Synchronizing object | ENV_leaf_681
Fra:372 Mem:222.64M (Peak 222.64M) | Time:00:00.31 | Mem:0.00M, Peak:0.00M | Scene, ViewLayer | Synchronizing object | ENV_leaf_680
Fra:372 Mem:222.64M (Peak 222.64M) | Time:00:00.31 | Mem:0.00M, Peak:0.00M | Scene, ViewLayer | Synchronizing object | ENV_leaf_679
Fra:372 Mem:222.72M (Peak 222.72M) | Time:00:00.31 | Mem:0.00M, Peak:0.00M | Scene, ViewLayer | Synchronizing object | ENV_leaf_678
Fra:372 Mem:222.72M (Peak 222.72M) | Time:00:00.31 | Mem:0.00M, Peak:0.00M | Scene, ViewLayer | Synchronizing object | ENV_leaf_677
Fra:372 Mem:222.83M (Peak 222.83M) | Time:00:00.31 | Mem:0.00M, Peak:0.00M | Scene, ViewLayer | Synchronizing object | ENV_leaf_676
Fra:372 Mem:222.83M (Peak 222.83M) | Time:00:00.31 | Mem:0.00M, Peak:0.00M | Scene, ViewLayer | Synchronizing object | ENV_leaf_675
Fra:372 Mem:222.84M (Peak 222.84M) | Time:00:00.31 | Mem:0.00M, Peak:0.00M | Scene, ViewLayer | Synchronizing object | ENV_leaf_674
Fra:372 Mem:222.84M (Peak 222.84M) | Time:00:00.31 | Mem:0.00M, Peak:0.00M | Scene, ViewLayer | Synchronizing object | ENV_leaf_673
Fra:372 Mem:222.94M (Peak 222.94M) | Time:00:00.31 | Mem:0.00M, Peak:0.00M | Scene, ViewLayer | Synchronizing object | ENV_leaf_672
Fra:372 Mem:222.94M (Peak 222.94M) | Time:00:00.31 | Mem:0.00M, Peak:0.00M | Scene, ViewLayer | Synchronizing object | ENV_leaf_671
Fra:372 Mem:222.95M (Peak 222.95M) | Time:00:00.31 | Mem:0.00M, Peak:0.00M | Scene, ViewLayer | Synchronizing object | ENV_leaf_670
Fra:372 Mem:222.95M (Peak 222.95M) | Time:00:00.31 | Mem:0.00M, Peak:0.00M | Scene, ViewLayer | Synchronizing object | ENV_leaf_669
Fra:372 Mem:222.95M (Peak 222.95M) | Time:00:00.31 | Mem:0.00M, Peak:0.00M | Scene, ViewLayer | Synchronizing object | ENV_leaf_668
Fra:372 Mem:222.96M (Peak 222.96M) | Time:00:00.31 | Mem:0.00M, Peak:0.00M | Scene, ViewLayer | Synchronizing object | ENV_leaf_667
Fra:372 Mem:222.96M (Peak 222.96M) | Time:00:00.31 | Mem:0.00M, Peak:0.00M | Scene, ViewLayer | Synchronizing object | ENV_leaf_666
Fra:372 Mem:222.95M (Peak 222.96M) | Time:00:00.31 | Mem:0.00M, Peak:0.00M | Scene, ViewLayer | Synchronizing object | ENV_leaf_665
Fra:372 Mem:222.95M (Peak 222.96M) | Time:00:00.31 | Mem:0.00M, Peak:0.00M | Scene, ViewLayer | Synchronizing object | ENV_leaf_664
Fra:372 Mem:222.96M (Peak 222.96M) | Time:00:00.31 | Mem:0.00M, Peak:0.00M | Scene, ViewLayer | Synchronizing object | ENV_leaf_663
Fra:372 Mem:222.96M (Peak 222.96M) | Time:00:00.31 | Mem:0.00M, Peak:0.00M | Scene, ViewLayer | Synchronizing object | ENV_leaf_662
Fra:372 Mem:222.96M (Peak 222.96M) | Time:00:00.31 | Mem:0.00M, Peak:0.00M | Scene, ViewLayer | Synchronizing object | ENV_leaf_661
Fra:372 Mem:222.97M (Peak 222.97M) | Time:00:00.31 | Mem:0.00M, Peak:0.00M | Scene, ViewLayer | Synchronizing object | ENV_leaf_660
Fra:372 Mem:222.97M (Peak 222.97M) | Time:00:00.31 | Mem:0.00M, Peak:0.00M | Scene, ViewLayer | Synchronizing object | ENV_leaf_659
Fra:372 Mem:222.98M (Peak 222.98M) | Time:00:00.31 | Mem:0.00M, Peak:0.00M | Scene, ViewLayer | Synchronizing object | ENV_leaf_658
Fra:372 Mem:222.98M (Peak 222.98M) | Time:00:00.31 | Mem:0.00M, Peak:0.00M | Scene, ViewLayer | Synchronizing object | ENV_leaf_657
Fra:372 Mem:222.98M (Peak 222.98M) | Time:00:00.31 | Mem:0.00M, Peak:0.00M | Scene, ViewLayer | Synchronizing object | ENV_leaf_656
Fra:372 Mem:222.99M (Peak 222.99M) | Time:00:00.31 | Mem:0.00M, Peak:0.00M | Scene, ViewLayer | Synchronizing object | ENV_leaf_655
Fra:372 Mem:222.99M (Peak 222.99M) | Time:00:00.31 | Mem:0.00M, Peak:0.00M | Scene, ViewLayer | Synchronizing object | ENV_leaf_654
Fra:372 Mem:223.00M (Peak 223.00M) | Time:00:00.31 | Mem:0.00M, Peak:0.00M | Scene, ViewLayer | Synchronizing object | ENV_leaf_653
Fra:372 Mem:223.00M (Peak 223.00M) | Time:00:00.31 | Mem:0.00M, Peak:0.00M | Scene, ViewLayer | Synchronizing object | ENV_leaf_652
Fra:372 Mem:223.00M (Peak 223.00M) | Time:00:00.31 | Mem:0.00M, Peak:0.00M | Scene, ViewLayer | Synchronizing object | ENV_leaf_651
Fra:372 Mem:223.01M (Peak 223.01M) | Time:00:00.31 | Mem:0.00M, Peak:0.00M | Scene, ViewLayer | Synchronizing object | ENV_leaf_650
Fra:372 Mem:223.01M (Peak 223.01M) | Time:00:00.31 | Mem:0.00M, Peak:0.00M | Scene, ViewLayer | Synchronizing object | ENV_leaf_649
Fra:372 Mem:223.02M (Peak 223.02M) | Time:00:00.31 | Mem:0.00M, Peak:0.00M | Scene, ViewLayer | Synchronizing object | ENV_leaf_648
Fra:372 Mem:223.02M (Peak 223.02M) | Time:00:00.31 | Mem:0.00M, Peak:0.00M | Scene, ViewLayer | Synchronizing object | ENV_leaf_647
Fra:372 Mem:223.10M (Peak 223.10M) | Time:00:00.31 | Mem:0.00M, Peak:0.00M | Scene, ViewLayer | Synchronizing object | ENV_leaf_646
Fra:372 Mem:223.11M (Peak 223.11M) | Time:00:00.31 | Mem:0.00M, Peak:0.00M | Scene, ViewLayer | Synchronizing object | ENV_leaf_645
Fra:372 Mem:223.11M (Peak 223.11M) | Time:00:00.31 | Mem:0.00M, Peak:0.00M | Scene, ViewLayer | Synchronizing object | ENV_leaf_644
Fra:372 Mem:223.11M (Peak 223.11M) | Time:00:00.31 | Mem:0.00M, Peak:0.00M | Scene, ViewLayer | Synchronizing object | ENV_leaf_643
Fra:372 Mem:223.12M (Peak 223.12M) | Time:00:00.31 | Mem:0.00M, Peak:0.00M | Scene, ViewLayer | Synchronizing object | ENV_leaf_642
Fra:372 Mem:223.15M (Peak 223.15M) | Time:00:00.31 | Mem:0.00M, Peak:0.00M | Scene, ViewLayer | Synchronizing object | ENV_leaf_641
Fra:372 Mem:223.15M (Peak 223.15M) | Time:00:00.31 | Mem:0.00M, Peak:0.00M | Scene, ViewLayer | Synchronizing object | ENV_leaf_640
Fra:372 Mem:223.23M (Peak 223.23M) | Time:00:00.31 | Mem:0.00M, Peak:0.00M | Scene, ViewLayer | Synchronizing object | ENV_leaf_639
Fra:372 Mem:223.24M (Peak 223.24M) | Time:00:00.31 | Mem:0.00M, Peak:0.00M | Scene, ViewLayer | Synchronizing object | ENV_leaf_638
Fra:372 Mem:223.24M (Peak 223.24M) | Time:00:00.31 | Mem:0.00M, Peak:0.00M | Scene, ViewLayer | Synchronizing object | ENV_leaf_637
Fra:372 Mem:223.17M (Peak 223.24M) | Time:00:00.31 | Mem:0.00M, Peak:0.00M | Scene, ViewLayer | Synchronizing object | ENV_leaf_636
Fra:372 Mem:223.17M (Peak 223.24M) | Time:00:00.31 | Mem:0.00M, Peak:0.00M | Scene, ViewLayer | Synchronizing object | ENV_fern_33
Fra:372 Mem:223.23M (Peak 223.24M) | Time:00:00.31 | Mem:0.00M, Peak:0.00M | Scene, ViewLayer | Synchronizing object | ENV_leaf_635
Fra:372 Mem:223.40M (Peak 223.40M) | Time:00:00.31 | Mem:0.00M, Peak:0.00M | Scene, ViewLayer | Synchronizing object | ENV_leaf_634
Fra:372 Mem:223.41M (Peak 223.41M) | Time:00:00.31 | Mem:0.00M, Peak:0.00M | Scene, ViewLayer | Synchronizing object | ENV_leaf_633
Fra:372 Mem:223.47M (Peak 223.47M) | Time:00:00.31 | Mem:0.00M, Peak:0.00M | Scene, ViewLayer | Synchronizing object | ENV_leaf_632
Fra:372 Mem:223.48M (Peak 223.48M) | Time:00:00.31 | Mem:0.00M, Peak:0.00M | Scene, ViewLayer | Synchronizing object | ENV_leaf_631
Fra:372 Mem:223.49M (Peak 223.49M) | Time:00:00.31 | Mem:0.00M, Peak:0.00M | Scene, ViewLayer | Synchronizing object | ENV_leaf_630
Fra:372 Mem:223.54M (Peak 223.54M) | Time:00:00.31 | Mem:0.00M, Peak:0.00M | Scene, ViewLayer | Synchronizing object | ENV_leaf_629
Fra:372 Mem:223.55M (Peak 223.55M) | Time:00:00.31 | Mem:0.00M, Peak:0.00M | Scene, ViewLayer | Synchronizing object | ENV_leaf_628
Fra:372 Mem:223.55M (Peak 223.55M) | Time:00:00.31 | Mem:0.00M, Peak:0.00M | Scene, ViewLayer | Synchronizing object | ENV_leaf_627
Fra:372 Mem:223.55M (Peak 223.55M) | Time:00:00.31 | Mem:0.00M, Peak:0.00M | Scene, ViewLayer | Synchronizing object | ENV_leaf_626
Fra:372 Mem:223.55M (Peak 223.55M) | Time:00:00.31 | Mem:0.00M, Peak:0.00M | Scene, ViewLayer | Synchronizing object | ENV_leaf_625
Fra:372 Mem:223.55M (Peak 223.55M) | Time:00:00.31 | Mem:0.00M, Peak:0.00M | Scene, ViewLayer | Synchronizing object | ENV_leaf_624
Fra:372 Mem:223.56M (Peak 223.56M) | Time:00:00.31 | Mem:0.00M, Peak:0.00M | Scene, ViewLayer | Synchronizing object | ENV_leaf_623
Fra:372 Mem:223.56M (Peak 223.56M) | Time:00:00.31 | Mem:0.00M, Peak:0.00M | Scene, ViewLayer | Synchronizing object | ENV_leaf_622
Fra:372 Mem:223.57M (Peak 223.57M) | Time:00:00.31 | Mem:0.00M, Peak:0.00M | Scene, ViewLayer | Synchronizing object | ENV_leaf_621
Fra:372 Mem:223.57M (Peak 223.57M) | Time:00:00.31 | Mem:0.00M, Peak:0.00M | Scene, ViewLayer | Synchronizing object | ENV_leaf_620
Fra:372 Mem:223.57M (Peak 223.57M) | Time:00:00.31 | Mem:0.00M, Peak:0.00M | Scene, ViewLayer | Synchronizing object | ENV_leaf_619
Fra:372 Mem:223.58M (Peak 223.58M) | Time:00:00.31 | Mem:0.00M, Peak:0.00M | Scene, ViewLayer | Synchronizing object | ENV_leaf_618
Fra:372 Mem:223.58M (Peak 223.58M) | Time:00:00.31 | Mem:0.00M, Peak:0.00M | Scene, ViewLayer | Synchronizing object | ENV_leaf_617
Fra:372 Mem:223.59M (Peak 223.59M) | Time:00:00.31 | Mem:0.00M, Peak:0.00M | Scene, ViewLayer | Synchronizing object | ENV_leaf_616
Fra:372 Mem:223.59M (Peak 223.59M) | Time:00:00.31 | Mem:0.00M, Peak:0.00M | Scene, ViewLayer | Synchronizing object | ENV_leaf_615
Fra:372 Mem:223.64M (Peak 223.64M) | Time:00:00.31 | Mem:0.00M, Peak:0.00M | Scene, ViewLayer | Synchronizing object | ENV_leaf_614
Fra:372 Mem:223.65M (Peak 223.65M) | Time:00:00.31 | Mem:0.00M, Peak:0.00M | Scene, ViewLayer | Synchronizing object | ENV_leaf_613
Fra:372 Mem:223.67M (Peak 223.67M) | Time:00:00.31 | Mem:0.00M, Peak:0.00M | Scene, ViewLayer | Synchronizing object | ENV_leaf_612
Fra:372 Mem:223.67M (Peak 223.67M) | Time:00:00.31 | Mem:0.00M, Peak:0.00M | Scene, ViewLayer | Synchronizing object | ENV_leaf_611
Fra:372 Mem:223.72M (Peak 223.72M) | Time:00:00.31 | Mem:0.00M, Peak:0.00M | Scene, ViewLayer | Synchronizing object | ENV_leaf_610
Fra:372 Mem:223.73M (Peak 223.73M) | Time:00:00.31 | Mem:0.00M, Peak:0.00M | Scene, ViewLayer | Synchronizing object | ENV_leaf_609
Fra:372 Mem:223.68M (Peak 223.73M) | Time:00:00.31 | Mem:0.00M, Peak:0.00M | Scene, ViewLayer | Synchronizing object | ENV_leaf_608
Fra:372 Mem:223.69M (Peak 223.73M) | Time:00:00.31 | Mem:0.00M, Peak:0.00M | Scene, ViewLayer | Synchronizing object | ENV_leaf_607
Fra:372 Mem:223.69M (Peak 223.73M) | Time:00:00.31 | Mem:0.00M, Peak:0.00M | Scene, ViewLayer | Synchronizing object | ENV_leaf_606
Fra:372 Mem:223.77M (Peak 223.77M) | Time:00:00.31 | Mem:0.00M, Peak:0.00M | Scene, ViewLayer | Synchronizing object | ENV_leaf_605
Fra:372 Mem:223.77M (Peak 223.77M) | Time:00:00.31 | Mem:0.00M, Peak:0.00M | Scene, ViewLayer | Synchronizing object | ENV_leaf_604
Fra:372 Mem:223.93M (Peak 223.93M) | Time:00:00.31 | Mem:0.00M, Peak:0.00M | Scene, ViewLayer | Synchronizing object | ENV_leaf_602
Fra:372 Mem:224.00M (Peak 224.00M) | Time:00:00.31 | Mem:0.00M, Peak:0.00M | Scene, ViewLayer | Synchronizing object | ENV_leaf_601
Fra:372 Mem:224.00M (Peak 224.00M) | Time:00:00.31 | Mem:0.00M, Peak:0.00M | Scene, ViewLayer | Synchronizing object | ENV_leaf_600
Fra:372 Mem:224.01M (Peak 224.01M) | Time:00:00.31 | Mem:0.00M, Peak:0.00M | Scene, ViewLayer | Synchronizing object | ENV_leaf_599
Fra:372 Mem:224.09M (Peak 224.09M) | Time:00:00.31 | Mem:0.00M, Peak:0.00M | Scene, ViewLayer | Synchronizing object | ENV_leaf_598
Fra:372 Mem:224.10M (Peak 224.10M) | Time:00:00.31 | Mem:0.00M, Peak:0.00M | Scene, ViewLayer | Synchronizing object | ENV_leaf_597
Fra:372 Mem:224.12M (Peak 224.12M) | Time:00:00.31 | Mem:0.00M, Peak:0.00M | Scene, ViewLayer | Synchronizing object | ENV_leaf_596
Fra:372 Mem:224.18M (Peak 224.18M) | Time:00:00.31 | Mem:0.00M, Peak:0.00M | Scene, ViewLayer | Synchronizing object | ENV_leaf_595
Fra:372 Mem:224.19M (Peak 224.19M) | Time:00:00.31 | Mem:0.00M, Peak:0.00M | Scene, ViewLayer | Synchronizing object | ENV_leaf_594
Fra:372 Mem:224.19M (Peak 224.19M) | Time:00:00.31 | Mem:0.00M, Peak:0.00M | Scene, ViewLayer | Synchronizing object | ENV_leaf_593
Fra:372 Mem:224.19M (Peak 224.19M) | Time:00:00.31 | Mem:0.00M, Peak:0.00M | Scene, ViewLayer | Synchronizing object | ENV_leaf_592
Fra:372 Mem:224.20M (Peak 224.20M) | Time:00:00.31 | Mem:0.00M, Peak:0.00M | Scene, ViewLayer | Synchronizing object | ENV_leaf_591
Fra:372 Mem:224.20M (Peak 224.20M) | Time:00:00.31 | Mem:0.00M, Peak:0.00M | Scene, ViewLayer | Synchronizing object | ENV_leaf_590
Fra:372 Mem:224.19M (Peak 224.20M) | Time:00:00.31 | Mem:0.00M, Peak:0.00M | Scene, ViewLayer | Synchronizing object | ENV_leaf_589
Fra:372 Mem:224.20M (Peak 224.20M) | Time:00:00.31 | Mem:0.00M, Peak:0.00M | Scene, ViewLayer | Synchronizing object | ENV_leaf_588
Fra:372 Mem:224.20M (Peak 224.20M) | Time:00:00.31 | Mem:0.00M, Peak:0.00M | Scene, ViewLayer | Synchronizing object | ENV_leaf_587
Fra:372 Mem:224.20M (Peak 224.20M) | Time:00:00.31 | Mem:0.00M, Peak:0.00M | Scene, ViewLayer | Synchronizing object | ENV_leaf_586
Fra:372 Mem:224.21M (Peak 224.21M) | Time:00:00.31 | Mem:0.00M, Peak:0.00M | Scene, ViewLayer | Synchronizing object | ENV_leaf_585
Fra:372 Mem:224.21M (Peak 224.21M) | Time:00:00.31 | Mem:0.00M, Peak:0.00M | Scene, ViewLayer | Synchronizing object | ENV_leaf_584
Fra:372 Mem:224.22M (Peak 224.22M) | Time:00:00.31 | Mem:0.00M, Peak:0.00M | Scene, ViewLayer | Synchronizing object | ENV_leaf_583
Fra:372 Mem:224.22M (Peak 224.22M) | Time:00:00.31 | Mem:0.00M, Peak:0.00M | Scene, ViewLayer | Synchronizing object | ENV_leaf_582
Fra:372 Mem:224.22M (Peak 224.22M) | Time:00:00.31 | Mem:0.00M, Peak:0.00M | Scene, ViewLayer | Synchronizing object | ENV_leaf_581
Fra:372 Mem:224.23M (Peak 224.23M) | Time:00:00.31 | Mem:0.00M, Peak:0.00M | Scene, ViewLayer | Synchronizing object | ENV_leaf_580
Fra:372 Mem:224.23M (Peak 224.23M) | Time:00:00.31 | Mem:0.00M, Peak:0.00M | Scene, ViewLayer | Synchronizing object | ENV_leaf_579
Fra:372 Mem:224.24M (Peak 224.24M) | Time:00:00.31 | Mem:0.00M, Peak:0.00M | Scene, ViewLayer | Synchronizing object | ENV_leaf_578
Fra:372 Mem:224.24M (Peak 224.24M) | Time:00:00.31 | Mem:0.00M, Peak:0.00M | Scene, ViewLayer | Synchronizing object | ENV_leaf_577
Fra:372 Mem:224.24M (Peak 224.24M) | Time:00:00.31 | Mem:0.00M, Peak:0.00M | Scene, ViewLayer | Synchronizing object | ENV_leaf_576
Fra:372 Mem:224.31M (Peak 224.31M) | Time:00:00.31 | Mem:0.00M, Peak:0.00M | Scene, ViewLayer | Synchronizing object | ENV_leaf_575
Fra:372 Mem:224.31M (Peak 224.31M) | Time:00:00.31 | Mem:0.00M, Peak:0.00M | Scene, ViewLayer | Synchronizing object | ENV_leaf_574
Fra:372 Mem:224.32M (Peak 224.32M) | Time:00:00.31 | Mem:0.00M, Peak:0.00M | Scene, ViewLayer | Synchronizing object | ENV_leaf_573
Fra:372 Mem:224.32M (Peak 224.32M) | Time:00:00.31 | Mem:0.00M, Peak:0.00M | Scene, ViewLayer | Synchronizing object | ENV_leaf_572
Fra:372 Mem:224.35M (Peak 224.35M) | Time:00:00.31 | Mem:0.00M, Peak:0.00M | Scene, ViewLayer | Synchronizing object | ENV_leaf_571
Fra:372 Mem:224.35M (Peak 224.35M) | Time:00:00.31 | Mem:0.00M, Peak:0.00M | Scene, ViewLayer | Synchronizing object | ENV_leaf_570
Fra:372 Mem:224.42M (Peak 224.42M) | Time:00:00.31 | Mem:0.00M, Peak:0.00M | Scene, ViewLayer | Synchronizing object | ENV_leaf_569
Fra:372 Mem:224.42M (Peak 224.42M) | Time:00:00.31 | Mem:0.00M, Peak:0.00M | Scene, ViewLayer | Synchronizing object | ENV_leaf_568
Fra:372 Mem:224.43M (Peak 224.43M) | Time:00:00.31 | Mem:0.00M, Peak:0.00M | Scene, ViewLayer | Synchronizing object | ENV_leaf_567
Fra:372 Mem:224.43M (Peak 224.43M) | Time:00:00.31 | Mem:0.00M, Peak:0.00M | Scene, ViewLayer | Synchronizing object | ENV_leaf_566
Fra:372 Mem:224.37M (Peak 224.43M) | Time:00:00.31 | Mem:0.00M, Peak:0.00M | Scene, ViewLayer | Synchronizing object | ENV_fern_35
Fra:372 Mem:224.37M (Peak 224.43M) | Time:00:00.31 | Mem:0.00M, Peak:0.00M | Scene, ViewLayer | Synchronizing object | ENV_leaf_565
Fra:372 Mem:224.46M (Peak 224.46M) | Time:00:00.31 | Mem:0.00M, Peak:0.00M | Scene, ViewLayer | Synchronizing object | ENV_leaf_564
Fra:372 Mem:224.47M (Peak 224.47M) | Time:00:00.31 | Mem:0.00M, Peak:0.00M | Scene, ViewLayer | Synchronizing object | ENV_leaf_563
Fra:372 Mem:224.47M (Peak 224.47M) | Time:00:00.31 | Mem:0.00M, Peak:0.00M | Scene, ViewLayer | Synchronizing object | ENV_leaf_562
Fra:372 Mem:224.67M (Peak 224.67M) | Time:00:00.31 | Mem:0.00M, Peak:0.00M | Scene, ViewLayer | Synchronizing object | ENV_leaf_561
Fra:372 Mem:224.68M (Peak 224.68M) | Time:00:00.31 | Mem:0.00M, Peak:0.00M | Scene, ViewLayer | Synchronizing object | ENV_leaf_560
Fra:372 Mem:224.76M (Peak 224.76M) | Time:00:00.31 | Mem:0.00M, Peak:0.00M | Scene, ViewLayer | Synchronizing object | ENV_leaf_559
Fra:372 Mem:224.76M (Peak 224.76M) | Time:00:00.31 | Mem:0.00M, Peak:0.00M | Scene, ViewLayer | Synchronizing object | ENV_leaf_558
Fra:372 Mem:224.82M (Peak 224.82M) | Time:00:00.31 | Mem:0.00M, Peak:0.00M | Scene, ViewLayer | Synchronizing object | ENV_leaf_557
Fra:372 Mem:224.87M (Peak 224.87M) | Time:00:00.31 | Mem:0.00M, Peak:0.00M | Scene, ViewLayer | Synchronizing object | ENV_leaf_556
Fra:372 Mem:224.87M (Peak 224.87M) | Time:00:00.31 | Mem:0.00M, Peak:0.00M | Scene, ViewLayer | Synchronizing object | ENV_leaf_555
Fra:372 Mem:224.88M (Peak 224.88M) | Time:00:00.31 | Mem:0.00M, Peak:0.00M | Scene, ViewLayer | Synchronizing object | ENV_leaf_554
Fra:372 Mem:224.88M (Peak 224.88M) | Time:00:00.31 | Mem:0.00M, Peak:0.00M | Scene, ViewLayer | Synchronizing object | ENV_leaf_553
Fra:372 Mem:224.90M (Peak 224.90M) | Time:00:00.31 | Mem:0.00M, Peak:0.00M | Scene, ViewLayer | Synchronizing object | ENV_leaf_552
Fra:372 Mem:224.98M (Peak 224.98M) | Time:00:00.31 | Mem:0.00M, Peak:0.00M | Scene, ViewLayer | Synchronizing object | ENV_leaf_551
Fra:372 Mem:224.99M (Peak 224.99M) | Time:00:00.31 | Mem:0.00M, Peak:0.00M | Scene, ViewLayer | Synchronizing object | ENV_leaf_550
Fra:372 Mem:224.99M (Peak 224.99M) | Time:00:00.31 | Mem:0.00M, Peak:0.00M | Scene, ViewLayer | Synchronizing object | ENV_leaf_549
Fra:372 Mem:225.00M (Peak 225.00M) | Time:00:00.31 | Mem:0.00M, Peak:0.00M | Scene, ViewLayer | Synchronizing object | ENV_leaf_548
Fra:372 Mem:225.00M (Peak 225.00M) | Time:00:00.31 | Mem:0.00M, Peak:0.00M | Scene, ViewLayer | Synchronizing object | ENV_leaf_547
Fra:372 Mem:225.01M (Peak 225.01M) | Time:00:00.31 | Mem:0.00M, Peak:0.00M | Scene, ViewLayer | Synchronizing object | ENV_leaf_546
Fra:372 Mem:225.01M (Peak 225.01M) | Time:00:00.31 | Mem:0.00M, Peak:0.00M | Scene, ViewLayer | Synchronizing object | ENV_leaf_545
Fra:372 Mem:225.01M (Peak 225.01M) | Time:00:00.31 | Mem:0.00M, Peak:0.00M | Scene, ViewLayer | Synchronizing object | ENV_leaf_544
Fra:372 Mem:225.00M (Peak 225.01M) | Time:00:00.31 | Mem:0.00M, Peak:0.00M | Scene, ViewLayer | Synchronizing object | ENV_leaf_543
Fra:372 Mem:225.00M (Peak 225.01M) | Time:00:00.31 | Mem:0.00M, Peak:0.00M | Scene, ViewLayer | Synchronizing object | ENV_leaf_542
Fra:372 Mem:225.01M (Peak 225.01M) | Time:00:00.31 | Mem:0.00M, Peak:0.00M | Scene, ViewLayer | Synchronizing object | ENV_leaf_541
Fra:372 Mem:225.01M (Peak 225.01M) | Time:00:00.31 | Mem:0.00M, Peak:0.00M | Scene, ViewLayer | Synchronizing object | ENV_leaf_540
Fra:372 Mem:225.01M (Peak 225.01M) | Time:00:00.31 | Mem:0.00M, Peak:0.00M | Scene, ViewLayer | Synchronizing object | ENV_leaf_539
Fra:372 Mem:225.02M (Peak 225.02M) | Time:00:00.31 | Mem:0.00M, Peak:0.00M | Scene, ViewLayer | Synchronizing object | ENV_leaf_538
Fra:372 Mem:225.02M (Peak 225.02M) | Time:00:00.31 | Mem:0.00M, Peak:0.00M | Scene, ViewLayer | Synchronizing object | ENV_leaf_537
Fra:372 Mem:225.03M (Peak 225.03M) | Time:00:00.31 | Mem:0.00M, Peak:0.00M | Scene, ViewLayer | Synchronizing object | ENV_leaf_536
Fra:372 Mem:225.03M (Peak 225.03M) | Time:00:00.31 | Mem:0.00M, Peak:0.00M | Scene, ViewLayer | Synchronizing object | ENV_leaf_535
Fra:372 Mem:225.03M (Peak 225.03M) | Time:00:00.31 | Mem:0.00M, Peak:0.00M | Scene, ViewLayer | Synchronizing object | ENV_leaf_534
Fra:372 Mem:225.04M (Peak 225.04M) | Time:00:00.31 | Mem:0.00M, Peak:0.00M | Scene, ViewLayer | Synchronizing object | ENV_leaf_533
Fra:372 Mem:225.04M (Peak 225.04M) | Time:00:00.31 | Mem:0.00M, Peak:0.00M | Scene, ViewLayer | Synchronizing object | ENV_leaf_532
Fra:372 Mem:225.05M (Peak 225.05M) | Time:00:00.31 | Mem:0.00M, Peak:0.00M | Scene, ViewLayer | Synchronizing object | ENV_leaf_531
Fra:372 Mem:225.05M (Peak 225.05M) | Time:00:00.31 | Mem:0.00M, Peak:0.00M | Scene, ViewLayer | Synchronizing object | ENV_leaf_530
Fra:372 Mem:225.05M (Peak 225.05M) | Time:00:00.31 | Mem:0.00M, Peak:0.00M | Scene, ViewLayer | Synchronizing object | ENV_leaf_529
Fra:372 Mem:225.06M (Peak 225.06M) | Time:00:00.31 | Mem:0.00M, Peak:0.00M | Scene, ViewLayer | Synchronizing object | ENV_leaf_528
Fra:372 Mem:225.06M (Peak 225.06M) | Time:00:00.31 | Mem:0.00M, Peak:0.00M | Scene, ViewLayer | Synchronizing object | ENV_leaf_527
Fra:372 Mem:225.07M (Peak 225.07M) | Time:00:00.31 | Mem:0.00M, Peak:0.00M | Scene, ViewLayer | Synchronizing object | ENV_leaf_525
Fra:372 Mem:225.15M (Peak 225.15M) | Time:00:00.31 | Mem:0.00M, Peak:0.00M | Scene, ViewLayer | Synchronizing object | ENV_leaf_524
Fra:372 Mem:225.15M (Peak 225.15M) | Time:00:00.31 | Mem:0.00M, Peak:0.00M | Scene, ViewLayer | Synchronizing object | ENV_leaf_523
Fra:372 Mem:225.16M (Peak 225.16M) | Time:00:00.31 | Mem:0.00M, Peak:0.00M | Scene, ViewLayer | Synchronizing object | ENV_leaf_522
Fra:372 Mem:225.16M (Peak 225.16M) | Time:00:00.31 | Mem:0.00M, Peak:0.00M | Scene, ViewLayer | Synchronizing object | ENV_leaf_521
Fra:372 Mem:225.16M (Peak 225.16M) | Time:00:00.31 | Mem:0.00M, Peak:0.00M | Scene, ViewLayer | Synchronizing object | ENV_leaf_520
Fra:372 Mem:225.20M (Peak 225.20M) | Time:00:00.31 | Mem:0.00M, Peak:0.00M | Scene, ViewLayer | Synchronizing object | ENV_leaf_519
Fra:372 Mem:225.20M (Peak 225.20M) | Time:00:00.31 | Mem:0.00M, Peak:0.00M | Scene, ViewLayer | Synchronizing object | ENV_leaf_518
Fra:372 Mem:225.28M (Peak 225.28M) | Time:00:00.31 | Mem:0.00M, Peak:0.00M | Scene, ViewLayer | Synchronizing object | ENV_leaf_517
Fra:372 Mem:225.28M (Peak 225.28M) | Time:00:00.31 | Mem:0.00M, Peak:0.00M | Scene, ViewLayer | Synchronizing object | ENV_leaf_516
Fra:372 Mem:225.29M (Peak 225.29M) | Time:00:00.31 | Mem:0.00M, Peak:0.00M | Scene, ViewLayer | Synchronizing object | ENV_leaf_515
Fra:372 Mem:225.29M (Peak 225.29M) | Time:00:00.31 | Mem:0.00M, Peak:0.00M | Scene, ViewLayer | Synchronizing object | ENV_leaf_514
Fra:372 Mem:225.22M (Peak 225.29M) | Time:00:00.31 | Mem:0.00M, Peak:0.00M | Scene, ViewLayer | Synchronizing object | ENV_fern_36
Fra:372 Mem:225.32M (Peak 225.32M) | Time:00:00.31 | Mem:0.00M, Peak:0.00M | Scene, ViewLayer | Synchronizing object | ENV_leaf_513
Fra:372 Mem:225.45M (Peak 225.45M) | Time:00:00.31 | Mem:0.00M, Peak:0.00M | Scene, ViewLayer | Synchronizing object | ENV_leaf_512
Fra:372 Mem:225.45M (Peak 225.45M) | Time:00:00.31 | Mem:0.00M, Peak:0.00M | Scene, ViewLayer | Synchronizing object | ENV_leaf_511
Fra:372 Mem:225.52M (Peak 225.52M) | Time:00:00.31 | Mem:0.00M, Peak:0.00M | Scene, ViewLayer | Synchronizing object | ENV_leaf_510
Fra:372 Mem:225.52M (Peak 225.52M) | Time:00:00.31 | Mem:0.00M, Peak:0.00M | Scene, ViewLayer | Synchronizing object | ENV_leaf_509
Fra:372 Mem:225.54M (Peak 225.54M) | Time:00:00.31 | Mem:0.00M, Peak:0.00M | Scene, ViewLayer | Synchronizing object | ENV_leaf_508
Fra:372 Mem:225.59M (Peak 225.59M) | Time:00:00.31 | Mem:0.00M, Peak:0.00M | Scene, ViewLayer | Synchronizing object | ENV_leaf_507
Fra:372 Mem:225.60M (Peak 225.60M) | Time:00:00.31 | Mem:0.00M, Peak:0.00M | Scene, ViewLayer | Synchronizing object | ENV_leaf_506
Fra:372 Mem:225.60M (Peak 225.60M) | Time:00:00.31 | Mem:0.00M, Peak:0.00M | Scene, ViewLayer | Synchronizing object | ENV_leaf_505
Fra:372 Mem:225.60M (Peak 225.60M) | Time:00:00.31 | Mem:0.00M, Peak:0.00M | Scene, ViewLayer | Synchronizing object | ENV_leaf_504
Fra:372 Mem:225.61M (Peak 225.61M) | Time:00:00.31 | Mem:0.00M, Peak:0.00M | Scene, ViewLayer | Synchronizing object | ENV_leaf_503
Fra:372 Mem:225.60M (Peak 225.61M) | Time:00:00.31 | Mem:0.00M, Peak:0.00M | Scene, ViewLayer | Synchronizing object | ENV_leaf_502
Fra:372 Mem:225.60M (Peak 225.61M) | Time:00:00.31 | Mem:0.00M, Peak:0.00M | Scene, ViewLayer | Synchronizing object | ENV_leaf_501
Fra:372 Mem:225.61M (Peak 225.61M) | Time:00:00.31 | Mem:0.00M, Peak:0.00M | Scene, ViewLayer | Synchronizing object | ENV_leaf_500
Fra:372 Mem:225.61M (Peak 225.61M) | Time:00:00.31 | Mem:0.00M, Peak:0.00M | Scene, ViewLayer | Synchronizing object | ENV_leaf_499
Fra:372 Mem:225.62M (Peak 225.62M) | Time:00:00.31 | Mem:0.00M, Peak:0.00M | Scene, ViewLayer | Synchronizing object | ENV_leaf_498
Fra:372 Mem:225.62M (Peak 225.62M) | Time:00:00.31 | Mem:0.00M, Peak:0.00M | Scene, ViewLayer | Synchronizing object | ENV_leaf_497
Fra:372 Mem:225.62M (Peak 225.62M) | Time:00:00.31 | Mem:0.00M, Peak:0.00M | Scene, ViewLayer | Synchronizing object | ENV_leaf_496
Fra:372 Mem:225.63M (Peak 225.63M) | Time:00:00.31 | Mem:0.00M, Peak:0.00M | Scene, ViewLayer | Synchronizing object | ENV_leaf_495
Fra:372 Mem:225.63M (Peak 225.63M) | Time:00:00.31 | Mem:0.00M, Peak:0.00M | Scene, ViewLayer | Synchronizing object | ENV_leaf_494
Fra:372 Mem:225.64M (Peak 225.64M) | Time:00:00.31 | Mem:0.00M, Peak:0.00M | Scene, ViewLayer | Synchronizing object | ENV_leaf_493
Fra:372 Mem:225.64M (Peak 225.64M) | Time:00:00.31 | Mem:0.00M, Peak:0.00M | Scene, ViewLayer | Synchronizing object | ENV_leaf_492
Fra:372 Mem:225.69M (Peak 225.69M) | Time:00:00.31 | Mem:0.00M, Peak:0.00M | Scene, ViewLayer | Synchronizing object | ENV_leaf_491
Fra:372 Mem:225.70M (Peak 225.70M) | Time:00:00.31 | Mem:0.00M, Peak:0.00M | Scene, ViewLayer | Synchronizing object | ENV_leaf_490
Fra:372 Mem:225.72M (Peak 225.72M) | Time:00:00.31 | Mem:0.00M, Peak:0.00M | Scene, ViewLayer | Synchronizing object | ENV_leaf_489
Fra:372 Mem:225.72M (Peak 225.72M) | Time:00:00.31 | Mem:0.00M, Peak:0.00M | Scene, ViewLayer | Synchronizing object | ENV_leaf_488
Fra:372 Mem:225.77M (Peak 225.77M) | Time:00:00.31 | Mem:0.00M, Peak:0.00M | Scene, ViewLayer | Synchronizing object | ENV_leaf_487
Fra:372 Mem:225.78M (Peak 225.78M) | Time:00:00.31 | Mem:0.00M, Peak:0.00M | Scene, ViewLayer | Synchronizing object | ENV_leaf_486
Fra:372 Mem:225.73M (Peak 225.78M) | Time:00:00.31 | Mem:0.00M, Peak:0.00M | Scene, ViewLayer | Synchronizing object | ENV_fern_37
Fra:372 Mem:225.80M (Peak 225.80M) | Time:00:00.31 | Mem:0.00M, Peak:0.00M | Scene, ViewLayer | Synchronizing object | ENV_leaf_485
Fra:372 Mem:225.87M (Peak 225.87M) | Time:00:00.31 | Mem:0.00M, Peak:0.00M | Scene, ViewLayer | Synchronizing object | ENV_leaf_484
Fra:372 Mem:225.97M (Peak 225.97M) | Time:00:00.31 | Mem:0.00M, Peak:0.00M | Scene, ViewLayer | Synchronizing object | ENV_leaf_483
Fra:372 Mem:226.04M (Peak 226.04M) | Time:00:00.31 | Mem:0.00M, Peak:0.00M | Scene, ViewLayer | Synchronizing object | ENV_leaf_482
Fra:372 Mem:226.04M (Peak 226.04M) | Time:00:00.31 | Mem:0.00M, Peak:0.00M | Scene, ViewLayer | Synchronizing object | ENV_leaf_481
Fra:372 Mem:226.13M (Peak 226.13M) | Time:00:00.31 | Mem:0.00M, Peak:0.00M | Scene, ViewLayer | Synchronizing object | ENV_leaf_480
Fra:372 Mem:226.13M (Peak 226.13M) | Time:00:00.31 | Mem:0.00M, Peak:0.00M | Scene, ViewLayer | Synchronizing object | ENV_leaf_479
Fra:372 Mem:226.14M (Peak 226.14M) | Time:00:00.31 | Mem:0.00M, Peak:0.00M | Scene, ViewLayer | Synchronizing object | ENV_leaf_478
Fra:372 Mem:226.14M (Peak 226.14M) | Time:00:00.31 | Mem:0.00M, Peak:0.00M | Scene, ViewLayer | Synchronizing object | ENV_leaf_477
Fra:372 Mem:226.16M (Peak 226.16M) | Time:00:00.31 | Mem:0.00M, Peak:0.00M | Scene, ViewLayer | Synchronizing object | ENV_leaf_476
Fra:372 Mem:226.22M (Peak 226.22M) | Time:00:00.31 | Mem:0.00M, Peak:0.00M | Scene, ViewLayer | Synchronizing object | ENV_leaf_475
Fra:372 Mem:226.23M (Peak 226.23M) | Time:00:00.31 | Mem:0.00M, Peak:0.00M | Scene, ViewLayer | Synchronizing object | ENV_leaf_474
Fra:372 Mem:226.23M (Peak 226.23M) | Time:00:00.31 | Mem:0.00M, Peak:0.00M | Scene, ViewLayer | Synchronizing object | ENV_leaf_473
Fra:372 Mem:226.24M (Peak 226.24M) | Time:00:00.31 | Mem:0.00M, Peak:0.00M | Scene, ViewLayer | Synchronizing object | ENV_leaf_472
Fra:372 Mem:226.24M (Peak 226.24M) | Time:00:00.31 | Mem:0.00M, Peak:0.00M | Scene, ViewLayer | Synchronizing object | ENV_leaf_471
Fra:372 Mem:226.24M (Peak 226.24M) | Time:00:00.31 | Mem:0.00M, Peak:0.00M | Scene, ViewLayer | Synchronizing object | ENV_leaf_470
Fra:372 Mem:226.23M (Peak 226.24M) | Time:00:00.31 | Mem:0.00M, Peak:0.00M | Scene, ViewLayer | Synchronizing object | ENV_leaf_468
Fra:372 Mem:226.24M (Peak 226.24M) | Time:00:00.31 | Mem:0.00M, Peak:0.00M | Scene, ViewLayer | Synchronizing object | ENV_leaf_467
Fra:372 Mem:226.24M (Peak 226.24M) | Time:00:00.31 | Mem:0.00M, Peak:0.00M | Scene, ViewLayer | Synchronizing object | ENV_leaf_466
Fra:372 Mem:226.25M (Peak 226.25M) | Time:00:00.31 | Mem:0.00M, Peak:0.00M | Scene, ViewLayer | Synchronizing object | ENV_leaf_465
Fra:372 Mem:226.25M (Peak 226.25M) | Time:00:00.31 | Mem:0.00M, Peak:0.00M | Scene, ViewLayer | Synchronizing object | ENV_leaf_464
Fra:372 Mem:226.25M (Peak 226.25M) | Time:00:00.31 | Mem:0.00M, Peak:0.00M | Scene, ViewLayer | Synchronizing object | ENV_leaf_463
Fra:372 Mem:226.26M (Peak 226.26M) | Time:00:00.31 | Mem:0.00M, Peak:0.00M | Scene, ViewLayer | Synchronizing object | ENV_leaf_462
Fra:372 Mem:226.26M (Peak 226.26M) | Time:00:00.31 | Mem:0.00M, Peak:0.00M | Scene, ViewLayer | Synchronizing object | ENV_leaf_461
Fra:372 Mem:226.27M (Peak 226.27M) | Time:00:00.31 | Mem:0.00M, Peak:0.00M | Scene, ViewLayer | Synchronizing object | ENV_leaf_460
Fra:372 Mem:226.27M (Peak 226.27M) | Time:00:00.31 | Mem:0.00M, Peak:0.00M | Scene, ViewLayer | Synchronizing object | ENV_leaf_459
Fra:372 Mem:226.27M (Peak 226.27M) | Time:00:00.31 | Mem:0.00M, Peak:0.00M | Scene, ViewLayer | Synchronizing object | ENV_leaf_458
Fra:372 Mem:226.28M (Peak 226.28M) | Time:00:00.31 | Mem:0.00M, Peak:0.00M | Scene, ViewLayer | Synchronizing object | ENV_leaf_457
Fra:372 Mem:226.28M (Peak 226.28M) | Time:00:00.31 | Mem:0.00M, Peak:0.00M | Scene, ViewLayer | Synchronizing object | ENV_leaf_456
Fra:372 Mem:226.29M (Peak 226.29M) | Time:00:00.31 | Mem:0.00M, Peak:0.00M | Scene, ViewLayer | Synchronizing object | ENV_leaf_455
Fra:372 Mem:226.29M (Peak 226.29M) | Time:00:00.31 | Mem:0.00M, Peak:0.00M | Scene, ViewLayer | Synchronizing object | ENV_leaf_454
Fra:372 Mem:226.29M (Peak 226.29M) | Time:00:00.31 | Mem:0.00M, Peak:0.00M | Scene, ViewLayer | Synchronizing object | ENV_leaf_453
Fra:372 Mem:226.36M (Peak 226.36M) | Time:00:00.31 | Mem:0.00M, Peak:0.00M | Scene, ViewLayer | Synchronizing object | ENV_leaf_452
Fra:372 Mem:226.36M (Peak 226.36M) | Time:00:00.31 | Mem:0.00M, Peak:0.00M | Scene, ViewLayer | Synchronizing object | ENV_leaf_451
Fra:372 Mem:226.37M (Peak 226.37M) | Time:00:00.31 | Mem:0.00M, Peak:0.00M | Scene, ViewLayer | Synchronizing object | ENV_leaf_450
Fra:372 Mem:226.37M (Peak 226.37M) | Time:00:00.31 | Mem:0.00M, Peak:0.00M | Scene, ViewLayer | Synchronizing object | ENV_leaf_449
Fra:372 Mem:226.40M (Peak 226.40M) | Time:00:00.31 | Mem:0.00M, Peak:0.00M | Scene, ViewLayer | Synchronizing object | ENV_leaf_448
Fra:372 Mem:226.40M (Peak 226.40M) | Time:00:00.31 | Mem:0.00M, Peak:0.00M | Scene, ViewLayer | Synchronizing object | ENV_leaf_447
Fra:372 Mem:226.47M (Peak 226.47M) | Time:00:00.31 | Mem:0.00M, Peak:0.00M | Scene, ViewLayer | Synchronizing object | ENV_leaf_446
Fra:372 Mem:226.47M (Peak 226.47M) | Time:00:00.31 | Mem:0.00M, Peak:0.00M | Scene, ViewLayer | Synchronizing object | ENV_leaf_445
Fra:372 Mem:226.41M (Peak 226.47M) | Time:00:00.31 | Mem:0.00M, Peak:0.00M | Scene, ViewLayer | Synchronizing object | ENV_fern_38
Fra:372 Mem:226.42M (Peak 226.47M) | Time:00:00.31 | Mem:0.00M, Peak:0.00M | Scene, ViewLayer | Synchronizing object | ENV_leaf_444
Fra:372 Mem:226.51M (Peak 226.51M) | Time:00:00.31 | Mem:0.00M, Peak:0.00M | Scene, ViewLayer | Synchronizing object | ENV_leaf_443
Fra:372 Mem:226.51M (Peak 226.51M) | Time:00:00.31 | Mem:0.00M, Peak:0.00M | Scene, ViewLayer | Synchronizing object | ENV_leaf_442
Fra:372 Mem:226.71M (Peak 226.71M) | Time:00:00.31 | Mem:0.00M, Peak:0.00M | Scene, ViewLayer | Synchronizing object | ENV_leaf_441
Fra:372 Mem:226.79M (Peak 226.79M) | Time:00:00.31 | Mem:0.00M, Peak:0.00M | Scene, ViewLayer | Synchronizing object | ENV_leaf_440
Fra:372 Mem:226.80M (Peak 226.80M) | Time:00:00.31 | Mem:0.00M, Peak:0.00M | Scene, ViewLayer | Synchronizing object | ENV_leaf_439
Fra:372 Mem:226.80M (Peak 226.80M) | Time:00:00.31 | Mem:0.00M, Peak:0.00M | Scene, ViewLayer | Synchronizing object | ENV_leaf_438
Fra:372 Mem:226.90M (Peak 226.90M) | Time:00:00.31 | Mem:0.00M, Peak:0.00M | Scene, ViewLayer | Synchronizing object | ENV_leaf_437
Fra:372 Mem:226.91M (Peak 226.91M) | Time:00:00.31 | Mem:0.00M, Peak:0.00M | Scene, ViewLayer | Synchronizing object | ENV_leaf_436
Fra:372 Mem:226.91M (Peak 226.91M) | Time:00:00.31 | Mem:0.00M, Peak:0.00M | Scene, ViewLayer | Synchronizing object | ENV_leaf_435
Fra:372 Mem:226.92M (Peak 226.92M) | Time:00:00.31 | Mem:0.00M, Peak:0.00M | Scene, ViewLayer | Synchronizing object | ENV_leaf_434
Fra:372 Mem:226.94M (Peak 226.94M) | Time:00:00.31 | Mem:0.00M, Peak:0.00M | Scene, ViewLayer | Synchronizing object | ENV_leaf_433
Fra:372 Mem:227.02M (Peak 227.02M) | Time:00:00.31 | Mem:0.00M, Peak:0.00M | Scene, ViewLayer | Synchronizing object | ENV_leaf_432
Fra:372 Mem:227.02M (Peak 227.02M) | Time:00:00.31 | Mem:0.00M, Peak:0.00M | Scene, ViewLayer | Synchronizing object | ENV_leaf_431
Fra:372 Mem:227.03M (Peak 227.03M) | Time:00:00.31 | Mem:0.00M, Peak:0.00M | Scene, ViewLayer | Synchronizing object | ENV_leaf_430
Fra:372 Mem:227.03M (Peak 227.03M) | Time:00:00.31 | Mem:0.00M, Peak:0.00M | Scene, ViewLayer | Synchronizing object | ENV_leaf_429
Fra:372 Mem:227.03M (Peak 227.03M) | Time:00:00.31 | Mem:0.00M, Peak:0.00M | Scene, ViewLayer | Synchronizing object | ENV_leaf_428
Fra:372 Mem:227.04M (Peak 227.04M) | Time:00:00.31 | Mem:0.00M, Peak:0.00M | Scene, ViewLayer | Synchronizing object | ENV_leaf_427
Fra:372 Mem:227.04M (Peak 227.04M) | Time:00:00.31 | Mem:0.00M, Peak:0.00M | Scene, ViewLayer | Synchronizing object | ENV_leaf_426
Fra:372 Mem:227.05M (Peak 227.05M) | Time:00:00.31 | Mem:0.00M, Peak:0.00M | Scene, ViewLayer | Synchronizing object | ENV_leaf_425
Fra:372 Mem:227.05M (Peak 227.05M) | Time:00:00.31 | Mem:0.00M, Peak:0.00M | Scene, ViewLayer | Synchronizing object | ENV_leaf_424
Fra:372 Mem:227.04M (Peak 227.05M) | Time:00:00.31 | Mem:0.00M, Peak:0.00M | Scene, ViewLayer | Synchronizing object | ENV_leaf_423
Fra:372 Mem:227.04M (Peak 227.05M) | Time:00:00.31 | Mem:0.00M, Peak:0.00M | Scene, ViewLayer | Synchronizing object | ENV_leaf_422
Fra:372 Mem:227.04M (Peak 227.05M) | Time:00:00.31 | Mem:0.00M, Peak:0.00M | Scene, ViewLayer | Synchronizing object | ENV_leaf_421
Fra:372 Mem:227.05M (Peak 227.05M) | Time:00:00.31 | Mem:0.00M, Peak:0.00M | Scene, ViewLayer | Synchronizing object | ENV_leaf_420
Fra:372 Mem:227.05M (Peak 227.05M) | Time:00:00.31 | Mem:0.00M, Peak:0.00M | Scene, ViewLayer | Synchronizing object | ENV_leaf_419
Fra:372 Mem:227.06M (Peak 227.06M) | Time:00:00.31 | Mem:0.00M, Peak:0.00M | Scene, ViewLayer | Synchronizing object | ENV_leaf_418
Fra:372 Mem:227.06M (Peak 227.06M) | Time:00:00.31 | Mem:0.00M, Peak:0.00M | Scene, ViewLayer | Synchronizing object | ENV_leaf_417
Fra:372 Mem:227.06M (Peak 227.06M) | Time:00:00.31 | Mem:0.00M, Peak:0.00M | Scene, ViewLayer | Synchronizing object | ENV_leaf_416
Fra:372 Mem:227.07M (Peak 227.07M) | Time:00:00.31 | Mem:0.00M, Peak:0.00M | Scene, ViewLayer | Synchronizing object | ENV_leaf_415
Fra:372 Mem:227.07M (Peak 227.07M) | Time:00:00.31 | Mem:0.00M, Peak:0.00M | Scene, ViewLayer | Synchronizing object | ENV_leaf_414
Fra:372 Mem:227.08M (Peak 227.08M) | Time:00:00.31 | Mem:0.00M, Peak:0.00M | Scene, ViewLayer | Synchronizing object | ENV_leaf_413
Fra:372 Mem:227.08M (Peak 227.08M) | Time:00:00.31 | Mem:0.00M, Peak:0.00M | Scene, ViewLayer | Synchronizing object | ENV_leaf_412
Fra:372 Mem:227.08M (Peak 227.08M) | Time:00:00.31 | Mem:0.00M, Peak:0.00M | Scene, ViewLayer | Synchronizing object | ENV_leaf_411
Fra:372 Mem:227.09M (Peak 227.09M) | Time:00:00.31 | Mem:0.00M, Peak:0.00M | Scene, ViewLayer | Synchronizing object | ENV_leaf_410
Fra:372 Mem:227.09M (Peak 227.09M) | Time:00:00.31 | Mem:0.00M, Peak:0.00M | Scene, ViewLayer | Synchronizing object | ENV_leaf_409
Fra:372 Mem:227.10M (Peak 227.10M) | Time:00:00.31 | Mem:0.00M, Peak:0.00M | Scene, ViewLayer | Synchronizing object | ENV_leaf_407
Fra:372 Mem:227.10M (Peak 227.10M) | Time:00:00.31 | Mem:0.00M, Peak:0.00M | Scene, ViewLayer | Synchronizing object | ENV_leaf_406
Fra:372 Mem:227.10M (Peak 227.10M) | Time:00:00.31 | Mem:0.00M, Peak:0.00M | Scene, ViewLayer | Synchronizing object | ENV_leaf_405
Fra:372 Mem:227.11M (Peak 227.11M) | Time:00:00.31 | Mem:0.00M, Peak:0.00M | Scene, ViewLayer | Synchronizing object | ENV_leaf_404
Fra:372 Mem:227.11M (Peak 227.11M) | Time:00:00.31 | Mem:0.00M, Peak:0.00M | Scene, ViewLayer | Synchronizing object | ENV_leaf_403
Fra:372 Mem:227.19M (Peak 227.19M) | Time:00:00.31 | Mem:0.00M, Peak:0.00M | Scene, ViewLayer | Synchronizing object | ENV_leaf_402
Fra:372 Mem:227.20M (Peak 227.20M) | Time:00:00.31 | Mem:0.00M, Peak:0.00M | Scene, ViewLayer | Synchronizing object | ENV_leaf_401
Fra:372 Mem:227.20M (Peak 227.20M) | Time:00:00.31 | Mem:0.00M, Peak:0.00M | Scene, ViewLayer | Synchronizing object | ENV_leaf_400
Fra:372 Mem:227.21M (Peak 227.21M) | Time:00:00.31 | Mem:0.00M, Peak:0.00M | Scene, ViewLayer | Synchronizing object | ENV_leaf_399
Fra:372 Mem:227.24M (Peak 227.24M) | Time:00:00.31 | Mem:0.00M, Peak:0.00M | Scene, ViewLayer | Synchronizing object | ENV_leaf_398
Fra:372 Mem:227.24M (Peak 227.24M) | Time:00:00.31 | Mem:0.00M, Peak:0.00M | Scene, ViewLayer | Synchronizing object | ENV_leaf_397
Fra:372 Mem:227.32M (Peak 227.32M) | Time:00:00.31 | Mem:0.00M, Peak:0.00M | Scene, ViewLayer | Synchronizing object | ENV_leaf_396
Fra:372 Mem:227.33M (Peak 227.33M) | Time:00:00.31 | Mem:0.00M, Peak:0.00M | Scene, ViewLayer | Synchronizing object | ENV_leaf_395
Fra:372 Mem:227.33M (Peak 227.33M) | Time:00:00.31 | Mem:0.00M, Peak:0.00M | Scene, ViewLayer | Synchronizing object | ENV_leaf_394
Fra:372 Mem:227.26M (Peak 227.33M) | Time:00:00.31 | Mem:0.00M, Peak:0.00M | Scene, ViewLayer | Synchronizing object | ENV_fern_39
Fra:372 Mem:227.26M (Peak 227.33M) | Time:00:00.31 | Mem:0.00M, Peak:0.00M | Scene, ViewLayer | Synchronizing object | ENV_leaf_393
Fra:372 Mem:227.32M (Peak 227.33M) | Time:00:00.31 | Mem:0.00M, Peak:0.00M | Scene, ViewLayer | Synchronizing object | ENV_leaf_392
Fra:372 Mem:227.44M (Peak 227.44M) | Time:00:00.31 | Mem:0.00M, Peak:0.00M | Scene, ViewLayer | Synchronizing object | ENV_leaf_391
Fra:372 Mem:227.49M (Peak 227.49M) | Time:00:00.31 | Mem:0.00M, Peak:0.00M | Scene, ViewLayer | Synchronizing object | ENV_leaf_390
Fra:372 Mem:227.50M (Peak 227.50M) | Time:00:00.31 | Mem:0.00M, Peak:0.00M | Scene, ViewLayer | Synchronizing object | ENV_leaf_389
Fra:372 Mem:227.57M (Peak 227.57M) | Time:00:00.31 | Mem:0.00M, Peak:0.00M | Scene, ViewLayer | Synchronizing object | ENV_leaf_388
Fra:372 Mem:227.57M (Peak 227.57M) | Time:00:00.31 | Mem:0.00M, Peak:0.00M | Scene, ViewLayer | Synchronizing object | ENV_leaf_387
Fra:372 Mem:227.59M (Peak 227.59M) | Time:00:00.31 | Mem:0.00M, Peak:0.00M | Scene, ViewLayer | Synchronizing object | ENV_leaf_386
Fra:372 Mem:227.64M (Peak 227.64M) | Time:00:00.31 | Mem:0.00M, Peak:0.00M | Scene, ViewLayer | Synchronizing object | ENV_leaf_385
Fra:372 Mem:227.64M (Peak 227.64M) | Time:00:00.31 | Mem:0.00M, Peak:0.00M | Scene, ViewLayer | Synchronizing object | ENV_leaf_384
Fra:372 Mem:227.65M (Peak 227.65M) | Time:00:00.31 | Mem:0.00M, Peak:0.00M | Scene, ViewLayer | Synchronizing object | ENV_leaf_383
Fra:372 Mem:227.65M (Peak 227.65M) | Time:00:00.31 | Mem:0.00M, Peak:0.00M | Scene, ViewLayer | Synchronizing object | ENV_leaf_382
Fra:372 Mem:227.65M (Peak 227.65M) | Time:00:00.31 | Mem:0.00M, Peak:0.00M | Scene, ViewLayer | Synchronizing object | ENV_leaf_381
Fra:372 Mem:227.65M (Peak 227.65M) | Time:00:00.31 | Mem:0.00M, Peak:0.00M | Scene, ViewLayer | Synchronizing object | ENV_leaf_380
Fra:372 Mem:227.65M (Peak 227.65M) | Time:00:00.31 | Mem:0.00M, Peak:0.00M | Scene, ViewLayer | Synchronizing object | ENV_leaf_379
Fra:372 Mem:227.65M (Peak 227.65M) | Time:00:00.31 | Mem:0.00M, Peak:0.00M | Scene, ViewLayer | Synchronizing object | ENV_leaf_378
Fra:372 Mem:227.66M (Peak 227.66M) | Time:00:00.31 | Mem:0.00M, Peak:0.00M | Scene, ViewLayer | Synchronizing object | ENV_leaf_377
Fra:372 Mem:227.66M (Peak 227.66M) | Time:00:00.31 | Mem:0.00M, Peak:0.00M | Scene, ViewLayer | Synchronizing object | ENV_leaf_376
Fra:372 Mem:227.67M (Peak 227.67M) | Time:00:00.31 | Mem:0.00M, Peak:0.00M | Scene, ViewLayer | Synchronizing object | ENV_leaf_375
Fra:372 Mem:227.67M (Peak 227.67M) | Time:00:00.31 | Mem:0.00M, Peak:0.00M | Scene, ViewLayer | Synchronizing object | ENV_leaf_374
Fra:372 Mem:227.67M (Peak 227.67M) | Time:00:00.31 | Mem:0.00M, Peak:0.00M | Scene, ViewLayer | Synchronizing object | ENV_leaf_373
Fra:372 Mem:227.68M (Peak 227.68M) | Time:00:00.31 | Mem:0.00M, Peak:0.00M | Scene, ViewLayer | Synchronizing object | ENV_leaf_372
Fra:372 Mem:227.68M (Peak 227.68M) | Time:00:00.31 | Mem:0.00M, Peak:0.00M | Scene, ViewLayer | Synchronizing object | ENV_leaf_371
Fra:372 Mem:227.69M (Peak 227.69M) | Time:00:00.31 | Mem:0.00M, Peak:0.00M | Scene, ViewLayer | Synchronizing object | ENV_leaf_370
Fra:372 Mem:227.69M (Peak 227.69M) | Time:00:00.31 | Mem:0.00M, Peak:0.00M | Scene, ViewLayer | Synchronizing object | ENV_leaf_369
Fra:372 Mem:227.74M (Peak 227.74M) | Time:00:00.31 | Mem:0.00M, Peak:0.00M | Scene, ViewLayer | Synchronizing object | ENV_leaf_368
Fra:372 Mem:227.75M (Peak 227.75M) | Time:00:00.31 | Mem:0.00M, Peak:0.00M | Scene, ViewLayer | Synchronizing object | ENV_leaf_367
Fra:372 Mem:227.75M (Peak 227.75M) | Time:00:00.31 | Mem:0.00M, Peak:0.00M | Scene, ViewLayer | Synchronizing object | ENV_leaf_366
Fra:372 Mem:227.77M (Peak 227.77M) | Time:00:00.31 | Mem:0.00M, Peak:0.00M | Scene, ViewLayer | Synchronizing object | ENV_leaf_365
Fra:372 Mem:227.82M (Peak 227.82M) | Time:00:00.31 | Mem:0.00M, Peak:0.00M | Scene, ViewLayer | Synchronizing object | ENV_leaf_364
Fra:372 Mem:227.83M (Peak 227.83M) | Time:00:00.31 | Mem:0.00M, Peak:0.00M | Scene, ViewLayer | Synchronizing object | ENV_leaf_363
Fra:372 Mem:227.78M (Peak 227.83M) | Time:00:00.31 | Mem:0.00M, Peak:0.00M | Scene, ViewLayer | Synchronizing object | ENV_fern_40
Fra:372 Mem:227.85M (Peak 227.85M) | Time:00:00.31 | Mem:0.00M, Peak:0.00M | Scene, ViewLayer | Synchronizing object | ENV_leaf_362
Fra:372 Mem:227.86M (Peak 227.86M) | Time:00:00.31 | Mem:0.00M, Peak:0.00M | Scene, ViewLayer | Synchronizing object | ENV_leaf_361
Fra:372 Mem:228.02M (Peak 228.02M) | Time:00:00.31 | Mem:0.00M, Peak:0.00M | Scene, ViewLayer | Synchronizing object | ENV_leaf_360
Fra:372 Mem:228.09M (Peak 228.09M) | Time:00:00.31 | Mem:0.00M, Peak:0.00M | Scene, ViewLayer | Synchronizing object | ENV_leaf_359
Fra:372 Mem:228.09M (Peak 228.09M) | Time:00:00.31 | Mem:0.00M, Peak:0.00M | Scene, ViewLayer | Synchronizing object | ENV_leaf_358
Fra:372 Mem:228.10M (Peak 228.10M) | Time:00:00.31 | Mem:0.00M, Peak:0.00M | Scene, ViewLayer | Synchronizing object | ENV_leaf_357
Fra:372 Mem:228.18M (Peak 228.18M) | Time:00:00.31 | Mem:0.00M, Peak:0.00M | Scene, ViewLayer | Synchronizing object | ENV_leaf_356
Fra:372 Mem:228.19M (Peak 228.19M) | Time:00:00.31 | Mem:0.00M, Peak:0.00M | Scene, ViewLayer | Synchronizing object | ENV_leaf_355
Fra:372 Mem:228.19M (Peak 228.19M) | Time:00:00.31 | Mem:0.00M, Peak:0.00M | Scene, ViewLayer | Synchronizing object | ENV_leaf_354
Fra:372 Mem:228.21M (Peak 228.21M) | Time:00:00.31 | Mem:0.00M, Peak:0.00M | Scene, ViewLayer | Synchronizing object | ENV_leaf_353
Fra:372 Mem:228.27M (Peak 228.27M) | Time:00:00.31 | Mem:0.00M, Peak:0.00M | Scene, ViewLayer | Synchronizing object | ENV_leaf_352
Fra:372 Mem:228.28M (Peak 228.28M) | Time:00:00.31 | Mem:0.00M, Peak:0.00M | Scene, ViewLayer | Synchronizing object | ENV_leaf_351
Fra:372 Mem:228.28M (Peak 228.28M) | Time:00:00.31 | Mem:0.00M, Peak:0.00M | Scene, ViewLayer | Synchronizing object | ENV_leaf_350
Fra:372 Mem:228.29M (Peak 228.29M) | Time:00:00.31 | Mem:0.00M, Peak:0.00M | Scene, ViewLayer | Synchronizing object | ENV_leaf_349
Fra:372 Mem:228.28M (Peak 228.29M) | Time:00:00.31 | Mem:0.00M, Peak:0.00M | Scene, ViewLayer | Synchronizing object | ENV_leaf_348
Fra:372 Mem:228.28M (Peak 228.29M) | Time:00:00.31 | Mem:0.00M, Peak:0.00M | Scene, ViewLayer | Synchronizing object | ENV_leaf_347
Fra:372 Mem:228.28M (Peak 228.29M) | Time:00:00.31 | Mem:0.00M, Peak:0.00M | Scene, ViewLayer | Synchronizing object | ENV_leaf_346
Fra:372 Mem:228.29M (Peak 228.29M) | Time:00:00.31 | Mem:0.00M, Peak:0.00M | Scene, ViewLayer | Synchronizing object | ENV_leaf_345
Fra:372 Mem:228.29M (Peak 228.29M) | Time:00:00.31 | Mem:0.00M, Peak:0.00M | Scene, ViewLayer | Synchronizing object | ENV_leaf_344
Fra:372 Mem:228.30M (Peak 228.30M) | Time:00:00.31 | Mem:0.00M, Peak:0.00M | Scene, ViewLayer | Synchronizing object | ENV_leaf_343
Fra:372 Mem:228.30M (Peak 228.30M) | Time:00:00.31 | Mem:0.00M, Peak:0.00M | Scene, ViewLayer | Synchronizing object | ENV_leaf_342
Fra:372 Mem:228.30M (Peak 228.30M) | Time:00:00.31 | Mem:0.00M, Peak:0.00M | Scene, ViewLayer | Synchronizing object | ENV_leaf_341
Fra:372 Mem:228.31M (Peak 228.31M) | Time:00:00.31 | Mem:0.00M, Peak:0.00M | Scene, ViewLayer | Synchronizing object | ENV_leaf_340
Fra:372 Mem:228.31M (Peak 228.31M) | Time:00:00.31 | Mem:0.00M, Peak:0.00M | Scene, ViewLayer | Synchronizing object | ENV_leaf_339
Fra:372 Mem:228.32M (Peak 228.32M) | Time:00:00.31 | Mem:0.00M, Peak:0.00M | Scene, ViewLayer | Synchronizing object | ENV_leaf_338
Fra:372 Mem:228.32M (Peak 228.32M) | Time:00:00.31 | Mem:0.00M, Peak:0.00M | Scene, ViewLayer | Synchronizing object | ENV_leaf_337
Fra:372 Mem:228.32M (Peak 228.32M) | Time:00:00.31 | Mem:0.00M, Peak:0.00M | Scene, ViewLayer | Synchronizing object | ENV_leaf_336
Fra:372 Mem:228.33M (Peak 228.33M) | Time:00:00.31 | Mem:0.00M, Peak:0.00M | Scene, ViewLayer | Synchronizing object | ENV_leaf_335
Fra:372 Mem:228.33M (Peak 228.33M) | Time:00:00.31 | Mem:0.00M, Peak:0.00M | Scene, ViewLayer | Synchronizing object | ENV_leaf_334
Fra:372 Mem:228.34M (Peak 228.34M) | Time:00:00.31 | Mem:0.00M, Peak:0.00M | Scene, ViewLayer | Synchronizing object | ENV_leaf_333
Fra:372 Mem:228.34M (Peak 228.34M) | Time:00:00.31 | Mem:0.00M, Peak:0.00M | Scene, ViewLayer | Synchronizing object | ENV_leaf_332
Fra:372 Mem:228.41M (Peak 228.41M) | Time:00:00.31 | Mem:0.00M, Peak:0.00M | Scene, ViewLayer | Synchronizing object | ENV_leaf_331
Fra:372 Mem:228.41M (Peak 228.41M) | Time:00:00.31 | Mem:0.00M, Peak:0.00M | Scene, ViewLayer | Synchronizing object | ENV_leaf_330
Fra:372 Mem:228.41M (Peak 228.41M) | Time:00:00.31 | Mem:0.00M, Peak:0.00M | Scene, ViewLayer | Synchronizing object | ENV_leaf_329
Fra:372 Mem:228.42M (Peak 228.42M) | Time:00:00.31 | Mem:0.00M, Peak:0.00M | Scene, ViewLayer | Synchronizing object | ENV_leaf_328
Fra:372 Mem:228.45M (Peak 228.45M) | Time:00:00.31 | Mem:0.00M, Peak:0.00M | Scene, ViewLayer | Synchronizing object | ENV_leaf_327
Fra:372 Mem:228.45M (Peak 228.45M) | Time:00:00.31 | Mem:0.00M, Peak:0.00M | Scene, ViewLayer | Synchronizing object | ENV_leaf_326
Fra:372 Mem:228.52M (Peak 228.52M) | Time:00:00.31 | Mem:0.00M, Peak:0.00M | Scene, ViewLayer | Synchronizing object | ENV_leaf_325
Fra:372 Mem:228.52M (Peak 228.52M) | Time:00:00.31 | Mem:0.00M, Peak:0.00M | Scene, ViewLayer | Synchronizing object | ENV_leaf_324
Fra:372 Mem:228.52M (Peak 228.52M) | Time:00:00.31 | Mem:0.00M, Peak:0.00M | Scene, ViewLayer | Synchronizing object | ENV_leaf_323
Fra:372 Mem:228.47M (Peak 228.52M) | Time:00:00.31 | Mem:0.00M, Peak:0.00M | Scene, ViewLayer | Synchronizing object | ENV_fern_41
Fra:372 Mem:228.55M (Peak 228.55M) | Time:00:00.31 | Mem:0.00M, Peak:0.00M | Scene, ViewLayer | Synchronizing object | ENV_leaf_322
Fra:372 Mem:228.63M (Peak 228.63M) | Time:00:00.31 | Mem:0.00M, Peak:0.00M | Scene, ViewLayer | Synchronizing object | ENV_leaf_321
Fra:372 Mem:228.76M (Peak 228.76M) | Time:00:00.31 | Mem:0.00M, Peak:0.00M | Scene, ViewLayer | Synchronizing object | ENV_leaf_320
Fra:372 Mem:228.76M (Peak 228.76M) | Time:00:00.31 | Mem:0.00M, Peak:0.00M | Scene, ViewLayer | Synchronizing object | ENV_leaf_319
Fra:372 Mem:228.84M (Peak 228.84M) | Time:00:00.32 | Mem:0.00M, Peak:0.00M | Scene, ViewLayer | Synchronizing object | ENV_leaf_318
Fra:372 Mem:228.85M (Peak 228.85M) | Time:00:00.32 | Mem:0.00M, Peak:0.00M | Scene, ViewLayer | Synchronizing object | ENV_leaf_317
Fra:372 Mem:228.85M (Peak 228.85M) | Time:00:00.32 | Mem:0.00M, Peak:0.00M | Scene, ViewLayer | Synchronizing object | ENV_leaf_316
Fra:372 Mem:228.95M (Peak 228.95M) | Time:00:00.32 | Mem:0.00M, Peak:0.00M | Scene, ViewLayer | Synchronizing object | ENV_leaf_315
Fra:372 Mem:228.96M (Peak 228.96M) | Time:00:00.32 | Mem:0.00M, Peak:0.00M | Scene, ViewLayer | Synchronizing object | ENV_leaf_314
Fra:372 Mem:228.96M (Peak 228.96M) | Time:00:00.32 | Mem:0.00M, Peak:0.00M | Scene, ViewLayer | Synchronizing object | ENV_leaf_313
Fra:372 Mem:228.97M (Peak 228.97M) | Time:00:00.32 | Mem:0.00M, Peak:0.00M | Scene, ViewLayer | Synchronizing object | ENV_leaf_312
Fra:372 Mem:228.99M (Peak 228.99M) | Time:00:00.32 | Mem:0.00M, Peak:0.00M | Scene, ViewLayer | Synchronizing object | ENV_leaf_311
Fra:372 Mem:229.05M (Peak 229.05M) | Time:00:00.32 | Mem:0.00M, Peak:0.00M | Scene, ViewLayer | Synchronizing object | ENV_leaf_310
Fra:372 Mem:229.07M (Peak 229.07M) | Time:00:00.32 | Mem:0.00M, Peak:0.00M | Scene, ViewLayer | Synchronizing object | ENV_leaf_309
Fra:372 Mem:229.08M (Peak 229.08M) | Time:00:00.32 | Mem:0.00M, Peak:0.00M | Scene, ViewLayer | Synchronizing object | ENV_leaf_308
Fra:372 Mem:229.08M (Peak 229.08M) | Time:00:00.32 | Mem:0.00M, Peak:0.00M | Scene, ViewLayer | Synchronizing object | ENV_leaf_307
Fra:372 Mem:229.08M (Peak 229.08M) | Time:00:00.32 | Mem:0.00M, Peak:0.00M | Scene, ViewLayer | Synchronizing object | ENV_leaf_306
Fra:372 Mem:229.09M (Peak 229.09M) | Time:00:00.32 | Mem:0.00M, Peak:0.00M | Scene, ViewLayer | Synchronizing object | ENV_leaf_305
Fra:372 Mem:229.09M (Peak 229.09M) | Time:00:00.32 | Mem:0.00M, Peak:0.00M | Scene, ViewLayer | Synchronizing object | ENV_leaf_304
Fra:372 Mem:229.08M (Peak 229.09M) | Time:00:00.32 | Mem:0.00M, Peak:0.00M | Scene, ViewLayer | Synchronizing object | ENV_leaf_303
Fra:372 Mem:229.08M (Peak 229.09M) | Time:00:00.32 | Mem:0.00M, Peak:0.00M | Scene, ViewLayer | Synchronizing object | ENV_leaf_302
Fra:372 Mem:229.09M (Peak 229.09M) | Time:00:00.32 | Mem:0.00M, Peak:0.00M | Scene, ViewLayer | Synchronizing object | ENV_leaf_301
Fra:372 Mem:229.09M (Peak 229.09M) | Time:00:00.32 | Mem:0.00M, Peak:0.00M | Scene, ViewLayer | Synchronizing object | ENV_leaf_300
Fra:372 Mem:229.09M (Peak 229.09M) | Time:00:00.32 | Mem:0.00M, Peak:0.00M | Scene, ViewLayer | Synchronizing object | ENV_leaf_299
Fra:372 Mem:229.10M (Peak 229.10M) | Time:00:00.32 | Mem:0.00M, Peak:0.00M | Scene, ViewLayer | Synchronizing object | ENV_leaf_298
Fra:372 Mem:229.10M (Peak 229.10M) | Time:00:00.32 | Mem:0.00M, Peak:0.00M | Scene, ViewLayer | Synchronizing object | ENV_leaf_297
Fra:372 Mem:229.11M (Peak 229.11M) | Time:00:00.32 | Mem:0.00M, Peak:0.00M | Scene, ViewLayer | Synchronizing object | ENV_leaf_296
Fra:372 Mem:229.11M (Peak 229.11M) | Time:00:00.32 | Mem:0.00M, Peak:0.00M | Scene, ViewLayer | Synchronizing object | ENV_leaf_295
Fra:372 Mem:229.11M (Peak 229.11M) | Time:00:00.32 | Mem:0.00M, Peak:0.00M | Scene, ViewLayer | Synchronizing object | ENV_leaf_294
Fra:372 Mem:229.12M (Peak 229.12M) | Time:00:00.32 | Mem:0.00M, Peak:0.00M | Scene, ViewLayer | Synchronizing object | ENV_leaf_292
Fra:372 Mem:229.12M (Peak 229.12M) | Time:00:00.32 | Mem:0.00M, Peak:0.00M | Scene, ViewLayer | Synchronizing object | ENV_leaf_291
Fra:372 Mem:229.13M (Peak 229.13M) | Time:00:00.32 | Mem:0.00M, Peak:0.00M | Scene, ViewLayer | Synchronizing object | ENV_leaf_290
Fra:372 Mem:229.13M (Peak 229.13M) | Time:00:00.32 | Mem:0.00M, Peak:0.00M | Scene, ViewLayer | Synchronizing object | ENV_leaf_289
Fra:372 Mem:229.13M (Peak 229.13M) | Time:00:00.32 | Mem:0.00M, Peak:0.00M | Scene, ViewLayer | Synchronizing object | ENV_leaf_288
Fra:372 Mem:229.14M (Peak 229.14M) | Time:00:00.32 | Mem:0.00M, Peak:0.00M | Scene, ViewLayer | Synchronizing object | ENV_leaf_287
Fra:372 Mem:229.14M (Peak 229.14M) | Time:00:00.32 | Mem:0.00M, Peak:0.00M | Scene, ViewLayer | Synchronizing object | ENV_leaf_286
Fra:372 Mem:229.15M (Peak 229.15M) | Time:00:00.32 | Mem:0.00M, Peak:0.00M | Scene, ViewLayer | Synchronizing object | ENV_leaf_285
Fra:372 Mem:229.15M (Peak 229.15M) | Time:00:00.32 | Mem:0.00M, Peak:0.00M | Scene, ViewLayer | Synchronizing object | ENV_leaf_284
Fra:372 Mem:229.15M (Peak 229.15M) | Time:00:00.32 | Mem:0.00M, Peak:0.00M | Scene, ViewLayer | Synchronizing object | ENV_leaf_283
Fra:372 Mem:229.24M (Peak 229.24M) | Time:00:00.32 | Mem:0.00M, Peak:0.00M | Scene, ViewLayer | Synchronizing object | ENV_leaf_282
Fra:372 Mem:229.24M (Peak 229.24M) | Time:00:00.32 | Mem:0.00M, Peak:0.00M | Scene, ViewLayer | Synchronizing object | ENV_leaf_281
Fra:372 Mem:229.24M (Peak 229.24M) | Time:00:00.32 | Mem:0.00M, Peak:0.00M | Scene, ViewLayer | Synchronizing object | ENV_leaf_280
Fra:372 Mem:229.25M (Peak 229.25M) | Time:00:00.32 | Mem:0.00M, Peak:0.00M | Scene, ViewLayer | Synchronizing object | ENV_leaf_279
Fra:372 Mem:229.25M (Peak 229.25M) | Time:00:00.32 | Mem:0.00M, Peak:0.00M | Scene, ViewLayer | Synchronizing object | ENV_leaf_278
Fra:372 Mem:229.28M (Peak 229.28M) | Time:00:00.32 | Mem:0.00M, Peak:0.00M | Scene, ViewLayer | Synchronizing object | ENV_leaf_277
Fra:372 Mem:229.29M (Peak 229.29M) | Time:00:00.32 | Mem:0.00M, Peak:0.00M | Scene, ViewLayer | Synchronizing object | ENV_leaf_276
Fra:372 Mem:229.37M (Peak 229.37M) | Time:00:00.32 | Mem:0.00M, Peak:0.00M | Scene, ViewLayer | Synchronizing object | ENV_leaf_275
Fra:372 Mem:229.37M (Peak 229.37M) | Time:00:00.32 | Mem:0.00M, Peak:0.00M | Scene, ViewLayer | Synchronizing object | ENV_leaf_274
Fra:372 Mem:229.38M (Peak 229.38M) | Time:00:00.32 | Mem:0.00M, Peak:0.00M | Scene, ViewLayer | Synchronizing object | ENV_leaf_273
Fra:372 Mem:229.38M (Peak 229.38M) | Time:00:00.32 | Mem:0.00M, Peak:0.00M | Scene, ViewLayer | Synchronizing object | ENV_leaf_272
Fra:372 Mem:229.31M (Peak 229.38M) | Time:00:00.32 | Mem:0.00M, Peak:0.00M | Scene, ViewLayer | Synchronizing object | ENV_fern_42
Fra:372 Mem:229.36M (Peak 229.38M) | Time:00:00.32 | Mem:0.00M, Peak:0.00M | Scene, ViewLayer | Synchronizing object | ENV_leaf_271
Fra:372 Mem:229.54M (Peak 229.54M) | Time:00:00.32 | Mem:0.00M, Peak:0.00M | Scene, ViewLayer | Synchronizing object | ENV_leaf_270
Fra:372 Mem:229.54M (Peak 229.54M) | Time:00:00.32 | Mem:0.00M, Peak:0.00M | Scene, ViewLayer | Synchronizing object | ENV_leaf_269
Fra:372 Mem:229.61M (Peak 229.61M) | Time:00:00.32 | Mem:0.00M, Peak:0.00M | Scene, ViewLayer | Synchronizing object | ENV_leaf_268
Fra:372 Mem:229.61M (Peak 229.61M) | Time:00:00.32 | Mem:0.00M, Peak:0.00M | Scene, ViewLayer | Synchronizing object | ENV_leaf_267
Fra:372 Mem:229.62M (Peak 229.62M) | Time:00:00.32 | Mem:0.00M, Peak:0.00M | Scene, ViewLayer | Synchronizing object | ENV_leaf_266
Fra:372 Mem:229.68M (Peak 229.68M) | Time:00:00.32 | Mem:0.00M, Peak:0.00M | Scene, ViewLayer | Synchronizing object | ENV_leaf_265
Fra:372 Mem:229.68M (Peak 229.68M) | Time:00:00.32 | Mem:0.00M, Peak:0.00M | Scene, ViewLayer | Synchronizing object | ENV_leaf_264
Fra:372 Mem:229.69M (Peak 229.69M) | Time:00:00.32 | Mem:0.00M, Peak:0.00M | Scene, ViewLayer | Synchronizing object | ENV_leaf_263
Fra:372 Mem:229.69M (Peak 229.69M) | Time:00:00.32 | Mem:0.00M, Peak:0.00M | Scene, ViewLayer | Synchronizing object | ENV_leaf_262
Fra:372 Mem:229.70M (Peak 229.70M) | Time:00:00.32 | Mem:0.00M, Peak:0.00M | Scene, ViewLayer | Synchronizing object | ENV_leaf_261
Fra:372 Mem:229.70M (Peak 229.70M) | Time:00:00.32 | Mem:0.00M, Peak:0.00M | Scene, ViewLayer | Synchronizing object | ENV_leaf_260
Fra:372 Mem:229.69M (Peak 229.70M) | Time:00:00.32 | Mem:0.00M, Peak:0.00M | Scene, ViewLayer | Synchronizing object | ENV_leaf_259
Fra:372 Mem:229.70M (Peak 229.70M) | Time:00:00.32 | Mem:0.00M, Peak:0.00M | Scene, ViewLayer | Synchronizing object | ENV_leaf_258
Fra:372 Mem:229.70M (Peak 229.70M) | Time:00:00.32 | Mem:0.00M, Peak:0.00M | Scene, ViewLayer | Synchronizing object | ENV_leaf_257
Fra:372 Mem:229.70M (Peak 229.70M) | Time:00:00.32 | Mem:0.00M, Peak:0.00M | Scene, ViewLayer | Synchronizing object | ENV_leaf_256
Fra:372 Mem:229.71M (Peak 229.71M) | Time:00:00.32 | Mem:0.00M, Peak:0.00M | Scene, ViewLayer | Synchronizing object | ENV_leaf_255
Fra:372 Mem:229.71M (Peak 229.71M) | Time:00:00.32 | Mem:0.00M, Peak:0.00M | Scene, ViewLayer | Synchronizing object | ENV_leaf_254
Fra:372 Mem:229.72M (Peak 229.72M) | Time:00:00.32 | Mem:0.00M, Peak:0.00M | Scene, ViewLayer | Synchronizing object | ENV_leaf_253
Fra:372 Mem:229.72M (Peak 229.72M) | Time:00:00.32 | Mem:0.00M, Peak:0.00M | Scene, ViewLayer | Synchronizing object | ENV_leaf_252
Fra:372 Mem:229.72M (Peak 229.72M) | Time:00:00.32 | Mem:0.00M, Peak:0.00M | Scene, ViewLayer | Synchronizing object | ENV_leaf_251
Fra:372 Mem:229.78M (Peak 229.78M) | Time:00:00.32 | Mem:0.00M, Peak:0.00M | Scene, ViewLayer | Synchronizing object | ENV_leaf_250
Fra:372 Mem:229.78M (Peak 229.78M) | Time:00:00.32 | Mem:0.00M, Peak:0.00M | Scene, ViewLayer | Synchronizing object | ENV_leaf_249
Fra:372 Mem:229.78M (Peak 229.78M) | Time:00:00.32 | Mem:0.00M, Peak:0.00M | Scene, ViewLayer | Synchronizing object | ENV_leaf_248
Fra:372 Mem:229.81M (Peak 229.81M) | Time:00:00.32 | Mem:0.00M, Peak:0.00M | Scene, ViewLayer | Synchronizing object | ENV_leaf_247
Fra:372 Mem:229.86M (Peak 229.86M) | Time:00:00.32 | Mem:0.00M, Peak:0.00M | Scene, ViewLayer | Synchronizing object | ENV_leaf_246
Fra:372 Mem:229.86M (Peak 229.86M) | Time:00:00.32 | Mem:0.00M, Peak:0.00M | Scene, ViewLayer | Synchronizing object | ENV_leaf_245
Fra:372 Mem:229.82M (Peak 229.86M) | Time:00:00.32 | Mem:0.00M, Peak:0.00M | Scene, ViewLayer | Synchronizing object | ENV_leaf_244
Fra:372 Mem:229.82M (Peak 229.86M) | Time:00:00.32 | Mem:0.00M, Peak:0.00M | Scene, ViewLayer | Synchronizing object | ENV_fern_43
Fra:372 Mem:229.82M (Peak 229.86M) | Time:00:00.32 | Mem:0.00M, Peak:0.00M | Scene, ViewLayer | Synchronizing object | ENV_leaf_243
Fra:372 Mem:229.90M (Peak 229.90M) | Time:00:00.32 | Mem:0.00M, Peak:0.00M | Scene, ViewLayer | Synchronizing object | ENV_leaf_242
Fra:372 Mem:229.90M (Peak 229.90M) | Time:00:00.32 | Mem:0.00M, Peak:0.00M | Scene, ViewLayer | Synchronizing object | ENV_leaf_241
Fra:372 Mem:230.03M (Peak 230.03M) | Time:00:00.32 | Mem:0.00M, Peak:0.00M | Scene, ViewLayer | Synchronizing object | ENV_leaf_240
Fra:372 Mem:230.07M (Peak 230.07M) | Time:00:00.32 | Mem:0.00M, Peak:0.00M | Scene, ViewLayer | Synchronizing object | ENV_leaf_239
Fra:372 Mem:230.13M (Peak 230.13M) | Time:00:00.32 | Mem:0.00M, Peak:0.00M | Scene, ViewLayer | Synchronizing object | ENV_leaf_238
Fra:372 Mem:230.14M (Peak 230.14M) | Time:00:00.32 | Mem:0.00M, Peak:0.00M | Scene, ViewLayer | Synchronizing object | ENV_leaf_237
Fra:372 Mem:230.22M (Peak 230.22M) | Time:00:00.32 | Mem:0.00M, Peak:0.00M | Scene, ViewLayer | Synchronizing object | ENV_leaf_236
Fra:372 Mem:230.23M (Peak 230.23M) | Time:00:00.32 | Mem:0.00M, Peak:0.00M | Scene, ViewLayer | Synchronizing object | ENV_leaf_235
Fra:372 Mem:230.23M (Peak 230.23M) | Time:00:00.32 | Mem:0.00M, Peak:0.00M | Scene, ViewLayer | Synchronizing object | ENV_leaf_234
Fra:372 Mem:230.24M (Peak 230.24M) | Time:00:00.32 | Mem:0.00M, Peak:0.00M | Scene, ViewLayer | Synchronizing object | ENV_leaf_233
Fra:372 Mem:230.30M (Peak 230.30M) | Time:00:00.32 | Mem:0.00M, Peak:0.00M | Scene, ViewLayer | Synchronizing object | ENV_leaf_232
Fra:372 Mem:230.32M (Peak 230.32M) | Time:00:00.32 | Mem:0.00M, Peak:0.00M | Scene, ViewLayer | Synchronizing object | ENV_leaf_231
Fra:372 Mem:230.32M (Peak 230.32M) | Time:00:00.32 | Mem:0.00M, Peak:0.00M | Scene, ViewLayer | Synchronizing object | ENV_leaf_230
Fra:372 Mem:230.33M (Peak 230.33M) | Time:00:00.32 | Mem:0.00M, Peak:0.00M | Scene, ViewLayer | Synchronizing object | ENV_leaf_229
Fra:372 Mem:230.33M (Peak 230.33M) | Time:00:00.32 | Mem:0.00M, Peak:0.00M | Scene, ViewLayer | Synchronizing object | ENV_leaf_228
Fra:372 Mem:230.34M (Peak 230.34M) | Time:00:00.32 | Mem:0.00M, Peak:0.00M | Scene, ViewLayer | Synchronizing object | ENV_leaf_227
Fra:372 Mem:230.34M (Peak 230.34M) | Time:00:00.32 | Mem:0.00M, Peak:0.00M | Scene, ViewLayer | Synchronizing object | ENV_leaf_226
Fra:372 Mem:230.33M (Peak 230.34M) | Time:00:00.32 | Mem:0.00M, Peak:0.00M | Scene, ViewLayer | Synchronizing object | ENV_leaf_225
Fra:372 Mem:230.33M (Peak 230.34M) | Time:00:00.32 | Mem:0.00M, Peak:0.00M | Scene, ViewLayer | Synchronizing object | ENV_leaf_224
Fra:372 Mem:230.34M (Peak 230.34M) | Time:00:00.32 | Mem:0.00M, Peak:0.00M | Scene, ViewLayer | Synchronizing object | ENV_leaf_223
Fra:372 Mem:230.34M (Peak 230.34M) | Time:00:00.32 | Mem:0.00M, Peak:0.00M | Scene, ViewLayer | Synchronizing object | ENV_leaf_222
Fra:372 Mem:230.35M (Peak 230.35M) | Time:00:00.32 | Mem:0.00M, Peak:0.00M | Scene, ViewLayer | Synchronizing object | ENV_leaf_221
Fra:372 Mem:230.35M (Peak 230.35M) | Time:00:00.32 | Mem:0.00M, Peak:0.00M | Scene, ViewLayer | Synchronizing object | ENV_leaf_220
Fra:372 Mem:230.35M (Peak 230.35M) | Time:00:00.32 | Mem:0.00M, Peak:0.00M | Scene, ViewLayer | Synchronizing object | ENV_leaf_219
Fra:372 Mem:230.36M (Peak 230.36M) | Time:00:00.32 | Mem:0.00M, Peak:0.00M | Scene, ViewLayer | Synchronizing object | ENV_leaf_218
Fra:372 Mem:230.36M (Peak 230.36M) | Time:00:00.32 | Mem:0.00M, Peak:0.00M | Scene, ViewLayer | Synchronizing object | ENV_leaf_217
Fra:372 Mem:230.37M (Peak 230.37M) | Time:00:00.32 | Mem:0.00M, Peak:0.00M | Scene, ViewLayer | Synchronizing object | ENV_leaf_216
Fra:372 Mem:230.37M (Peak 230.37M) | Time:00:00.32 | Mem:0.00M, Peak:0.00M | Scene, ViewLayer | Synchronizing object | ENV_leaf_215
Fra:372 Mem:230.37M (Peak 230.37M) | Time:00:00.32 | Mem:0.00M, Peak:0.00M | Scene, ViewLayer | Synchronizing object | ENV_leaf_214
Fra:372 Mem:230.38M (Peak 230.38M) | Time:00:00.32 | Mem:0.00M, Peak:0.00M | Scene, ViewLayer | Synchronizing object | ENV_leaf_213
Fra:372 Mem:230.38M (Peak 230.38M) | Time:00:00.32 | Mem:0.00M, Peak:0.00M | Scene, ViewLayer | Synchronizing object | ENV_leaf_212
Fra:372 Mem:230.39M (Peak 230.39M) | Time:00:00.32 | Mem:0.00M, Peak:0.00M | Scene, ViewLayer | Synchronizing object | ENV_leaf_211
Fra:372 Mem:230.45M (Peak 230.45M) | Time:00:00.32 | Mem:0.00M, Peak:0.00M | Scene, ViewLayer | Synchronizing object | ENV_leaf_210
Fra:372 Mem:230.46M (Peak 230.46M) | Time:00:00.32 | Mem:0.00M, Peak:0.00M | Scene, ViewLayer | Synchronizing object | ENV_leaf_209
Fra:372 Mem:230.46M (Peak 230.46M) | Time:00:00.32 | Mem:0.00M, Peak:0.00M | Scene, ViewLayer | Synchronizing object | ENV_leaf_208
Fra:372 Mem:230.49M (Peak 230.49M) | Time:00:00.32 | Mem:0.00M, Peak:0.00M | Scene, ViewLayer | Synchronizing object | ENV_leaf_207
Fra:372 Mem:230.49M (Peak 230.49M) | Time:00:00.32 | Mem:0.00M, Peak:0.00M | Scene, ViewLayer | Synchronizing object | ENV_leaf_206
Fra:372 Mem:230.56M (Peak 230.56M) | Time:00:00.32 | Mem:0.00M, Peak:0.00M | Scene, ViewLayer | Synchronizing object | ENV_leaf_205
Fra:372 Mem:230.56M (Peak 230.56M) | Time:00:00.32 | Mem:0.00M, Peak:0.00M | Scene, ViewLayer | Synchronizing object | ENV_leaf_204
Fra:372 Mem:230.57M (Peak 230.57M) | Time:00:00.32 | Mem:0.00M, Peak:0.00M | Scene, ViewLayer | Synchronizing object | ENV_leaf_203
Fra:372 Mem:230.51M (Peak 230.57M) | Time:00:00.32 | Mem:0.00M, Peak:0.00M | Scene, ViewLayer | Synchronizing object | ENV_leaf_202
Fra:372 Mem:230.51M (Peak 230.57M) | Time:00:00.32 | Mem:0.00M, Peak:0.00M | Scene, ViewLayer | Synchronizing object | ENV_fern_44
Fra:372 Mem:230.51M (Peak 230.57M) | Time:00:00.32 | Mem:0.00M, Peak:0.00M | Scene, ViewLayer | Synchronizing object | ENV_leaf_201
Fra:372 Mem:230.60M (Peak 230.60M) | Time:00:00.32 | Mem:0.00M, Peak:0.00M | Scene, ViewLayer | Synchronizing object | ENV_leaf_200
Fra:372 Mem:230.61M (Peak 230.61M) | Time:00:00.32 | Mem:0.00M, Peak:0.00M | Scene, ViewLayer | Synchronizing object | ENV_leaf_199
Fra:372 Mem:230.61M (Peak 230.61M) | Time:00:00.32 | Mem:0.00M, Peak:0.00M | Scene, ViewLayer | Synchronizing object | ENV_leaf_198
Fra:372 Mem:230.81M (Peak 230.81M) | Time:00:00.32 | Mem:0.00M, Peak:0.00M | Scene, ViewLayer | Synchronizing object | ENV_leaf_197
Fra:372 Mem:230.89M (Peak 230.89M) | Time:00:00.32 | Mem:0.00M, Peak:0.00M | Scene, ViewLayer | Synchronizing object | ENV_leaf_196
Fra:372 Mem:230.90M (Peak 230.90M) | Time:00:00.32 | Mem:0.00M, Peak:0.00M | Scene, ViewLayer | Synchronizing object | ENV_leaf_195
Fra:372 Mem:230.90M (Peak 230.90M) | Time:00:00.32 | Mem:0.00M, Peak:0.00M | Scene, ViewLayer | Synchronizing object | ENV_leaf_194
Fra:372 Mem:231.00M (Peak 231.00M) | Time:00:00.32 | Mem:0.00M, Peak:0.00M | Scene, ViewLayer | Synchronizing object | ENV_leaf_193
Fra:372 Mem:231.01M (Peak 231.01M) | Time:00:00.32 | Mem:0.00M, Peak:0.00M | Scene, ViewLayer | Synchronizing object | ENV_leaf_192
Fra:372 Mem:231.01M (Peak 231.01M) | Time:00:00.32 | Mem:0.00M, Peak:0.00M | Scene, ViewLayer | Synchronizing object | ENV_leaf_191
Fra:372 Mem:231.02M (Peak 231.02M) | Time:00:00.32 | Mem:0.00M, Peak:0.00M | Scene, ViewLayer | Synchronizing object | ENV_leaf_190
Fra:372 Mem:231.02M (Peak 231.02M) | Time:00:00.32 | Mem:0.00M, Peak:0.00M | Scene, ViewLayer | Synchronizing object | ENV_leaf_189
Fra:372 Mem:231.10M (Peak 231.10M) | Time:00:00.32 | Mem:0.00M, Peak:0.00M | Scene, ViewLayer | Synchronizing object | ENV_leaf_188
Fra:372 Mem:231.12M (Peak 231.12M) | Time:00:00.32 | Mem:0.00M, Peak:0.00M | Scene, ViewLayer | Synchronizing object | ENV_leaf_187
Fra:372 Mem:231.13M (Peak 231.13M) | Time:00:00.32 | Mem:0.00M, Peak:0.00M | Scene, ViewLayer | Synchronizing object | ENV_leaf_186
Fra:372 Mem:231.13M (Peak 231.13M) | Time:00:00.32 | Mem:0.00M, Peak:0.00M | Scene, ViewLayer | Synchronizing object | ENV_leaf_185
Fra:372 Mem:231.13M (Peak 231.13M) | Time:00:00.32 | Mem:0.00M, Peak:0.00M | Scene, ViewLayer | Synchronizing object | ENV_leaf_184
Fra:372 Mem:231.14M (Peak 231.14M) | Time:00:00.32 | Mem:0.00M, Peak:0.00M | Scene, ViewLayer | Synchronizing object | ENV_leaf_183
Fra:372 Mem:231.14M (Peak 231.14M) | Time:00:00.32 | Mem:0.00M, Peak:0.00M | Scene, ViewLayer | Synchronizing object | ENV_leaf_182
Fra:372 Mem:231.15M (Peak 231.15M) | Time:00:00.32 | Mem:0.00M, Peak:0.00M | Scene, ViewLayer | Synchronizing object | ENV_leaf_181
Fra:372 Mem:231.15M (Peak 231.15M) | Time:00:00.32 | Mem:0.00M, Peak:0.00M | Scene, ViewLayer | Synchronizing object | ENV_leaf_180
Fra:372 Mem:231.14M (Peak 231.15M) | Time:00:00.32 | Mem:0.00M, Peak:0.00M | Scene, ViewLayer | Synchronizing object | ENV_leaf_179
Fra:372 Mem:231.14M (Peak 231.15M) | Time:00:00.32 | Mem:0.00M, Peak:0.00M | Scene, ViewLayer | Synchronizing object | ENV_leaf_178
Fra:372 Mem:231.14M (Peak 231.15M) | Time:00:00.32 | Mem:0.00M, Peak:0.00M | Scene, ViewLayer | Synchronizing object | ENV_leaf_177
Fra:372 Mem:231.15M (Peak 231.15M) | Time:00:00.32 | Mem:0.00M, Peak:0.00M | Scene, ViewLayer | Synchronizing object | ENV_leaf_176
Fra:372 Mem:231.15M (Peak 231.15M) | Time:00:00.32 | Mem:0.00M, Peak:0.00M | Scene, ViewLayer | Synchronizing object | ENV_leaf_175
Fra:372 Mem:231.16M (Peak 231.16M) | Time:00:00.32 | Mem:0.00M, Peak:0.00M | Scene, ViewLayer | Synchronizing object | ENV_leaf_174
Fra:372 Mem:231.16M (Peak 231.16M) | Time:00:00.32 | Mem:0.00M, Peak:0.00M | Scene, ViewLayer | Synchronizing object | ENV_leaf_173
Fra:372 Mem:231.16M (Peak 231.16M) | Time:00:00.32 | Mem:0.00M, Peak:0.00M | Scene, ViewLayer | Synchronizing object | ENV_leaf_172
Fra:372 Mem:231.17M (Peak 231.17M) | Time:00:00.32 | Mem:0.00M, Peak:0.00M | Scene, ViewLayer | Synchronizing object | ENV_leaf_171
Fra:372 Mem:231.17M (Peak 231.17M) | Time:00:00.32 | Mem:0.00M, Peak:0.00M | Scene, ViewLayer | Synchronizing object | ENV_leaf_170
Fra:372 Mem:231.18M (Peak 231.18M) | Time:00:00.32 | Mem:0.00M, Peak:0.00M | Scene, ViewLayer | Synchronizing object | ENV_leaf_169
Fra:372 Mem:231.18M (Peak 231.18M) | Time:00:00.32 | Mem:0.00M, Peak:0.00M | Scene, ViewLayer | Synchronizing object | ENV_leaf_168
Fra:372 Mem:231.18M (Peak 231.18M) | Time:00:00.32 | Mem:0.00M, Peak:0.00M | Scene, ViewLayer | Synchronizing object | ENV_leaf_167
Fra:372 Mem:231.19M (Peak 231.19M) | Time:00:00.32 | Mem:0.00M, Peak:0.00M | Scene, ViewLayer | Synchronizing object | ENV_leaf_166
Fra:372 Mem:231.19M (Peak 231.19M) | Time:00:00.32 | Mem:0.00M, Peak:0.00M | Scene, ViewLayer | Synchronizing object | ENV_leaf_165
Fra:372 Mem:231.20M (Peak 231.20M) | Time:00:00.32 | Mem:0.00M, Peak:0.00M | Scene, ViewLayer | Synchronizing object | ENV_leaf_164
Fra:372 Mem:231.20M (Peak 231.20M) | Time:00:00.32 | Mem:0.00M, Peak:0.00M | Scene, ViewLayer | Synchronizing object | ENV_leaf_163
Fra:372 Mem:231.28M (Peak 231.28M) | Time:00:00.32 | Mem:0.00M, Peak:0.00M | Scene, ViewLayer | Synchronizing object | ENV_leaf_162
Fra:372 Mem:231.29M (Peak 231.29M) | Time:00:00.32 | Mem:0.00M, Peak:0.00M | Scene, ViewLayer | Synchronizing object | ENV_leaf_161
Fra:372 Mem:231.29M (Peak 231.29M) | Time:00:00.32 | Mem:0.00M, Peak:0.00M | Scene, ViewLayer | Synchronizing object | ENV_leaf_160
Fra:372 Mem:231.29M (Peak 231.29M) | Time:00:00.32 | Mem:0.00M, Peak:0.00M | Scene, ViewLayer | Synchronizing object | ENV_leaf_159
Fra:372 Mem:231.30M (Peak 231.30M) | Time:00:00.32 | Mem:0.00M, Peak:0.00M | Scene, ViewLayer | Synchronizing object | ENV_leaf_158
Fra:372 Mem:231.33M (Peak 231.33M) | Time:00:00.32 | Mem:0.00M, Peak:0.00M | Scene, ViewLayer | Synchronizing object | ENV_leaf_157
Fra:372 Mem:231.33M (Peak 231.33M) | Time:00:00.32 | Mem:0.00M, Peak:0.00M | Scene, ViewLayer | Synchronizing object | ENV_leaf_156
Fra:372 Mem:231.41M (Peak 231.41M) | Time:00:00.32 | Mem:0.00M, Peak:0.00M | Scene, ViewLayer | Synchronizing object | ENV_leaf_155
Fra:372 Mem:231.42M (Peak 231.42M) | Time:00:00.32 | Mem:0.00M, Peak:0.00M | Scene, ViewLayer | Synchronizing object | ENV_leaf_154
Fra:372 Mem:231.42M (Peak 231.42M) | Time:00:00.32 | Mem:0.00M, Peak:0.00M | Scene, ViewLayer | Synchronizing object | ENV_leaf_153
Fra:372 Mem:231.43M (Peak 231.43M) | Time:00:00.32 | Mem:0.00M, Peak:0.00M | Scene, ViewLayer | Synchronizing object | ENV_leaf_152
Fra:372 Mem:231.35M (Peak 231.43M) | Time:00:00.32 | Mem:0.00M, Peak:0.00M | Scene, ViewLayer | Synchronizing object | ENV_leaf_151
Fra:372 Mem:231.41M (Peak 231.43M) | Time:00:00.32 | Mem:0.00M, Peak:0.00M | Scene, ViewLayer | Synchronizing object | ENV_leaf_150
Fra:372 Mem:231.53M (Peak 231.53M) | Time:00:00.32 | Mem:0.00M, Peak:0.00M | Scene, ViewLayer | Synchronizing object | ENV_leaf_149
Fra:372 Mem:231.59M (Peak 231.59M) | Time:00:00.32 | Mem:0.00M, Peak:0.00M | Scene, ViewLayer | Synchronizing object | ENV_leaf_148
Fra:372 Mem:231.59M (Peak 231.59M) | Time:00:00.32 | Mem:0.00M, Peak:0.00M | Scene, ViewLayer | Synchronizing object | ENV_leaf_147
Fra:372 Mem:231.66M (Peak 231.66M) | Time:00:00.32 | Mem:0.00M, Peak:0.00M | Scene, ViewLayer | Synchronizing object | ENV_leaf_146
Fra:372 Mem:231.67M (Peak 231.67M) | Time:00:00.32 | Mem:0.00M, Peak:0.00M | Scene, ViewLayer | Synchronizing object | ENV_leaf_145
Fra:372 Mem:231.67M (Peak 231.67M) | Time:00:00.32 | Mem:0.00M, Peak:0.00M | Scene, ViewLayer | Synchronizing object | ENV_leaf_144
Fra:372 Mem:231.69M (Peak 231.69M) | Time:00:00.32 | Mem:0.00M, Peak:0.00M | Scene, ViewLayer | Synchronizing object | ENV_leaf_143
Fra:372 Mem:231.74M (Peak 231.74M) | Time:00:00.32 | Mem:0.00M, Peak:0.00M | Scene, ViewLayer | Synchronizing object | ENV_leaf_142
Fra:372 Mem:231.74M (Peak 231.74M) | Time:00:00.32 | Mem:0.00M, Peak:0.00M | Scene, ViewLayer | Synchronizing object | ENV_leaf_141
Fra:372 Mem:231.75M (Peak 231.75M) | Time:00:00.32 | Mem:0.00M, Peak:0.00M | Scene, ViewLayer | Synchronizing object | ENV_leaf_140
Fra:372 Mem:231.75M (Peak 231.75M) | Time:00:00.32 | Mem:0.00M, Peak:0.00M | Scene, ViewLayer | Synchronizing object | ENV_leaf_139
Fra:372 Mem:231.75M (Peak 231.75M) | Time:00:00.32 | Mem:0.00M, Peak:0.00M | Scene, ViewLayer | Synchronizing object | ENV_leaf_138
Fra:372 Mem:231.75M (Peak 231.75M) | Time:00:00.32 | Mem:0.00M, Peak:0.00M | Scene, ViewLayer | Synchronizing object | ENV_leaf_137
Fra:372 Mem:231.75M (Peak 231.75M) | Time:00:00.32 | Mem:0.00M, Peak:0.00M | Scene, ViewLayer | Synchronizing object | ENV_leaf_136
Fra:372 Mem:231.75M (Peak 231.75M) | Time:00:00.32 | Mem:0.00M, Peak:0.00M | Scene, ViewLayer | Synchronizing object | ENV_leaf_135
Fra:372 Mem:231.76M (Peak 231.76M) | Time:00:00.32 | Mem:0.00M, Peak:0.00M | Scene, ViewLayer | Synchronizing object | ENV_leaf_134
Fra:372 Mem:231.76M (Peak 231.76M) | Time:00:00.32 | Mem:0.00M, Peak:0.00M | Scene, ViewLayer | Synchronizing object | ENV_leaf_133
Fra:372 Mem:231.77M (Peak 231.77M) | Time:00:00.32 | Mem:0.00M, Peak:0.00M | Scene, ViewLayer | Synchronizing object | ENV_leaf_132
Fra:372 Mem:231.77M (Peak 231.77M) | Time:00:00.32 | Mem:0.00M, Peak:0.00M | Scene, ViewLayer | Synchronizing object | ENV_leaf_131
Fra:372 Mem:231.77M (Peak 231.77M) | Time:00:00.32 | Mem:0.00M, Peak:0.00M | Scene, ViewLayer | Synchronizing object | ENV_leaf_130
Fra:372 Mem:231.78M (Peak 231.78M) | Time:00:00.32 | Mem:0.00M, Peak:0.00M | Scene, ViewLayer | Synchronizing object | ENV_leaf_129
Fra:372 Mem:231.78M (Peak 231.78M) | Time:00:00.32 | Mem:0.00M, Peak:0.00M | Scene, ViewLayer | Synchronizing object | ENV_leaf_128
Fra:372 Mem:231.79M (Peak 231.79M) | Time:00:00.32 | Mem:0.00M, Peak:0.00M | Scene, ViewLayer | Synchronizing object | ENV_leaf_127
Fra:372 Mem:231.79M (Peak 231.79M) | Time:00:00.32 | Mem:0.00M, Peak:0.00M | Scene, ViewLayer | Synchronizing object | ENV_leaf_126
Fra:372 Mem:231.84M (Peak 231.84M) | Time:00:00.32 | Mem:0.00M, Peak:0.00M | Scene, ViewLayer | Synchronizing object | ENV_leaf_125
Fra:372 Mem:231.85M (Peak 231.85M) | Time:00:00.32 | Mem:0.00M, Peak:0.00M | Scene, ViewLayer | Synchronizing object | ENV_leaf_124
Fra:372 Mem:231.85M (Peak 231.85M) | Time:00:00.32 | Mem:0.00M, Peak:0.00M | Scene, ViewLayer | Synchronizing object | ENV_leaf_123
Fra:372 Mem:231.87M (Peak 231.87M) | Time:00:00.32 | Mem:0.00M, Peak:0.00M | Scene, ViewLayer | Synchronizing object | ENV_leaf_122
Fra:372 Mem:231.88M (Peak 231.88M) | Time:00:00.32 | Mem:0.00M, Peak:0.00M | Scene, ViewLayer | Synchronizing object | ENV_leaf_121
Fra:372 Mem:231.93M (Peak 231.93M) | Time:00:00.32 | Mem:0.00M, Peak:0.00M | Scene, ViewLayer | Synchronizing object | ENV_leaf_120
Fra:372 Mem:231.93M (Peak 231.93M) | Time:00:00.32 | Mem:0.00M, Peak:0.00M | Scene, ViewLayer | Synchronizing object | ENV_leaf_119
Fra:372 Mem:231.89M (Peak 231.93M) | Time:00:00.32 | Mem:0.00M, Peak:0.00M | Scene, ViewLayer | Synchronizing object | ENV_fern_46
Fra:372 Mem:231.96M (Peak 231.96M) | Time:00:00.32 | Mem:0.00M, Peak:0.00M | Scene, ViewLayer | Synchronizing object | ENV_leaf_118
Fra:372 Mem:231.96M (Peak 231.96M) | Time:00:00.32 | Mem:0.00M, Peak:0.00M | Scene, ViewLayer | Synchronizing object | ENV_leaf_117
Fra:372 Mem:232.13M (Peak 232.13M) | Time:00:00.32 | Mem:0.00M, Peak:0.00M | Scene, ViewLayer | Synchronizing object | ENV_leaf_116
Fra:372 Mem:232.19M (Peak 232.19M) | Time:00:00.32 | Mem:0.00M, Peak:0.00M | Scene, ViewLayer | Synchronizing object | ENV_leaf_115
Fra:372 Mem:232.20M (Peak 232.20M) | Time:00:00.32 | Mem:0.00M, Peak:0.00M | Scene, ViewLayer | Synchronizing object | ENV_leaf_114
Fra:372 Mem:232.28M (Peak 232.28M) | Time:00:00.32 | Mem:0.00M, Peak:0.00M | Scene, ViewLayer | Synchronizing object | ENV_leaf_113
Fra:372 Mem:232.29M (Peak 232.29M) | Time:00:00.32 | Mem:0.00M, Peak:0.00M | Scene, ViewLayer | Synchronizing object | ENV_leaf_112
Fra:372 Mem:232.29M (Peak 232.29M) | Time:00:00.32 | Mem:0.00M, Peak:0.00M | Scene, ViewLayer | Synchronizing object | ENV_leaf_111
Fra:372 Mem:232.31M (Peak 232.31M) | Time:00:00.32 | Mem:0.00M, Peak:0.00M | Scene, ViewLayer | Synchronizing object | ENV_leaf_110
Fra:372 Mem:232.37M (Peak 232.37M) | Time:00:00.32 | Mem:0.00M, Peak:0.00M | Scene, ViewLayer | Synchronizing object | ENV_leaf_109
Fra:372 Mem:232.38M (Peak 232.38M) | Time:00:00.32 | Mem:0.00M, Peak:0.00M | Scene, ViewLayer | Synchronizing object | ENV_leaf_108
Fra:372 Mem:232.38M (Peak 232.38M) | Time:00:00.32 | Mem:0.00M, Peak:0.00M | Scene, ViewLayer | Synchronizing object | ENV_leaf_107
Fra:372 Mem:232.39M (Peak 232.39M) | Time:00:00.32 | Mem:0.00M, Peak:0.00M | Scene, ViewLayer | Synchronizing object | ENV_leaf_106
Fra:372 Mem:232.39M (Peak 232.39M) | Time:00:00.32 | Mem:0.00M, Peak:0.00M | Scene, ViewLayer | Synchronizing object | ENV_leaf_105
Fra:372 Mem:232.39M (Peak 232.39M) | Time:00:00.32 | Mem:0.00M, Peak:0.00M | Scene, ViewLayer | Synchronizing object | ENV_leaf_104
Fra:372 Mem:232.40M (Peak 232.40M) | Time:00:00.32 | Mem:0.00M, Peak:0.00M | Scene, ViewLayer | Synchronizing object | ENV_leaf_103
Fra:372 Mem:232.39M (Peak 232.40M) | Time:00:00.32 | Mem:0.00M, Peak:0.00M | Scene, ViewLayer | Synchronizing object | ENV_leaf_102
Fra:372 Mem:232.39M (Peak 232.40M) | Time:00:00.32 | Mem:0.00M, Peak:0.00M | Scene, ViewLayer | Synchronizing object | ENV_leaf_101
Fra:372 Mem:232.40M (Peak 232.40M) | Time:00:00.32 | Mem:0.00M, Peak:0.00M | Scene, ViewLayer | Synchronizing object | ENV_leaf_100
Fra:372 Mem:232.40M (Peak 232.40M) | Time:00:00.32 | Mem:0.00M, Peak:0.00M | Scene, ViewLayer | Synchronizing object | ENV_leaf_99
Fra:372 Mem:232.40M (Peak 232.40M) | Time:00:00.32 | Mem:0.00M, Peak:0.00M | Scene, ViewLayer | Synchronizing object | ENV_leaf_98
Fra:372 Mem:232.41M (Peak 232.41M) | Time:00:00.32 | Mem:0.00M, Peak:0.00M | Scene, ViewLayer | Synchronizing object | ENV_leaf_97
Fra:372 Mem:232.41M (Peak 232.41M) | Time:00:00.32 | Mem:0.00M, Peak:0.00M | Scene, ViewLayer | Synchronizing object | ENV_leaf_96
Fra:372 Mem:232.42M (Peak 232.42M) | Time:00:00.32 | Mem:0.00M, Peak:0.00M | Scene, ViewLayer | Synchronizing object | ENV_leaf_95
Fra:372 Mem:232.42M (Peak 232.42M) | Time:00:00.32 | Mem:0.00M, Peak:0.00M | Scene, ViewLayer | Synchronizing object | ENV_leaf_94
Fra:372 Mem:232.42M (Peak 232.42M) | Time:00:00.32 | Mem:0.00M, Peak:0.00M | Scene, ViewLayer | Synchronizing object | ENV_leaf_93
Fra:372 Mem:232.43M (Peak 232.43M) | Time:00:00.32 | Mem:0.00M, Peak:0.00M | Scene, ViewLayer | Synchronizing object | ENV_leaf_92
Fra:372 Mem:232.43M (Peak 232.43M) | Time:00:00.32 | Mem:0.00M, Peak:0.00M | Scene, ViewLayer | Synchronizing object | ENV_leaf_91
Fra:372 Mem:232.44M (Peak 232.44M) | Time:00:00.32 | Mem:0.00M, Peak:0.00M | Scene, ViewLayer | Synchronizing object | ENV_leaf_90
Fra:372 Mem:232.44M (Peak 232.44M) | Time:00:00.32 | Mem:0.00M, Peak:0.00M | Scene, ViewLayer | Synchronizing object | ENV_leaf_89
Fra:372 Mem:232.44M (Peak 232.44M) | Time:00:00.32 | Mem:0.00M, Peak:0.00M | Scene, ViewLayer | Synchronizing object | ENV_leaf_88
Fra:372 Mem:232.45M (Peak 232.45M) | Time:00:00.32 | Mem:0.00M, Peak:0.00M | Scene, ViewLayer | Synchronizing object | ENV_leaf_87
Fra:372 Mem:232.45M (Peak 232.45M) | Time:00:00.32 | Mem:0.00M, Peak:0.00M | Scene, ViewLayer | Synchronizing object | ENV_leaf_86
Fra:372 Mem:232.46M (Peak 232.46M) | Time:00:00.32 | Mem:0.00M, Peak:0.00M | Scene, ViewLayer | Synchronizing object | ENV_leaf_85
Fra:372 Mem:232.52M (Peak 232.52M) | Time:00:00.32 | Mem:0.00M, Peak:0.00M | Scene, ViewLayer | Synchronizing object | ENV_leaf_84
Fra:372 Mem:232.53M (Peak 232.53M) | Time:00:00.32 | Mem:0.00M, Peak:0.00M | Scene, ViewLayer | Synchronizing object | ENV_leaf_83
Fra:372 Mem:232.53M (Peak 232.53M) | Time:00:00.32 | Mem:0.00M, Peak:0.00M | Scene, ViewLayer | Synchronizing object | ENV_leaf_82
Fra:372 Mem:232.56M (Peak 232.56M) | Time:00:00.32 | Mem:0.00M, Peak:0.00M | Scene, ViewLayer | Synchronizing object | ENV_leaf_81
Fra:372 Mem:232.56M (Peak 232.56M) | Time:00:00.32 | Mem:0.00M, Peak:0.00M | Scene, ViewLayer | Synchronizing object | ENV_leaf_80
Fra:372 Mem:232.63M (Peak 232.63M) | Time:00:00.32 | Mem:0.00M, Peak:0.00M | Scene, ViewLayer | Synchronizing object | ENV_leaf_79
Fra:372 Mem:232.63M (Peak 232.63M) | Time:00:00.32 | Mem:0.00M, Peak:0.00M | Scene, ViewLayer | Synchronizing object | ENV_leaf_78
Fra:372 Mem:232.64M (Peak 232.64M) | Time:00:00.32 | Mem:0.00M, Peak:0.00M | Scene, ViewLayer | Synchronizing object | ENV_leaf_77
Fra:372 Mem:232.58M (Peak 232.64M) | Time:00:00.32 | Mem:0.00M, Peak:0.00M | Scene, ViewLayer | Synchronizing object | ENV_fern_47
Fra:372 Mem:232.58M (Peak 232.64M) | Time:00:00.32 | Mem:0.00M, Peak:0.00M | Scene, ViewLayer | Synchronizing object | ENV_leaf_76
Fra:372 Mem:232.67M (Peak 232.67M) | Time:00:00.32 | Mem:0.00M, Peak:0.00M | Scene, ViewLayer | Synchronizing object | ENV_leaf_75
Fra:372 Mem:232.67M (Peak 232.67M) | Time:00:00.32 | Mem:0.00M, Peak:0.00M | Scene, ViewLayer | Synchronizing object | ENV_leaf_74
Fra:372 Mem:232.87M (Peak 232.87M) | Time:00:00.32 | Mem:0.00M, Peak:0.00M | Scene, ViewLayer | Synchronizing object | ENV_leaf_73
Fra:372 Mem:232.88M (Peak 232.88M) | Time:00:00.32 | Mem:0.00M, Peak:0.00M | Scene, ViewLayer | Synchronizing object | ENV_leaf_72
Fra:372 Mem:232.96M (Peak 232.96M) | Time:00:00.32 | Mem:0.00M, Peak:0.00M | Scene, ViewLayer | Synchronizing object | ENV_leaf_71
Fra:372 Mem:233.06M (Peak 233.06M) | Time:00:00.32 | Mem:0.00M, Peak:0.00M | Scene, ViewLayer | Synchronizing object | ENV_leaf_70
Fra:372 Mem:233.07M (Peak 233.07M) | Time:00:00.32 | Mem:0.00M, Peak:0.00M | Scene, ViewLayer | Synchronizing object | ENV_leaf_69
Fra:372 Mem:233.07M (Peak 233.07M) | Time:00:00.32 | Mem:0.00M, Peak:0.00M | Scene, ViewLayer | Synchronizing object | ENV_leaf_68
Fra:372 Mem:233.09M (Peak 233.09M) | Time:00:00.32 | Mem:0.00M, Peak:0.00M | Scene, ViewLayer | Synchronizing object | ENV_leaf_67
Fra:372 Mem:233.17M (Peak 233.17M) | Time:00:00.32 | Mem:0.00M, Peak:0.00M | Scene, ViewLayer | Synchronizing object | ENV_leaf_66
Fra:372 Mem:233.18M (Peak 233.18M) | Time:00:00.32 | Mem:0.00M, Peak:0.00M | Scene, ViewLayer | Synchronizing object | ENV_leaf_65
Fra:372 Mem:233.18M (Peak 233.18M) | Time:00:00.32 | Mem:0.00M, Peak:0.00M | Scene, ViewLayer | Synchronizing object | ENV_leaf_64
Fra:372 Mem:233.19M (Peak 233.19M) | Time:00:00.32 | Mem:0.00M, Peak:0.00M | Scene, ViewLayer | Synchronizing object | ENV_leaf_63
Fra:372 Mem:233.19M (Peak 233.19M) | Time:00:00.32 | Mem:0.00M, Peak:0.00M | Scene, ViewLayer | Synchronizing object | ENV_leaf_62
Fra:372 Mem:233.19M (Peak 233.19M) | Time:00:00.32 | Mem:0.00M, Peak:0.00M | Scene, ViewLayer | Synchronizing object | ENV_leaf_61
Fra:372 Mem:233.20M (Peak 233.20M) | Time:00:00.32 | Mem:0.00M, Peak:0.00M | Scene, ViewLayer | Synchronizing object | ENV_leaf_60
Fra:372 Mem:233.20M (Peak 233.20M) | Time:00:00.32 | Mem:0.00M, Peak:0.00M | Scene, ViewLayer | Synchronizing object | ENV_leaf_59
Fra:372 Mem:233.21M (Peak 233.21M) | Time:00:00.32 | Mem:0.00M, Peak:0.00M | Scene, ViewLayer | Synchronizing object | ENV_leaf_58
Fra:372 Mem:233.19M (Peak 233.21M) | Time:00:00.32 | Mem:0.00M, Peak:0.00M | Scene, ViewLayer | Synchronizing object | ENV_leaf_57
Fra:372 Mem:233.19M (Peak 233.21M) | Time:00:00.32 | Mem:0.00M, Peak:0.00M | Scene, ViewLayer | Synchronizing object | ENV_leaf_56
Fra:372 Mem:233.20M (Peak 233.21M) | Time:00:00.32 | Mem:0.00M, Peak:0.00M | Scene, ViewLayer | Synchronizing object | ENV_leaf_55
Fra:372 Mem:233.20M (Peak 233.21M) | Time:00:00.32 | Mem:0.00M, Peak:0.00M | Scene, ViewLayer | Synchronizing object | ENV_leaf_54
Fra:372 Mem:233.21M (Peak 233.21M) | Time:00:00.32 | Mem:0.00M, Peak:0.00M | Scene, ViewLayer | Synchronizing object | ENV_leaf_53
Fra:372 Mem:233.21M (Peak 233.21M) | Time:00:00.32 | Mem:0.00M, Peak:0.00M | Scene, ViewLayer | Synchronizing object | ENV_leaf_52
Fra:372 Mem:233.21M (Peak 233.21M) | Time:00:00.32 | Mem:0.00M, Peak:0.00M | Scene, ViewLayer | Synchronizing object | ENV_leaf_51
Fra:372 Mem:233.22M (Peak 233.22M) | Time:00:00.32 | Mem:0.00M, Peak:0.00M | Scene, ViewLayer | Synchronizing object | ENV_leaf_50
Fra:372 Mem:233.22M (Peak 233.22M) | Time:00:00.32 | Mem:0.00M, Peak:0.00M | Scene, ViewLayer | Synchronizing object | ENV_leaf_49
Fra:372 Mem:233.23M (Peak 233.23M) | Time:00:00.32 | Mem:0.00M, Peak:0.00M | Scene, ViewLayer | Synchronizing object | ENV_leaf_48
Fra:372 Mem:233.23M (Peak 233.23M) | Time:00:00.32 | Mem:0.00M, Peak:0.00M | Scene, ViewLayer | Synchronizing object | ENV_leaf_47
Fra:372 Mem:233.23M (Peak 233.23M) | Time:00:00.32 | Mem:0.00M, Peak:0.00M | Scene, ViewLayer | Synchronizing object | ENV_leaf_46
Fra:372 Mem:233.24M (Peak 233.24M) | Time:00:00.32 | Mem:0.00M, Peak:0.00M | Scene, ViewLayer | Synchronizing object | ENV_leaf_45
Fra:372 Mem:233.24M (Peak 233.24M) | Time:00:00.32 | Mem:0.00M, Peak:0.00M | Scene, ViewLayer | Synchronizing object | ENV_leaf_44
Fra:372 Mem:233.25M (Peak 233.25M) | Time:00:00.32 | Mem:0.00M, Peak:0.00M | Scene, ViewLayer | Synchronizing object | ENV_leaf_43
Fra:372 Mem:233.25M (Peak 233.25M) | Time:00:00.32 | Mem:0.00M, Peak:0.00M | Scene, ViewLayer | Synchronizing object | ENV_leaf_42
Fra:372 Mem:233.25M (Peak 233.25M) | Time:00:00.32 | Mem:0.00M, Peak:0.00M | Scene, ViewLayer | Synchronizing object | ENV_leaf_41
Fra:372 Mem:233.26M (Peak 233.26M) | Time:00:00.32 | Mem:0.00M, Peak:0.00M | Scene, ViewLayer | Synchronizing object | ENV_leaf_40
Fra:372 Mem:233.26M (Peak 233.26M) | Time:00:00.32 | Mem:0.00M, Peak:0.00M | Scene, ViewLayer | Synchronizing object | ENV_leaf_39
Fra:372 Mem:233.27M (Peak 233.27M) | Time:00:00.32 | Mem:0.00M, Peak:0.00M | Scene, ViewLayer | Synchronizing object | ENV_leaf_38
Fra:372 Mem:233.27M (Peak 233.27M) | Time:00:00.32 | Mem:0.00M, Peak:0.00M | Scene, ViewLayer | Synchronizing object | ENV_leaf_37
Fra:372 Mem:233.35M (Peak 233.35M) | Time:00:00.32 | Mem:0.00M, Peak:0.00M | Scene, ViewLayer | Synchronizing object | ENV_leaf_36
Fra:372 Mem:233.36M (Peak 233.36M) | Time:00:00.32 | Mem:0.00M, Peak:0.00M | Scene, ViewLayer | Synchronizing object | ENV_leaf_35
Fra:372 Mem:233.36M (Peak 233.36M) | Time:00:00.32 | Mem:0.00M, Peak:0.00M | Scene, ViewLayer | Synchronizing object | ENV_leaf_34
Fra:372 Mem:233.36M (Peak 233.36M) | Time:00:00.32 | Mem:0.00M, Peak:0.00M | Scene, ViewLayer | Synchronizing object | ENV_leaf_33
Fra:372 Mem:233.37M (Peak 233.37M) | Time:00:00.32 | Mem:0.00M, Peak:0.00M | Scene, ViewLayer | Synchronizing object | ENV_leaf_32
Fra:372 Mem:233.40M (Peak 233.40M) | Time:00:00.32 | Mem:0.00M, Peak:0.00M | Scene, ViewLayer | Synchronizing object | ENV_leaf_31
Fra:372 Mem:233.40M (Peak 233.40M) | Time:00:00.32 | Mem:0.00M, Peak:0.00M | Scene, ViewLayer | Synchronizing object | ENV_leaf_30
Fra:372 Mem:233.48M (Peak 233.48M) | Time:00:00.32 | Mem:0.00M, Peak:0.00M | Scene, ViewLayer | Synchronizing object | ENV_leaf_29
Fra:372 Mem:233.49M (Peak 233.49M) | Time:00:00.32 | Mem:0.00M, Peak:0.00M | Scene, ViewLayer | Synchronizing object | ENV_leaf_28
Fra:372 Mem:233.49M (Peak 233.49M) | Time:00:00.32 | Mem:0.00M, Peak:0.00M | Scene, ViewLayer | Synchronizing object | ENV_leaf_27
Fra:372 Mem:233.50M (Peak 233.50M) | Time:00:00.32 | Mem:0.00M, Peak:0.00M | Scene, ViewLayer | Synchronizing object | ENV_leaf_26
Fra:372 Mem:233.42M (Peak 233.50M) | Time:00:00.32 | Mem:0.00M, Peak:0.00M | Scene, ViewLayer | Synchronizing object | ENV_fern_48
Fra:372 Mem:233.48M (Peak 233.50M) | Time:00:00.32 | Mem:0.00M, Peak:0.00M | Scene, ViewLayer | Synchronizing object | ENV_leaf_25
Fra:372 Mem:233.48M (Peak 233.50M) | Time:00:00.32 | Mem:0.00M, Peak:0.00M | Scene, ViewLayer | Synchronizing object | ENV_leaf_24
Fra:372 Mem:233.66M (Peak 233.66M) | Time:00:00.32 | Mem:0.00M, Peak:0.00M | Scene, ViewLayer | Synchronizing object | ENV_leaf_23
Fra:372 Mem:233.72M (Peak 233.72M) | Time:00:00.32 | Mem:0.00M, Peak:0.00M | Scene, ViewLayer | Synchronizing object | ENV_leaf_22
Fra:372 Mem:233.73M (Peak 233.73M) | Time:00:00.32 | Mem:0.00M, Peak:0.00M | Scene, ViewLayer | Synchronizing object | ENV_leaf_21
Fra:372 Mem:233.78M (Peak 233.78M) | Time:00:00.32 | Mem:0.00M, Peak:0.00M | Scene, ViewLayer | Synchronizing object | ENV_leaf_20
Fra:372 Mem:233.80M (Peak 233.80M) | Time:00:00.32 | Mem:0.00M, Peak:0.00M | Scene, ViewLayer | Synchronizing object | ENV_leaf_19
Fra:372 Mem:233.80M (Peak 233.80M) | Time:00:00.32 | Mem:0.00M, Peak:0.00M | Scene, ViewLayer | Synchronizing object | ENV_leaf_18
Fra:372 Mem:233.80M (Peak 233.80M) | Time:00:00.32 | Mem:0.00M, Peak:0.00M | Scene, ViewLayer | Synchronizing object | ENV_leaf_17
Fra:372 Mem:233.81M (Peak 233.81M) | Time:00:00.32 | Mem:0.00M, Peak:0.00M | Scene, ViewLayer | Synchronizing object | ENV_leaf_16
Fra:372 Mem:233.80M (Peak 233.81M) | Time:00:00.32 | Mem:0.00M, Peak:0.00M | Scene, ViewLayer | Synchronizing object | ENV_leaf_15
Fra:372 Mem:233.80M (Peak 233.81M) | Time:00:00.32 | Mem:0.00M, Peak:0.00M | Scene, ViewLayer | Synchronizing object | ENV_leaf_14
Fra:372 Mem:233.81M (Peak 233.81M) | Time:00:00.32 | Mem:0.00M, Peak:0.00M | Scene, ViewLayer | Synchronizing object | ENV_leaf_13
Fra:372 Mem:233.81M (Peak 233.81M) | Time:00:00.32 | Mem:0.00M, Peak:0.00M | Scene, ViewLayer | Synchronizing object | ENV_leaf_12
Fra:372 Mem:233.82M (Peak 233.82M) | Time:00:00.32 | Mem:0.00M, Peak:0.00M | Scene, ViewLayer | Synchronizing object | ENV_leaf_11
Fra:372 Mem:233.82M (Peak 233.82M) | Time:00:00.32 | Mem:0.00M, Peak:0.00M | Scene, ViewLayer | Synchronizing object | ENV_leaf_10
Fra:372 Mem:233.82M (Peak 233.82M) | Time:00:00.32 | Mem:0.00M, Peak:0.00M | Scene, ViewLayer | Synchronizing object | ENV_leaf_9
Fra:372 Mem:233.83M (Peak 233.83M) | Time:00:00.32 | Mem:0.00M, Peak:0.00M | Scene, ViewLayer | Synchronizing object | ENV_leaf_8
Fra:372 Mem:233.83M (Peak 233.83M) | Time:00:00.32 | Mem:0.00M, Peak:0.00M | Scene, ViewLayer | Synchronizing object | ENV_leaf_7
Fra:372 Mem:233.84M (Peak 233.84M) | Time:00:00.32 | Mem:0.00M, Peak:0.00M | Scene, ViewLayer | Synchronizing object | ENV_leaf_6
Fra:372 Mem:233.84M (Peak 233.84M) | Time:00:00.32 | Mem:0.00M, Peak:0.00M | Scene, ViewLayer | Synchronizing object | ENV_leaf_5
Fra:372 Mem:233.84M (Peak 233.84M) | Time:00:00.32 | Mem:0.00M, Peak:0.00M | Scene, ViewLayer | Synchronizing object | ENV_leaf_4
Fra:372 Mem:233.90M (Peak 233.90M) | Time:00:00.32 | Mem:0.00M, Peak:0.00M | Scene, ViewLayer | Synchronizing object | ENV_leaf_3
Fra:372 Mem:233.90M (Peak 233.90M) | Time:00:00.32 | Mem:0.00M, Peak:0.00M | Scene, ViewLayer | Synchronizing object | ENV_leaf_2
Fra:372 Mem:233.90M (Peak 233.90M) | Time:00:00.32 | Mem:0.00M, Peak:0.00M | Scene, ViewLayer | Synchronizing object | ENV_leaf_1
Fra:372 Mem:233.91M (Peak 233.91M) | Time:00:00.32 | Mem:0.00M, Peak:0.00M | Scene, ViewLayer | Synchronizing object | ENV_leaf_0
Fra:372 Mem:233.93M (Peak 233.93M) | Time:00:00.32 | Mem:0.00M, Peak:0.00M | Scene, ViewLayer | Synchronizing object | ENV_fern_77
Fra:372 Mem:234.02M (Peak 234.02M) | Time:00:00.32 | Mem:0.00M, Peak:0.00M | Scene, ViewLayer | Synchronizing object | ENV_fern_49
Fra:372 Mem:235.17M (Peak 235.17M) | Time:00:00.32 | Mem:0.00M, Peak:0.00M | Scene, ViewLayer | Synchronizing object | ENV_fern_50
Fra:372 Mem:235.18M (Peak 235.18M) | Time:00:00.32 | Mem:0.00M, Peak:0.00M | Scene, ViewLayer | Synchronizing object | ENV_fern_76
Fra:372 Mem:236.22M (Peak 236.22M) | Time:00:00.32 | Mem:0.00M, Peak:0.00M | Scene, ViewLayer | Synchronizing object | ENV_fern_75
Fra:372 Mem:236.60M (Peak 236.60M) | Time:00:00.32 | Mem:0.00M, Peak:0.00M | Scene, ViewLayer | Synchronizing object | ENV_fern_51
Fra:372 Mem:236.99M (Peak 236.99M) | Time:00:00.32 | Mem:0.00M, Peak:0.00M | Scene, ViewLayer | Synchronizing object | ENV_fern_74
Fra:372 Mem:237.61M (Peak 237.61M) | Time:00:00.32 | Mem:0.00M, Peak:0.00M | Scene, ViewLayer | Synchronizing object | ENV_fern_52
Fra:372 Mem:238.13M (Peak 238.13M) | Time:00:00.33 | Mem:0.00M, Peak:0.00M | Scene, ViewLayer | Synchronizing object | ENV_fern_73
Fra:372 Mem:238.66M (Peak 238.66M) | Time:00:00.33 | Mem:0.00M, Peak:0.00M | Scene, ViewLayer | Synchronizing object | ENV_fern_53
Fra:372 Mem:239.27M (Peak 239.27M) | Time:00:00.33 | Mem:0.00M, Peak:0.00M | Scene, ViewLayer | Synchronizing object | ENV_fern_72
Fra:372 Mem:239.77M (Peak 239.77M) | Time:00:00.33 | Mem:0.00M, Peak:0.00M | Scene, ViewLayer | Synchronizing object | ENV_fern_54
Fra:372 Mem:239.83M (Peak 239.83M) | Time:00:00.33 | Mem:0.00M, Peak:0.00M | Scene, ViewLayer | Synchronizing object | ENV_fern_71
Fra:372 Mem:240.71M (Peak 240.71M) | Time:00:00.33 | Mem:0.00M, Peak:0.00M | Scene, ViewLayer | Synchronizing object | ENV_fern_55
Fra:372 Mem:241.26M (Peak 241.26M) | Time:00:00.33 | Mem:0.00M, Peak:0.00M | Scene, ViewLayer | Synchronizing object | ENV_fern_70
Fra:372 Mem:241.77M (Peak 241.77M) | Time:00:00.33 | Mem:0.00M, Peak:0.00M | Scene, ViewLayer | Synchronizing object | ENV_fern_56
Fra:372 Mem:242.21M (Peak 242.21M) | Time:00:00.33 | Mem:0.00M, Peak:0.00M | Scene, ViewLayer | Synchronizing object | ENV_fern_69
Fra:372 Mem:242.79M (Peak 242.79M) | Time:00:00.33 | Mem:0.00M, Peak:0.00M | Scene, ViewLayer | Synchronizing object | ENV_fern_68
Fra:372 Mem:243.45M (Peak 243.45M) | Time:00:00.33 | Mem:0.00M, Peak:0.00M | Scene, ViewLayer | Synchronizing object | ENV_fern_57
Fra:372 Mem:243.92M (Peak 243.92M) | Time:00:00.33 | Mem:0.00M, Peak:0.00M | Scene, ViewLayer | Synchronizing object | ENV_fern_67
Fra:372 Mem:244.23M (Peak 244.23M) | Time:00:00.33 | Mem:0.00M, Peak:0.00M | Scene, ViewLayer | Synchronizing object | ENV_fern_58
Fra:372 Mem:244.89M (Peak 244.89M) | Time:00:00.33 | Mem:0.00M, Peak:0.00M | Scene, ViewLayer | Synchronizing object | ENV_fern_66
Fra:372 Mem:245.32M (Peak 245.32M) | Time:00:00.33 | Mem:0.00M, Peak:0.00M | Scene, ViewLayer | Synchronizing object | ENV_fern_59
Fra:372 Mem:245.93M (Peak 245.93M) | Time:00:00.33 | Mem:0.00M, Peak:0.00M | Scene, ViewLayer | Synchronizing object | ENV_fern_65
Fra:372 Mem:246.55M (Peak 246.55M) | Time:00:00.33 | Mem:0.00M, Peak:0.00M | Scene, ViewLayer | Synchronizing object | ENV_fern_60
Fra:372 Mem:246.94M (Peak 246.94M) | Time:00:00.33 | Mem:0.00M, Peak:0.00M | Scene, ViewLayer | Synchronizing object | ENV_fern_64
Fra:372 Mem:247.49M (Peak 247.49M) | Time:00:00.33 | Mem:0.00M, Peak:0.00M | Scene, ViewLayer | Synchronizing object | ENV_fern_61
Fra:372 Mem:248.03M (Peak 248.03M) | Time:00:00.33 | Mem:0.00M, Peak:0.00M | Scene, ViewLayer | Synchronizing object | ENV_fern_63
Fra:372 Mem:248.50M (Peak 248.50M) | Time:00:00.33 | Mem:0.00M, Peak:0.00M | Scene, ViewLayer | Synchronizing object | ENV_fern_62
Fra:372 Mem:249.14M (Peak 249.14M) | Time:00:00.33 | Mem:0.00M, Peak:0.00M | Scene, ViewLayer | Initializing
Fra:372 Mem:125.41M (Peak 249.14M) | Time:00:00.37 | Mem:0.00M, Peak:0.00M | Scene, ViewLayer | Waiting for render to start
Fra:372 Mem:125.41M (Peak 249.14M) | Time:00:00.37 | Mem:0.00M, Peak:0.00M | Scene, ViewLayer | Updating Scene
Fra:372 Mem:125.41M (Peak 249.14M) | Time:00:00.37 | Mem:0.00M, Peak:0.00M | Scene, ViewLayer | Updating Shaders
Fra:372 Mem:125.42M (Peak 249.14M) | Time:00:00.37 | Mem:0.00M, Peak:0.00M | Scene, ViewLayer | Loading render kernels (may take a few minutes the first time)
Fra:372 Mem:125.54M (Peak 249.14M) | Time:00:00.37 | Mem:0.05M, Peak:0.05M | Scene, ViewLayer | Updating Procedurals
Fra:372 Mem:125.54M (Peak 249.14M) | Time:00:00.37 | Mem:0.05M, Peak:0.05M | Scene, ViewLayer | Updating Background
Fra:372 Mem:125.54M (Peak 249.14M) | Time:00:00.37 | Mem:0.05M, Peak:0.05M | Scene, ViewLayer | Updating Camera
Fra:372 Mem:125.54M (Peak 249.14M) | Time:00:00.37 | Mem:0.05M, Peak:0.05M | Scene, ViewLayer | Updating Meshes Flags
Fra:372 Mem:125.54M (Peak 249.14M) | Time:00:00.37 | Mem:0.05M, Peak:0.05M | Scene, ViewLayer | Updating Objects
Fra:372 Mem:125.54M (Peak 249.14M) | Time:00:00.37 | Mem:0.05M, Peak:0.05M | Scene, ViewLayer | Updating Objects | Copying Transformations to device
Fra:372 Mem:126.08M (Peak 249.14M) | Time:00:00.37 | Mem:0.57M, Peak:0.57M | Scene, ViewLayer | Updating Particle Systems
Fra:372 Mem:126.08M (Peak 249.14M) | Time:00:00.37 | Mem:0.57M, Peak:0.57M | Scene, ViewLayer | Updating Particle Systems | Copying Particles to device
Fra:372 Mem:126.08M (Peak 249.14M) | Time:00:00.37 | Mem:0.57M, Peak:0.57M | Scene, ViewLayer | Updating Meshes
Fra:372 Mem:126.08M (Peak 249.14M) | Time:00:00.37 | Mem:0.57M, Peak:0.57M | Scene, ViewLayer | Updating Objects | Applying Static Transformations
Fra:372 Mem:126.08M (Peak 249.14M) | Time:00:00.38 | Mem:0.57M, Peak:0.57M | Scene, ViewLayer | Updating Mesh | Computing attributes
Fra:372 Mem:134.17M (Peak 249.14M) | Time:00:00.38 | Mem:0.65M, Peak:0.65M | Scene, ViewLayer | Updating Mesh | Copying Attributes to device
Fra:372 Mem:133.94M (Peak 249.14M) | Time:00:00.38 | Mem:8.43M, Peak:8.43M | Scene, ViewLayer | Updating Geometry BVH FX_010_dot_src 2/4 | Building BVH
Fra:372 Mem:133.94M (Peak 249.14M) | Time:00:00.38 | Mem:8.43M, Peak:8.43M | Scene, ViewLayer | Updating Geometry BVH FX_010_dot_src 2/4 | Building BVH 0%
Fra:372 Mem:133.94M (Peak 249.14M) | Time:00:00.38 | Mem:8.44M, Peak:8.44M | Scene, ViewLayer | Updating Geometry BVH MOSS_PATCH_A.001 3/4 | Building BVH
Fra:372 Mem:133.94M (Peak 249.14M) | Time:00:00.38 | Mem:8.45M, Peak:8.46M | Scene, ViewLayer | Updating Geometry BVH MOSS_PATCH_B.001 4/4 | Building BVH
Fra:372 Mem:133.94M (Peak 249.14M) | Time:00:00.38 | Mem:8.47M, Peak:8.47M | Scene, ViewLayer | Updating Geometry BVH ROCK_SMALL.001 5/4 | Building BVH
Fra:372 Mem:133.94M (Peak 249.14M) | Time:00:00.38 | Mem:8.48M, Peak:8.49M | Scene, ViewLayer | Updating Scene BVH | Building
Fra:372 Mem:133.97M (Peak 249.14M) | Time:00:00.38 | Mem:8.48M, Peak:8.49M | Scene, ViewLayer | Updating Scene BVH | Building BVH
Fra:372 Mem:133.97M (Peak 249.14M) | Time:00:00.60 | Mem:80.79M, Peak:116.55M | Scene, ViewLayer | Updating Scene BVH | Copying BVH to device
Fra:372 Mem:133.97M (Peak 249.14M) | Time:00:00.60 | Mem:80.79M, Peak:116.55M | Scene, ViewLayer | Updating Mesh | Computing normals
Fra:372 Mem:167.35M (Peak 249.14M) | Time:00:00.62 | Mem:80.79M, Peak:116.55M | Scene, ViewLayer | Updating Mesh | Copying Mesh to device
Fra:372 Mem:167.35M (Peak 249.14M) | Time:00:00.62 | Mem:114.17M, Peak:116.55M | Scene, ViewLayer | Updating Objects Flags
Fra:372 Mem:167.35M (Peak 249.14M) | Time:00:00.62 | Mem:114.19M, Peak:116.55M | Scene, ViewLayer | Updating Primitive Offsets
Fra:372 Mem:167.36M (Peak 249.14M) | Time:00:00.62 | Mem:114.19M, Peak:116.55M | Scene, ViewLayer | Updating Images
Fra:372 Mem:167.36M (Peak 249.14M) | Time:00:00.62 | Mem:114.19M, Peak:116.55M | Scene, ViewLayer | Updating Camera Volume
Fra:372 Mem:167.36M (Peak 249.14M) | Time:00:00.62 | Mem:114.19M, Peak:116.55M | Scene, ViewLayer | Updating Lookup Tables
Fra:372 Mem:167.36M (Peak 249.14M) | Time:00:00.62 | Mem:114.28M, Peak:116.55M | Scene, ViewLayer | Updating Lights
Fra:372 Mem:167.36M (Peak 249.14M) | Time:00:00.62 | Mem:114.28M, Peak:116.55M | Scene, ViewLayer | Updating Lights | Computing tree
Fra:372 Mem:168.09M (Peak 249.14M) | Time:00:00.63 | Mem:115.01M, Peak:116.55M | Scene, ViewLayer | Updating Integrator
Fra:372 Mem:168.09M (Peak 249.14M) | Time:00:00.63 | Mem:115.01M, Peak:116.55M | Scene, ViewLayer | Updating Film
Fra:372 Mem:168.09M (Peak 249.14M) | Time:00:00.63 | Mem:114.92M, Peak:116.55M | Scene, ViewLayer | Updating Lookup Tables
Fra:372 Mem:168.09M (Peak 249.14M) | Time:00:00.63 | Mem:115.01M, Peak:116.55M | Scene, ViewLayer | Updating Baking
Fra:372 Mem:168.09M (Peak 249.14M) | Time:00:00.63 | Mem:115.01M, Peak:116.55M | Scene, ViewLayer | Updating Device | Writing constant memory
Fra:372 Mem:168.13M (Peak 249.14M) | Time:00:00.63 | Mem:115.01M, Peak:116.55M | Scene, ViewLayer | Loading denoising kernels (may take a few minutes the first time)
Fra:372 Mem:168.13M (Peak 249.14M) | Time:00:00.63 | Mem:115.01M, Peak:116.55M | Scene, ViewLayer | Sample 0/64
Fra:372 Mem:318.44M (Peak 318.44M) | Time:00:16.77 | Remaining:16:56.93 | Mem:265.30M, Peak:265.30M | Scene, ViewLayer | Sample 1/64
Fra:372 Mem:318.44M (Peak 318.44M) | Time:00:32.78 | Remaining:16:36.62 | Mem:265.30M, Peak:265.30M | Scene, ViewLayer | Sample 2/64
Fra:372 Mem:318.44M (Peak 318.44M) | Time:00:48.91 | Remaining:16:21.61 | Mem:265.30M, Peak:265.30M | Scene, ViewLayer | Sample 3/64
Fra:372 Mem:318.44M (Peak 318.44M) | Time:01:05.54 | Remaining:16:13.68 | Mem:265.30M, Peak:265.30M | Scene, ViewLayer | Sample 4/64
Fra:372 Mem:318.44M (Peak 318.44M) | Time:01:21.61 | Remaining:15:55.55 | Mem:265.30M, Peak:265.30M | Scene, ViewLayer | Sample 5/64
Fra:372 Mem:318.44M (Peak 318.44M) | Time:01:37.44 | Remaining:15:35.80 | Mem:265.30M, Peak:265.30M | Scene, ViewLayer | Sample 6/64
Fra:372 Mem:318.44M (Peak 318.44M) | Time:01:53.43 | Remaining:15:18.52 | Mem:265.30M, Peak:265.30M | Scene, ViewLayer | Sample 7/64
Fra:372 Mem:318.44M (Peak 318.44M) | Time:02:08.95 | Remaining:14:58.18 | Mem:265.30M, Peak:265.30M | Scene, ViewLayer | Sample 8/64
Fra:372 Mem:318.44M (Peak 318.44M) | Time:02:24.63 | Remaining:14:39.96 | Mem:265.30M, Peak:265.30M | Scene, ViewLayer | Sample 9/64
Fra:372 Mem:318.44M (Peak 318.44M) | Time:02:40.73 | Remaining:14:24.52 | Mem:265.30M, Peak:265.30M | Scene, ViewLayer | Sample 10/64
Fra:372 Mem:318.44M (Peak 318.44M) | Time:02:56.46 | Remaining:14:07.19 | Mem:265.30M, Peak:265.30M | Scene, ViewLayer | Sample 11/64
Fra:372 Mem:318.44M (Peak 318.44M) | Time:03:12.25 | Remaining:13:50.33 | Mem:265.30M, Peak:265.30M | Scene, ViewLayer | Sample 12/64
Fra:372 Mem:318.44M (Peak 318.44M) | Time:03:28.22 | Remaining:13:34.36 | Mem:265.30M, Peak:265.30M | Scene, ViewLayer | Sample 13/64
Fra:372 Mem:318.44M (Peak 318.44M) | Time:03:43.85 | Remaining:13:17.22 | Mem:265.30M, Peak:265.30M | Scene, ViewLayer | Sample 14/64
Fra:372 Mem:318.44M (Peak 318.44M) | Time:03:59.88 | Remaining:13:01.55 | Mem:265.30M, Peak:265.30M | Scene, ViewLayer | Sample 15/64
Fra:372 Mem:318.44M (Peak 318.44M) | Time:04:16.00 | Remaining:12:46.11 | Mem:265.30M, Peak:265.30M | Scene, ViewLayer | Sample 16/64
Fra:372 Mem:318.44M (Peak 318.44M) | Time:04:31.86 | Remaining:12:29.85 | Mem:265.30M, Peak:265.30M | Scene, ViewLayer | Sample 17/64
Fra:372 Mem:318.44M (Peak 318.44M) | Time:04:47.59 | Remaining:12:13.34 | Mem:265.30M, Peak:265.30M | Scene, ViewLayer | Sample 18/64
Fra:372 Mem:318.44M (Peak 318.44M) | Time:05:04.32 | Remaining:11:59.26 | Mem:265.30M, Peak:265.30M | Scene, ViewLayer | Sample 19/64
Fra:372 Mem:318.44M (Peak 318.44M) | Time:05:20.99 | Remaining:11:44.78 | Mem:265.30M, Peak:265.30M | Scene, ViewLayer | Sample 20/64
Fra:372 Mem:318.44M (Peak 318.44M) | Time:05:37.59 | Remaining:11:29.95 | Mem:265.30M, Peak:265.30M | Scene, ViewLayer | Sample 21/64
Fra:372 Mem:318.44M (Peak 318.44M) | Time:05:54.15 | Remaining:11:14.89 | Mem:265.30M, Peak:265.30M | Scene, ViewLayer | Sample 22/64
Fra:372 Mem:318.44M (Peak 318.44M) | Time:06:11.86 | Remaining:11:01.75 | Mem:265.30M, Peak:265.30M | Scene, ViewLayer | Sample 23/64
Fra:372 Mem:318.44M (Peak 318.44M) | Time:06:29.59 | Remaining:10:48.26 | Mem:265.30M, Peak:265.30M | Scene, ViewLayer | Sample 24/64
Fra:372 Mem:318.44M (Peak 318.44M) | Time:06:46.30 | Remaining:10:32.84 | Mem:265.30M, Peak:265.30M | Scene, ViewLayer | Sample 25/64
Fra:372 Mem:318.44M (Peak 318.44M) | Time:07:04.02 | Remaining:10:18.79 | Mem:265.30M, Peak:265.30M | Scene, ViewLayer | Sample 26/64
Fra:372 Mem:318.44M (Peak 318.44M) | Time:07:20.87 | Remaining:10:03.28 | Mem:265.30M, Peak:265.30M | Scene, ViewLayer | Sample 27/64
Fra:372 Mem:318.44M (Peak 318.44M) | Time:07:36.72 | Remaining:09:46.39 | Mem:265.30M, Peak:265.30M | Scene, ViewLayer | Sample 28/64
Fra:372 Mem:318.44M (Peak 318.44M) | Time:07:52.41 | Remaining:09:29.38 | Mem:265.30M, Peak:265.30M | Scene, ViewLayer | Sample 29/64
Fra:372 Mem:318.44M (Peak 318.44M) | Time:08:08.43 | Remaining:09:12.83 | Mem:265.30M, Peak:265.30M | Scene, ViewLayer | Sample 30/64
Fra:372 Mem:318.44M (Peak 318.44M) | Time:08:24.66 | Remaining:08:56.54 | Mem:265.30M, Peak:265.30M | Scene, ViewLayer | Sample 31/64
Fra:372 Mem:318.44M (Peak 318.44M) | Time:08:40.46 | Remaining:08:39.82 | Mem:265.30M, Peak:265.30M | Scene, ViewLayer | Sample 32/64
Fra:372 Mem:318.44M (Peak 318.44M) | Time:08:56.16 | Remaining:08:23.07 | Mem:265.30M, Peak:265.30M | Scene, ViewLayer | Sample 33/64
Fra:372 Mem:318.44M (Peak 318.44M) | Time:09:12.06 | Remaining:08:06.55 | Mem:265.30M, Peak:265.30M | Scene, ViewLayer | Sample 34/64
Fra:372 Mem:318.44M (Peak 318.44M) | Time:09:28.04 | Remaining:07:50.13 | Mem:265.30M, Peak:265.30M | Scene, ViewLayer | Sample 35/64
Fra:372 Mem:318.44M (Peak 318.44M) | Time:09:44.31 | Remaining:07:33.97 | Mem:265.30M, Peak:265.30M | Scene, ViewLayer | Sample 36/64
Fra:372 Mem:318.44M (Peak 318.44M) | Time:10:00.95 | Remaining:07:18.06 | Mem:265.30M, Peak:265.30M | Scene, ViewLayer | Sample 37/64
Fra:372 Mem:318.44M (Peak 318.44M) | Time:10:17.34 | Remaining:07:01.96 | Mem:265.30M, Peak:265.30M | Scene, ViewLayer | Sample 38/64
Fra:372 Mem:318.44M (Peak 318.44M) | Time:10:33.49 | Remaining:06:45.67 | Mem:265.30M, Peak:265.30M | Scene, ViewLayer | Sample 39/64
Fra:372 Mem:318.44M (Peak 318.44M) | Time:10:49.49 | Remaining:06:29.31 | Mem:265.30M, Peak:265.30M | Scene, ViewLayer | Sample 40/64
Fra:372 Mem:318.44M (Peak 318.44M) | Time:11:05.14 | Remaining:06:12.77 | Mem:265.30M, Peak:265.30M | Scene, ViewLayer | Sample 41/64
Fra:372 Mem:318.44M (Peak 318.44M) | Time:11:20.96 | Remaining:05:56.36 | Mem:265.30M, Peak:265.30M | Scene, ViewLayer | Sample 42/64
Fra:372 Mem:318.44M (Peak 318.44M) | Time:11:36.72 | Remaining:05:39.95 | Mem:265.30M, Peak:265.30M | Scene, ViewLayer | Sample 43/64
Fra:372 Mem:318.44M (Peak 318.44M) | Time:11:52.27 | Remaining:05:23.47 | Mem:265.30M, Peak:265.30M | Scene, ViewLayer | Sample 44/64
Fra:372 Mem:318.44M (Peak 318.44M) | Time:12:08.00 | Remaining:05:07.11 | Mem:265.30M, Peak:265.30M | Scene, ViewLayer | Sample 45/64
Fra:372 Mem:318.44M (Peak 318.44M) | Time:12:24.14 | Remaining:04:50.93 | Mem:265.30M, Peak:265.30M | Scene, ViewLayer | Sample 46/64
Fra:372 Mem:318.44M (Peak 318.44M) | Time:12:39.55 | Remaining:04:34.50 | Mem:265.30M, Peak:265.30M | Scene, ViewLayer | Sample 47/64
Fra:372 Mem:318.44M (Peak 318.44M) | Time:12:55.11 | Remaining:04:18.15 | Mem:265.30M, Peak:265.30M | Scene, ViewLayer | Sample 48/64
Fra:372 Mem:318.44M (Peak 318.44M) | Time:13:10.87 | Remaining:04:01.91 | Mem:265.30M, Peak:265.30M | Scene, ViewLayer | Sample 49/64
Fra:372 Mem:318.44M (Peak 318.44M) | Time:13:26.89 | Remaining:03:45.75 | Mem:265.30M, Peak:265.30M | Scene, ViewLayer | Sample 50/64
Fra:372 Mem:318.44M (Peak 318.44M) | Time:13:43.00 | Remaining:03:29.62 | Mem:265.30M, Peak:265.30M | Scene, ViewLayer | Sample 51/64
Fra:372 Mem:318.44M (Peak 318.44M) | Time:14:00.78 | Remaining:03:13.88 | Mem:265.30M, Peak:265.30M | Scene, ViewLayer | Sample 52/64
Fra:372 Mem:318.44M (Peak 318.44M) | Time:14:17.28 | Remaining:02:57.79 | Mem:265.30M, Peak:265.30M | Scene, ViewLayer | Sample 53/64
Fra:372 Mem:318.44M (Peak 318.44M) | Time:14:33.11 | Remaining:02:41.56 | Mem:265.30M, Peak:265.30M | Scene, ViewLayer | Sample 54/64
Fra:372 Mem:318.44M (Peak 318.44M) | Time:14:49.61 | Remaining:02:25.46 | Mem:265.30M, Peak:265.30M | Scene, ViewLayer | Sample 55/64
Fra:372 Mem:318.44M (Peak 318.44M) | Time:15:05.57 | Remaining:02:09.27 | Mem:265.30M, Peak:265.30M | Scene, ViewLayer | Sample 56/64
Fra:372 Mem:318.44M (Peak 318.44M) | Time:15:21.38 | Remaining:01:53.07 | Mem:265.30M, Peak:265.30M | Scene, ViewLayer | Sample 57/64
Fra:372 Mem:318.44M (Peak 318.44M) | Time:15:37.50 | Remaining:01:36.91 | Mem:265.30M, Peak:265.30M | Scene, ViewLayer | Sample 58/64
Fra:372 Mem:318.44M (Peak 318.44M) | Time:16:05.69 | Remaining:01:21.78 | Mem:265.30M, Peak:265.30M | Scene, ViewLayer | Sample 59/64
Fra:372 Mem:318.44M (Peak 318.44M) | Time:16:38.30 | Remaining:01:06.51 | Mem:265.30M, Peak:265.30M | Scene, ViewLayer | Sample 60/64
Fra:372 Mem:318.44M (Peak 318.44M) | Time:17:10.71 | Remaining:00:50.65 | Mem:265.30M, Peak:265.30M | Scene, ViewLayer | Sample 61/64
Fra:372 Mem:318.44M (Peak 318.44M) | Time:17:42.93 | Remaining:00:34.26 | Mem:265.30M, Peak:265.30M | Scene, ViewLayer | Sample 62/64
Fra:372 Mem:318.44M (Peak 318.44M) | Time:18:14.40 | Remaining:00:17.36 | Mem:265.30M, Peak:265.30M | Scene, ViewLayer | Sample 63/64
Fra:372 Mem:381.73M (Peak 476.65M) | Time:19:18.24 | Mem:265.30M, Peak:265.30M | Scene, ViewLayer | Sample 64/64
Fra:372 Mem:381.73M (Peak 476.65M) | Time:19:18.24 | Mem:265.30M, Peak:265.30M | Scene, ViewLayer | Finished
Saved: '/home/user/liuflexrobo/GLIMMER/renders/final/SHOT_006/frame_0372.jpg'
Time: 19:18.64 (Saving: 00:00.34)

FINAL_FR SHOT_006 372 1158.7s
Fra:590 Mem:135.29M (Peak 135.29M) | Time:00:00.31 | Mem:0.00M, Peak:0.00M | Scene, ViewLayer | Synchronizing object | FX_001_abdomen
Fra:590 Mem:135.30M (Peak 135.30M) | Time:00:00.31 | Mem:0.00M, Peak:0.00M | Scene, ViewLayer | Synchronizing object | FX_001_body
Fra:590 Mem:135.31M (Peak 135.31M) | Time:00:00.31 | Mem:0.00M, Peak:0.00M | Scene, ViewLayer | Synchronizing object | FX_001_wing_L
Fra:590 Mem:135.31M (Peak 135.31M) | Time:00:00.31 | Mem:0.00M, Peak:0.00M | Scene, ViewLayer | Synchronizing object | FX_001_wing_R
Fra:590 Mem:135.32M (Peak 135.32M) | Time:00:00.31 | Mem:0.00M, Peak:0.00M | Scene, ViewLayer | Synchronizing object | FX_010_dot_src
Fra:590 Mem:135.41M (Peak 135.41M) | Time:00:00.31 | Mem:0.00M, Peak:0.00M | Scene, ViewLayer | Synchronizing object | FX_010_swarm
Fra:590 Mem:135.22M (Peak 135.41M) | Time:00:00.31 | Mem:0.00M, Peak:0.00M | Scene, ViewLayer | Synchronizing object | LIGHT_ff_practical
Fra:590 Mem:135.22M (Peak 135.41M) | Time:00:00.32 | Mem:0.00M, Peak:0.00M | Scene, ViewLayer | Synchronizing object | LIGHT_sun
Fra:590 Mem:135.22M (Peak 135.41M) | Time:00:00.32 | Mem:0.00M, Peak:0.00M | Scene, ViewLayer | Synchronizing object | LIGHT_moon
Fra:590 Mem:135.22M (Peak 135.41M) | Time:00:00.32 | Mem:0.00M, Peak:0.00M | Scene, ViewLayer | Synchronizing object | LIGHT_shaft_0
Fra:590 Mem:135.23M (Peak 135.41M) | Time:00:00.32 | Mem:0.00M, Peak:0.00M | Scene, ViewLayer | Synchronizing object | LIGHT_shaft_1
Fra:590 Mem:135.23M (Peak 135.41M) | Time:00:00.32 | Mem:0.00M, Peak:0.00M | Scene, ViewLayer | Synchronizing object | LIGHT_char_fill
Fra:590 Mem:135.23M (Peak 135.41M) | Time:00:00.32 | Mem:0.00M, Peak:0.00M | Scene, ViewLayer | Synchronizing object | LIGHT_night_rim
Fra:590 Mem:135.23M (Peak 135.41M) | Time:00:00.32 | Mem:0.00M, Peak:0.00M | Scene, ViewLayer | Synchronizing object | LIGHT_night_fill
Fra:590 Mem:135.23M (Peak 135.41M) | Time:00:00.32 | Mem:0.00M, Peak:0.00M | Scene, ViewLayer | Synchronizing object | LIGHT_robot_key
Fra:590 Mem:136.00M (Peak 136.00M) | Time:00:00.36 | Mem:0.00M, Peak:0.00M | Scene, ViewLayer | Synchronizing object | CHAR_001_antenna
Fra:590 Mem:136.96M (Peak 136.96M) | Time:00:00.36 | Mem:0.00M, Peak:0.00M | Scene, ViewLayer | Synchronizing object | TWIG_A
Fra:590 Mem:137.00M (Peak 137.00M) | Time:00:00.36 | Mem:0.00M, Peak:0.00M | Scene, ViewLayer | Synchronizing object | TWIG_B
Fra:590 Mem:137.05M (Peak 137.05M) | Time:00:00.36 | Mem:0.00M, Peak:0.00M | Scene, ViewLayer | Synchronizing object | CHAR_001_head
Fra:590 Mem:138.91M (Peak 139.09M) | Time:00:00.38 | Mem:0.00M, Peak:0.00M | Scene, ViewLayer | Synchronizing object | CHAR_001_head_hatch
Fra:590 Mem:138.92M (Peak 139.09M) | Time:00:00.38 | Mem:0.00M, Peak:0.00M | Scene, ViewLayer | Synchronizing object | CHAR_001_head_seam
Fra:590 Mem:138.92M (Peak 139.09M) | Time:00:00.38 | Mem:0.00M, Peak:0.00M | Scene, ViewLayer | Synchronizing object | CHAR_001_eye_rim_L
Fra:590 Mem:138.94M (Peak 139.09M) | Time:00:00.38 | Mem:0.00M, Peak:0.00M | Scene, ViewLayer | Synchronizing object | CHAR_001_eye_L
Fra:590 Mem:138.96M (Peak 139.09M) | Time:00:00.38 | Mem:0.00M, Peak:0.00M | Scene, ViewLayer | Synchronizing object | CHAR_001_iris_L
Fra:590 Mem:138.98M (Peak 139.09M) | Time:00:00.38 | Mem:0.00M, Peak:0.00M | Scene, ViewLayer | Synchronizing object | CHAR_001_eye_rim_R
Fra:590 Mem:139.00M (Peak 139.09M) | Time:00:00.38 | Mem:0.00M, Peak:0.00M | Scene, ViewLayer | Synchronizing object | CHAR_001_eye_R
Fra:590 Mem:139.02M (Peak 139.09M) | Time:00:00.38 | Mem:0.00M, Peak:0.00M | Scene, ViewLayer | Synchronizing object | CHAR_001_iris_R
Fra:590 Mem:140.54M (Peak 140.54M) | Time:00:00.38 | Mem:0.00M, Peak:0.00M | Scene, ViewLayer | Synchronizing object | CHAR_001_antenna_tip
Fra:590 Mem:140.54M (Peak 140.54M) | Time:00:00.38 | Mem:0.00M, Peak:0.00M | Scene, ViewLayer | Synchronizing object | CHAR_001_torso
Fra:590 Mem:140.56M (Peak 140.56M) | Time:00:00.38 | Mem:0.00M, Peak:0.00M | Scene, ViewLayer | Synchronizing object | CHAR_001_torso_panel
Fra:590 Mem:140.58M (Peak 140.58M) | Time:00:00.38 | Mem:0.00M, Peak:0.00M | Scene, ViewLayer | Synchronizing object | CHAR_001_rivets
Fra:590 Mem:140.60M (Peak 140.60M) | Time:00:00.38 | Mem:0.00M, Peak:0.00M | Scene, ViewLayer | Synchronizing object | CHAR_001_vents
Fra:590 Mem:140.60M (Peak 140.60M) | Time:00:00.38 | Mem:0.00M, Peak:0.00M | Scene, ViewLayer | Synchronizing object | CHAR_001_neck
Fra:590 Mem:140.60M (Peak 140.60M) | Time:00:00.38 | Mem:0.00M, Peak:0.00M | Scene, ViewLayer | Synchronizing object | CHAR_001_shoulder_L
Fra:590 Mem:140.62M (Peak 140.62M) | Time:00:00.38 | Mem:0.00M, Peak:0.00M | Scene, ViewLayer | Synchronizing object | CHAR_001_upperarm_L
Fra:590 Mem:140.63M (Peak 140.63M) | Time:00:00.38 | Mem:0.00M, Peak:0.00M | Scene, ViewLayer | Synchronizing object | CHAR_001_forearm_L
Fra:590 Mem:140.63M (Peak 140.63M) | Time:00:00.38 | Mem:0.00M, Peak:0.00M | Scene, ViewLayer | Synchronizing object | CHAR_001_hand_L
Fra:590 Mem:140.70M (Peak 140.70M) | Time:00:00.39 | Mem:0.00M, Peak:0.00M | Scene, ViewLayer | Synchronizing object | CHAR_001_shoulder_R
Fra:590 Mem:140.71M (Peak 140.71M) | Time:00:00.39 | Mem:0.00M, Peak:0.00M | Scene, ViewLayer | Synchronizing object | CHAR_001_upperarm_R
Fra:590 Mem:140.72M (Peak 140.72M) | Time:00:00.39 | Mem:0.00M, Peak:0.00M | Scene, ViewLayer | Synchronizing object | CHAR_001_forearm_R
Fra:590 Mem:140.73M (Peak 140.73M) | Time:00:00.39 | Mem:0.00M, Peak:0.00M | Scene, ViewLayer | Synchronizing object | CHAR_001_hand_R
Fra:590 Mem:140.78M (Peak 140.78M) | Time:00:00.39 | Mem:0.00M, Peak:0.00M | Scene, ViewLayer | Synchronizing object | CHAR_001_finger_R_index
Fra:590 Mem:140.81M (Peak 140.81M) | Time:00:00.39 | Mem:0.00M, Peak:0.00M | Scene, ViewLayer | Synchronizing object | CHAR_001_chassis
Fra:590 Mem:140.82M (Peak 140.82M) | Time:00:00.39 | Mem:0.00M, Peak:0.00M | Scene, ViewLayer | Synchronizing object | CHAR_001_track_plates_L
Fra:590 Mem:140.86M (Peak 140.86M) | Time:00:00.39 | Mem:0.00M, Peak:0.00M | Scene, ViewLayer | Synchronizing object | CHAR_001_wheel_L_0
Fra:590 Mem:140.87M (Peak 140.87M) | Time:00:00.39 | Mem:0.00M, Peak:0.00M | Scene, ViewLayer | Synchronizing object | CHAR_001_wheel_L_1
Fra:590 Mem:140.87M (Peak 140.87M) | Time:00:00.39 | Mem:0.00M, Peak:0.00M | Scene, ViewLayer | Synchronizing object | CHAR_001_wheel_L_2
Fra:590 Mem:140.88M (Peak 140.88M) | Time:00:00.39 | Mem:0.00M, Peak:0.00M | Scene, ViewLayer | Synchronizing object | CHAR_001_wheel_L_3
Fra:590 Mem:140.89M (Peak 140.89M) | Time:00:00.39 | Mem:0.00M, Peak:0.00M | Scene, ViewLayer | Synchronizing object | CHAR_001_wheel_L_4
Fra:590 Mem:140.89M (Peak 140.89M) | Time:00:00.39 | Mem:0.00M, Peak:0.00M | Scene, ViewLayer | Synchronizing object | CHAR_001_fender_L
Fra:590 Mem:140.90M (Peak 140.90M) | Time:00:00.39 | Mem:0.00M, Peak:0.00M | Scene, ViewLayer | Synchronizing object | CHAR_001_track_plates_R
Fra:590 Mem:140.95M (Peak 140.95M) | Time:00:00.39 | Mem:0.00M, Peak:0.00M | Scene, ViewLayer | Synchronizing object | CHAR_001_wheel_R_0
Fra:590 Mem:140.95M (Peak 140.95M) | Time:00:00.39 | Mem:0.00M, Peak:0.00M | Scene, ViewLayer | Synchronizing object | CHAR_001_wheel_R_1
Fra:590 Mem:140.96M (Peak 140.96M) | Time:00:00.39 | Mem:0.00M, Peak:0.00M | Scene, ViewLayer | Synchronizing object | CHAR_001_wheel_R_2
Fra:590 Mem:140.96M (Peak 140.96M) | Time:00:00.39 | Mem:0.00M, Peak:0.00M | Scene, ViewLayer | Synchronizing object | CHAR_001_wheel_R_3
Fra:590 Mem:140.97M (Peak 140.97M) | Time:00:00.39 | Mem:0.00M, Peak:0.00M | Scene, ViewLayer | Synchronizing object | CHAR_001_wheel_R_4
Fra:590 Mem:140.98M (Peak 140.98M) | Time:00:00.39 | Mem:0.00M, Peak:0.00M | Scene, ViewLayer | Synchronizing object | CHAR_001_fender_R
Fra:590 Mem:140.99M (Peak 140.99M) | Time:00:00.39 | Mem:0.00M, Peak:0.00M | Scene, ViewLayer | Synchronizing object | TREE_TRUNK_A
Fra:590 Mem:141.45M (Peak 142.02M) | Time:00:00.39 | Mem:0.00M, Peak:0.00M | Scene, ViewLayer | Synchronizing object | TREE_TRUNK_B
Fra:590 Mem:141.92M (Peak 142.49M) | Time:00:00.39 | Mem:0.00M, Peak:0.00M | Scene, ViewLayer | Synchronizing object | TREE_TRUNK_C
Fra:590 Mem:142.38M (Peak 142.95M) | Time:00:00.39 | Mem:0.00M, Peak:0.00M | Scene, ViewLayer | Synchronizing object | ROOT_A
Fra:590 Mem:142.40M (Peak 142.95M) | Time:00:00.39 | Mem:0.00M, Peak:0.00M | Scene, ViewLayer | Synchronizing object | ROOT_B
Fra:590 Mem:142.41M (Peak 142.95M) | Time:00:00.39 | Mem:0.00M, Peak:0.00M | Scene, ViewLayer | Synchronizing object | ROOT_C
Fra:590 Mem:142.42M (Peak 142.95M) | Time:00:00.39 | Mem:0.00M, Peak:0.00M | Scene, ViewLayer | Synchronizing object | FALLEN_LOG_HERO
Fra:590 Mem:142.50M (Peak 142.95M) | Time:00:00.39 | Mem:0.00M, Peak:0.00M | Scene, ViewLayer | Synchronizing object | FERN_A
Fra:590 Mem:144.09M (Peak 144.09M) | Time:00:00.40 | Mem:0.00M, Peak:0.00M | Scene, ViewLayer | Synchronizing object | FERN_B
Fra:590 Mem:144.61M (Peak 144.61M) | Time:00:00.40 | Mem:0.00M, Peak:0.00M | Scene, ViewLayer | Synchronizing object | FERN_C
Fra:590 Mem:145.25M (Peak 145.25M) | Time:00:00.40 | Mem:0.00M, Peak:0.00M | Scene, ViewLayer | Synchronizing object | MOSS_PATCH_A
Fra:590 Mem:145.26M (Peak 145.26M) | Time:00:00.40 | Mem:0.00M, Peak:0.00M | Scene, ViewLayer | Synchronizing object | MOSS_PATCH_B
Fra:590 Mem:145.27M (Peak 145.27M) | Time:00:00.40 | Mem:0.00M, Peak:0.00M | Scene, ViewLayer | Synchronizing object | GROUND_LEAF_A
Fra:590 Mem:145.27M (Peak 145.27M) | Time:00:00.40 | Mem:0.00M, Peak:0.00M | Scene, ViewLayer | Synchronizing object | GROUND_LEAF_B
Fra:590 Mem:145.28M (Peak 145.28M) | Time:00:00.40 | Mem:0.00M, Peak:0.00M | Scene, ViewLayer | Synchronizing object | GROUND_LEAF_C
Fra:590 Mem:145.28M (Peak 145.28M) | Time:00:00.40 | Mem:0.00M, Peak:0.00M | Scene, ViewLayer | Synchronizing object | ROCK_SMALL
Fra:590 Mem:145.29M (Peak 145.29M) | Time:00:00.40 | Mem:0.00M, Peak:0.00M | Scene, ViewLayer | Synchronizing object | BACKGROUND_TREE
Fra:590 Mem:145.87M (Peak 145.87M) | Time:00:00.40 | Mem:0.00M, Peak:0.00M | Scene, ViewLayer | Synchronizing object | ENV_ground
Fra:590 Mem:146.81M (Peak 146.95M) | Time:00:00.40 | Mem:0.00M, Peak:0.00M | Scene, ViewLayer | Synchronizing object | ENV_hero_tree
Fra:590 Mem:147.27M (Peak 147.84M) | Time:00:00.41 | Mem:0.00M, Peak:0.00M | Scene, ViewLayer | Synchronizing object | ENV_root_0
Fra:590 Mem:147.29M (Peak 147.84M) | Time:00:00.41 | Mem:0.00M, Peak:0.00M | Scene, ViewLayer | Synchronizing object | ENV_root_1
Fra:590 Mem:147.30M (Peak 147.84M) | Time:00:00.41 | Mem:0.00M, Peak:0.00M | Scene, ViewLayer | Synchronizing object | ENV_root_2
Fra:590 Mem:147.32M (Peak 147.84M) | Time:00:00.41 | Mem:0.00M, Peak:0.00M | Scene, ViewLayer | Synchronizing object | ENV_root_3
Fra:590 Mem:147.33M (Peak 147.84M) | Time:00:00.41 | Mem:0.00M, Peak:0.00M | Scene, ViewLayer | Synchronizing object | ENV_root_4
Fra:590 Mem:147.35M (Peak 147.84M) | Time:00:00.41 | Mem:0.00M, Peak:0.00M | Scene, ViewLayer | Synchronizing object | ENV_root_5
Fra:590 Mem:147.36M (Peak 147.84M) | Time:00:00.41 | Mem:0.00M, Peak:0.00M | Scene, ViewLayer | Synchronizing object | ENV_fallen_log
Fra:590 Mem:147.44M (Peak 147.84M) | Time:00:00.41 | Mem:0.00M, Peak:0.00M | Scene, ViewLayer | Synchronizing object | ENV_midtree_0
Fra:590 Mem:149.07M (Peak 149.29M) | Time:00:00.42 | Mem:0.00M, Peak:0.00M | Scene, ViewLayer | Synchronizing object | ENV_midtree_1
Fra:590 Mem:149.53M (Peak 150.10M) | Time:00:00.42 | Mem:0.00M, Peak:0.00M | Scene, ViewLayer | Synchronizing object | ENV_midtree_2
Fra:590 Mem:150.00M (Peak 150.57M) | Time:00:00.42 | Mem:0.00M, Peak:0.00M | Scene, ViewLayer | Synchronizing object | ENV_midtree_3
Fra:590 Mem:150.46M (Peak 151.03M) | Time:00:00.42 | Mem:0.00M, Peak:0.00M | Scene, ViewLayer | Synchronizing object | ENV_midtree_4
Fra:590 Mem:150.93M (Peak 151.50M) | Time:00:00.42 | Mem:0.00M, Peak:0.00M | Scene, ViewLayer | Synchronizing object | ENV_midtree_5
Fra:590 Mem:152.89M (Peak 152.89M) | Time:00:00.43 | Mem:0.00M, Peak:0.00M | Scene, ViewLayer | Synchronizing object | ENV_bgtree_0
Fra:590 Mem:153.47M (Peak 153.47M) | Time:00:00.43 | Mem:0.00M, Peak:0.00M | Scene, ViewLayer | Synchronizing object | ENV_bgtree_1
Fra:590 Mem:154.06M (Peak 154.06M) | Time:00:00.44 | Mem:0.00M, Peak:0.00M | Scene, ViewLayer | Synchronizing object | ENV_bgtree_2
Fra:590 Mem:154.64M (Peak 154.64M) | Time:00:00.44 | Mem:0.00M, Peak:0.00M | Scene, ViewLayer | Synchronizing object | ENV_bgtree_3
Fra:590 Mem:155.22M (Peak 155.22M) | Time:00:00.44 | Mem:0.00M, Peak:0.00M | Scene, ViewLayer | Synchronizing object | ENV_bgtree_4
Fra:590 Mem:155.80M (Peak 155.80M) | Time:00:00.44 | Mem:0.00M, Peak:0.00M | Scene, ViewLayer | Synchronizing object | ENV_bgtree_5
Fra:590 Mem:156.38M (Peak 156.38M) | Time:00:00.44 | Mem:0.00M, Peak:0.00M | Scene, ViewLayer | Synchronizing object | ENV_bgtree_6
Fra:590 Mem:156.96M (Peak 156.96M) | Time:00:00.44 | Mem:0.00M, Peak:0.00M | Scene, ViewLayer | Synchronizing object | ENV_bgtree_7
Fra:590 Mem:157.55M (Peak 157.55M) | Time:00:00.44 | Mem:0.00M, Peak:0.00M | Scene, ViewLayer | Synchronizing object | ENV_bgtree_8
Fra:590 Mem:159.02M (Peak 159.02M) | Time:00:00.45 | Mem:0.00M, Peak:0.00M | Scene, ViewLayer | Synchronizing object | ENV_bgtree_9
Fra:590 Mem:159.60M (Peak 159.60M) | Time:00:00.45 | Mem:0.00M, Peak:0.00M | Scene, ViewLayer | Synchronizing object | ENV_bgtree_10
Fra:590 Mem:160.18M (Peak 160.18M) | Time:00:00.45 | Mem:0.00M, Peak:0.00M | Scene, ViewLayer | Synchronizing object | ENV_bgtree_11
Fra:590 Mem:161.65M (Peak 161.65M) | Time:00:00.46 | Mem:0.00M, Peak:0.00M | Scene, ViewLayer | Synchronizing object | ENV_bgtree_12
Fra:590 Mem:162.23M (Peak 162.23M) | Time:00:00.46 | Mem:0.00M, Peak:0.00M | Scene, ViewLayer | Synchronizing object | ENV_bgtree_13
Fra:590 Mem:162.82M (Peak 162.82M) | Time:00:00.46 | Mem:0.00M, Peak:0.00M | Scene, ViewLayer | Synchronizing object | ENV_bgtree_14
Fra:590 Mem:164.58M (Peak 164.58M) | Time:00:00.47 | Mem:0.00M, Peak:0.00M | Scene, ViewLayer | Synchronizing object | ENV_bgtree_15
Fra:590 Mem:165.17M (Peak 165.17M) | Time:00:00.47 | Mem:0.00M, Peak:0.00M | Scene, ViewLayer | Synchronizing object | ENV_bgtree_16
Fra:590 Mem:165.75M (Peak 165.75M) | Time:00:00.47 | Mem:0.00M, Peak:0.00M | Scene, ViewLayer | Synchronizing object | ENV_bgtree_17
Fra:590 Mem:166.33M (Peak 166.33M) | Time:00:00.47 | Mem:0.00M, Peak:0.00M | Scene, ViewLayer | Synchronizing object | ENV_bgtree_18
Fra:590 Mem:167.50M (Peak 167.50M) | Time:00:00.48 | Mem:0.00M, Peak:0.00M | Scene, ViewLayer | Synchronizing object | ENV_bgtree_19
Fra:590 Mem:168.08M (Peak 168.08M) | Time:00:00.48 | Mem:0.00M, Peak:0.00M | Scene, ViewLayer | Synchronizing object | ENV_bgtree_20
Fra:590 Mem:168.66M (Peak 168.66M) | Time:00:00.48 | Mem:0.00M, Peak:0.00M | Scene, ViewLayer | Synchronizing object | ENV_bgtree_21
Fra:590 Mem:170.14M (Peak 170.14M) | Time:00:00.49 | Mem:0.00M, Peak:0.00M | Scene, ViewLayer | Synchronizing object | ENV_bgtree_22
Fra:590 Mem:170.72M (Peak 170.72M) | Time:00:00.49 | Mem:0.00M, Peak:0.00M | Scene, ViewLayer | Synchronizing object | ENV_bgtree_23
Fra:590 Mem:172.20M (Peak 172.20M) | Time:00:00.50 | Mem:0.00M, Peak:0.00M | Scene, ViewLayer | Synchronizing object | ENV_bgtree_24
Fra:590 Mem:172.78M (Peak 172.78M) | Time:00:00.51 | Mem:0.00M, Peak:0.00M | Scene, ViewLayer | Synchronizing object | ENV_bgtree_25
Fra:590 Mem:173.36M (Peak 173.36M) | Time:00:00.51 | Mem:0.00M, Peak:0.00M | Scene, ViewLayer | Synchronizing object | ENV_bgtree_26
Fra:590 Mem:174.53M (Peak 174.53M) | Time:00:00.52 | Mem:0.00M, Peak:0.00M | Scene, ViewLayer | Synchronizing object | ENV_bgtree_27
Fra:590 Mem:175.11M (Peak 175.11M) | Time:00:00.52 | Mem:0.00M, Peak:0.00M | Scene, ViewLayer | Synchronizing object | ENV_bgtree_28
Fra:590 Mem:175.70M (Peak 175.70M) | Time:00:00.52 | Mem:0.00M, Peak:0.00M | Scene, ViewLayer | Synchronizing object | ENV_bgtree_29
Fra:590 Mem:177.47M (Peak 177.47M) | Time:00:00.53 | Mem:0.00M, Peak:0.00M | Scene, ViewLayer | Synchronizing object | ENV_bgtree_30
Fra:590 Mem:178.05M (Peak 178.05M) | Time:00:00.53 | Mem:0.00M, Peak:0.00M | Scene, ViewLayer | Synchronizing object | ENV_bgtree_31
Fra:590 Mem:178.63M (Peak 178.63M) | Time:00:00.53 | Mem:0.00M, Peak:0.00M | Scene, ViewLayer | Synchronizing object | ENV_bgtree_32
Fra:590 Mem:180.10M (Peak 180.10M) | Time:00:00.54 | Mem:0.00M, Peak:0.00M | Scene, ViewLayer | Synchronizing object | ENV_bgtree_33
Fra:590 Mem:180.68M (Peak 180.68M) | Time:00:00.55 | Mem:0.00M, Peak:0.00M | Scene, ViewLayer | Synchronizing object | ENV_bgtree_34
Fra:590 Mem:181.27M (Peak 181.27M) | Time:00:00.55 | Mem:0.00M, Peak:0.00M | Scene, ViewLayer | Synchronizing object | ENV_bgtree_35
Fra:590 Mem:182.73M (Peak 182.73M) | Time:00:00.56 | Mem:0.00M, Peak:0.00M | Scene, ViewLayer | Synchronizing object | ENV_bgtree_36
Fra:590 Mem:183.32M (Peak 183.32M) | Time:00:00.56 | Mem:0.00M, Peak:0.00M | Scene, ViewLayer | Synchronizing object | ENV_bgtree_37
Fra:590 Mem:183.90M (Peak 183.90M) | Time:00:00.56 | Mem:0.00M, Peak:0.00M | Scene, ViewLayer | Synchronizing object | ENV_bgtree_38
Fra:590 Mem:184.48M (Peak 184.48M) | Time:00:00.56 | Mem:0.00M, Peak:0.00M | Scene, ViewLayer | Synchronizing object | ENV_bgtree_39
Fra:590 Mem:186.55M (Peak 186.55M) | Time:00:00.57 | Mem:0.00M, Peak:0.00M | Scene, ViewLayer | Synchronizing object | ENV_bgtree_40
Fra:590 Mem:187.13M (Peak 187.13M) | Time:00:00.57 | Mem:0.00M, Peak:0.00M | Scene, ViewLayer | Synchronizing object | ENV_bgtree_41
Fra:590 Mem:187.71M (Peak 187.71M) | Time:00:00.57 | Mem:0.00M, Peak:0.00M | Scene, ViewLayer | Synchronizing object | ENV_bgtree_42
Fra:590 Mem:188.29M (Peak 188.29M) | Time:00:00.57 | Mem:0.00M, Peak:0.00M | Scene, ViewLayer | Synchronizing object | ENV_bgtree_43
Fra:590 Mem:189.76M (Peak 189.76M) | Time:00:00.59 | Mem:0.00M, Peak:0.00M | Scene, ViewLayer | Synchronizing object | ENV_bgtree_44
Fra:590 Mem:190.35M (Peak 190.35M) | Time:00:00.59 | Mem:0.00M, Peak:0.00M | Scene, ViewLayer | Synchronizing object | ENV_bgtree_45
Fra:590 Mem:190.93M (Peak 190.93M) | Time:00:00.59 | Mem:0.00M, Peak:0.00M | Scene, ViewLayer | Synchronizing object | ENV_bgtree_46
Fra:590 Mem:192.10M (Peak 192.10M) | Time:00:00.60 | Mem:0.00M, Peak:0.00M | Scene, ViewLayer | Synchronizing object | ENV_bgtree_47
Fra:590 Mem:192.68M (Peak 192.68M) | Time:00:00.60 | Mem:0.00M, Peak:0.00M | Scene, ViewLayer | Synchronizing object | ENV_bgtree_48
Fra:590 Mem:193.26M (Peak 193.26M) | Time:00:00.60 | Mem:0.00M, Peak:0.00M | Scene, ViewLayer | Synchronizing object | ENV_bgtree_49
Fra:590 Mem:195.03M (Peak 195.03M) | Time:00:00.61 | Mem:0.00M, Peak:0.00M | Scene, ViewLayer | Synchronizing object | ENV_bgtree_50
Fra:590 Mem:195.61M (Peak 195.61M) | Time:00:00.61 | Mem:0.00M, Peak:0.00M | Scene, ViewLayer | Synchronizing object | ENV_bgtree_51
Fra:590 Mem:196.20M (Peak 196.20M) | Time:00:00.61 | Mem:0.00M, Peak:0.00M | Scene, ViewLayer | Synchronizing object | ENV_bgtree_52
Fra:590 Mem:197.67M (Peak 197.67M) | Time:00:00.62 | Mem:0.00M, Peak:0.00M | Scene, ViewLayer | Synchronizing object | ENV_bgtree_53
Fra:590 Mem:198.25M (Peak 198.25M) | Time:00:00.63 | Mem:0.00M, Peak:0.00M | Scene, ViewLayer | Synchronizing object | ENV_bgtree_54
Fra:590 Mem:198.83M (Peak 198.83M) | Time:00:00.63 | Mem:0.00M, Peak:0.00M | Scene, ViewLayer | Synchronizing object | ENV_bgtree_55
Fra:590 Mem:200.30M (Peak 200.30M) | Time:00:00.64 | Mem:0.00M, Peak:0.00M | Scene, ViewLayer | Synchronizing object | ENV_bgtree_56
Fra:590 Mem:200.88M (Peak 200.88M) | Time:00:00.64 | Mem:0.00M, Peak:0.00M | Scene, ViewLayer | Synchronizing object | ENV_bgtree_57
Fra:590 Mem:201.46M (Peak 201.46M) | Time:00:00.64 | Mem:0.00M, Peak:0.00M | Scene, ViewLayer | Synchronizing object | ENV_bgtree_58
Fra:590 Mem:202.23M (Peak 202.23M) | Time:00:00.65 | Mem:0.00M, Peak:0.00M | Scene, ViewLayer | Synchronizing object | ENV_bgtree_59
Fra:590 Mem:202.81M (Peak 202.81M) | Time:00:00.65 | Mem:0.00M, Peak:0.00M | Scene, ViewLayer | Synchronizing object | ENV_fern_0
Fra:590 Mem:203.21M (Peak 203.21M) | Time:00:00.65 | Mem:0.00M, Peak:0.00M | Scene, ViewLayer | Synchronizing object | ENV_fern_1
Fra:590 Mem:203.73M (Peak 203.73M) | Time:00:00.65 | Mem:0.00M, Peak:0.00M | Scene, ViewLayer | Synchronizing object | ENV_fern_2
Fra:590 Mem:204.37M (Peak 204.37M) | Time:00:00.65 | Mem:0.00M, Peak:0.00M | Scene, ViewLayer | Synchronizing object | ENV_fern_3
Fra:590 Mem:204.77M (Peak 204.77M) | Time:00:00.65 | Mem:0.00M, Peak:0.00M | Scene, ViewLayer | Synchronizing object | ENV_fern_4
Fra:590 Mem:205.29M (Peak 205.29M) | Time:00:00.65 | Mem:0.00M, Peak:0.00M | Scene, ViewLayer | Synchronizing object | ENV_fern_5
Fra:590 Mem:205.93M (Peak 205.93M) | Time:00:00.65 | Mem:0.00M, Peak:0.00M | Scene, ViewLayer | Synchronizing object | ENV_fern_6
Fra:590 Mem:206.33M (Peak 206.33M) | Time:00:00.65 | Mem:0.00M, Peak:0.00M | Scene, ViewLayer | Synchronizing object | ENV_fern_7
Fra:590 Mem:206.85M (Peak 206.85M) | Time:00:00.65 | Mem:0.00M, Peak:0.00M | Scene, ViewLayer | Synchronizing object | ENV_fern_8
Fra:590 Mem:207.49M (Peak 207.49M) | Time:00:00.66 | Mem:0.00M, Peak:0.00M | Scene, ViewLayer | Synchronizing object | ENV_fern_9
Fra:590 Mem:207.89M (Peak 207.89M) | Time:00:00.66 | Mem:0.00M, Peak:0.00M | Scene, ViewLayer | Synchronizing object | ENV_fern_10
Fra:590 Mem:208.41M (Peak 208.41M) | Time:00:00.66 | Mem:0.00M, Peak:0.00M | Scene, ViewLayer | Synchronizing object | ENV_fern_11
Fra:590 Mem:209.05M (Peak 209.05M) | Time:00:00.66 | Mem:0.00M, Peak:0.00M | Scene, ViewLayer | Synchronizing object | ENV_fern_12
Fra:590 Mem:209.45M (Peak 209.45M) | Time:00:00.66 | Mem:0.00M, Peak:0.00M | Scene, ViewLayer | Synchronizing object | ENV_fern_13
Fra:590 Mem:209.97M (Peak 209.97M) | Time:00:00.66 | Mem:0.00M, Peak:0.00M | Scene, ViewLayer | Synchronizing object | ENV_fern_14
Fra:590 Mem:210.61M (Peak 210.61M) | Time:00:00.66 | Mem:0.00M, Peak:0.00M | Scene, ViewLayer | Synchronizing object | ENV_fern_15
Fra:590 Mem:211.20M (Peak 211.20M) | Time:00:00.66 | Mem:0.00M, Peak:0.00M | Scene, ViewLayer | Synchronizing object | ENV_twig_0
Fra:590 Mem:211.25M (Peak 211.25M) | Time:00:00.66 | Mem:0.00M, Peak:0.00M | Scene, ViewLayer | Synchronizing object | ENV_twig_1
Fra:590 Mem:211.29M (Peak 211.29M) | Time:00:00.66 | Mem:0.00M, Peak:0.00M | Scene, ViewLayer | Synchronizing object | ENV_twig_2
Fra:590 Mem:211.34M (Peak 211.34M) | Time:00:00.66 | Mem:0.00M, Peak:0.00M | Scene, ViewLayer | Synchronizing object | ENV_twig_3
Fra:590 Mem:211.39M (Peak 211.39M) | Time:00:00.66 | Mem:0.00M, Peak:0.00M | Scene, ViewLayer | Synchronizing object | ENV_twig_4
Fra:590 Mem:211.43M (Peak 211.43M) | Time:00:00.66 | Mem:0.00M, Peak:0.00M | Scene, ViewLayer | Synchronizing object | ENV_twig_5
Fra:590 Mem:211.48M (Peak 211.48M) | Time:00:00.66 | Mem:0.00M, Peak:0.00M | Scene, ViewLayer | Synchronizing object | ENV_twig_6
Fra:590 Mem:211.52M (Peak 211.52M) | Time:00:00.66 | Mem:0.00M, Peak:0.00M | Scene, ViewLayer | Synchronizing object | ENV_twig_7
Fra:590 Mem:211.57M (Peak 211.57M) | Time:00:00.66 | Mem:0.00M, Peak:0.00M | Scene, ViewLayer | Synchronizing object | ENV_twig_8
Fra:590 Mem:211.61M (Peak 211.61M) | Time:00:00.66 | Mem:0.00M, Peak:0.00M | Scene, ViewLayer | Synchronizing object | ENV_twig_9
Fra:590 Mem:211.66M (Peak 211.66M) | Time:00:00.67 | Mem:0.00M, Peak:0.00M | Scene, ViewLayer | Synchronizing object | ENV_twig_10
Fra:590 Mem:211.71M (Peak 211.71M) | Time:00:00.67 | Mem:0.00M, Peak:0.00M | Scene, ViewLayer | Synchronizing object | ENV_twig_11
Fra:590 Mem:211.75M (Peak 211.75M) | Time:00:00.67 | Mem:0.00M, Peak:0.00M | Scene, ViewLayer | Synchronizing object | ENV_twig_12
Fra:590 Mem:211.80M (Peak 211.80M) | Time:00:00.67 | Mem:0.00M, Peak:0.00M | Scene, ViewLayer | Synchronizing object | ENV_twig_13
Fra:590 Mem:211.84M (Peak 211.84M) | Time:00:00.67 | Mem:0.00M, Peak:0.00M | Scene, ViewLayer | Synchronizing object | ENV_twig_14
Fra:590 Mem:211.89M (Peak 211.89M) | Time:00:00.67 | Mem:0.00M, Peak:0.00M | Scene, ViewLayer | Synchronizing object | ENV_twig_15
Fra:590 Mem:211.93M (Peak 211.93M) | Time:00:00.67 | Mem:0.00M, Peak:0.00M | Scene, ViewLayer | Synchronizing object | ENV_twig_16
Fra:590 Mem:211.98M (Peak 211.98M) | Time:00:00.67 | Mem:0.00M, Peak:0.00M | Scene, ViewLayer | Synchronizing object | ENV_twig_17
Fra:590 Mem:212.03M (Peak 212.03M) | Time:00:00.67 | Mem:0.00M, Peak:0.00M | Scene, ViewLayer | Synchronizing object | ENV_twig_18
Fra:590 Mem:212.07M (Peak 212.07M) | Time:00:00.67 | Mem:0.00M, Peak:0.00M | Scene, ViewLayer | Synchronizing object | ENV_twig_19
Fra:590 Mem:212.12M (Peak 212.12M) | Time:00:00.67 | Mem:0.00M, Peak:0.00M | Scene, ViewLayer | Synchronizing object | ENV_twig_20
Fra:590 Mem:212.16M (Peak 212.16M) | Time:00:00.67 | Mem:0.00M, Peak:0.00M | Scene, ViewLayer | Synchronizing object | ENV_twig_21
Fra:590 Mem:212.21M (Peak 212.21M) | Time:00:00.67 | Mem:0.00M, Peak:0.00M | Scene, ViewLayer | Synchronizing object | ENV_twig_22
Fra:590 Mem:212.25M (Peak 212.25M) | Time:00:00.67 | Mem:0.00M, Peak:0.00M | Scene, ViewLayer | Synchronizing object | ENV_twig_23
Fra:590 Mem:212.30M (Peak 212.30M) | Time:00:00.67 | Mem:0.00M, Peak:0.00M | Scene, ViewLayer | Synchronizing object | ENV_twig_24
Fra:590 Mem:212.35M (Peak 212.35M) | Time:00:00.67 | Mem:0.00M, Peak:0.00M | Scene, ViewLayer | Synchronizing object | ENV_twig_25
Fra:590 Mem:212.40M (Peak 212.40M) | Time:00:00.67 | Mem:0.00M, Peak:0.00M | Scene, ViewLayer | Synchronizing object | PROP_twig_hero
Fra:590 Mem:212.40M (Peak 212.40M) | Time:00:00.67 | Mem:0.00M, Peak:0.00M | Scene, ViewLayer | Synchronizing object | ENV_mist
Fra:590 Mem:212.41M (Peak 212.41M) | Time:00:00.67 | Mem:0.00M, Peak:0.00M | Scene, ViewLayer | Synchronizing object | ENV_leaf_1099
Fra:590 Mem:212.41M (Peak 212.41M) | Time:00:00.67 | Mem:0.00M, Peak:0.00M | Scene, ViewLayer | Synchronizing object | ENV_leaf_1098
Fra:590 Mem:212.41M (Peak 212.41M) | Time:00:00.67 | Mem:0.00M, Peak:0.00M | Scene, ViewLayer | Synchronizing object | ENV_leaf_1097
Fra:590 Mem:212.42M (Peak 212.42M) | Time:00:00.67 | Mem:0.00M, Peak:0.00M | Scene, ViewLayer | Synchronizing object | ENV_leaf_1096
Fra:590 Mem:212.42M (Peak 212.42M) | Time:00:00.67 | Mem:0.00M, Peak:0.00M | Scene, ViewLayer | Synchronizing object | ENV_leaf_1095
Fra:590 Mem:212.43M (Peak 212.43M) | Time:00:00.67 | Mem:0.00M, Peak:0.00M | Scene, ViewLayer | Synchronizing object | ENV_leaf_1094
Fra:590 Mem:212.43M (Peak 212.43M) | Time:00:00.67 | Mem:0.00M, Peak:0.00M | Scene, ViewLayer | Synchronizing object | ENV_leaf_1093
Fra:590 Mem:212.43M (Peak 212.43M) | Time:00:00.67 | Mem:0.00M, Peak:0.00M | Scene, ViewLayer | Synchronizing object | ENV_leaf_1092
Fra:590 Mem:212.44M (Peak 212.44M) | Time:00:00.67 | Mem:0.00M, Peak:0.00M | Scene, ViewLayer | Synchronizing object | ENV_leaf_1091
Fra:590 Mem:212.44M (Peak 212.44M) | Time:00:00.67 | Mem:0.00M, Peak:0.00M | Scene, ViewLayer | Synchronizing object | ENV_leaf_1090
Fra:590 Mem:212.45M (Peak 212.45M) | Time:00:00.67 | Mem:0.00M, Peak:0.00M | Scene, ViewLayer | Synchronizing object | ENV_leaf_1089
Fra:590 Mem:212.45M (Peak 212.45M) | Time:00:00.67 | Mem:0.00M, Peak:0.00M | Scene, ViewLayer | Synchronizing object | ENV_leaf_1088
Fra:590 Mem:212.45M (Peak 212.45M) | Time:00:00.67 | Mem:0.00M, Peak:0.00M | Scene, ViewLayer | Synchronizing object | ENV_leaf_1087
Fra:590 Mem:212.46M (Peak 212.46M) | Time:00:00.67 | Mem:0.00M, Peak:0.00M | Scene, ViewLayer | Synchronizing object | ENV_leaf_1086
Fra:590 Mem:212.46M (Peak 212.46M) | Time:00:00.67 | Mem:0.00M, Peak:0.00M | Scene, ViewLayer | Synchronizing object | ENV_leaf_1085
Fra:590 Mem:212.47M (Peak 212.47M) | Time:00:00.67 | Mem:0.00M, Peak:0.00M | Scene, ViewLayer | Synchronizing object | ENV_leaf_1084
Fra:590 Mem:212.47M (Peak 212.47M) | Time:00:00.67 | Mem:0.00M, Peak:0.00M | Scene, ViewLayer | Synchronizing object | ENV_leaf_1083
Fra:590 Mem:212.47M (Peak 212.47M) | Time:00:00.67 | Mem:0.00M, Peak:0.00M | Scene, ViewLayer | Synchronizing object | ENV_leaf_1082
Fra:590 Mem:212.48M (Peak 212.48M) | Time:00:00.67 | Mem:0.00M, Peak:0.00M | Scene, ViewLayer | Synchronizing object | ENV_leaf_1081
Fra:590 Mem:212.48M (Peak 212.48M) | Time:00:00.67 | Mem:0.00M, Peak:0.00M | Scene, ViewLayer | Synchronizing object | ENV_leaf_1080
Fra:590 Mem:212.49M (Peak 212.49M) | Time:00:00.67 | Mem:0.00M, Peak:0.00M | Scene, ViewLayer | Synchronizing object | ENV_leaf_1079
Fra:590 Mem:212.49M (Peak 212.49M) | Time:00:00.67 | Mem:0.00M, Peak:0.00M | Scene, ViewLayer | Synchronizing object | ENV_leaf_1078
Fra:590 Mem:212.49M (Peak 212.49M) | Time:00:00.67 | Mem:0.00M, Peak:0.00M | Scene, ViewLayer | Synchronizing object | ENV_leaf_1077
Fra:590 Mem:212.50M (Peak 212.50M) | Time:00:00.67 | Mem:0.00M, Peak:0.00M | Scene, ViewLayer | Synchronizing object | ENV_leaf_1076
Fra:590 Mem:212.50M (Peak 212.50M) | Time:00:00.67 | Mem:0.00M, Peak:0.00M | Scene, ViewLayer | Synchronizing object | ENV_leaf_1075
Fra:590 Mem:212.51M (Peak 212.51M) | Time:00:00.67 | Mem:0.00M, Peak:0.00M | Scene, ViewLayer | Synchronizing object | ENV_leaf_1074
Fra:590 Mem:212.51M (Peak 212.51M) | Time:00:00.67 | Mem:0.00M, Peak:0.00M | Scene, ViewLayer | Synchronizing object | ENV_leaf_1073
Fra:590 Mem:212.51M (Peak 212.51M) | Time:00:00.67 | Mem:0.00M, Peak:0.00M | Scene, ViewLayer | Synchronizing object | ENV_leaf_1072
Fra:590 Mem:212.52M (Peak 212.52M) | Time:00:00.67 | Mem:0.00M, Peak:0.00M | Scene, ViewLayer | Synchronizing object | ENV_leaf_1071
Fra:590 Mem:212.52M (Peak 212.52M) | Time:00:00.67 | Mem:0.00M, Peak:0.00M | Scene, ViewLayer | Synchronizing object | ENV_leaf_1070
Fra:590 Mem:212.53M (Peak 212.53M) | Time:00:00.67 | Mem:0.00M, Peak:0.00M | Scene, ViewLayer | Synchronizing object | ENV_leaf_1069
Fra:590 Mem:212.53M (Peak 212.53M) | Time:00:00.67 | Mem:0.00M, Peak:0.00M | Scene, ViewLayer | Synchronizing object | ENV_leaf_1068
Fra:590 Mem:212.53M (Peak 212.53M) | Time:00:00.67 | Mem:0.00M, Peak:0.00M | Scene, ViewLayer | Synchronizing object | ENV_leaf_1067
Fra:590 Mem:212.54M (Peak 212.54M) | Time:00:00.67 | Mem:0.00M, Peak:0.00M | Scene, ViewLayer | Synchronizing object | ENV_leaf_1066
Fra:590 Mem:212.54M (Peak 212.54M) | Time:00:00.67 | Mem:0.00M, Peak:0.00M | Scene, ViewLayer | Synchronizing object | ENV_leaf_1065
Fra:590 Mem:212.55M (Peak 212.55M) | Time:00:00.67 | Mem:0.00M, Peak:0.00M | Scene, ViewLayer | Synchronizing object | ENV_leaf_1064
Fra:590 Mem:212.55M (Peak 212.55M) | Time:00:00.67 | Mem:0.00M, Peak:0.00M | Scene, ViewLayer | Synchronizing object | ENV_leaf_1063
Fra:590 Mem:212.55M (Peak 212.55M) | Time:00:00.67 | Mem:0.00M, Peak:0.00M | Scene, ViewLayer | Synchronizing object | ENV_leaf_1062
Fra:590 Mem:212.56M (Peak 212.56M) | Time:00:00.67 | Mem:0.00M, Peak:0.00M | Scene, ViewLayer | Synchronizing object | ENV_leaf_1061
Fra:590 Mem:212.56M (Peak 212.56M) | Time:00:00.67 | Mem:0.00M, Peak:0.00M | Scene, ViewLayer | Synchronizing object | ENV_leaf_1060
Fra:590 Mem:212.57M (Peak 212.57M) | Time:00:00.67 | Mem:0.00M, Peak:0.00M | Scene, ViewLayer | Synchronizing object | ENV_leaf_1059
Fra:590 Mem:212.57M (Peak 212.57M) | Time:00:00.67 | Mem:0.00M, Peak:0.00M | Scene, ViewLayer | Synchronizing object | ENV_leaf_1058
Fra:590 Mem:212.57M (Peak 212.57M) | Time:00:00.67 | Mem:0.00M, Peak:0.00M | Scene, ViewLayer | Synchronizing object | ENV_leaf_1057
Fra:590 Mem:212.58M (Peak 212.58M) | Time:00:00.67 | Mem:0.00M, Peak:0.00M | Scene, ViewLayer | Synchronizing object | ENV_leaf_1056
Fra:590 Mem:212.58M (Peak 212.58M) | Time:00:00.67 | Mem:0.00M, Peak:0.00M | Scene, ViewLayer | Synchronizing object | ENV_leaf_1055
Fra:590 Mem:212.59M (Peak 212.59M) | Time:00:00.67 | Mem:0.00M, Peak:0.00M | Scene, ViewLayer | Synchronizing object | ENV_leaf_1054
Fra:590 Mem:212.59M (Peak 212.59M) | Time:00:00.67 | Mem:0.00M, Peak:0.00M | Scene, ViewLayer | Synchronizing object | ENV_leaf_1053
Fra:590 Mem:212.60M (Peak 212.60M) | Time:00:00.67 | Mem:0.00M, Peak:0.00M | Scene, ViewLayer | Synchronizing object | ENV_leaf_1052
Fra:590 Mem:212.60M (Peak 212.60M) | Time:00:00.67 | Mem:0.00M, Peak:0.00M | Scene, ViewLayer | Synchronizing object | ENV_leaf_1051
Fra:590 Mem:212.60M (Peak 212.60M) | Time:00:00.67 | Mem:0.00M, Peak:0.00M | Scene, ViewLayer | Synchronizing object | ENV_leaf_1050
Fra:590 Mem:212.61M (Peak 212.61M) | Time:00:00.67 | Mem:0.00M, Peak:0.00M | Scene, ViewLayer | Synchronizing object | ENV_leaf_1049
Fra:590 Mem:212.61M (Peak 212.61M) | Time:00:00.67 | Mem:0.00M, Peak:0.00M | Scene, ViewLayer | Synchronizing object | ENV_leaf_1048
Fra:590 Mem:212.62M (Peak 212.62M) | Time:00:00.67 | Mem:0.00M, Peak:0.00M | Scene, ViewLayer | Synchronizing object | ENV_leaf_1047
Fra:590 Mem:212.62M (Peak 212.62M) | Time:00:00.67 | Mem:0.00M, Peak:0.00M | Scene, ViewLayer | Synchronizing object | ENV_leaf_1046
Fra:590 Mem:212.62M (Peak 212.62M) | Time:00:00.67 | Mem:0.00M, Peak:0.00M | Scene, ViewLayer | Synchronizing object | ENV_leaf_1045
Fra:590 Mem:212.63M (Peak 212.63M) | Time:00:00.67 | Mem:0.00M, Peak:0.00M | Scene, ViewLayer | Synchronizing object | ENV_leaf_1044
Fra:590 Mem:212.63M (Peak 212.63M) | Time:00:00.67 | Mem:0.00M, Peak:0.00M | Scene, ViewLayer | Synchronizing object | ENV_leaf_1043
Fra:590 Mem:212.64M (Peak 212.64M) | Time:00:00.67 | Mem:0.00M, Peak:0.00M | Scene, ViewLayer | Synchronizing object | ENV_leaf_1042
Fra:590 Mem:212.64M (Peak 212.64M) | Time:00:00.67 | Mem:0.00M, Peak:0.00M | Scene, ViewLayer | Synchronizing object | ENV_leaf_1041
Fra:590 Mem:212.64M (Peak 212.64M) | Time:00:00.67 | Mem:0.00M, Peak:0.00M | Scene, ViewLayer | Synchronizing object | ENV_leaf_1039
Fra:590 Mem:212.65M (Peak 212.65M) | Time:00:00.67 | Mem:0.00M, Peak:0.00M | Scene, ViewLayer | Synchronizing object | ENV_leaf_1038
Fra:590 Mem:212.65M (Peak 212.65M) | Time:00:00.67 | Mem:0.00M, Peak:0.00M | Scene, ViewLayer | Synchronizing object | ENV_leaf_1037
Fra:590 Mem:212.66M (Peak 212.66M) | Time:00:00.67 | Mem:0.00M, Peak:0.00M | Scene, ViewLayer | Synchronizing object | ENV_leaf_1036
Fra:590 Mem:212.66M (Peak 212.66M) | Time:00:00.67 | Mem:0.00M, Peak:0.00M | Scene, ViewLayer | Synchronizing object | ENV_leaf_1035
Fra:590 Mem:212.66M (Peak 212.66M) | Time:00:00.67 | Mem:0.00M, Peak:0.00M | Scene, ViewLayer | Synchronizing object | ENV_leaf_1034
Fra:590 Mem:212.67M (Peak 212.67M) | Time:00:00.67 | Mem:0.00M, Peak:0.00M | Scene, ViewLayer | Synchronizing object | ENV_leaf_1033
Fra:590 Mem:212.67M (Peak 212.67M) | Time:00:00.67 | Mem:0.00M, Peak:0.00M | Scene, ViewLayer | Synchronizing object | ENV_leaf_1032
Fra:590 Mem:212.68M (Peak 212.68M) | Time:00:00.67 | Mem:0.00M, Peak:0.00M | Scene, ViewLayer | Synchronizing object | ENV_leaf_1031
Fra:590 Mem:212.68M (Peak 212.68M) | Time:00:00.67 | Mem:0.00M, Peak:0.00M | Scene, ViewLayer | Synchronizing object | ENV_leaf_1030
Fra:590 Mem:212.68M (Peak 212.68M) | Time:00:00.67 | Mem:0.00M, Peak:0.00M | Scene, ViewLayer | Synchronizing object | ENV_leaf_1029
Fra:590 Mem:212.69M (Peak 212.69M) | Time:00:00.67 | Mem:0.00M, Peak:0.00M | Scene, ViewLayer | Synchronizing object | ENV_leaf_1028
Fra:590 Mem:212.69M (Peak 212.69M) | Time:00:00.67 | Mem:0.00M, Peak:0.00M | Scene, ViewLayer | Synchronizing object | ENV_leaf_1027
Fra:590 Mem:212.70M (Peak 212.70M) | Time:00:00.67 | Mem:0.00M, Peak:0.00M | Scene, ViewLayer | Synchronizing object | ENV_leaf_1026
Fra:590 Mem:212.70M (Peak 212.70M) | Time:00:00.67 | Mem:0.00M, Peak:0.00M | Scene, ViewLayer | Synchronizing object | ENV_leaf_1025
Fra:590 Mem:212.70M (Peak 212.70M) | Time:00:00.67 | Mem:0.00M, Peak:0.00M | Scene, ViewLayer | Synchronizing object | ENV_leaf_1024
Fra:590 Mem:212.71M (Peak 212.71M) | Time:00:00.67 | Mem:0.00M, Peak:0.00M | Scene, ViewLayer | Synchronizing object | ENV_leaf_1023
Fra:590 Mem:212.66M (Peak 212.71M) | Time:00:00.67 | Mem:0.00M, Peak:0.00M | Scene, ViewLayer | Synchronizing object | ENV_fern_16
Fra:590 Mem:213.19M (Peak 213.19M) | Time:00:00.67 | Mem:0.00M, Peak:0.00M | Scene, ViewLayer | Synchronizing object | ENV_fern_17
Fra:590 Mem:213.83M (Peak 213.83M) | Time:00:00.67 | Mem:0.00M, Peak:0.00M | Scene, ViewLayer | Synchronizing object | ENV_fern_18
Fra:590 Mem:214.23M (Peak 214.23M) | Time:00:00.67 | Mem:0.00M, Peak:0.00M | Scene, ViewLayer | Synchronizing object | ENV_fern_19
Fra:590 Mem:214.75M (Peak 214.75M) | Time:00:00.67 | Mem:0.00M, Peak:0.00M | Scene, ViewLayer | Synchronizing object | ENV_fern_20
Fra:590 Mem:215.39M (Peak 215.39M) | Time:00:00.67 | Mem:0.00M, Peak:0.00M | Scene, ViewLayer | Synchronizing object | ENV_fern_21
Fra:590 Mem:215.79M (Peak 215.79M) | Time:00:00.67 | Mem:0.00M, Peak:0.00M | Scene, ViewLayer | Synchronizing object | ENV_fern_22
Fra:590 Mem:216.31M (Peak 216.31M) | Time:00:00.67 | Mem:0.00M, Peak:0.00M | Scene, ViewLayer | Synchronizing object | ENV_fern_23
Fra:590 Mem:216.95M (Peak 216.95M) | Time:00:00.67 | Mem:0.00M, Peak:0.00M | Scene, ViewLayer | Synchronizing object | ENV_fern_24
Fra:590 Mem:217.35M (Peak 217.35M) | Time:00:00.67 | Mem:0.00M, Peak:0.00M | Scene, ViewLayer | Synchronizing object | ENV_fern_25
Fra:590 Mem:217.87M (Peak 217.87M) | Time:00:00.68 | Mem:0.00M, Peak:0.00M | Scene, ViewLayer | Synchronizing object | ENV_fern_26
Fra:590 Mem:218.40M (Peak 218.40M) | Time:00:00.68 | Mem:0.00M, Peak:0.00M | Scene, ViewLayer | Synchronizing object | ENV_leaf_1022
Fra:590 Mem:218.41M (Peak 218.41M) | Time:00:00.68 | Mem:0.00M, Peak:0.00M | Scene, ViewLayer | Synchronizing object | ENV_leaf_1021
Fra:590 Mem:218.41M (Peak 218.41M) | Time:00:00.68 | Mem:0.00M, Peak:0.00M | Scene, ViewLayer | Synchronizing object | ENV_leaf_1020
Fra:590 Mem:218.42M (Peak 218.42M) | Time:00:00.68 | Mem:0.00M, Peak:0.00M | Scene, ViewLayer | Synchronizing object | ENV_leaf_1019
Fra:590 Mem:218.42M (Peak 218.42M) | Time:00:00.68 | Mem:0.00M, Peak:0.00M | Scene, ViewLayer | Synchronizing object | ENV_leaf_1018
Fra:590 Mem:218.42M (Peak 218.42M) | Time:00:00.68 | Mem:0.00M, Peak:0.00M | Scene, ViewLayer | Synchronizing object | ENV_leaf_1017
Fra:590 Mem:218.43M (Peak 218.43M) | Time:00:00.68 | Mem:0.00M, Peak:0.00M | Scene, ViewLayer | Synchronizing object | ENV_leaf_1016
Fra:590 Mem:218.43M (Peak 218.43M) | Time:00:00.68 | Mem:0.00M, Peak:0.00M | Scene, ViewLayer | Synchronizing object | ENV_leaf_1015
Fra:590 Mem:218.44M (Peak 218.44M) | Time:00:00.68 | Mem:0.00M, Peak:0.00M | Scene, ViewLayer | Synchronizing object | ENV_leaf_1014
Fra:590 Mem:218.44M (Peak 218.44M) | Time:00:00.68 | Mem:0.00M, Peak:0.00M | Scene, ViewLayer | Synchronizing object | ENV_leaf_1013
Fra:590 Mem:218.44M (Peak 218.44M) | Time:00:00.68 | Mem:0.00M, Peak:0.00M | Scene, ViewLayer | Synchronizing object | ENV_leaf_1012
Fra:590 Mem:218.45M (Peak 218.45M) | Time:00:00.68 | Mem:0.00M, Peak:0.00M | Scene, ViewLayer | Synchronizing object | ENV_leaf_1011
Fra:590 Mem:218.45M (Peak 218.45M) | Time:00:00.68 | Mem:0.00M, Peak:0.00M | Scene, ViewLayer | Synchronizing object | ENV_leaf_1009
Fra:590 Mem:218.46M (Peak 218.46M) | Time:00:00.68 | Mem:0.00M, Peak:0.00M | Scene, ViewLayer | Synchronizing object | ENV_leaf_1008
Fra:590 Mem:218.46M (Peak 218.46M) | Time:00:00.68 | Mem:0.00M, Peak:0.00M | Scene, ViewLayer | Synchronizing object | ENV_leaf_1007
Fra:590 Mem:218.46M (Peak 218.46M) | Time:00:00.68 | Mem:0.00M, Peak:0.00M | Scene, ViewLayer | Synchronizing object | ENV_leaf_1006
Fra:590 Mem:218.47M (Peak 218.47M) | Time:00:00.68 | Mem:0.00M, Peak:0.00M | Scene, ViewLayer | Synchronizing object | ENV_leaf_1005
Fra:590 Mem:218.47M (Peak 218.47M) | Time:00:00.68 | Mem:0.00M, Peak:0.00M | Scene, ViewLayer | Synchronizing object | ENV_leaf_1004
Fra:590 Mem:218.48M (Peak 218.48M) | Time:00:00.68 | Mem:0.00M, Peak:0.00M | Scene, ViewLayer | Synchronizing object | ENV_leaf_1003
Fra:590 Mem:218.48M (Peak 218.48M) | Time:00:00.68 | Mem:0.00M, Peak:0.00M | Scene, ViewLayer | Synchronizing object | ENV_leaf_1002
Fra:590 Mem:218.48M (Peak 218.48M) | Time:00:00.68 | Mem:0.00M, Peak:0.00M | Scene, ViewLayer | Synchronizing object | ENV_leaf_1001
Fra:590 Mem:218.49M (Peak 218.49M) | Time:00:00.68 | Mem:0.00M, Peak:0.00M | Scene, ViewLayer | Synchronizing object | ENV_leaf_1000
Fra:590 Mem:218.49M (Peak 218.49M) | Time:00:00.68 | Mem:0.00M, Peak:0.00M | Scene, ViewLayer | Synchronizing object | ENV_leaf_998
Fra:590 Mem:218.50M (Peak 218.50M) | Time:00:00.68 | Mem:0.00M, Peak:0.00M | Scene, ViewLayer | Synchronizing object | ENV_leaf_997
Fra:590 Mem:218.50M (Peak 218.50M) | Time:00:00.68 | Mem:0.00M, Peak:0.00M | Scene, ViewLayer | Synchronizing object | ENV_leaf_996
Fra:590 Mem:218.50M (Peak 218.50M) | Time:00:00.68 | Mem:0.00M, Peak:0.00M | Scene, ViewLayer | Synchronizing object | ENV_leaf_995
Fra:590 Mem:218.51M (Peak 218.51M) | Time:00:00.68 | Mem:0.00M, Peak:0.00M | Scene, ViewLayer | Synchronizing object | ENV_leaf_994
Fra:590 Mem:218.51M (Peak 218.51M) | Time:00:00.68 | Mem:0.00M, Peak:0.00M | Scene, ViewLayer | Synchronizing object | ENV_leaf_993
Fra:590 Mem:218.52M (Peak 218.52M) | Time:00:00.68 | Mem:0.00M, Peak:0.00M | Scene, ViewLayer | Synchronizing object | ENV_leaf_992
Fra:590 Mem:218.52M (Peak 218.52M) | Time:00:00.68 | Mem:0.00M, Peak:0.00M | Scene, ViewLayer | Synchronizing object | ENV_leaf_991
Fra:590 Mem:218.52M (Peak 218.52M) | Time:00:00.68 | Mem:0.00M, Peak:0.00M | Scene, ViewLayer | Synchronizing object | ENV_leaf_990
Fra:590 Mem:218.53M (Peak 218.53M) | Time:00:00.68 | Mem:0.00M, Peak:0.00M | Scene, ViewLayer | Synchronizing object | ENV_leaf_989
Fra:590 Mem:218.53M (Peak 218.53M) | Time:00:00.68 | Mem:0.00M, Peak:0.00M | Scene, ViewLayer | Synchronizing object | ENV_leaf_988
Fra:590 Mem:218.54M (Peak 218.54M) | Time:00:00.68 | Mem:0.00M, Peak:0.00M | Scene, ViewLayer | Synchronizing object | ENV_leaf_987
Fra:590 Mem:218.54M (Peak 218.54M) | Time:00:00.68 | Mem:0.00M, Peak:0.00M | Scene, ViewLayer | Synchronizing object | ENV_leaf_986
Fra:590 Mem:218.54M (Peak 218.54M) | Time:00:00.68 | Mem:0.00M, Peak:0.00M | Scene, ViewLayer | Synchronizing object | ENV_leaf_985
Fra:590 Mem:218.55M (Peak 218.55M) | Time:00:00.68 | Mem:0.00M, Peak:0.00M | Scene, ViewLayer | Synchronizing object | ENV_leaf_984
Fra:590 Mem:218.55M (Peak 218.55M) | Time:00:00.68 | Mem:0.00M, Peak:0.00M | Scene, ViewLayer | Synchronizing object | ENV_leaf_983
Fra:590 Mem:218.56M (Peak 218.56M) | Time:00:00.68 | Mem:0.00M, Peak:0.00M | Scene, ViewLayer | Synchronizing object | ENV_leaf_982
Fra:590 Mem:218.56M (Peak 218.56M) | Time:00:00.68 | Mem:0.00M, Peak:0.00M | Scene, ViewLayer | Synchronizing object | ENV_leaf_981
Fra:590 Mem:218.56M (Peak 218.56M) | Time:00:00.68 | Mem:0.00M, Peak:0.00M | Scene, ViewLayer | Synchronizing object | ENV_leaf_980
Fra:590 Mem:218.57M (Peak 218.57M) | Time:00:00.68 | Mem:0.00M, Peak:0.00M | Scene, ViewLayer | Synchronizing object | ENV_leaf_979
Fra:590 Mem:218.57M (Peak 218.57M) | Time:00:00.68 | Mem:0.00M, Peak:0.00M | Scene, ViewLayer | Synchronizing object | ENV_leaf_978
Fra:590 Mem:218.58M (Peak 218.58M) | Time:00:00.68 | Mem:0.00M, Peak:0.00M | Scene, ViewLayer | Synchronizing object | ENV_leaf_977
Fra:590 Mem:218.58M (Peak 218.58M) | Time:00:00.68 | Mem:0.00M, Peak:0.00M | Scene, ViewLayer | Synchronizing object | ENV_leaf_976
Fra:590 Mem:218.59M (Peak 218.59M) | Time:00:00.68 | Mem:0.00M, Peak:0.00M | Scene, ViewLayer | Synchronizing object | ENV_leaf_975
Fra:590 Mem:218.59M (Peak 218.59M) | Time:00:00.68 | Mem:0.00M, Peak:0.00M | Scene, ViewLayer | Synchronizing object | ENV_leaf_974
Fra:590 Mem:218.59M (Peak 218.59M) | Time:00:00.68 | Mem:0.00M, Peak:0.00M | Scene, ViewLayer | Synchronizing object | ENV_leaf_973
Fra:590 Mem:218.60M (Peak 218.60M) | Time:00:00.68 | Mem:0.00M, Peak:0.00M | Scene, ViewLayer | Synchronizing object | ENV_leaf_972
Fra:590 Mem:218.60M (Peak 218.60M) | Time:00:00.68 | Mem:0.00M, Peak:0.00M | Scene, ViewLayer | Synchronizing object | ENV_leaf_971
Fra:590 Mem:218.61M (Peak 218.61M) | Time:00:00.68 | Mem:0.00M, Peak:0.00M | Scene, ViewLayer | Synchronizing object | ENV_leaf_970
Fra:590 Mem:218.61M (Peak 218.61M) | Time:00:00.68 | Mem:0.00M, Peak:0.00M | Scene, ViewLayer | Synchronizing object | ENV_leaf_969
Fra:590 Mem:218.61M (Peak 218.61M) | Time:00:00.68 | Mem:0.00M, Peak:0.00M | Scene, ViewLayer | Synchronizing object | ENV_leaf_968
Fra:590 Mem:218.62M (Peak 218.62M) | Time:00:00.68 | Mem:0.00M, Peak:0.00M | Scene, ViewLayer | Synchronizing object | ENV_leaf_967
Fra:590 Mem:218.62M (Peak 218.62M) | Time:00:00.68 | Mem:0.00M, Peak:0.00M | Scene, ViewLayer | Synchronizing object | ENV_leaf_966
Fra:590 Mem:218.63M (Peak 218.63M) | Time:00:00.68 | Mem:0.00M, Peak:0.00M | Scene, ViewLayer | Synchronizing object | ENV_leaf_965
Fra:590 Mem:218.63M (Peak 218.63M) | Time:00:00.68 | Mem:0.00M, Peak:0.00M | Scene, ViewLayer | Synchronizing object | ENV_leaf_964
Fra:590 Mem:218.63M (Peak 218.63M) | Time:00:00.68 | Mem:0.00M, Peak:0.00M | Scene, ViewLayer | Synchronizing object | ENV_leaf_963
Fra:590 Mem:218.64M (Peak 218.64M) | Time:00:00.68 | Mem:0.00M, Peak:0.00M | Scene, ViewLayer | Synchronizing object | ENV_leaf_962
Fra:590 Mem:218.64M (Peak 218.64M) | Time:00:00.68 | Mem:0.00M, Peak:0.00M | Scene, ViewLayer | Synchronizing object | ENV_leaf_961
Fra:590 Mem:218.65M (Peak 218.65M) | Time:00:00.68 | Mem:0.00M, Peak:0.00M | Scene, ViewLayer | Synchronizing object | ENV_leaf_960
Fra:590 Mem:218.65M (Peak 218.65M) | Time:00:00.68 | Mem:0.00M, Peak:0.00M | Scene, ViewLayer | Synchronizing object | ENV_leaf_959
Fra:590 Mem:218.65M (Peak 218.65M) | Time:00:00.68 | Mem:0.00M, Peak:0.00M | Scene, ViewLayer | Synchronizing object | ENV_leaf_958
Fra:590 Mem:218.66M (Peak 218.66M) | Time:00:00.68 | Mem:0.00M, Peak:0.00M | Scene, ViewLayer | Synchronizing object | ENV_leaf_957
Fra:590 Mem:218.66M (Peak 218.66M) | Time:00:00.68 | Mem:0.00M, Peak:0.00M | Scene, ViewLayer | Synchronizing object | ENV_leaf_956
Fra:590 Mem:218.67M (Peak 218.67M) | Time:00:00.68 | Mem:0.00M, Peak:0.00M | Scene, ViewLayer | Synchronizing object | ENV_leaf_955
Fra:590 Mem:218.67M (Peak 218.67M) | Time:00:00.68 | Mem:0.00M, Peak:0.00M | Scene, ViewLayer | Synchronizing object | ENV_leaf_954
Fra:590 Mem:218.67M (Peak 218.67M) | Time:00:00.68 | Mem:0.00M, Peak:0.00M | Scene, ViewLayer | Synchronizing object | ENV_leaf_953
Fra:590 Mem:218.68M (Peak 218.68M) | Time:00:00.68 | Mem:0.00M, Peak:0.00M | Scene, ViewLayer | Synchronizing object | ENV_leaf_952
Fra:590 Mem:218.68M (Peak 218.68M) | Time:00:00.68 | Mem:0.00M, Peak:0.00M | Scene, ViewLayer | Synchronizing object | ENV_leaf_951
Fra:590 Mem:218.69M (Peak 218.69M) | Time:00:00.68 | Mem:0.00M, Peak:0.00M | Scene, ViewLayer | Synchronizing object | ENV_leaf_950
Fra:590 Mem:218.69M (Peak 218.69M) | Time:00:00.68 | Mem:0.00M, Peak:0.00M | Scene, ViewLayer | Synchronizing object | ENV_leaf_949
Fra:590 Mem:218.69M (Peak 218.69M) | Time:00:00.68 | Mem:0.00M, Peak:0.00M | Scene, ViewLayer | Synchronizing object | ENV_leaf_948
Fra:590 Mem:218.70M (Peak 218.70M) | Time:00:00.68 | Mem:0.00M, Peak:0.00M | Scene, ViewLayer | Synchronizing object | ENV_leaf_947
Fra:590 Mem:218.70M (Peak 218.70M) | Time:00:00.68 | Mem:0.00M, Peak:0.00M | Scene, ViewLayer | Synchronizing object | ENV_leaf_946
Fra:590 Mem:218.71M (Peak 218.71M) | Time:00:00.68 | Mem:0.00M, Peak:0.00M | Scene, ViewLayer | Synchronizing object | ENV_leaf_945
Fra:590 Mem:218.71M (Peak 218.71M) | Time:00:00.68 | Mem:0.00M, Peak:0.00M | Scene, ViewLayer | Synchronizing object | ENV_leaf_944
Fra:590 Mem:218.71M (Peak 218.71M) | Time:00:00.68 | Mem:0.00M, Peak:0.00M | Scene, ViewLayer | Synchronizing object | ENV_leaf_943
Fra:590 Mem:218.72M (Peak 218.72M) | Time:00:00.68 | Mem:0.00M, Peak:0.00M | Scene, ViewLayer | Synchronizing object | ENV_leaf_942
Fra:590 Mem:218.72M (Peak 218.72M) | Time:00:00.68 | Mem:0.00M, Peak:0.00M | Scene, ViewLayer | Synchronizing object | ENV_leaf_941
Fra:590 Mem:218.73M (Peak 218.73M) | Time:00:00.68 | Mem:0.00M, Peak:0.00M | Scene, ViewLayer | Synchronizing object | ENV_leaf_940
Fra:590 Mem:218.73M (Peak 218.73M) | Time:00:00.68 | Mem:0.00M, Peak:0.00M | Scene, ViewLayer | Synchronizing object | ENV_leaf_939
Fra:590 Mem:218.73M (Peak 218.73M) | Time:00:00.68 | Mem:0.00M, Peak:0.00M | Scene, ViewLayer | Synchronizing object | ENV_leaf_938
Fra:590 Mem:218.74M (Peak 218.74M) | Time:00:00.68 | Mem:0.00M, Peak:0.00M | Scene, ViewLayer | Synchronizing object | ENV_leaf_937
Fra:590 Mem:218.74M (Peak 218.74M) | Time:00:00.68 | Mem:0.00M, Peak:0.00M | Scene, ViewLayer | Synchronizing object | ENV_leaf_936
Fra:590 Mem:218.75M (Peak 218.75M) | Time:00:00.68 | Mem:0.00M, Peak:0.00M | Scene, ViewLayer | Synchronizing object | ENV_leaf_935
Fra:590 Mem:218.75M (Peak 218.75M) | Time:00:00.68 | Mem:0.00M, Peak:0.00M | Scene, ViewLayer | Synchronizing object | ENV_leaf_934
Fra:590 Mem:218.75M (Peak 218.75M) | Time:00:00.68 | Mem:0.00M, Peak:0.00M | Scene, ViewLayer | Synchronizing object | ENV_leaf_933
Fra:590 Mem:218.76M (Peak 218.76M) | Time:00:00.68 | Mem:0.00M, Peak:0.00M | Scene, ViewLayer | Synchronizing object | ENV_leaf_932
Fra:590 Mem:218.76M (Peak 218.76M) | Time:00:00.68 | Mem:0.00M, Peak:0.00M | Scene, ViewLayer | Synchronizing object | ENV_leaf_931
Fra:590 Mem:218.77M (Peak 218.77M) | Time:00:00.68 | Mem:0.00M, Peak:0.00M | Scene, ViewLayer | Synchronizing object | ENV_leaf_930
Fra:590 Mem:218.77M (Peak 218.77M) | Time:00:00.68 | Mem:0.00M, Peak:0.00M | Scene, ViewLayer | Synchronizing object | ENV_leaf_929
Fra:590 Mem:218.78M (Peak 218.78M) | Time:00:00.68 | Mem:0.00M, Peak:0.00M | Scene, ViewLayer | Synchronizing object | ENV_leaf_928
Fra:590 Mem:218.78M (Peak 218.78M) | Time:00:00.68 | Mem:0.00M, Peak:0.00M | Scene, ViewLayer | Synchronizing object | ENV_leaf_927
Fra:590 Mem:218.78M (Peak 218.78M) | Time:00:00.68 | Mem:0.00M, Peak:0.00M | Scene, ViewLayer | Synchronizing object | ENV_leaf_926
Fra:590 Mem:218.79M (Peak 218.79M) | Time:00:00.68 | Mem:0.00M, Peak:0.00M | Scene, ViewLayer | Synchronizing object | ENV_leaf_925
Fra:590 Mem:218.79M (Peak 218.79M) | Time:00:00.68 | Mem:0.00M, Peak:0.00M | Scene, ViewLayer | Synchronizing object | ENV_leaf_924
Fra:590 Mem:218.80M (Peak 218.80M) | Time:00:00.68 | Mem:0.00M, Peak:0.00M | Scene, ViewLayer | Synchronizing object | ENV_leaf_923
Fra:590 Mem:218.80M (Peak 218.80M) | Time:00:00.68 | Mem:0.00M, Peak:0.00M | Scene, ViewLayer | Synchronizing object | ENV_leaf_922
Fra:590 Mem:218.80M (Peak 218.80M) | Time:00:00.68 | Mem:0.00M, Peak:0.00M | Scene, ViewLayer | Synchronizing object | ENV_leaf_921
Fra:590 Mem:218.81M (Peak 218.81M) | Time:00:00.68 | Mem:0.00M, Peak:0.00M | Scene, ViewLayer | Synchronizing object | ENV_leaf_920
Fra:590 Mem:218.81M (Peak 218.81M) | Time:00:00.68 | Mem:0.00M, Peak:0.00M | Scene, ViewLayer | Synchronizing object | ENV_leaf_919
Fra:590 Mem:218.82M (Peak 218.82M) | Time:00:00.68 | Mem:0.00M, Peak:0.00M | Scene, ViewLayer | Synchronizing object | ENV_leaf_918
Fra:590 Mem:218.82M (Peak 218.82M) | Time:00:00.68 | Mem:0.00M, Peak:0.00M | Scene, ViewLayer | Synchronizing object | ENV_leaf_917
Fra:590 Mem:218.82M (Peak 218.82M) | Time:00:00.68 | Mem:0.00M, Peak:0.00M | Scene, ViewLayer | Synchronizing object | ENV_leaf_916
Fra:590 Mem:218.83M (Peak 218.83M) | Time:00:00.68 | Mem:0.00M, Peak:0.00M | Scene, ViewLayer | Synchronizing object | ENV_leaf_915
Fra:590 Mem:218.83M (Peak 218.83M) | Time:00:00.68 | Mem:0.00M, Peak:0.00M | Scene, ViewLayer | Synchronizing object | ENV_leaf_914
Fra:590 Mem:218.84M (Peak 218.84M) | Time:00:00.68 | Mem:0.00M, Peak:0.00M | Scene, ViewLayer | Synchronizing object | ENV_leaf_913
Fra:590 Mem:218.84M (Peak 218.84M) | Time:00:00.68 | Mem:0.00M, Peak:0.00M | Scene, ViewLayer | Synchronizing object | ENV_leaf_912
Fra:590 Mem:218.84M (Peak 218.84M) | Time:00:00.68 | Mem:0.00M, Peak:0.00M | Scene, ViewLayer | Synchronizing object | ENV_leaf_911
Fra:590 Mem:218.85M (Peak 218.85M) | Time:00:00.68 | Mem:0.00M, Peak:0.00M | Scene, ViewLayer | Synchronizing object | ENV_leaf_910
Fra:590 Mem:218.85M (Peak 218.85M) | Time:00:00.68 | Mem:0.00M, Peak:0.00M | Scene, ViewLayer | Synchronizing object | ENV_leaf_909
Fra:590 Mem:218.86M (Peak 218.86M) | Time:00:00.68 | Mem:0.00M, Peak:0.00M | Scene, ViewLayer | Synchronizing object | ENV_leaf_908
Fra:590 Mem:218.86M (Peak 218.86M) | Time:00:00.68 | Mem:0.00M, Peak:0.00M | Scene, ViewLayer | Synchronizing object | ENV_leaf_907
Fra:590 Mem:218.86M (Peak 218.86M) | Time:00:00.68 | Mem:0.00M, Peak:0.00M | Scene, ViewLayer | Synchronizing object | ENV_leaf_906
Fra:590 Mem:218.87M (Peak 218.87M) | Time:00:00.68 | Mem:0.00M, Peak:0.00M | Scene, ViewLayer | Synchronizing object | ENV_leaf_905
Fra:590 Mem:218.87M (Peak 218.87M) | Time:00:00.68 | Mem:0.00M, Peak:0.00M | Scene, ViewLayer | Synchronizing object | ENV_leaf_904
Fra:590 Mem:218.88M (Peak 218.88M) | Time:00:00.68 | Mem:0.00M, Peak:0.00M | Scene, ViewLayer | Synchronizing object | ENV_leaf_903
Fra:590 Mem:218.88M (Peak 218.88M) | Time:00:00.68 | Mem:0.00M, Peak:0.00M | Scene, ViewLayer | Synchronizing object | ENV_leaf_902
Fra:590 Mem:218.88M (Peak 218.88M) | Time:00:00.68 | Mem:0.00M, Peak:0.00M | Scene, ViewLayer | Synchronizing object | ENV_leaf_901
Fra:590 Mem:218.89M (Peak 218.89M) | Time:00:00.68 | Mem:0.00M, Peak:0.00M | Scene, ViewLayer | Synchronizing object | ENV_leaf_900
Fra:590 Mem:218.89M (Peak 218.89M) | Time:00:00.68 | Mem:0.00M, Peak:0.00M | Scene, ViewLayer | Synchronizing object | ENV_leaf_899
Fra:590 Mem:218.90M (Peak 218.90M) | Time:00:00.68 | Mem:0.00M, Peak:0.00M | Scene, ViewLayer | Synchronizing object | ENV_leaf_898
Fra:590 Mem:218.90M (Peak 218.90M) | Time:00:00.68 | Mem:0.00M, Peak:0.00M | Scene, ViewLayer | Synchronizing object | ENV_leaf_897
Fra:590 Mem:218.90M (Peak 218.90M) | Time:00:00.68 | Mem:0.00M, Peak:0.00M | Scene, ViewLayer | Synchronizing object | ENV_leaf_896
Fra:590 Mem:218.91M (Peak 218.91M) | Time:00:00.68 | Mem:0.00M, Peak:0.00M | Scene, ViewLayer | Synchronizing object | ENV_leaf_895
Fra:590 Mem:218.91M (Peak 218.91M) | Time:00:00.68 | Mem:0.00M, Peak:0.00M | Scene, ViewLayer | Synchronizing object | ENV_leaf_894
Fra:590 Mem:218.92M (Peak 218.92M) | Time:00:00.68 | Mem:0.00M, Peak:0.00M | Scene, ViewLayer | Synchronizing object | ENV_leaf_893
Fra:590 Mem:218.92M (Peak 218.92M) | Time:00:00.68 | Mem:0.00M, Peak:0.00M | Scene, ViewLayer | Synchronizing object | ENV_leaf_892
Fra:590 Mem:218.92M (Peak 218.92M) | Time:00:00.68 | Mem:0.00M, Peak:0.00M | Scene, ViewLayer | Synchronizing object | ENV_leaf_891
Fra:590 Mem:218.93M (Peak 218.93M) | Time:00:00.68 | Mem:0.00M, Peak:0.00M | Scene, ViewLayer | Synchronizing object | ENV_leaf_890
Fra:590 Mem:218.93M (Peak 218.93M) | Time:00:00.68 | Mem:0.00M, Peak:0.00M | Scene, ViewLayer | Synchronizing object | ENV_leaf_889
Fra:590 Mem:218.94M (Peak 218.94M) | Time:00:00.68 | Mem:0.00M, Peak:0.00M | Scene, ViewLayer | Synchronizing object | ENV_leaf_888
Fra:590 Mem:218.94M (Peak 218.94M) | Time:00:00.68 | Mem:0.00M, Peak:0.00M | Scene, ViewLayer | Synchronizing object | ENV_leaf_887
Fra:590 Mem:218.94M (Peak 218.94M) | Time:00:00.68 | Mem:0.00M, Peak:0.00M | Scene, ViewLayer | Synchronizing object | ENV_leaf_886
Fra:590 Mem:218.95M (Peak 218.95M) | Time:00:00.68 | Mem:0.00M, Peak:0.00M | Scene, ViewLayer | Synchronizing object | ENV_leaf_885
Fra:590 Mem:218.95M (Peak 218.95M) | Time:00:00.68 | Mem:0.00M, Peak:0.00M | Scene, ViewLayer | Synchronizing object | ENV_leaf_884
Fra:590 Mem:218.96M (Peak 218.96M) | Time:00:00.68 | Mem:0.00M, Peak:0.00M | Scene, ViewLayer | Synchronizing object | ENV_leaf_883
Fra:590 Mem:218.96M (Peak 218.96M) | Time:00:00.68 | Mem:0.00M, Peak:0.00M | Scene, ViewLayer | Synchronizing object | ENV_leaf_882
Fra:590 Mem:218.97M (Peak 218.97M) | Time:00:00.68 | Mem:0.00M, Peak:0.00M | Scene, ViewLayer | Synchronizing object | ENV_leaf_881
Fra:590 Mem:218.97M (Peak 218.97M) | Time:00:00.68 | Mem:0.00M, Peak:0.00M | Scene, ViewLayer | Synchronizing object | ENV_leaf_880
Fra:590 Mem:218.97M (Peak 218.97M) | Time:00:00.68 | Mem:0.00M, Peak:0.00M | Scene, ViewLayer | Synchronizing object | ENV_leaf_879
Fra:590 Mem:218.98M (Peak 218.98M) | Time:00:00.68 | Mem:0.00M, Peak:0.00M | Scene, ViewLayer | Synchronizing object | ENV_leaf_878
Fra:590 Mem:218.98M (Peak 218.98M) | Time:00:00.68 | Mem:0.00M, Peak:0.00M | Scene, ViewLayer | Synchronizing object | ENV_leaf_877
Fra:590 Mem:218.99M (Peak 218.99M) | Time:00:00.68 | Mem:0.00M, Peak:0.00M | Scene, ViewLayer | Synchronizing object | ENV_leaf_876
Fra:590 Mem:218.99M (Peak 218.99M) | Time:00:00.68 | Mem:0.00M, Peak:0.00M | Scene, ViewLayer | Synchronizing object | ENV_leaf_875
Fra:590 Mem:218.99M (Peak 218.99M) | Time:00:00.68 | Mem:0.00M, Peak:0.00M | Scene, ViewLayer | Synchronizing object | ENV_leaf_874
Fra:590 Mem:219.00M (Peak 219.00M) | Time:00:00.68 | Mem:0.00M, Peak:0.00M | Scene, ViewLayer | Synchronizing object | ENV_leaf_873
Fra:590 Mem:219.00M (Peak 219.00M) | Time:00:00.68 | Mem:0.00M, Peak:0.00M | Scene, ViewLayer | Synchronizing object | ENV_leaf_872
Fra:590 Mem:219.01M (Peak 219.01M) | Time:00:00.68 | Mem:0.00M, Peak:0.00M | Scene, ViewLayer | Synchronizing object | ENV_leaf_871
Fra:590 Mem:219.01M (Peak 219.01M) | Time:00:00.68 | Mem:0.00M, Peak:0.00M | Scene, ViewLayer | Synchronizing object | ENV_leaf_870
Fra:590 Mem:219.01M (Peak 219.01M) | Time:00:00.68 | Mem:0.00M, Peak:0.00M | Scene, ViewLayer | Synchronizing object | ENV_leaf_869
Fra:590 Mem:219.02M (Peak 219.02M) | Time:00:00.68 | Mem:0.00M, Peak:0.00M | Scene, ViewLayer | Synchronizing object | ENV_leaf_868
Fra:590 Mem:219.02M (Peak 219.02M) | Time:00:00.68 | Mem:0.00M, Peak:0.00M | Scene, ViewLayer | Synchronizing object | ENV_leaf_867
Fra:590 Mem:219.03M (Peak 219.03M) | Time:00:00.68 | Mem:0.00M, Peak:0.00M | Scene, ViewLayer | Synchronizing object | ENV_leaf_866
Fra:590 Mem:219.03M (Peak 219.03M) | Time:00:00.68 | Mem:0.00M, Peak:0.00M | Scene, ViewLayer | Synchronizing object | ENV_leaf_865
Fra:590 Mem:219.03M (Peak 219.03M) | Time:00:00.68 | Mem:0.00M, Peak:0.00M | Scene, ViewLayer | Synchronizing object | ENV_leaf_864
Fra:590 Mem:219.04M (Peak 219.04M) | Time:00:00.68 | Mem:0.00M, Peak:0.00M | Scene, ViewLayer | Synchronizing object | ENV_leaf_863
Fra:590 Mem:219.04M (Peak 219.04M) | Time:00:00.68 | Mem:0.00M, Peak:0.00M | Scene, ViewLayer | Synchronizing object | ENV_leaf_862
Fra:590 Mem:219.05M (Peak 219.05M) | Time:00:00.68 | Mem:0.00M, Peak:0.00M | Scene, ViewLayer | Synchronizing object | ENV_leaf_861
Fra:590 Mem:219.05M (Peak 219.05M) | Time:00:00.68 | Mem:0.00M, Peak:0.00M | Scene, ViewLayer | Synchronizing object | ENV_leaf_860
Fra:590 Mem:219.05M (Peak 219.05M) | Time:00:00.68 | Mem:0.00M, Peak:0.00M | Scene, ViewLayer | Synchronizing object | ENV_leaf_859
Fra:590 Mem:219.06M (Peak 219.06M) | Time:00:00.68 | Mem:0.00M, Peak:0.00M | Scene, ViewLayer | Synchronizing object | ENV_leaf_858
Fra:590 Mem:219.06M (Peak 219.06M) | Time:00:00.68 | Mem:0.00M, Peak:0.00M | Scene, ViewLayer | Synchronizing object | ENV_leaf_857
Fra:590 Mem:219.07M (Peak 219.07M) | Time:00:00.68 | Mem:0.00M, Peak:0.00M | Scene, ViewLayer | Synchronizing object | ENV_leaf_856
Fra:590 Mem:219.07M (Peak 219.07M) | Time:00:00.68 | Mem:0.00M, Peak:0.00M | Scene, ViewLayer | Synchronizing object | ENV_leaf_855
Fra:590 Mem:219.07M (Peak 219.07M) | Time:00:00.68 | Mem:0.00M, Peak:0.00M | Scene, ViewLayer | Synchronizing object | ENV_leaf_854
Fra:590 Mem:219.08M (Peak 219.08M) | Time:00:00.68 | Mem:0.00M, Peak:0.00M | Scene, ViewLayer | Synchronizing object | ENV_leaf_853
Fra:590 Mem:219.08M (Peak 219.08M) | Time:00:00.68 | Mem:0.00M, Peak:0.00M | Scene, ViewLayer | Synchronizing object | ENV_leaf_852
Fra:590 Mem:219.09M (Peak 219.09M) | Time:00:00.68 | Mem:0.00M, Peak:0.00M | Scene, ViewLayer | Synchronizing object | ENV_leaf_851
Fra:590 Mem:219.09M (Peak 219.09M) | Time:00:00.68 | Mem:0.00M, Peak:0.00M | Scene, ViewLayer | Synchronizing object | ENV_leaf_850
Fra:590 Mem:219.09M (Peak 219.09M) | Time:00:00.68 | Mem:0.00M, Peak:0.00M | Scene, ViewLayer | Synchronizing object | ENV_leaf_849
Fra:590 Mem:219.10M (Peak 219.10M) | Time:00:00.68 | Mem:0.00M, Peak:0.00M | Scene, ViewLayer | Synchronizing object | ENV_leaf_848
Fra:590 Mem:219.10M (Peak 219.10M) | Time:00:00.68 | Mem:0.00M, Peak:0.00M | Scene, ViewLayer | Synchronizing object | ENV_leaf_847
Fra:590 Mem:219.11M (Peak 219.11M) | Time:00:00.68 | Mem:0.00M, Peak:0.00M | Scene, ViewLayer | Synchronizing object | ENV_leaf_846
Fra:590 Mem:219.11M (Peak 219.11M) | Time:00:00.68 | Mem:0.00M, Peak:0.00M | Scene, ViewLayer | Synchronizing object | ENV_leaf_845
Fra:590 Mem:219.11M (Peak 219.11M) | Time:00:00.68 | Mem:0.00M, Peak:0.00M | Scene, ViewLayer | Synchronizing object | ENV_leaf_844
Fra:590 Mem:219.12M (Peak 219.12M) | Time:00:00.68 | Mem:0.00M, Peak:0.00M | Scene, ViewLayer | Synchronizing object | ENV_leaf_843
Fra:590 Mem:219.12M (Peak 219.12M) | Time:00:00.68 | Mem:0.00M, Peak:0.00M | Scene, ViewLayer | Synchronizing object | ENV_leaf_842
Fra:590 Mem:219.13M (Peak 219.13M) | Time:00:00.68 | Mem:0.00M, Peak:0.00M | Scene, ViewLayer | Synchronizing object | ENV_leaf_841
Fra:590 Mem:219.13M (Peak 219.13M) | Time:00:00.68 | Mem:0.00M, Peak:0.00M | Scene, ViewLayer | Synchronizing object | ENV_leaf_840
Fra:590 Mem:219.13M (Peak 219.13M) | Time:00:00.68 | Mem:0.00M, Peak:0.00M | Scene, ViewLayer | Synchronizing object | ENV_leaf_839
Fra:590 Mem:219.14M (Peak 219.14M) | Time:00:00.68 | Mem:0.00M, Peak:0.00M | Scene, ViewLayer | Synchronizing object | ENV_leaf_838
Fra:590 Mem:219.14M (Peak 219.14M) | Time:00:00.68 | Mem:0.00M, Peak:0.00M | Scene, ViewLayer | Synchronizing object | ENV_leaf_837
Fra:590 Mem:219.15M (Peak 219.15M) | Time:00:00.68 | Mem:0.00M, Peak:0.00M | Scene, ViewLayer | Synchronizing object | ENV_leaf_836
Fra:590 Mem:219.15M (Peak 219.15M) | Time:00:00.68 | Mem:0.00M, Peak:0.00M | Scene, ViewLayer | Synchronizing object | ENV_leaf_835
Fra:590 Mem:219.16M (Peak 219.16M) | Time:00:00.68 | Mem:0.00M, Peak:0.00M | Scene, ViewLayer | Synchronizing object | ENV_leaf_834
Fra:590 Mem:219.16M (Peak 219.16M) | Time:00:00.68 | Mem:0.00M, Peak:0.00M | Scene, ViewLayer | Synchronizing object | ENV_leaf_833
Fra:590 Mem:219.16M (Peak 219.16M) | Time:00:00.68 | Mem:0.00M, Peak:0.00M | Scene, ViewLayer | Synchronizing object | ENV_leaf_832
Fra:590 Mem:219.17M (Peak 219.17M) | Time:00:00.68 | Mem:0.00M, Peak:0.00M | Scene, ViewLayer | Synchronizing object | ENV_leaf_831
Fra:590 Mem:219.17M (Peak 219.17M) | Time:00:00.68 | Mem:0.00M, Peak:0.00M | Scene, ViewLayer | Synchronizing object | ENV_leaf_830
Fra:590 Mem:219.18M (Peak 219.18M) | Time:00:00.68 | Mem:0.00M, Peak:0.00M | Scene, ViewLayer | Synchronizing object | ENV_leaf_829
Fra:590 Mem:219.18M (Peak 219.18M) | Time:00:00.68 | Mem:0.00M, Peak:0.00M | Scene, ViewLayer | Synchronizing object | ENV_leaf_828
Fra:590 Mem:219.18M (Peak 219.18M) | Time:00:00.68 | Mem:0.00M, Peak:0.00M | Scene, ViewLayer | Synchronizing object | ENV_leaf_827
Fra:590 Mem:219.19M (Peak 219.19M) | Time:00:00.68 | Mem:0.00M, Peak:0.00M | Scene, ViewLayer | Synchronizing object | ENV_leaf_826
Fra:590 Mem:219.19M (Peak 219.19M) | Time:00:00.68 | Mem:0.00M, Peak:0.00M | Scene, ViewLayer | Synchronizing object | ENV_leaf_825
Fra:590 Mem:219.20M (Peak 219.20M) | Time:00:00.68 | Mem:0.00M, Peak:0.00M | Scene, ViewLayer | Synchronizing object | ENV_leaf_824
Fra:590 Mem:219.20M (Peak 219.20M) | Time:00:00.68 | Mem:0.00M, Peak:0.00M | Scene, ViewLayer | Synchronizing object | ENV_leaf_823
Fra:590 Mem:219.20M (Peak 219.20M) | Time:00:00.68 | Mem:0.00M, Peak:0.00M | Scene, ViewLayer | Synchronizing object | ENV_leaf_822
Fra:590 Mem:219.21M (Peak 219.21M) | Time:00:00.68 | Mem:0.00M, Peak:0.00M | Scene, ViewLayer | Synchronizing object | ENV_leaf_821
Fra:590 Mem:219.21M (Peak 219.21M) | Time:00:00.68 | Mem:0.00M, Peak:0.00M | Scene, ViewLayer | Synchronizing object | ENV_leaf_820
Fra:590 Mem:219.22M (Peak 219.22M) | Time:00:00.68 | Mem:0.00M, Peak:0.00M | Scene, ViewLayer | Synchronizing object | ENV_leaf_819
Fra:590 Mem:219.22M (Peak 219.22M) | Time:00:00.68 | Mem:0.00M, Peak:0.00M | Scene, ViewLayer | Synchronizing object | ENV_leaf_818
Fra:590 Mem:219.22M (Peak 219.22M) | Time:00:00.68 | Mem:0.00M, Peak:0.00M | Scene, ViewLayer | Synchronizing object | ENV_leaf_817
Fra:590 Mem:219.23M (Peak 219.23M) | Time:00:00.68 | Mem:0.00M, Peak:0.00M | Scene, ViewLayer | Synchronizing object | ENV_leaf_816
Fra:590 Mem:219.23M (Peak 219.23M) | Time:00:00.68 | Mem:0.00M, Peak:0.00M | Scene, ViewLayer | Synchronizing object | ENV_leaf_815
Fra:590 Mem:219.24M (Peak 219.24M) | Time:00:00.68 | Mem:0.00M, Peak:0.00M | Scene, ViewLayer | Synchronizing object | ENV_leaf_814
Fra:590 Mem:219.24M (Peak 219.24M) | Time:00:00.68 | Mem:0.00M, Peak:0.00M | Scene, ViewLayer | Synchronizing object | ENV_leaf_813
Fra:590 Mem:219.24M (Peak 219.24M) | Time:00:00.68 | Mem:0.00M, Peak:0.00M | Scene, ViewLayer | Synchronizing object | ENV_leaf_812
Fra:590 Mem:219.25M (Peak 219.25M) | Time:00:00.68 | Mem:0.00M, Peak:0.00M | Scene, ViewLayer | Synchronizing object | ENV_leaf_811
Fra:590 Mem:219.25M (Peak 219.25M) | Time:00:00.68 | Mem:0.00M, Peak:0.00M | Scene, ViewLayer | Synchronizing object | ENV_leaf_810
Fra:590 Mem:219.26M (Peak 219.26M) | Time:00:00.68 | Mem:0.00M, Peak:0.00M | Scene, ViewLayer | Synchronizing object | ENV_leaf_809
Fra:590 Mem:219.26M (Peak 219.26M) | Time:00:00.68 | Mem:0.00M, Peak:0.00M | Scene, ViewLayer | Synchronizing object | ENV_leaf_808
Fra:590 Mem:219.26M (Peak 219.26M) | Time:00:00.68 | Mem:0.00M, Peak:0.00M | Scene, ViewLayer | Synchronizing object | ENV_leaf_807
Fra:590 Mem:219.27M (Peak 219.27M) | Time:00:00.68 | Mem:0.00M, Peak:0.00M | Scene, ViewLayer | Synchronizing object | ENV_leaf_806
Fra:590 Mem:219.27M (Peak 219.27M) | Time:00:00.68 | Mem:0.00M, Peak:0.00M | Scene, ViewLayer | Synchronizing object | ENV_leaf_805
Fra:590 Mem:219.28M (Peak 219.28M) | Time:00:00.68 | Mem:0.00M, Peak:0.00M | Scene, ViewLayer | Synchronizing object | ENV_leaf_804
Fra:590 Mem:219.28M (Peak 219.28M) | Time:00:00.68 | Mem:0.00M, Peak:0.00M | Scene, ViewLayer | Synchronizing object | ENV_leaf_803
Fra:590 Mem:219.28M (Peak 219.28M) | Time:00:00.68 | Mem:0.00M, Peak:0.00M | Scene, ViewLayer | Synchronizing object | ENV_leaf_802
Fra:590 Mem:219.29M (Peak 219.29M) | Time:00:00.68 | Mem:0.00M, Peak:0.00M | Scene, ViewLayer | Synchronizing object | ENV_leaf_801
Fra:590 Mem:219.29M (Peak 219.29M) | Time:00:00.68 | Mem:0.00M, Peak:0.00M | Scene, ViewLayer | Synchronizing object | ENV_leaf_800
Fra:590 Mem:219.30M (Peak 219.30M) | Time:00:00.68 | Mem:0.00M, Peak:0.00M | Scene, ViewLayer | Synchronizing object | ENV_leaf_799
Fra:590 Mem:219.30M (Peak 219.30M) | Time:00:00.68 | Mem:0.00M, Peak:0.00M | Scene, ViewLayer | Synchronizing object | ENV_leaf_798
Fra:590 Mem:219.30M (Peak 219.30M) | Time:00:00.68 | Mem:0.00M, Peak:0.00M | Scene, ViewLayer | Synchronizing object | ENV_leaf_797
Fra:590 Mem:219.31M (Peak 219.31M) | Time:00:00.68 | Mem:0.00M, Peak:0.00M | Scene, ViewLayer | Synchronizing object | ENV_leaf_796
Fra:590 Mem:219.31M (Peak 219.31M) | Time:00:00.68 | Mem:0.00M, Peak:0.00M | Scene, ViewLayer | Synchronizing object | ENV_leaf_795
Fra:590 Mem:219.32M (Peak 219.32M) | Time:00:00.68 | Mem:0.00M, Peak:0.00M | Scene, ViewLayer | Synchronizing object | ENV_leaf_794
Fra:590 Mem:219.32M (Peak 219.32M) | Time:00:00.68 | Mem:0.00M, Peak:0.00M | Scene, ViewLayer | Synchronizing object | ENV_leaf_793
Fra:590 Mem:219.33M (Peak 219.33M) | Time:00:00.68 | Mem:0.00M, Peak:0.00M | Scene, ViewLayer | Synchronizing object | ENV_leaf_792
Fra:590 Mem:219.33M (Peak 219.33M) | Time:00:00.68 | Mem:0.00M, Peak:0.00M | Scene, ViewLayer | Synchronizing object | ENV_leaf_791
Fra:590 Mem:219.33M (Peak 219.33M) | Time:00:00.68 | Mem:0.00M, Peak:0.00M | Scene, ViewLayer | Synchronizing object | ENV_leaf_790
Fra:590 Mem:219.34M (Peak 219.34M) | Time:00:00.68 | Mem:0.00M, Peak:0.00M | Scene, ViewLayer | Synchronizing object | ENV_leaf_789
Fra:590 Mem:219.34M (Peak 219.34M) | Time:00:00.68 | Mem:0.00M, Peak:0.00M | Scene, ViewLayer | Synchronizing object | ENV_leaf_788
Fra:590 Mem:219.35M (Peak 219.35M) | Time:00:00.68 | Mem:0.00M, Peak:0.00M | Scene, ViewLayer | Synchronizing object | ENV_leaf_787
Fra:590 Mem:219.35M (Peak 219.35M) | Time:00:00.68 | Mem:0.00M, Peak:0.00M | Scene, ViewLayer | Synchronizing object | ENV_leaf_786
Fra:590 Mem:219.35M (Peak 219.35M) | Time:00:00.68 | Mem:0.00M, Peak:0.00M | Scene, ViewLayer | Synchronizing object | ENV_leaf_785
Fra:590 Mem:219.36M (Peak 219.36M) | Time:00:00.68 | Mem:0.00M, Peak:0.00M | Scene, ViewLayer | Synchronizing object | ENV_leaf_784
Fra:590 Mem:219.36M (Peak 219.36M) | Time:00:00.68 | Mem:0.00M, Peak:0.00M | Scene, ViewLayer | Synchronizing object | ENV_leaf_783
Fra:590 Mem:219.37M (Peak 219.37M) | Time:00:00.68 | Mem:0.00M, Peak:0.00M | Scene, ViewLayer | Synchronizing object | ENV_leaf_782
Fra:590 Mem:219.37M (Peak 219.37M) | Time:00:00.68 | Mem:0.00M, Peak:0.00M | Scene, ViewLayer | Synchronizing object | ENV_leaf_781
Fra:590 Mem:219.37M (Peak 219.37M) | Time:00:00.68 | Mem:0.00M, Peak:0.00M | Scene, ViewLayer | Synchronizing object | ENV_leaf_780
Fra:590 Mem:219.38M (Peak 219.38M) | Time:00:00.68 | Mem:0.00M, Peak:0.00M | Scene, ViewLayer | Synchronizing object | ENV_leaf_779
Fra:590 Mem:219.38M (Peak 219.38M) | Time:00:00.68 | Mem:0.00M, Peak:0.00M | Scene, ViewLayer | Synchronizing object | ENV_leaf_778
Fra:590 Mem:219.39M (Peak 219.39M) | Time:00:00.68 | Mem:0.00M, Peak:0.00M | Scene, ViewLayer | Synchronizing object | ENV_leaf_777
Fra:590 Mem:219.39M (Peak 219.39M) | Time:00:00.68 | Mem:0.00M, Peak:0.00M | Scene, ViewLayer | Synchronizing object | ENV_leaf_776
Fra:590 Mem:219.39M (Peak 219.39M) | Time:00:00.68 | Mem:0.00M, Peak:0.00M | Scene, ViewLayer | Synchronizing object | ENV_leaf_775
Fra:590 Mem:219.40M (Peak 219.40M) | Time:00:00.68 | Mem:0.00M, Peak:0.00M | Scene, ViewLayer | Synchronizing object | ENV_leaf_774
Fra:590 Mem:219.40M (Peak 219.40M) | Time:00:00.68 | Mem:0.00M, Peak:0.00M | Scene, ViewLayer | Synchronizing object | ENV_leaf_773
Fra:590 Mem:219.41M (Peak 219.41M) | Time:00:00.68 | Mem:0.00M, Peak:0.00M | Scene, ViewLayer | Synchronizing object | ENV_leaf_772
Fra:590 Mem:219.41M (Peak 219.41M) | Time:00:00.68 | Mem:0.00M, Peak:0.00M | Scene, ViewLayer | Synchronizing object | ENV_leaf_771
Fra:590 Mem:219.41M (Peak 219.41M) | Time:00:00.68 | Mem:0.00M, Peak:0.00M | Scene, ViewLayer | Synchronizing object | ENV_leaf_770
Fra:590 Mem:219.42M (Peak 219.42M) | Time:00:00.68 | Mem:0.00M, Peak:0.00M | Scene, ViewLayer | Synchronizing object | ENV_leaf_769
Fra:590 Mem:219.42M (Peak 219.42M) | Time:00:00.68 | Mem:0.00M, Peak:0.00M | Scene, ViewLayer | Synchronizing object | ENV_leaf_768
Fra:590 Mem:219.43M (Peak 219.43M) | Time:00:00.68 | Mem:0.00M, Peak:0.00M | Scene, ViewLayer | Synchronizing object | ENV_leaf_767
Fra:590 Mem:219.43M (Peak 219.43M) | Time:00:00.68 | Mem:0.00M, Peak:0.00M | Scene, ViewLayer | Synchronizing object | ENV_leaf_766
Fra:590 Mem:219.43M (Peak 219.43M) | Time:00:00.68 | Mem:0.00M, Peak:0.00M | Scene, ViewLayer | Synchronizing object | ENV_leaf_765
Fra:590 Mem:219.44M (Peak 219.44M) | Time:00:00.68 | Mem:0.00M, Peak:0.00M | Scene, ViewLayer | Synchronizing object | ENV_leaf_764
Fra:590 Mem:219.44M (Peak 219.44M) | Time:00:00.68 | Mem:0.00M, Peak:0.00M | Scene, ViewLayer | Synchronizing object | ENV_leaf_763
Fra:590 Mem:219.45M (Peak 219.45M) | Time:00:00.68 | Mem:0.00M, Peak:0.00M | Scene, ViewLayer | Synchronizing object | ENV_leaf_762
Fra:590 Mem:219.45M (Peak 219.45M) | Time:00:00.68 | Mem:0.00M, Peak:0.00M | Scene, ViewLayer | Synchronizing object | ENV_leaf_761
Fra:590 Mem:219.45M (Peak 219.45M) | Time:00:00.68 | Mem:0.00M, Peak:0.00M | Scene, ViewLayer | Synchronizing object | ENV_leaf_760
Fra:590 Mem:219.46M (Peak 219.46M) | Time:00:00.68 | Mem:0.00M, Peak:0.00M | Scene, ViewLayer | Synchronizing object | ENV_leaf_759
Fra:590 Mem:219.46M (Peak 219.46M) | Time:00:00.68 | Mem:0.00M, Peak:0.00M | Scene, ViewLayer | Synchronizing object | ENV_leaf_758
Fra:590 Mem:219.47M (Peak 219.47M) | Time:00:00.68 | Mem:0.00M, Peak:0.00M | Scene, ViewLayer | Synchronizing object | ENV_leaf_757
Fra:590 Mem:219.47M (Peak 219.47M) | Time:00:00.68 | Mem:0.00M, Peak:0.00M | Scene, ViewLayer | Synchronizing object | ENV_leaf_756
Fra:590 Mem:219.47M (Peak 219.47M) | Time:00:00.68 | Mem:0.00M, Peak:0.00M | Scene, ViewLayer | Synchronizing object | ENV_leaf_755
Fra:590 Mem:219.48M (Peak 219.48M) | Time:00:00.68 | Mem:0.00M, Peak:0.00M | Scene, ViewLayer | Synchronizing object | ENV_leaf_754
Fra:590 Mem:219.48M (Peak 219.48M) | Time:00:00.68 | Mem:0.00M, Peak:0.00M | Scene, ViewLayer | Synchronizing object | ENV_leaf_753
Fra:590 Mem:219.49M (Peak 219.49M) | Time:00:00.68 | Mem:0.00M, Peak:0.00M | Scene, ViewLayer | Synchronizing object | ENV_leaf_752
Fra:590 Mem:219.49M (Peak 219.49M) | Time:00:00.68 | Mem:0.00M, Peak:0.00M | Scene, ViewLayer | Synchronizing object | ENV_leaf_751
Fra:590 Mem:219.49M (Peak 219.49M) | Time:00:00.68 | Mem:0.00M, Peak:0.00M | Scene, ViewLayer | Synchronizing object | ENV_leaf_750
Fra:590 Mem:219.50M (Peak 219.50M) | Time:00:00.68 | Mem:0.00M, Peak:0.00M | Scene, ViewLayer | Synchronizing object | ENV_leaf_749
Fra:590 Mem:219.50M (Peak 219.50M) | Time:00:00.68 | Mem:0.00M, Peak:0.00M | Scene, ViewLayer | Synchronizing object | ENV_leaf_748
Fra:590 Mem:219.51M (Peak 219.51M) | Time:00:00.68 | Mem:0.00M, Peak:0.00M | Scene, ViewLayer | Synchronizing object | ENV_leaf_747
Fra:590 Mem:219.51M (Peak 219.51M) | Time:00:00.68 | Mem:0.00M, Peak:0.00M | Scene, ViewLayer | Synchronizing object | ENV_leaf_746
Fra:590 Mem:219.52M (Peak 219.52M) | Time:00:00.68 | Mem:0.00M, Peak:0.00M | Scene, ViewLayer | Synchronizing object | ENV_leaf_745
Fra:590 Mem:219.52M (Peak 219.52M) | Time:00:00.68 | Mem:0.00M, Peak:0.00M | Scene, ViewLayer | Synchronizing object | ENV_leaf_744
Fra:590 Mem:219.52M (Peak 219.52M) | Time:00:00.68 | Mem:0.00M, Peak:0.00M | Scene, ViewLayer | Synchronizing object | ENV_leaf_743
Fra:590 Mem:219.53M (Peak 219.53M) | Time:00:00.68 | Mem:0.00M, Peak:0.00M | Scene, ViewLayer | Synchronizing object | ENV_leaf_742
Fra:590 Mem:219.53M (Peak 219.53M) | Time:00:00.68 | Mem:0.00M, Peak:0.00M | Scene, ViewLayer | Synchronizing object | ENV_leaf_741
Fra:590 Mem:219.54M (Peak 219.54M) | Time:00:00.68 | Mem:0.00M, Peak:0.00M | Scene, ViewLayer | Synchronizing object | ENV_leaf_740
Fra:590 Mem:219.54M (Peak 219.54M) | Time:00:00.68 | Mem:0.00M, Peak:0.00M | Scene, ViewLayer | Synchronizing object | ENV_leaf_739
Fra:590 Mem:219.54M (Peak 219.54M) | Time:00:00.68 | Mem:0.00M, Peak:0.00M | Scene, ViewLayer | Synchronizing object | ENV_leaf_738
Fra:590 Mem:219.55M (Peak 219.55M) | Time:00:00.68 | Mem:0.00M, Peak:0.00M | Scene, ViewLayer | Synchronizing object | ENV_leaf_737
Fra:590 Mem:219.55M (Peak 219.55M) | Time:00:00.68 | Mem:0.00M, Peak:0.00M | Scene, ViewLayer | Synchronizing object | ENV_leaf_736
Fra:590 Mem:219.56M (Peak 219.56M) | Time:00:00.68 | Mem:0.00M, Peak:0.00M | Scene, ViewLayer | Synchronizing object | ENV_leaf_735
Fra:590 Mem:219.56M (Peak 219.56M) | Time:00:00.68 | Mem:0.00M, Peak:0.00M | Scene, ViewLayer | Synchronizing object | ENV_leaf_734
Fra:590 Mem:219.56M (Peak 219.56M) | Time:00:00.68 | Mem:0.00M, Peak:0.00M | Scene, ViewLayer | Synchronizing object | ENV_leaf_733
Fra:590 Mem:219.57M (Peak 219.57M) | Time:00:00.68 | Mem:0.00M, Peak:0.00M | Scene, ViewLayer | Synchronizing object | ENV_leaf_732
Fra:590 Mem:219.57M (Peak 219.57M) | Time:00:00.68 | Mem:0.00M, Peak:0.00M | Scene, ViewLayer | Synchronizing object | ENV_leaf_731
Fra:590 Mem:219.58M (Peak 219.58M) | Time:00:00.68 | Mem:0.00M, Peak:0.00M | Scene, ViewLayer | Synchronizing object | ENV_leaf_730
Fra:590 Mem:219.58M (Peak 219.58M) | Time:00:00.68 | Mem:0.00M, Peak:0.00M | Scene, ViewLayer | Synchronizing object | ENV_leaf_729
Fra:590 Mem:219.58M (Peak 219.58M) | Time:00:00.68 | Mem:0.00M, Peak:0.00M | Scene, ViewLayer | Synchronizing object | ENV_leaf_727
Fra:590 Mem:219.59M (Peak 219.59M) | Time:00:00.68 | Mem:0.00M, Peak:0.00M | Scene, ViewLayer | Synchronizing object | ENV_leaf_726
Fra:590 Mem:219.59M (Peak 219.59M) | Time:00:00.68 | Mem:0.00M, Peak:0.00M | Scene, ViewLayer | Synchronizing object | ENV_leaf_725
Fra:590 Mem:219.60M (Peak 219.60M) | Time:00:00.68 | Mem:0.00M, Peak:0.00M | Scene, ViewLayer | Synchronizing object | ENV_leaf_723
Fra:590 Mem:219.60M (Peak 219.60M) | Time:00:00.68 | Mem:0.00M, Peak:0.00M | Scene, ViewLayer | Synchronizing object | ENV_leaf_722
Fra:590 Mem:219.60M (Peak 219.60M) | Time:00:00.68 | Mem:0.00M, Peak:0.00M | Scene, ViewLayer | Synchronizing object | ENV_leaf_721
Fra:590 Mem:219.61M (Peak 219.61M) | Time:00:00.68 | Mem:0.00M, Peak:0.00M | Scene, ViewLayer | Synchronizing object | ENV_leaf_720
Fra:590 Mem:219.61M (Peak 219.61M) | Time:00:00.68 | Mem:0.00M, Peak:0.00M | Scene, ViewLayer | Synchronizing object | ENV_leaf_719
Fra:590 Mem:219.62M (Peak 219.62M) | Time:00:00.68 | Mem:0.00M, Peak:0.00M | Scene, ViewLayer | Synchronizing object | ENV_leaf_718
Fra:590 Mem:219.62M (Peak 219.62M) | Time:00:00.68 | Mem:0.00M, Peak:0.00M | Scene, ViewLayer | Synchronizing object | ENV_leaf_717
Fra:590 Mem:219.62M (Peak 219.62M) | Time:00:00.68 | Mem:0.00M, Peak:0.00M | Scene, ViewLayer | Synchronizing object | ENV_leaf_715
Fra:590 Mem:219.63M (Peak 219.63M) | Time:00:00.68 | Mem:0.00M, Peak:0.00M | Scene, ViewLayer | Synchronizing object | ENV_leaf_714
Fra:590 Mem:219.63M (Peak 219.63M) | Time:00:00.68 | Mem:0.00M, Peak:0.00M | Scene, ViewLayer | Synchronizing object | ENV_leaf_713
Fra:590 Mem:219.64M (Peak 219.64M) | Time:00:00.68 | Mem:0.00M, Peak:0.00M | Scene, ViewLayer | Synchronizing object | ENV_leaf_712
Fra:590 Mem:219.64M (Peak 219.64M) | Time:00:00.68 | Mem:0.00M, Peak:0.00M | Scene, ViewLayer | Synchronizing object | ENV_leaf_711
Fra:590 Mem:219.64M (Peak 219.64M) | Time:00:00.68 | Mem:0.00M, Peak:0.00M | Scene, ViewLayer | Synchronizing object | ENV_leaf_710
Fra:590 Mem:219.65M (Peak 219.65M) | Time:00:00.68 | Mem:0.00M, Peak:0.00M | Scene, ViewLayer | Synchronizing object | ENV_leaf_709
Fra:590 Mem:219.65M (Peak 219.65M) | Time:00:00.68 | Mem:0.00M, Peak:0.00M | Scene, ViewLayer | Synchronizing object | ENV_leaf_708
Fra:590 Mem:219.66M (Peak 219.66M) | Time:00:00.68 | Mem:0.00M, Peak:0.00M | Scene, ViewLayer | Synchronizing object | ENV_leaf_707
Fra:590 Mem:219.66M (Peak 219.66M) | Time:00:00.68 | Mem:0.00M, Peak:0.00M | Scene, ViewLayer | Synchronizing object | ENV_leaf_706
Fra:590 Mem:219.66M (Peak 219.66M) | Time:00:00.68 | Mem:0.00M, Peak:0.00M | Scene, ViewLayer | Synchronizing object | ENV_leaf_705
Fra:590 Mem:219.67M (Peak 219.67M) | Time:00:00.68 | Mem:0.00M, Peak:0.00M | Scene, ViewLayer | Synchronizing object | ENV_leaf_704
Fra:590 Mem:219.67M (Peak 219.67M) | Time:00:00.68 | Mem:0.00M, Peak:0.00M | Scene, ViewLayer | Synchronizing object | ENV_leaf_703
Fra:590 Mem:219.68M (Peak 219.68M) | Time:00:00.68 | Mem:0.00M, Peak:0.00M | Scene, ViewLayer | Synchronizing object | ENV_leaf_702
Fra:590 Mem:219.68M (Peak 219.68M) | Time:00:00.68 | Mem:0.00M, Peak:0.00M | Scene, ViewLayer | Synchronizing object | ENV_leaf_701
Fra:590 Mem:219.68M (Peak 219.68M) | Time:00:00.68 | Mem:0.00M, Peak:0.00M | Scene, ViewLayer | Synchronizing object | ENV_leaf_700
Fra:590 Mem:219.69M (Peak 219.69M) | Time:00:00.68 | Mem:0.00M, Peak:0.00M | Scene, ViewLayer | Synchronizing object | ENV_leaf_699
Fra:590 Mem:219.69M (Peak 219.69M) | Time:00:00.68 | Mem:0.00M, Peak:0.00M | Scene, ViewLayer | Synchronizing object | ENV_leaf_698
Fra:590 Mem:219.70M (Peak 219.70M) | Time:00:00.68 | Mem:0.00M, Peak:0.00M | Scene, ViewLayer | Synchronizing object | ENV_leaf_697
Fra:590 Mem:219.70M (Peak 219.70M) | Time:00:00.68 | Mem:0.00M, Peak:0.00M | Scene, ViewLayer | Synchronizing object | ENV_leaf_696
Fra:590 Mem:219.71M (Peak 219.71M) | Time:00:00.68 | Mem:0.00M, Peak:0.00M | Scene, ViewLayer | Synchronizing object | ENV_leaf_695
Fra:590 Mem:219.71M (Peak 219.71M) | Time:00:00.68 | Mem:0.00M, Peak:0.00M | Scene, ViewLayer | Synchronizing object | ENV_leaf_694
Fra:590 Mem:219.71M (Peak 219.71M) | Time:00:00.68 | Mem:0.00M, Peak:0.00M | Scene, ViewLayer | Synchronizing object | ENV_leaf_693
Fra:590 Mem:219.72M (Peak 219.72M) | Time:00:00.68 | Mem:0.00M, Peak:0.00M | Scene, ViewLayer | Synchronizing object | ENV_leaf_692
Fra:590 Mem:219.72M (Peak 219.72M) | Time:00:00.68 | Mem:0.00M, Peak:0.00M | Scene, ViewLayer | Synchronizing object | ENV_leaf_691
Fra:590 Mem:219.73M (Peak 219.73M) | Time:00:00.68 | Mem:0.00M, Peak:0.00M | Scene, ViewLayer | Synchronizing object | ENV_leaf_690
Fra:590 Mem:219.73M (Peak 219.73M) | Time:00:00.68 | Mem:0.00M, Peak:0.00M | Scene, ViewLayer | Synchronizing object | ENV_leaf_689
Fra:590 Mem:219.73M (Peak 219.73M) | Time:00:00.68 | Mem:0.00M, Peak:0.00M | Scene, ViewLayer | Synchronizing object | ENV_leaf_688
Fra:590 Mem:219.74M (Peak 219.74M) | Time:00:00.68 | Mem:0.00M, Peak:0.00M | Scene, ViewLayer | Synchronizing object | ENV_leaf_687
Fra:590 Mem:219.74M (Peak 219.74M) | Time:00:00.68 | Mem:0.00M, Peak:0.00M | Scene, ViewLayer | Synchronizing object | ENV_leaf_686
Fra:590 Mem:219.75M (Peak 219.75M) | Time:00:00.68 | Mem:0.00M, Peak:0.00M | Scene, ViewLayer | Synchronizing object | ENV_leaf_685
Fra:590 Mem:219.75M (Peak 219.75M) | Time:00:00.68 | Mem:0.00M, Peak:0.00M | Scene, ViewLayer | Synchronizing object | ENV_leaf_684
Fra:590 Mem:219.75M (Peak 219.75M) | Time:00:00.68 | Mem:0.00M, Peak:0.00M | Scene, ViewLayer | Synchronizing object | ENV_leaf_683
Fra:590 Mem:219.76M (Peak 219.76M) | Time:00:00.68 | Mem:0.00M, Peak:0.00M | Scene, ViewLayer | Synchronizing object | ENV_leaf_682
Fra:590 Mem:219.76M (Peak 219.76M) | Time:00:00.68 | Mem:0.00M, Peak:0.00M | Scene, ViewLayer | Synchronizing object | ENV_leaf_681
Fra:590 Mem:219.77M (Peak 219.77M) | Time:00:00.68 | Mem:0.00M, Peak:0.00M | Scene, ViewLayer | Synchronizing object | ENV_leaf_680
Fra:590 Mem:219.77M (Peak 219.77M) | Time:00:00.68 | Mem:0.00M, Peak:0.00M | Scene, ViewLayer | Synchronizing object | ENV_leaf_679
Fra:590 Mem:219.77M (Peak 219.77M) | Time:00:00.68 | Mem:0.00M, Peak:0.00M | Scene, ViewLayer | Synchronizing object | ENV_leaf_678
Fra:590 Mem:219.78M (Peak 219.78M) | Time:00:00.68 | Mem:0.00M, Peak:0.00M | Scene, ViewLayer | Synchronizing object | ENV_leaf_677
Fra:590 Mem:219.78M (Peak 219.78M) | Time:00:00.68 | Mem:0.00M, Peak:0.00M | Scene, ViewLayer | Synchronizing object | ENV_leaf_676
Fra:590 Mem:219.79M (Peak 219.79M) | Time:00:00.68 | Mem:0.00M, Peak:0.00M | Scene, ViewLayer | Synchronizing object | ENV_leaf_675
Fra:590 Mem:219.79M (Peak 219.79M) | Time:00:00.68 | Mem:0.00M, Peak:0.00M | Scene, ViewLayer | Synchronizing object | ENV_leaf_674
Fra:590 Mem:219.79M (Peak 219.79M) | Time:00:00.68 | Mem:0.00M, Peak:0.00M | Scene, ViewLayer | Synchronizing object | ENV_leaf_673
Fra:590 Mem:219.80M (Peak 219.80M) | Time:00:00.68 | Mem:0.00M, Peak:0.00M | Scene, ViewLayer | Synchronizing object | ENV_leaf_672
Fra:590 Mem:219.80M (Peak 219.80M) | Time:00:00.68 | Mem:0.00M, Peak:0.00M | Scene, ViewLayer | Synchronizing object | ENV_leaf_671
Fra:590 Mem:219.81M (Peak 219.81M) | Time:00:00.68 | Mem:0.00M, Peak:0.00M | Scene, ViewLayer | Synchronizing object | ENV_leaf_670
Fra:590 Mem:219.81M (Peak 219.81M) | Time:00:00.68 | Mem:0.00M, Peak:0.00M | Scene, ViewLayer | Synchronizing object | ENV_leaf_669
Fra:590 Mem:219.81M (Peak 219.81M) | Time:00:00.68 | Mem:0.00M, Peak:0.00M | Scene, ViewLayer | Synchronizing object | ENV_leaf_668
Fra:590 Mem:219.82M (Peak 219.82M) | Time:00:00.68 | Mem:0.00M, Peak:0.00M | Scene, ViewLayer | Synchronizing object | ENV_leaf_667
Fra:590 Mem:219.82M (Peak 219.82M) | Time:00:00.68 | Mem:0.00M, Peak:0.00M | Scene, ViewLayer | Synchronizing object | ENV_leaf_666
Fra:590 Mem:219.83M (Peak 219.83M) | Time:00:00.68 | Mem:0.00M, Peak:0.00M | Scene, ViewLayer | Synchronizing object | ENV_leaf_665
Fra:590 Mem:219.83M (Peak 219.83M) | Time:00:00.68 | Mem:0.00M, Peak:0.00M | Scene, ViewLayer | Synchronizing object | ENV_leaf_664
Fra:590 Mem:219.83M (Peak 219.83M) | Time:00:00.68 | Mem:0.00M, Peak:0.00M | Scene, ViewLayer | Synchronizing object | ENV_leaf_663
Fra:590 Mem:219.84M (Peak 219.84M) | Time:00:00.68 | Mem:0.00M, Peak:0.00M | Scene, ViewLayer | Synchronizing object | ENV_leaf_662
Fra:590 Mem:219.84M (Peak 219.84M) | Time:00:00.68 | Mem:0.00M, Peak:0.00M | Scene, ViewLayer | Synchronizing object | ENV_leaf_661
Fra:590 Mem:219.85M (Peak 219.85M) | Time:00:00.68 | Mem:0.00M, Peak:0.00M | Scene, ViewLayer | Synchronizing object | ENV_leaf_660
Fra:590 Mem:219.85M (Peak 219.85M) | Time:00:00.68 | Mem:0.00M, Peak:0.00M | Scene, ViewLayer | Synchronizing object | ENV_leaf_659
Fra:590 Mem:219.85M (Peak 219.85M) | Time:00:00.68 | Mem:0.00M, Peak:0.00M | Scene, ViewLayer | Synchronizing object | ENV_leaf_658
Fra:590 Mem:219.86M (Peak 219.86M) | Time:00:00.68 | Mem:0.00M, Peak:0.00M | Scene, ViewLayer | Synchronizing object | ENV_leaf_657
Fra:590 Mem:219.86M (Peak 219.86M) | Time:00:00.68 | Mem:0.00M, Peak:0.00M | Scene, ViewLayer | Synchronizing object | ENV_leaf_656
Fra:590 Mem:219.87M (Peak 219.87M) | Time:00:00.68 | Mem:0.00M, Peak:0.00M | Scene, ViewLayer | Synchronizing object | ENV_leaf_655
Fra:590 Mem:219.87M (Peak 219.87M) | Time:00:00.68 | Mem:0.00M, Peak:0.00M | Scene, ViewLayer | Synchronizing object | ENV_leaf_654
Fra:590 Mem:219.87M (Peak 219.87M) | Time:00:00.68 | Mem:0.00M, Peak:0.00M | Scene, ViewLayer | Synchronizing object | ENV_leaf_653
Fra:590 Mem:219.88M (Peak 219.88M) | Time:00:00.68 | Mem:0.00M, Peak:0.00M | Scene, ViewLayer | Synchronizing object | ENV_leaf_652
Fra:590 Mem:219.88M (Peak 219.88M) | Time:00:00.68 | Mem:0.00M, Peak:0.00M | Scene, ViewLayer | Synchronizing object | ENV_leaf_651
Fra:590 Mem:219.89M (Peak 219.89M) | Time:00:00.68 | Mem:0.00M, Peak:0.00M | Scene, ViewLayer | Synchronizing object | ENV_leaf_650
Fra:590 Mem:219.89M (Peak 219.89M) | Time:00:00.68 | Mem:0.00M, Peak:0.00M | Scene, ViewLayer | Synchronizing object | ENV_leaf_649
Fra:590 Mem:219.90M (Peak 219.90M) | Time:00:00.68 | Mem:0.00M, Peak:0.00M | Scene, ViewLayer | Synchronizing object | ENV_leaf_648
Fra:590 Mem:219.90M (Peak 219.90M) | Time:00:00.68 | Mem:0.00M, Peak:0.00M | Scene, ViewLayer | Synchronizing object | ENV_leaf_647
Fra:590 Mem:219.90M (Peak 219.90M) | Time:00:00.68 | Mem:0.00M, Peak:0.00M | Scene, ViewLayer | Synchronizing object | ENV_leaf_646
Fra:590 Mem:219.91M (Peak 219.91M) | Time:00:00.68 | Mem:0.00M, Peak:0.00M | Scene, ViewLayer | Synchronizing object | ENV_leaf_645
Fra:590 Mem:219.91M (Peak 219.91M) | Time:00:00.68 | Mem:0.00M, Peak:0.00M | Scene, ViewLayer | Synchronizing object | ENV_leaf_644
Fra:590 Mem:219.92M (Peak 219.92M) | Time:00:00.68 | Mem:0.00M, Peak:0.00M | Scene, ViewLayer | Synchronizing object | ENV_leaf_643
Fra:590 Mem:219.92M (Peak 219.92M) | Time:00:00.68 | Mem:0.00M, Peak:0.00M | Scene, ViewLayer | Synchronizing object | ENV_leaf_642
Fra:590 Mem:219.92M (Peak 219.92M) | Time:00:00.68 | Mem:0.00M, Peak:0.00M | Scene, ViewLayer | Synchronizing object | ENV_leaf_641
Fra:590 Mem:219.93M (Peak 219.93M) | Time:00:00.68 | Mem:0.00M, Peak:0.00M | Scene, ViewLayer | Synchronizing object | ENV_leaf_640
Fra:590 Mem:220.03M (Peak 220.03M) | Time:00:00.68 | Mem:0.00M, Peak:0.00M | Scene, ViewLayer | Synchronizing object | ENV_fern_27
Fra:590 Mem:220.43M (Peak 220.43M) | Time:00:00.69 | Mem:0.00M, Peak:0.00M | Scene, ViewLayer | Synchronizing object | ENV_fern_28
Fra:590 Mem:220.95M (Peak 220.95M) | Time:00:00.69 | Mem:0.00M, Peak:0.00M | Scene, ViewLayer | Synchronizing object | ENV_fern_29
Fra:590 Mem:221.59M (Peak 221.59M) | Time:00:00.69 | Mem:0.00M, Peak:0.00M | Scene, ViewLayer | Synchronizing object | ENV_fern_30
Fra:590 Mem:221.99M (Peak 221.99M) | Time:00:00.69 | Mem:0.00M, Peak:0.00M | Scene, ViewLayer | Synchronizing object | ENV_fern_31
Fra:590 Mem:222.51M (Peak 222.51M) | Time:00:00.69 | Mem:0.00M, Peak:0.00M | Scene, ViewLayer | Synchronizing object | ENV_fern_32
Fra:590 Mem:223.15M (Peak 223.15M) | Time:00:00.69 | Mem:0.00M, Peak:0.00M | Scene, ViewLayer | Synchronizing object | ENV_fern_33
Fra:590 Mem:223.55M (Peak 223.55M) | Time:00:00.69 | Mem:0.00M, Peak:0.00M | Scene, ViewLayer | Synchronizing object | ENV_fern_34
Fra:590 Mem:224.07M (Peak 224.07M) | Time:00:00.69 | Mem:0.00M, Peak:0.00M | Scene, ViewLayer | Synchronizing object | ENV_fern_35
Fra:590 Mem:224.72M (Peak 224.72M) | Time:00:00.69 | Mem:0.00M, Peak:0.00M | Scene, ViewLayer | Synchronizing object | ENV_fern_36
Fra:590 Mem:225.12M (Peak 225.12M) | Time:00:00.69 | Mem:0.00M, Peak:0.00M | Scene, ViewLayer | Synchronizing object | ENV_fern_37
Fra:590 Mem:225.64M (Peak 225.64M) | Time:00:00.69 | Mem:0.00M, Peak:0.00M | Scene, ViewLayer | Synchronizing object | ENV_fern_38
Fra:590 Mem:225.72M (Peak 225.72M) | Time:00:00.69 | Mem:0.00M, Peak:0.00M | Scene, ViewLayer | Synchronizing object | ENV_leaf_639
Fra:590 Mem:225.73M (Peak 225.73M) | Time:00:00.69 | Mem:0.00M, Peak:0.00M | Scene, ViewLayer | Synchronizing object | ENV_leaf_638
Fra:590 Mem:225.73M (Peak 225.73M) | Time:00:00.69 | Mem:0.00M, Peak:0.00M | Scene, ViewLayer | Synchronizing object | ENV_leaf_637
Fra:590 Mem:225.74M (Peak 225.74M) | Time:00:00.69 | Mem:0.00M, Peak:0.00M | Scene, ViewLayer | Synchronizing object | ENV_leaf_636
Fra:590 Mem:225.74M (Peak 225.74M) | Time:00:00.69 | Mem:0.00M, Peak:0.00M | Scene, ViewLayer | Synchronizing object | ENV_leaf_635
Fra:590 Mem:225.75M (Peak 225.75M) | Time:00:00.69 | Mem:0.00M, Peak:0.00M | Scene, ViewLayer | Synchronizing object | ENV_leaf_634
Fra:590 Mem:225.75M (Peak 225.75M) | Time:00:00.69 | Mem:0.00M, Peak:0.00M | Scene, ViewLayer | Synchronizing object | ENV_leaf_633
Fra:590 Mem:225.75M (Peak 225.75M) | Time:00:00.69 | Mem:0.00M, Peak:0.00M | Scene, ViewLayer | Synchronizing object | ENV_leaf_632
Fra:590 Mem:225.76M (Peak 225.76M) | Time:00:00.69 | Mem:0.00M, Peak:0.00M | Scene, ViewLayer | Synchronizing object | ENV_leaf_631
Fra:590 Mem:225.76M (Peak 225.76M) | Time:00:00.69 | Mem:0.00M, Peak:0.00M | Scene, ViewLayer | Synchronizing object | ENV_leaf_630
Fra:590 Mem:225.77M (Peak 225.77M) | Time:00:00.69 | Mem:0.00M, Peak:0.00M | Scene, ViewLayer | Synchronizing object | ENV_leaf_629
Fra:590 Mem:225.77M (Peak 225.77M) | Time:00:00.69 | Mem:0.00M, Peak:0.00M | Scene, ViewLayer | Synchronizing object | ENV_leaf_628
Fra:590 Mem:225.77M (Peak 225.77M) | Time:00:00.69 | Mem:0.00M, Peak:0.00M | Scene, ViewLayer | Synchronizing object | ENV_leaf_627
Fra:590 Mem:225.78M (Peak 225.78M) | Time:00:00.69 | Mem:0.00M, Peak:0.00M | Scene, ViewLayer | Synchronizing object | ENV_leaf_626
Fra:590 Mem:225.78M (Peak 225.78M) | Time:00:00.69 | Mem:0.00M, Peak:0.00M | Scene, ViewLayer | Synchronizing object | ENV_leaf_625
Fra:590 Mem:225.79M (Peak 225.79M) | Time:00:00.69 | Mem:0.00M, Peak:0.00M | Scene, ViewLayer | Synchronizing object | ENV_leaf_624
Fra:590 Mem:225.79M (Peak 225.79M) | Time:00:00.69 | Mem:0.00M, Peak:0.00M | Scene, ViewLayer | Synchronizing object | ENV_leaf_623
Fra:590 Mem:225.79M (Peak 225.79M) | Time:00:00.69 | Mem:0.00M, Peak:0.00M | Scene, ViewLayer | Synchronizing object | ENV_leaf_622
Fra:590 Mem:225.80M (Peak 225.80M) | Time:00:00.69 | Mem:0.00M, Peak:0.00M | Scene, ViewLayer | Synchronizing object | ENV_leaf_621
Fra:590 Mem:225.80M (Peak 225.80M) | Time:00:00.69 | Mem:0.00M, Peak:0.00M | Scene, ViewLayer | Synchronizing object | ENV_leaf_620
Fra:590 Mem:225.81M (Peak 225.81M) | Time:00:00.69 | Mem:0.00M, Peak:0.00M | Scene, ViewLayer | Synchronizing object | ENV_leaf_619
Fra:590 Mem:225.81M (Peak 225.81M) | Time:00:00.69 | Mem:0.00M, Peak:0.00M | Scene, ViewLayer | Synchronizing object | ENV_leaf_618
Fra:590 Mem:225.81M (Peak 225.81M) | Time:00:00.69 | Mem:0.00M, Peak:0.00M | Scene, ViewLayer | Synchronizing object | ENV_leaf_617
Fra:590 Mem:225.82M (Peak 225.82M) | Time:00:00.69 | Mem:0.00M, Peak:0.00M | Scene, ViewLayer | Synchronizing object | ENV_leaf_616
Fra:590 Mem:225.82M (Peak 225.82M) | Time:00:00.69 | Mem:0.00M, Peak:0.00M | Scene, ViewLayer | Synchronizing object | ENV_leaf_615
Fra:590 Mem:225.83M (Peak 225.83M) | Time:00:00.69 | Mem:0.00M, Peak:0.00M | Scene, ViewLayer | Synchronizing object | ENV_leaf_614
Fra:590 Mem:225.83M (Peak 225.83M) | Time:00:00.69 | Mem:0.00M, Peak:0.00M | Scene, ViewLayer | Synchronizing object | ENV_leaf_613
Fra:590 Mem:225.83M (Peak 225.83M) | Time:00:00.69 | Mem:0.00M, Peak:0.00M | Scene, ViewLayer | Synchronizing object | ENV_leaf_612
Fra:590 Mem:225.84M (Peak 225.84M) | Time:00:00.69 | Mem:0.00M, Peak:0.00M | Scene, ViewLayer | Synchronizing object | ENV_leaf_611
Fra:590 Mem:225.84M (Peak 225.84M) | Time:00:00.69 | Mem:0.00M, Peak:0.00M | Scene, ViewLayer | Synchronizing object | ENV_leaf_610
Fra:590 Mem:225.85M (Peak 225.85M) | Time:00:00.69 | Mem:0.00M, Peak:0.00M | Scene, ViewLayer | Synchronizing object | ENV_leaf_609
Fra:590 Mem:225.85M (Peak 225.85M) | Time:00:00.69 | Mem:0.00M, Peak:0.00M | Scene, ViewLayer | Synchronizing object | ENV_leaf_608
Fra:590 Mem:225.85M (Peak 225.85M) | Time:00:00.69 | Mem:0.00M, Peak:0.00M | Scene, ViewLayer | Synchronizing object | ENV_leaf_607
Fra:590 Mem:225.86M (Peak 225.86M) | Time:00:00.69 | Mem:0.00M, Peak:0.00M | Scene, ViewLayer | Synchronizing object | ENV_leaf_606
Fra:590 Mem:225.86M (Peak 225.86M) | Time:00:00.69 | Mem:0.00M, Peak:0.00M | Scene, ViewLayer | Synchronizing object | ENV_leaf_605
Fra:590 Mem:225.87M (Peak 225.87M) | Time:00:00.69 | Mem:0.00M, Peak:0.00M | Scene, ViewLayer | Synchronizing object | ENV_leaf_604
Fra:590 Mem:225.87M (Peak 225.87M) | Time:00:00.69 | Mem:0.00M, Peak:0.00M | Scene, ViewLayer | Synchronizing object | ENV_leaf_602
Fra:590 Mem:225.87M (Peak 225.87M) | Time:00:00.69 | Mem:0.00M, Peak:0.00M | Scene, ViewLayer | Synchronizing object | ENV_leaf_601
Fra:590 Mem:225.88M (Peak 225.88M) | Time:00:00.69 | Mem:0.00M, Peak:0.00M | Scene, ViewLayer | Synchronizing object | ENV_leaf_600
Fra:590 Mem:225.88M (Peak 225.88M) | Time:00:00.69 | Mem:0.00M, Peak:0.00M | Scene, ViewLayer | Synchronizing object | ENV_leaf_599
Fra:590 Mem:225.89M (Peak 225.89M) | Time:00:00.69 | Mem:0.00M, Peak:0.00M | Scene, ViewLayer | Synchronizing object | ENV_leaf_598
Fra:590 Mem:225.89M (Peak 225.89M) | Time:00:00.69 | Mem:0.00M, Peak:0.00M | Scene, ViewLayer | Synchronizing object | ENV_leaf_597
Fra:590 Mem:225.89M (Peak 225.89M) | Time:00:00.69 | Mem:0.00M, Peak:0.00M | Scene, ViewLayer | Synchronizing object | ENV_leaf_596
Fra:590 Mem:225.90M (Peak 225.90M) | Time:00:00.69 | Mem:0.00M, Peak:0.00M | Scene, ViewLayer | Synchronizing object | ENV_leaf_595
Fra:590 Mem:225.90M (Peak 225.90M) | Time:00:00.69 | Mem:0.00M, Peak:0.00M | Scene, ViewLayer | Synchronizing object | ENV_leaf_594
Fra:590 Mem:225.91M (Peak 225.91M) | Time:00:00.69 | Mem:0.00M, Peak:0.00M | Scene, ViewLayer | Synchronizing object | ENV_leaf_593
Fra:590 Mem:225.91M (Peak 225.91M) | Time:00:00.69 | Mem:0.00M, Peak:0.00M | Scene, ViewLayer | Synchronizing object | ENV_leaf_592
Fra:590 Mem:225.91M (Peak 225.91M) | Time:00:00.69 | Mem:0.00M, Peak:0.00M | Scene, ViewLayer | Synchronizing object | ENV_leaf_591
Fra:590 Mem:225.92M (Peak 225.92M) | Time:00:00.69 | Mem:0.00M, Peak:0.00M | Scene, ViewLayer | Synchronizing object | ENV_leaf_590
Fra:590 Mem:225.92M (Peak 225.92M) | Time:00:00.69 | Mem:0.00M, Peak:0.00M | Scene, ViewLayer | Synchronizing object | ENV_leaf_589
Fra:590 Mem:225.93M (Peak 225.93M) | Time:00:00.69 | Mem:0.00M, Peak:0.00M | Scene, ViewLayer | Synchronizing object | ENV_leaf_588
Fra:590 Mem:225.93M (Peak 225.93M) | Time:00:00.69 | Mem:0.00M, Peak:0.00M | Scene, ViewLayer | Synchronizing object | ENV_leaf_587
Fra:590 Mem:225.94M (Peak 225.94M) | Time:00:00.69 | Mem:0.00M, Peak:0.00M | Scene, ViewLayer | Synchronizing object | ENV_leaf_586
Fra:590 Mem:225.94M (Peak 225.94M) | Time:00:00.69 | Mem:0.00M, Peak:0.00M | Scene, ViewLayer | Synchronizing object | ENV_leaf_585
Fra:590 Mem:225.94M (Peak 225.94M) | Time:00:00.69 | Mem:0.00M, Peak:0.00M | Scene, ViewLayer | Synchronizing object | ENV_leaf_584
Fra:590 Mem:225.95M (Peak 225.95M) | Time:00:00.69 | Mem:0.00M, Peak:0.00M | Scene, ViewLayer | Synchronizing object | ENV_leaf_583
Fra:590 Mem:225.95M (Peak 225.95M) | Time:00:00.69 | Mem:0.00M, Peak:0.00M | Scene, ViewLayer | Synchronizing object | ENV_leaf_582
Fra:590 Mem:225.96M (Peak 225.96M) | Time:00:00.69 | Mem:0.00M, Peak:0.00M | Scene, ViewLayer | Synchronizing object | ENV_leaf_581
Fra:590 Mem:225.96M (Peak 225.96M) | Time:00:00.69 | Mem:0.00M, Peak:0.00M | Scene, ViewLayer | Synchronizing object | ENV_leaf_580
Fra:590 Mem:225.96M (Peak 225.96M) | Time:00:00.69 | Mem:0.00M, Peak:0.00M | Scene, ViewLayer | Synchronizing object | ENV_leaf_579
Fra:590 Mem:225.97M (Peak 225.97M) | Time:00:00.69 | Mem:0.00M, Peak:0.00M | Scene, ViewLayer | Synchronizing object | ENV_leaf_578
Fra:590 Mem:225.97M (Peak 225.97M) | Time:00:00.69 | Mem:0.00M, Peak:0.00M | Scene, ViewLayer | Synchronizing object | ENV_leaf_577
Fra:590 Mem:225.98M (Peak 225.98M) | Time:00:00.69 | Mem:0.00M, Peak:0.00M | Scene, ViewLayer | Synchronizing object | ENV_leaf_576
Fra:590 Mem:225.98M (Peak 225.98M) | Time:00:00.69 | Mem:0.00M, Peak:0.00M | Scene, ViewLayer | Synchronizing object | ENV_leaf_575
Fra:590 Mem:225.98M (Peak 225.98M) | Time:00:00.69 | Mem:0.00M, Peak:0.00M | Scene, ViewLayer | Synchronizing object | ENV_leaf_574
Fra:590 Mem:225.99M (Peak 225.99M) | Time:00:00.69 | Mem:0.00M, Peak:0.00M | Scene, ViewLayer | Synchronizing object | ENV_leaf_573
Fra:590 Mem:225.99M (Peak 225.99M) | Time:00:00.69 | Mem:0.00M, Peak:0.00M | Scene, ViewLayer | Synchronizing object | ENV_leaf_572
Fra:590 Mem:226.00M (Peak 226.00M) | Time:00:00.69 | Mem:0.00M, Peak:0.00M | Scene, ViewLayer | Synchronizing object | ENV_leaf_571
Fra:590 Mem:226.00M (Peak 226.00M) | Time:00:00.69 | Mem:0.00M, Peak:0.00M | Scene, ViewLayer | Synchronizing object | ENV_leaf_570
Fra:590 Mem:226.00M (Peak 226.00M) | Time:00:00.69 | Mem:0.00M, Peak:0.00M | Scene, ViewLayer | Synchronizing object | ENV_leaf_569
Fra:590 Mem:226.01M (Peak 226.01M) | Time:00:00.69 | Mem:0.00M, Peak:0.00M | Scene, ViewLayer | Synchronizing object | ENV_leaf_568
Fra:590 Mem:226.01M (Peak 226.01M) | Time:00:00.69 | Mem:0.00M, Peak:0.00M | Scene, ViewLayer | Synchronizing object | ENV_leaf_567
Fra:590 Mem:226.02M (Peak 226.02M) | Time:00:00.69 | Mem:0.00M, Peak:0.00M | Scene, ViewLayer | Synchronizing object | ENV_leaf_566
Fra:590 Mem:226.02M (Peak 226.02M) | Time:00:00.69 | Mem:0.00M, Peak:0.00M | Scene, ViewLayer | Synchronizing object | ENV_leaf_565
Fra:590 Mem:226.02M (Peak 226.02M) | Time:00:00.69 | Mem:0.00M, Peak:0.00M | Scene, ViewLayer | Synchronizing object | ENV_leaf_564
Fra:590 Mem:226.03M (Peak 226.03M) | Time:00:00.69 | Mem:0.00M, Peak:0.00M | Scene, ViewLayer | Synchronizing object | ENV_leaf_563
Fra:590 Mem:226.03M (Peak 226.03M) | Time:00:00.69 | Mem:0.00M, Peak:0.00M | Scene, ViewLayer | Synchronizing object | ENV_leaf_562
Fra:590 Mem:226.04M (Peak 226.04M) | Time:00:00.69 | Mem:0.00M, Peak:0.00M | Scene, ViewLayer | Synchronizing object | ENV_leaf_561
Fra:590 Mem:226.04M (Peak 226.04M) | Time:00:00.69 | Mem:0.00M, Peak:0.00M | Scene, ViewLayer | Synchronizing object | ENV_leaf_560
Fra:590 Mem:226.04M (Peak 226.04M) | Time:00:00.69 | Mem:0.00M, Peak:0.00M | Scene, ViewLayer | Synchronizing object | ENV_leaf_559
Fra:590 Mem:226.05M (Peak 226.05M) | Time:00:00.69 | Mem:0.00M, Peak:0.00M | Scene, ViewLayer | Synchronizing object | ENV_leaf_558
Fra:590 Mem:226.05M (Peak 226.05M) | Time:00:00.69 | Mem:0.00M, Peak:0.00M | Scene, ViewLayer | Synchronizing object | ENV_leaf_557
Fra:590 Mem:226.06M (Peak 226.06M) | Time:00:00.69 | Mem:0.00M, Peak:0.00M | Scene, ViewLayer | Synchronizing object | ENV_leaf_556
Fra:590 Mem:226.06M (Peak 226.06M) | Time:00:00.69 | Mem:0.00M, Peak:0.00M | Scene, ViewLayer | Synchronizing object | ENV_leaf_555
Fra:590 Mem:226.06M (Peak 226.06M) | Time:00:00.69 | Mem:0.00M, Peak:0.00M | Scene, ViewLayer | Synchronizing object | ENV_leaf_554
Fra:590 Mem:226.07M (Peak 226.07M) | Time:00:00.69 | Mem:0.00M, Peak:0.00M | Scene, ViewLayer | Synchronizing object | ENV_leaf_553
Fra:590 Mem:226.07M (Peak 226.07M) | Time:00:00.69 | Mem:0.00M, Peak:0.00M | Scene, ViewLayer | Synchronizing object | ENV_leaf_552
Fra:590 Mem:226.08M (Peak 226.08M) | Time:00:00.69 | Mem:0.00M, Peak:0.00M | Scene, ViewLayer | Synchronizing object | ENV_leaf_551
Fra:590 Mem:226.08M (Peak 226.08M) | Time:00:00.69 | Mem:0.00M, Peak:0.00M | Scene, ViewLayer | Synchronizing object | ENV_leaf_550
Fra:590 Mem:226.08M (Peak 226.08M) | Time:00:00.69 | Mem:0.00M, Peak:0.00M | Scene, ViewLayer | Synchronizing object | ENV_leaf_549
Fra:590 Mem:226.09M (Peak 226.09M) | Time:00:00.69 | Mem:0.00M, Peak:0.00M | Scene, ViewLayer | Synchronizing object | ENV_leaf_548
Fra:590 Mem:226.09M (Peak 226.09M) | Time:00:00.69 | Mem:0.00M, Peak:0.00M | Scene, ViewLayer | Synchronizing object | ENV_leaf_547
Fra:590 Mem:226.10M (Peak 226.10M) | Time:00:00.69 | Mem:0.00M, Peak:0.00M | Scene, ViewLayer | Synchronizing object | ENV_leaf_546
Fra:590 Mem:226.10M (Peak 226.10M) | Time:00:00.69 | Mem:0.00M, Peak:0.00M | Scene, ViewLayer | Synchronizing object | ENV_leaf_545
Fra:590 Mem:226.10M (Peak 226.10M) | Time:00:00.69 | Mem:0.00M, Peak:0.00M | Scene, ViewLayer | Synchronizing object | ENV_leaf_544
Fra:590 Mem:226.11M (Peak 226.11M) | Time:00:00.69 | Mem:0.00M, Peak:0.00M | Scene, ViewLayer | Synchronizing object | ENV_leaf_543
Fra:590 Mem:226.11M (Peak 226.11M) | Time:00:00.69 | Mem:0.00M, Peak:0.00M | Scene, ViewLayer | Synchronizing object | ENV_leaf_542
Fra:590 Mem:226.12M (Peak 226.12M) | Time:00:00.69 | Mem:0.00M, Peak:0.00M | Scene, ViewLayer | Synchronizing object | ENV_leaf_541
Fra:590 Mem:226.12M (Peak 226.12M) | Time:00:00.69 | Mem:0.00M, Peak:0.00M | Scene, ViewLayer | Synchronizing object | ENV_leaf_540
Fra:590 Mem:226.13M (Peak 226.13M) | Time:00:00.69 | Mem:0.00M, Peak:0.00M | Scene, ViewLayer | Synchronizing object | ENV_leaf_539
Fra:590 Mem:226.13M (Peak 226.13M) | Time:00:00.69 | Mem:0.00M, Peak:0.00M | Scene, ViewLayer | Synchronizing object | ENV_leaf_538
Fra:590 Mem:226.13M (Peak 226.13M) | Time:00:00.69 | Mem:0.00M, Peak:0.00M | Scene, ViewLayer | Synchronizing object | ENV_leaf_537
Fra:590 Mem:226.14M (Peak 226.14M) | Time:00:00.69 | Mem:0.00M, Peak:0.00M | Scene, ViewLayer | Synchronizing object | ENV_leaf_536
Fra:590 Mem:226.14M (Peak 226.14M) | Time:00:00.69 | Mem:0.00M, Peak:0.00M | Scene, ViewLayer | Synchronizing object | ENV_leaf_535
Fra:590 Mem:226.15M (Peak 226.15M) | Time:00:00.69 | Mem:0.00M, Peak:0.00M | Scene, ViewLayer | Synchronizing object | ENV_leaf_534
Fra:590 Mem:226.15M (Peak 226.15M) | Time:00:00.69 | Mem:0.00M, Peak:0.00M | Scene, ViewLayer | Synchronizing object | ENV_leaf_533
Fra:590 Mem:226.15M (Peak 226.15M) | Time:00:00.69 | Mem:0.00M, Peak:0.00M | Scene, ViewLayer | Synchronizing object | ENV_leaf_532
Fra:590 Mem:226.16M (Peak 226.16M) | Time:00:00.69 | Mem:0.00M, Peak:0.00M | Scene, ViewLayer | Synchronizing object | ENV_leaf_531
Fra:590 Mem:226.16M (Peak 226.16M) | Time:00:00.69 | Mem:0.00M, Peak:0.00M | Scene, ViewLayer | Synchronizing object | ENV_leaf_530
Fra:590 Mem:226.17M (Peak 226.17M) | Time:00:00.69 | Mem:0.00M, Peak:0.00M | Scene, ViewLayer | Synchronizing object | ENV_leaf_529
Fra:590 Mem:226.17M (Peak 226.17M) | Time:00:00.69 | Mem:0.00M, Peak:0.00M | Scene, ViewLayer | Synchronizing object | ENV_leaf_528
Fra:590 Mem:226.17M (Peak 226.17M) | Time:00:00.69 | Mem:0.00M, Peak:0.00M | Scene, ViewLayer | Synchronizing object | ENV_leaf_527
Fra:590 Mem:226.18M (Peak 226.18M) | Time:00:00.69 | Mem:0.00M, Peak:0.00M | Scene, ViewLayer | Synchronizing object | ENV_leaf_525
Fra:590 Mem:226.18M (Peak 226.18M) | Time:00:00.69 | Mem:0.00M, Peak:0.00M | Scene, ViewLayer | Synchronizing object | ENV_leaf_524
Fra:590 Mem:226.19M (Peak 226.19M) | Time:00:00.69 | Mem:0.00M, Peak:0.00M | Scene, ViewLayer | Synchronizing object | ENV_leaf_523
Fra:590 Mem:226.19M (Peak 226.19M) | Time:00:00.69 | Mem:0.00M, Peak:0.00M | Scene, ViewLayer | Synchronizing object | ENV_leaf_522
Fra:590 Mem:226.19M (Peak 226.19M) | Time:00:00.69 | Mem:0.00M, Peak:0.00M | Scene, ViewLayer | Synchronizing object | ENV_leaf_521
Fra:590 Mem:226.20M (Peak 226.20M) | Time:00:00.69 | Mem:0.00M, Peak:0.00M | Scene, ViewLayer | Synchronizing object | ENV_leaf_520
Fra:590 Mem:226.20M (Peak 226.20M) | Time:00:00.69 | Mem:0.00M, Peak:0.00M | Scene, ViewLayer | Synchronizing object | ENV_leaf_519
Fra:590 Mem:226.21M (Peak 226.21M) | Time:00:00.69 | Mem:0.00M, Peak:0.00M | Scene, ViewLayer | Synchronizing object | ENV_leaf_518
Fra:590 Mem:226.21M (Peak 226.21M) | Time:00:00.69 | Mem:0.00M, Peak:0.00M | Scene, ViewLayer | Synchronizing object | ENV_leaf_517
Fra:590 Mem:226.21M (Peak 226.21M) | Time:00:00.69 | Mem:0.00M, Peak:0.00M | Scene, ViewLayer | Synchronizing object | ENV_leaf_516
Fra:590 Mem:226.22M (Peak 226.22M) | Time:00:00.69 | Mem:0.00M, Peak:0.00M | Scene, ViewLayer | Synchronizing object | ENV_leaf_515
Fra:590 Mem:226.22M (Peak 226.22M) | Time:00:00.69 | Mem:0.00M, Peak:0.00M | Scene, ViewLayer | Synchronizing object | ENV_leaf_514
Fra:590 Mem:226.23M (Peak 226.23M) | Time:00:00.69 | Mem:0.00M, Peak:0.00M | Scene, ViewLayer | Synchronizing object | ENV_leaf_513
Fra:590 Mem:226.23M (Peak 226.23M) | Time:00:00.69 | Mem:0.00M, Peak:0.00M | Scene, ViewLayer | Synchronizing object | ENV_leaf_512
Fra:590 Mem:226.23M (Peak 226.23M) | Time:00:00.70 | Mem:0.00M, Peak:0.00M | Scene, ViewLayer | Synchronizing object | ENV_leaf_511
Fra:590 Mem:226.24M (Peak 226.24M) | Time:00:00.70 | Mem:0.00M, Peak:0.00M | Scene, ViewLayer | Synchronizing object | ENV_leaf_510
Fra:590 Mem:226.24M (Peak 226.24M) | Time:00:00.70 | Mem:0.00M, Peak:0.00M | Scene, ViewLayer | Synchronizing object | ENV_leaf_509
Fra:590 Mem:226.25M (Peak 226.25M) | Time:00:00.70 | Mem:0.00M, Peak:0.00M | Scene, ViewLayer | Synchronizing object | ENV_leaf_508
Fra:590 Mem:226.25M (Peak 226.25M) | Time:00:00.70 | Mem:0.00M, Peak:0.00M | Scene, ViewLayer | Synchronizing object | ENV_leaf_507
Fra:590 Mem:226.25M (Peak 226.25M) | Time:00:00.70 | Mem:0.00M, Peak:0.00M | Scene, ViewLayer | Synchronizing object | ENV_leaf_506
Fra:590 Mem:226.26M (Peak 226.26M) | Time:00:00.70 | Mem:0.00M, Peak:0.00M | Scene, ViewLayer | Synchronizing object | ENV_leaf_505
Fra:590 Mem:226.26M (Peak 226.26M) | Time:00:00.70 | Mem:0.00M, Peak:0.00M | Scene, ViewLayer | Synchronizing object | ENV_leaf_504
Fra:590 Mem:226.27M (Peak 226.27M) | Time:00:00.70 | Mem:0.00M, Peak:0.00M | Scene, ViewLayer | Synchronizing object | ENV_leaf_503
Fra:590 Mem:226.27M (Peak 226.27M) | Time:00:00.70 | Mem:0.00M, Peak:0.00M | Scene, ViewLayer | Synchronizing object | ENV_leaf_502
Fra:590 Mem:226.27M (Peak 226.27M) | Time:00:00.70 | Mem:0.00M, Peak:0.00M | Scene, ViewLayer | Synchronizing object | ENV_leaf_501
Fra:590 Mem:226.28M (Peak 226.28M) | Time:00:00.70 | Mem:0.00M, Peak:0.00M | Scene, ViewLayer | Synchronizing object | ENV_leaf_500
Fra:590 Mem:226.28M (Peak 226.28M) | Time:00:00.70 | Mem:0.00M, Peak:0.00M | Scene, ViewLayer | Synchronizing object | ENV_leaf_499
Fra:590 Mem:226.29M (Peak 226.29M) | Time:00:00.70 | Mem:0.00M, Peak:0.00M | Scene, ViewLayer | Synchronizing object | ENV_leaf_498
Fra:590 Mem:226.29M (Peak 226.29M) | Time:00:00.70 | Mem:0.00M, Peak:0.00M | Scene, ViewLayer | Synchronizing object | ENV_leaf_497
Fra:590 Mem:226.29M (Peak 226.29M) | Time:00:00.70 | Mem:0.00M, Peak:0.00M | Scene, ViewLayer | Synchronizing object | ENV_leaf_496
Fra:590 Mem:226.30M (Peak 226.30M) | Time:00:00.70 | Mem:0.00M, Peak:0.00M | Scene, ViewLayer | Synchronizing object | ENV_leaf_495
Fra:590 Mem:226.30M (Peak 226.30M) | Time:00:00.70 | Mem:0.00M, Peak:0.00M | Scene, ViewLayer | Synchronizing object | ENV_leaf_494
Fra:590 Mem:226.31M (Peak 226.31M) | Time:00:00.70 | Mem:0.00M, Peak:0.00M | Scene, ViewLayer | Synchronizing object | ENV_leaf_493
Fra:590 Mem:226.31M (Peak 226.31M) | Time:00:00.70 | Mem:0.00M, Peak:0.00M | Scene, ViewLayer | Synchronizing object | ENV_leaf_492
Fra:590 Mem:226.32M (Peak 226.32M) | Time:00:00.70 | Mem:0.00M, Peak:0.00M | Scene, ViewLayer | Synchronizing object | ENV_leaf_491
Fra:590 Mem:226.32M (Peak 226.32M) | Time:00:00.70 | Mem:0.00M, Peak:0.00M | Scene, ViewLayer | Synchronizing object | ENV_leaf_490
Fra:590 Mem:226.32M (Peak 226.32M) | Time:00:00.70 | Mem:0.00M, Peak:0.00M | Scene, ViewLayer | Synchronizing object | ENV_leaf_489
Fra:590 Mem:226.33M (Peak 226.33M) | Time:00:00.70 | Mem:0.00M, Peak:0.00M | Scene, ViewLayer | Synchronizing object | ENV_leaf_488
Fra:590 Mem:226.33M (Peak 226.33M) | Time:00:00.70 | Mem:0.00M, Peak:0.00M | Scene, ViewLayer | Synchronizing object | ENV_leaf_487
Fra:590 Mem:226.34M (Peak 226.34M) | Time:00:00.70 | Mem:0.00M, Peak:0.00M | Scene, ViewLayer | Synchronizing object | ENV_leaf_486
Fra:590 Mem:226.34M (Peak 226.34M) | Time:00:00.70 | Mem:0.00M, Peak:0.00M | Scene, ViewLayer | Synchronizing object | ENV_leaf_485
Fra:590 Mem:226.34M (Peak 226.34M) | Time:00:00.70 | Mem:0.00M, Peak:0.00M | Scene, ViewLayer | Synchronizing object | ENV_leaf_484
Fra:590 Mem:226.35M (Peak 226.35M) | Time:00:00.70 | Mem:0.00M, Peak:0.00M | Scene, ViewLayer | Synchronizing object | ENV_leaf_483
Fra:590 Mem:226.35M (Peak 226.35M) | Time:00:00.70 | Mem:0.00M, Peak:0.00M | Scene, ViewLayer | Synchronizing object | ENV_leaf_482
Fra:590 Mem:226.36M (Peak 226.36M) | Time:00:00.70 | Mem:0.00M, Peak:0.00M | Scene, ViewLayer | Synchronizing object | ENV_leaf_481
Fra:590 Mem:226.36M (Peak 226.36M) | Time:00:00.70 | Mem:0.00M, Peak:0.00M | Scene, ViewLayer | Synchronizing object | ENV_leaf_480
Fra:590 Mem:226.36M (Peak 226.36M) | Time:00:00.70 | Mem:0.00M, Peak:0.00M | Scene, ViewLayer | Synchronizing object | ENV_leaf_479
Fra:590 Mem:226.37M (Peak 226.37M) | Time:00:00.70 | Mem:0.00M, Peak:0.00M | Scene, ViewLayer | Synchronizing object | ENV_leaf_478
Fra:590 Mem:226.37M (Peak 226.37M) | Time:00:00.70 | Mem:0.00M, Peak:0.00M | Scene, ViewLayer | Synchronizing object | ENV_leaf_477
Fra:590 Mem:226.38M (Peak 226.38M) | Time:00:00.70 | Mem:0.00M, Peak:0.00M | Scene, ViewLayer | Synchronizing object | ENV_leaf_476
Fra:590 Mem:226.38M (Peak 226.38M) | Time:00:00.70 | Mem:0.00M, Peak:0.00M | Scene, ViewLayer | Synchronizing object | ENV_leaf_475
Fra:590 Mem:226.38M (Peak 226.38M) | Time:00:00.70 | Mem:0.00M, Peak:0.00M | Scene, ViewLayer | Synchronizing object | ENV_leaf_474
Fra:590 Mem:226.39M (Peak 226.39M) | Time:00:00.70 | Mem:0.00M, Peak:0.00M | Scene, ViewLayer | Synchronizing object | ENV_leaf_473
Fra:590 Mem:226.39M (Peak 226.39M) | Time:00:00.70 | Mem:0.00M, Peak:0.00M | Scene, ViewLayer | Synchronizing object | ENV_leaf_472
Fra:590 Mem:226.40M (Peak 226.40M) | Time:00:00.70 | Mem:0.00M, Peak:0.00M | Scene, ViewLayer | Synchronizing object | ENV_leaf_471
Fra:590 Mem:226.40M (Peak 226.40M) | Time:00:00.70 | Mem:0.00M, Peak:0.00M | Scene, ViewLayer | Synchronizing object | ENV_leaf_470
Fra:590 Mem:226.40M (Peak 226.40M) | Time:00:00.70 | Mem:0.00M, Peak:0.00M | Scene, ViewLayer | Synchronizing object | ENV_leaf_468
Fra:590 Mem:226.41M (Peak 226.41M) | Time:00:00.70 | Mem:0.00M, Peak:0.00M | Scene, ViewLayer | Synchronizing object | ENV_leaf_467
Fra:590 Mem:226.41M (Peak 226.41M) | Time:00:00.70 | Mem:0.00M, Peak:0.00M | Scene, ViewLayer | Synchronizing object | ENV_leaf_466
Fra:590 Mem:226.42M (Peak 226.42M) | Time:00:00.70 | Mem:0.00M, Peak:0.00M | Scene, ViewLayer | Synchronizing object | ENV_leaf_465
Fra:590 Mem:226.42M (Peak 226.42M) | Time:00:00.70 | Mem:0.00M, Peak:0.00M | Scene, ViewLayer | Synchronizing object | ENV_leaf_464
Fra:590 Mem:226.42M (Peak 226.42M) | Time:00:00.70 | Mem:0.00M, Peak:0.00M | Scene, ViewLayer | Synchronizing object | ENV_leaf_463
Fra:590 Mem:226.43M (Peak 226.43M) | Time:00:00.70 | Mem:0.00M, Peak:0.00M | Scene, ViewLayer | Synchronizing object | ENV_leaf_462
Fra:590 Mem:226.43M (Peak 226.43M) | Time:00:00.70 | Mem:0.00M, Peak:0.00M | Scene, ViewLayer | Synchronizing object | ENV_leaf_461
Fra:590 Mem:226.44M (Peak 226.44M) | Time:00:00.70 | Mem:0.00M, Peak:0.00M | Scene, ViewLayer | Synchronizing object | ENV_leaf_460
Fra:590 Mem:226.44M (Peak 226.44M) | Time:00:00.70 | Mem:0.00M, Peak:0.00M | Scene, ViewLayer | Synchronizing object | ENV_leaf_459
Fra:590 Mem:226.44M (Peak 226.44M) | Time:00:00.70 | Mem:0.00M, Peak:0.00M | Scene, ViewLayer | Synchronizing object | ENV_leaf_458
Fra:590 Mem:226.45M (Peak 226.45M) | Time:00:00.70 | Mem:0.00M, Peak:0.00M | Scene, ViewLayer | Synchronizing object | ENV_leaf_457
Fra:590 Mem:226.45M (Peak 226.45M) | Time:00:00.70 | Mem:0.00M, Peak:0.00M | Scene, ViewLayer | Synchronizing object | ENV_leaf_456
Fra:590 Mem:226.46M (Peak 226.46M) | Time:00:00.70 | Mem:0.00M, Peak:0.00M | Scene, ViewLayer | Synchronizing object | ENV_leaf_455
Fra:590 Mem:226.46M (Peak 226.46M) | Time:00:00.70 | Mem:0.00M, Peak:0.00M | Scene, ViewLayer | Synchronizing object | ENV_leaf_454
Fra:590 Mem:226.46M (Peak 226.46M) | Time:00:00.70 | Mem:0.00M, Peak:0.00M | Scene, ViewLayer | Synchronizing object | ENV_leaf_453
Fra:590 Mem:226.47M (Peak 226.47M) | Time:00:00.70 | Mem:0.00M, Peak:0.00M | Scene, ViewLayer | Synchronizing object | ENV_leaf_452
Fra:590 Mem:226.47M (Peak 226.47M) | Time:00:00.70 | Mem:0.00M, Peak:0.00M | Scene, ViewLayer | Synchronizing object | ENV_leaf_451
Fra:590 Mem:226.48M (Peak 226.48M) | Time:00:00.70 | Mem:0.00M, Peak:0.00M | Scene, ViewLayer | Synchronizing object | ENV_leaf_450
Fra:590 Mem:226.48M (Peak 226.48M) | Time:00:00.70 | Mem:0.00M, Peak:0.00M | Scene, ViewLayer | Synchronizing object | ENV_leaf_449
Fra:590 Mem:226.49M (Peak 226.49M) | Time:00:00.70 | Mem:0.00M, Peak:0.00M | Scene, ViewLayer | Synchronizing object | ENV_leaf_448
Fra:590 Mem:226.49M (Peak 226.49M) | Time:00:00.70 | Mem:0.00M, Peak:0.00M | Scene, ViewLayer | Synchronizing object | ENV_leaf_447
Fra:590 Mem:226.49M (Peak 226.49M) | Time:00:00.70 | Mem:0.00M, Peak:0.00M | Scene, ViewLayer | Synchronizing object | ENV_leaf_446
Fra:590 Mem:226.50M (Peak 226.50M) | Time:00:00.70 | Mem:0.00M, Peak:0.00M | Scene, ViewLayer | Synchronizing object | ENV_leaf_445
Fra:590 Mem:226.50M (Peak 226.50M) | Time:00:00.70 | Mem:0.00M, Peak:0.00M | Scene, ViewLayer | Synchronizing object | ENV_leaf_444
Fra:590 Mem:226.51M (Peak 226.51M) | Time:00:00.70 | Mem:0.00M, Peak:0.00M | Scene, ViewLayer | Synchronizing object | ENV_leaf_443
Fra:590 Mem:226.51M (Peak 226.51M) | Time:00:00.70 | Mem:0.00M, Peak:0.00M | Scene, ViewLayer | Synchronizing object | ENV_leaf_442
Fra:590 Mem:226.51M (Peak 226.51M) | Time:00:00.70 | Mem:0.00M, Peak:0.00M | Scene, ViewLayer | Synchronizing object | ENV_leaf_441
Fra:590 Mem:226.52M (Peak 226.52M) | Time:00:00.70 | Mem:0.00M, Peak:0.00M | Scene, ViewLayer | Synchronizing object | ENV_leaf_440
Fra:590 Mem:226.52M (Peak 226.52M) | Time:00:00.70 | Mem:0.00M, Peak:0.00M | Scene, ViewLayer | Synchronizing object | ENV_leaf_439
Fra:590 Mem:226.53M (Peak 226.53M) | Time:00:00.70 | Mem:0.00M, Peak:0.00M | Scene, ViewLayer | Synchronizing object | ENV_leaf_438
Fra:590 Mem:226.53M (Peak 226.53M) | Time:00:00.70 | Mem:0.00M, Peak:0.00M | Scene, ViewLayer | Synchronizing object | ENV_leaf_437
Fra:590 Mem:226.53M (Peak 226.53M) | Time:00:00.70 | Mem:0.00M, Peak:0.00M | Scene, ViewLayer | Synchronizing object | ENV_leaf_436
Fra:590 Mem:226.54M (Peak 226.54M) | Time:00:00.70 | Mem:0.00M, Peak:0.00M | Scene, ViewLayer | Synchronizing object | ENV_leaf_435
Fra:590 Mem:226.54M (Peak 226.54M) | Time:00:00.70 | Mem:0.00M, Peak:0.00M | Scene, ViewLayer | Synchronizing object | ENV_leaf_434
Fra:590 Mem:226.55M (Peak 226.55M) | Time:00:00.70 | Mem:0.00M, Peak:0.00M | Scene, ViewLayer | Synchronizing object | ENV_leaf_433
Fra:590 Mem:226.55M (Peak 226.55M) | Time:00:00.70 | Mem:0.00M, Peak:0.00M | Scene, ViewLayer | Synchronizing object | ENV_leaf_432
Fra:590 Mem:226.55M (Peak 226.55M) | Time:00:00.70 | Mem:0.00M, Peak:0.00M | Scene, ViewLayer | Synchronizing object | ENV_leaf_431
Fra:590 Mem:226.56M (Peak 226.56M) | Time:00:00.70 | Mem:0.00M, Peak:0.00M | Scene, ViewLayer | Synchronizing object | ENV_leaf_430
Fra:590 Mem:226.56M (Peak 226.56M) | Time:00:00.70 | Mem:0.00M, Peak:0.00M | Scene, ViewLayer | Synchronizing object | ENV_leaf_429
Fra:590 Mem:226.57M (Peak 226.57M) | Time:00:00.70 | Mem:0.00M, Peak:0.00M | Scene, ViewLayer | Synchronizing object | ENV_leaf_428
Fra:590 Mem:226.57M (Peak 226.57M) | Time:00:00.70 | Mem:0.00M, Peak:0.00M | Scene, ViewLayer | Synchronizing object | ENV_leaf_427
Fra:590 Mem:226.57M (Peak 226.57M) | Time:00:00.70 | Mem:0.00M, Peak:0.00M | Scene, ViewLayer | Synchronizing object | ENV_leaf_426
Fra:590 Mem:226.58M (Peak 226.58M) | Time:00:00.70 | Mem:0.00M, Peak:0.00M | Scene, ViewLayer | Synchronizing object | ENV_leaf_425
Fra:590 Mem:226.58M (Peak 226.58M) | Time:00:00.70 | Mem:0.00M, Peak:0.00M | Scene, ViewLayer | Synchronizing object | ENV_leaf_424
Fra:590 Mem:226.59M (Peak 226.59M) | Time:00:00.70 | Mem:0.00M, Peak:0.00M | Scene, ViewLayer | Synchronizing object | ENV_leaf_423
Fra:590 Mem:226.59M (Peak 226.59M) | Time:00:00.70 | Mem:0.00M, Peak:0.00M | Scene, ViewLayer | Synchronizing object | ENV_leaf_422
Fra:590 Mem:226.59M (Peak 226.59M) | Time:00:00.70 | Mem:0.00M, Peak:0.00M | Scene, ViewLayer | Synchronizing object | ENV_leaf_421
Fra:590 Mem:226.60M (Peak 226.60M) | Time:00:00.70 | Mem:0.00M, Peak:0.00M | Scene, ViewLayer | Synchronizing object | ENV_leaf_420
Fra:590 Mem:226.60M (Peak 226.60M) | Time:00:00.70 | Mem:0.00M, Peak:0.00M | Scene, ViewLayer | Synchronizing object | ENV_leaf_419
Fra:590 Mem:226.61M (Peak 226.61M) | Time:00:00.70 | Mem:0.00M, Peak:0.00M | Scene, ViewLayer | Synchronizing object | ENV_leaf_418
Fra:590 Mem:226.61M (Peak 226.61M) | Time:00:00.70 | Mem:0.00M, Peak:0.00M | Scene, ViewLayer | Synchronizing object | ENV_leaf_417
Fra:590 Mem:226.61M (Peak 226.61M) | Time:00:00.70 | Mem:0.00M, Peak:0.00M | Scene, ViewLayer | Synchronizing object | ENV_leaf_416
Fra:590 Mem:226.62M (Peak 226.62M) | Time:00:00.70 | Mem:0.00M, Peak:0.00M | Scene, ViewLayer | Synchronizing object | ENV_leaf_415
Fra:590 Mem:226.62M (Peak 226.62M) | Time:00:00.70 | Mem:0.00M, Peak:0.00M | Scene, ViewLayer | Synchronizing object | ENV_leaf_414
Fra:590 Mem:226.63M (Peak 226.63M) | Time:00:00.70 | Mem:0.00M, Peak:0.00M | Scene, ViewLayer | Synchronizing object | ENV_leaf_413
Fra:590 Mem:226.63M (Peak 226.63M) | Time:00:00.70 | Mem:0.00M, Peak:0.00M | Scene, ViewLayer | Synchronizing object | ENV_leaf_412
Fra:590 Mem:226.63M (Peak 226.63M) | Time:00:00.70 | Mem:0.00M, Peak:0.00M | Scene, ViewLayer | Synchronizing object | ENV_leaf_411
Fra:590 Mem:226.64M (Peak 226.64M) | Time:00:00.70 | Mem:0.00M, Peak:0.00M | Scene, ViewLayer | Synchronizing object | ENV_leaf_410
Fra:590 Mem:226.64M (Peak 226.64M) | Time:00:00.70 | Mem:0.00M, Peak:0.00M | Scene, ViewLayer | Synchronizing object | ENV_leaf_409
Fra:590 Mem:226.65M (Peak 226.65M) | Time:00:00.70 | Mem:0.00M, Peak:0.00M | Scene, ViewLayer | Synchronizing object | ENV_leaf_407
Fra:590 Mem:226.65M (Peak 226.65M) | Time:00:00.70 | Mem:0.00M, Peak:0.00M | Scene, ViewLayer | Synchronizing object | ENV_leaf_406
Fra:590 Mem:226.65M (Peak 226.65M) | Time:00:00.70 | Mem:0.00M, Peak:0.00M | Scene, ViewLayer | Synchronizing object | ENV_leaf_405
Fra:590 Mem:226.66M (Peak 226.66M) | Time:00:00.70 | Mem:0.00M, Peak:0.00M | Scene, ViewLayer | Synchronizing object | ENV_leaf_404
Fra:590 Mem:226.66M (Peak 226.66M) | Time:00:00.70 | Mem:0.00M, Peak:0.00M | Scene, ViewLayer | Synchronizing object | ENV_leaf_403
Fra:590 Mem:226.67M (Peak 226.67M) | Time:00:00.70 | Mem:0.00M, Peak:0.00M | Scene, ViewLayer | Synchronizing object | ENV_leaf_402
Fra:590 Mem:226.67M (Peak 226.67M) | Time:00:00.70 | Mem:0.00M, Peak:0.00M | Scene, ViewLayer | Synchronizing object | ENV_leaf_401
Fra:590 Mem:226.68M (Peak 226.68M) | Time:00:00.70 | Mem:0.00M, Peak:0.00M | Scene, ViewLayer | Synchronizing object | ENV_leaf_400
Fra:590 Mem:226.68M (Peak 226.68M) | Time:00:00.70 | Mem:0.00M, Peak:0.00M | Scene, ViewLayer | Synchronizing object | ENV_leaf_399
Fra:590 Mem:226.68M (Peak 226.68M) | Time:00:00.70 | Mem:0.00M, Peak:0.00M | Scene, ViewLayer | Synchronizing object | ENV_leaf_398
Fra:590 Mem:226.69M (Peak 226.69M) | Time:00:00.70 | Mem:0.00M, Peak:0.00M | Scene, ViewLayer | Synchronizing object | ENV_leaf_397
Fra:590 Mem:226.69M (Peak 226.69M) | Time:00:00.70 | Mem:0.00M, Peak:0.00M | Scene, ViewLayer | Synchronizing object | ENV_leaf_396
Fra:590 Mem:226.70M (Peak 226.70M) | Time:00:00.70 | Mem:0.00M, Peak:0.00M | Scene, ViewLayer | Synchronizing object | ENV_leaf_395
Fra:590 Mem:226.70M (Peak 226.70M) | Time:00:00.70 | Mem:0.00M, Peak:0.00M | Scene, ViewLayer | Synchronizing object | ENV_leaf_394
Fra:590 Mem:226.70M (Peak 226.70M) | Time:00:00.70 | Mem:0.00M, Peak:0.00M | Scene, ViewLayer | Synchronizing object | ENV_leaf_393
Fra:590 Mem:226.71M (Peak 226.71M) | Time:00:00.70 | Mem:0.00M, Peak:0.00M | Scene, ViewLayer | Synchronizing object | ENV_leaf_392
Fra:590 Mem:226.71M (Peak 226.71M) | Time:00:00.70 | Mem:0.00M, Peak:0.00M | Scene, ViewLayer | Synchronizing object | ENV_leaf_391
Fra:590 Mem:226.72M (Peak 226.72M) | Time:00:00.70 | Mem:0.00M, Peak:0.00M | Scene, ViewLayer | Synchronizing object | ENV_leaf_390
Fra:590 Mem:226.72M (Peak 226.72M) | Time:00:00.70 | Mem:0.00M, Peak:0.00M | Scene, ViewLayer | Synchronizing object | ENV_leaf_389
Fra:590 Mem:226.72M (Peak 226.72M) | Time:00:00.70 | Mem:0.00M, Peak:0.00M | Scene, ViewLayer | Synchronizing object | ENV_leaf_388
Fra:590 Mem:226.73M (Peak 226.73M) | Time:00:00.70 | Mem:0.00M, Peak:0.00M | Scene, ViewLayer | Synchronizing object | ENV_leaf_387
Fra:590 Mem:226.73M (Peak 226.73M) | Time:00:00.70 | Mem:0.00M, Peak:0.00M | Scene, ViewLayer | Synchronizing object | ENV_leaf_386
Fra:590 Mem:226.74M (Peak 226.74M) | Time:00:00.70 | Mem:0.00M, Peak:0.00M | Scene, ViewLayer | Synchronizing object | ENV_leaf_385
Fra:590 Mem:226.74M (Peak 226.74M) | Time:00:00.70 | Mem:0.00M, Peak:0.00M | Scene, ViewLayer | Synchronizing object | ENV_leaf_384
Fra:590 Mem:226.74M (Peak 226.74M) | Time:00:00.70 | Mem:0.00M, Peak:0.00M | Scene, ViewLayer | Synchronizing object | ENV_leaf_383
Fra:590 Mem:226.75M (Peak 226.75M) | Time:00:00.70 | Mem:0.00M, Peak:0.00M | Scene, ViewLayer | Synchronizing object | ENV_leaf_382
Fra:590 Mem:226.75M (Peak 226.75M) | Time:00:00.70 | Mem:0.00M, Peak:0.00M | Scene, ViewLayer | Synchronizing object | ENV_leaf_381
Fra:590 Mem:226.76M (Peak 226.76M) | Time:00:00.70 | Mem:0.00M, Peak:0.00M | Scene, ViewLayer | Synchronizing object | ENV_leaf_380
Fra:590 Mem:226.76M (Peak 226.76M) | Time:00:00.70 | Mem:0.00M, Peak:0.00M | Scene, ViewLayer | Synchronizing object | ENV_leaf_379
Fra:590 Mem:226.76M (Peak 226.76M) | Time:00:00.70 | Mem:0.00M, Peak:0.00M | Scene, ViewLayer | Synchronizing object | ENV_leaf_378
Fra:590 Mem:226.77M (Peak 226.77M) | Time:00:00.70 | Mem:0.00M, Peak:0.00M | Scene, ViewLayer | Synchronizing object | ENV_leaf_377
Fra:590 Mem:226.77M (Peak 226.77M) | Time:00:00.70 | Mem:0.00M, Peak:0.00M | Scene, ViewLayer | Synchronizing object | ENV_leaf_376
Fra:590 Mem:226.78M (Peak 226.78M) | Time:00:00.70 | Mem:0.00M, Peak:0.00M | Scene, ViewLayer | Synchronizing object | ENV_leaf_375
Fra:590 Mem:226.78M (Peak 226.78M) | Time:00:00.70 | Mem:0.00M, Peak:0.00M | Scene, ViewLayer | Synchronizing object | ENV_leaf_374
Fra:590 Mem:226.78M (Peak 226.78M) | Time:00:00.70 | Mem:0.00M, Peak:0.00M | Scene, ViewLayer | Synchronizing object | ENV_leaf_373
Fra:590 Mem:226.79M (Peak 226.79M) | Time:00:00.70 | Mem:0.00M, Peak:0.00M | Scene, ViewLayer | Synchronizing object | ENV_leaf_372
Fra:590 Mem:226.79M (Peak 226.79M) | Time:00:00.70 | Mem:0.00M, Peak:0.00M | Scene, ViewLayer | Synchronizing object | ENV_leaf_371
Fra:590 Mem:226.80M (Peak 226.80M) | Time:00:00.70 | Mem:0.00M, Peak:0.00M | Scene, ViewLayer | Synchronizing object | ENV_leaf_370
Fra:590 Mem:226.80M (Peak 226.80M) | Time:00:00.70 | Mem:0.00M, Peak:0.00M | Scene, ViewLayer | Synchronizing object | ENV_leaf_369
Fra:590 Mem:226.80M (Peak 226.80M) | Time:00:00.70 | Mem:0.00M, Peak:0.00M | Scene, ViewLayer | Synchronizing object | ENV_leaf_368
Fra:590 Mem:226.81M (Peak 226.81M) | Time:00:00.70 | Mem:0.00M, Peak:0.00M | Scene, ViewLayer | Synchronizing object | ENV_leaf_367
Fra:590 Mem:226.81M (Peak 226.81M) | Time:00:00.70 | Mem:0.00M, Peak:0.00M | Scene, ViewLayer | Synchronizing object | ENV_leaf_366
Fra:590 Mem:226.82M (Peak 226.82M) | Time:00:00.70 | Mem:0.00M, Peak:0.00M | Scene, ViewLayer | Synchronizing object | ENV_leaf_365
Fra:590 Mem:226.82M (Peak 226.82M) | Time:00:00.70 | Mem:0.00M, Peak:0.00M | Scene, ViewLayer | Synchronizing object | ENV_leaf_364
Fra:590 Mem:226.82M (Peak 226.82M) | Time:00:00.70 | Mem:0.00M, Peak:0.00M | Scene, ViewLayer | Synchronizing object | ENV_leaf_363
Fra:590 Mem:226.83M (Peak 226.83M) | Time:00:00.70 | Mem:0.00M, Peak:0.00M | Scene, ViewLayer | Synchronizing object | ENV_leaf_362
Fra:590 Mem:226.83M (Peak 226.83M) | Time:00:00.70 | Mem:0.00M, Peak:0.00M | Scene, ViewLayer | Synchronizing object | ENV_leaf_361
Fra:590 Mem:226.84M (Peak 226.84M) | Time:00:00.70 | Mem:0.00M, Peak:0.00M | Scene, ViewLayer | Synchronizing object | ENV_leaf_360
Fra:590 Mem:226.84M (Peak 226.84M) | Time:00:00.70 | Mem:0.00M, Peak:0.00M | Scene, ViewLayer | Synchronizing object | ENV_leaf_359
Fra:590 Mem:226.84M (Peak 226.84M) | Time:00:00.70 | Mem:0.00M, Peak:0.00M | Scene, ViewLayer | Synchronizing object | ENV_leaf_358
Fra:590 Mem:226.85M (Peak 226.85M) | Time:00:00.70 | Mem:0.00M, Peak:0.00M | Scene, ViewLayer | Synchronizing object | ENV_leaf_357
Fra:590 Mem:226.85M (Peak 226.85M) | Time:00:00.70 | Mem:0.00M, Peak:0.00M | Scene, ViewLayer | Synchronizing object | ENV_leaf_356
Fra:590 Mem:226.86M (Peak 226.86M) | Time:00:00.70 | Mem:0.00M, Peak:0.00M | Scene, ViewLayer | Synchronizing object | ENV_leaf_355
Fra:590 Mem:226.86M (Peak 226.86M) | Time:00:00.70 | Mem:0.00M, Peak:0.00M | Scene, ViewLayer | Synchronizing object | ENV_leaf_354
Fra:590 Mem:226.87M (Peak 226.87M) | Time:00:00.70 | Mem:0.00M, Peak:0.00M | Scene, ViewLayer | Synchronizing object | ENV_leaf_353
Fra:590 Mem:226.87M (Peak 226.87M) | Time:00:00.70 | Mem:0.00M, Peak:0.00M | Scene, ViewLayer | Synchronizing object | ENV_leaf_352
Fra:590 Mem:226.87M (Peak 226.87M) | Time:00:00.70 | Mem:0.00M, Peak:0.00M | Scene, ViewLayer | Synchronizing object | ENV_leaf_351
Fra:590 Mem:226.88M (Peak 226.88M) | Time:00:00.70 | Mem:0.00M, Peak:0.00M | Scene, ViewLayer | Synchronizing object | ENV_leaf_350
Fra:590 Mem:226.88M (Peak 226.88M) | Time:00:00.70 | Mem:0.00M, Peak:0.00M | Scene, ViewLayer | Synchronizing object | ENV_leaf_349
Fra:590 Mem:226.89M (Peak 226.89M) | Time:00:00.70 | Mem:0.00M, Peak:0.00M | Scene, ViewLayer | Synchronizing object | ENV_leaf_348
Fra:590 Mem:226.89M (Peak 226.89M) | Time:00:00.70 | Mem:0.00M, Peak:0.00M | Scene, ViewLayer | Synchronizing object | ENV_leaf_347
Fra:590 Mem:226.89M (Peak 226.89M) | Time:00:00.70 | Mem:0.00M, Peak:0.00M | Scene, ViewLayer | Synchronizing object | ENV_leaf_346
Fra:590 Mem:226.90M (Peak 226.90M) | Time:00:00.70 | Mem:0.00M, Peak:0.00M | Scene, ViewLayer | Synchronizing object | ENV_leaf_345
Fra:590 Mem:226.90M (Peak 226.90M) | Time:00:00.70 | Mem:0.00M, Peak:0.00M | Scene, ViewLayer | Synchronizing object | ENV_leaf_344
Fra:590 Mem:226.91M (Peak 226.91M) | Time:00:00.70 | Mem:0.00M, Peak:0.00M | Scene, ViewLayer | Synchronizing object | ENV_leaf_343
Fra:590 Mem:226.91M (Peak 226.91M) | Time:00:00.70 | Mem:0.00M, Peak:0.00M | Scene, ViewLayer | Synchronizing object | ENV_leaf_342
Fra:590 Mem:226.91M (Peak 226.91M) | Time:00:00.70 | Mem:0.00M, Peak:0.00M | Scene, ViewLayer | Synchronizing object | ENV_leaf_341
Fra:590 Mem:226.92M (Peak 226.92M) | Time:00:00.70 | Mem:0.00M, Peak:0.00M | Scene, ViewLayer | Synchronizing object | ENV_leaf_340
Fra:590 Mem:226.92M (Peak 226.92M) | Time:00:00.70 | Mem:0.00M, Peak:0.00M | Scene, ViewLayer | Synchronizing object | ENV_leaf_339
Fra:590 Mem:226.93M (Peak 226.93M) | Time:00:00.70 | Mem:0.00M, Peak:0.00M | Scene, ViewLayer | Synchronizing object | ENV_leaf_338
Fra:590 Mem:226.93M (Peak 226.93M) | Time:00:00.70 | Mem:0.00M, Peak:0.00M | Scene, ViewLayer | Synchronizing object | ENV_leaf_337
Fra:590 Mem:226.93M (Peak 226.93M) | Time:00:00.70 | Mem:0.00M, Peak:0.00M | Scene, ViewLayer | Synchronizing object | ENV_leaf_336
Fra:590 Mem:226.94M (Peak 226.94M) | Time:00:00.70 | Mem:0.00M, Peak:0.00M | Scene, ViewLayer | Synchronizing object | ENV_leaf_335
Fra:590 Mem:226.94M (Peak 226.94M) | Time:00:00.70 | Mem:0.00M, Peak:0.00M | Scene, ViewLayer | Synchronizing object | ENV_leaf_334
Fra:590 Mem:226.95M (Peak 226.95M) | Time:00:00.70 | Mem:0.00M, Peak:0.00M | Scene, ViewLayer | Synchronizing object | ENV_leaf_333
Fra:590 Mem:226.95M (Peak 226.95M) | Time:00:00.70 | Mem:0.00M, Peak:0.00M | Scene, ViewLayer | Synchronizing object | ENV_leaf_332
Fra:590 Mem:226.95M (Peak 226.95M) | Time:00:00.70 | Mem:0.00M, Peak:0.00M | Scene, ViewLayer | Synchronizing object | ENV_leaf_331
Fra:590 Mem:226.96M (Peak 226.96M) | Time:00:00.70 | Mem:0.00M, Peak:0.00M | Scene, ViewLayer | Synchronizing object | ENV_leaf_330
Fra:590 Mem:226.96M (Peak 226.96M) | Time:00:00.70 | Mem:0.00M, Peak:0.00M | Scene, ViewLayer | Synchronizing object | ENV_leaf_329
Fra:590 Mem:226.97M (Peak 226.97M) | Time:00:00.70 | Mem:0.00M, Peak:0.00M | Scene, ViewLayer | Synchronizing object | ENV_leaf_328
Fra:590 Mem:226.97M (Peak 226.97M) | Time:00:00.70 | Mem:0.00M, Peak:0.00M | Scene, ViewLayer | Synchronizing object | ENV_leaf_327
Fra:590 Mem:226.97M (Peak 226.97M) | Time:00:00.70 | Mem:0.00M, Peak:0.00M | Scene, ViewLayer | Synchronizing object | ENV_leaf_326
Fra:590 Mem:226.98M (Peak 226.98M) | Time:00:00.70 | Mem:0.00M, Peak:0.00M | Scene, ViewLayer | Synchronizing object | ENV_leaf_325
Fra:590 Mem:226.98M (Peak 226.98M) | Time:00:00.70 | Mem:0.00M, Peak:0.00M | Scene, ViewLayer | Synchronizing object | ENV_leaf_324
Fra:590 Mem:226.99M (Peak 226.99M) | Time:00:00.70 | Mem:0.00M, Peak:0.00M | Scene, ViewLayer | Synchronizing object | ENV_leaf_323
Fra:590 Mem:226.99M (Peak 226.99M) | Time:00:00.70 | Mem:0.00M, Peak:0.00M | Scene, ViewLayer | Synchronizing object | ENV_leaf_322
Fra:590 Mem:226.99M (Peak 226.99M) | Time:00:00.70 | Mem:0.00M, Peak:0.00M | Scene, ViewLayer | Synchronizing object | ENV_leaf_321
Fra:590 Mem:227.00M (Peak 227.00M) | Time:00:00.70 | Mem:0.00M, Peak:0.00M | Scene, ViewLayer | Synchronizing object | ENV_leaf_320
Fra:590 Mem:227.00M (Peak 227.00M) | Time:00:00.70 | Mem:0.00M, Peak:0.00M | Scene, ViewLayer | Synchronizing object | ENV_leaf_319
Fra:590 Mem:227.01M (Peak 227.01M) | Time:00:00.70 | Mem:0.00M, Peak:0.00M | Scene, ViewLayer | Synchronizing object | ENV_leaf_318
Fra:590 Mem:227.01M (Peak 227.01M) | Time:00:00.70 | Mem:0.00M, Peak:0.00M | Scene, ViewLayer | Synchronizing object | ENV_leaf_317
Fra:590 Mem:227.01M (Peak 227.01M) | Time:00:00.70 | Mem:0.00M, Peak:0.00M | Scene, ViewLayer | Synchronizing object | ENV_leaf_316
Fra:590 Mem:227.02M (Peak 227.02M) | Time:00:00.70 | Mem:0.00M, Peak:0.00M | Scene, ViewLayer | Synchronizing object | ENV_leaf_315
Fra:590 Mem:227.02M (Peak 227.02M) | Time:00:00.70 | Mem:0.00M, Peak:0.00M | Scene, ViewLayer | Synchronizing object | ENV_leaf_314
Fra:590 Mem:227.03M (Peak 227.03M) | Time:00:00.70 | Mem:0.00M, Peak:0.00M | Scene, ViewLayer | Synchronizing object | ENV_leaf_313
Fra:590 Mem:227.03M (Peak 227.03M) | Time:00:00.70 | Mem:0.00M, Peak:0.00M | Scene, ViewLayer | Synchronizing object | ENV_leaf_312
Fra:590 Mem:227.03M (Peak 227.03M) | Time:00:00.70 | Mem:0.00M, Peak:0.00M | Scene, ViewLayer | Synchronizing object | ENV_leaf_311
Fra:590 Mem:227.04M (Peak 227.04M) | Time:00:00.70 | Mem:0.00M, Peak:0.00M | Scene, ViewLayer | Synchronizing object | ENV_leaf_310
Fra:590 Mem:227.04M (Peak 227.04M) | Time:00:00.70 | Mem:0.00M, Peak:0.00M | Scene, ViewLayer | Synchronizing object | ENV_leaf_309
Fra:590 Mem:227.05M (Peak 227.05M) | Time:00:00.70 | Mem:0.00M, Peak:0.00M | Scene, ViewLayer | Synchronizing object | ENV_leaf_308
Fra:590 Mem:227.05M (Peak 227.05M) | Time:00:00.70 | Mem:0.00M, Peak:0.00M | Scene, ViewLayer | Synchronizing object | ENV_leaf_307
Fra:590 Mem:227.06M (Peak 227.06M) | Time:00:00.70 | Mem:0.00M, Peak:0.00M | Scene, ViewLayer | Synchronizing object | ENV_leaf_306
Fra:590 Mem:227.06M (Peak 227.06M) | Time:00:00.70 | Mem:0.00M, Peak:0.00M | Scene, ViewLayer | Synchronizing object | ENV_leaf_305
Fra:590 Mem:227.06M (Peak 227.06M) | Time:00:00.70 | Mem:0.00M, Peak:0.00M | Scene, ViewLayer | Synchronizing object | ENV_leaf_304
Fra:590 Mem:227.07M (Peak 227.07M) | Time:00:00.70 | Mem:0.00M, Peak:0.00M | Scene, ViewLayer | Synchronizing object | ENV_leaf_303
Fra:590 Mem:227.07M (Peak 227.07M) | Time:00:00.70 | Mem:0.00M, Peak:0.00M | Scene, ViewLayer | Synchronizing object | ENV_leaf_302
Fra:590 Mem:227.08M (Peak 227.08M) | Time:00:00.70 | Mem:0.00M, Peak:0.00M | Scene, ViewLayer | Synchronizing object | ENV_leaf_301
Fra:590 Mem:227.08M (Peak 227.08M) | Time:00:00.70 | Mem:0.00M, Peak:0.00M | Scene, ViewLayer | Synchronizing object | ENV_leaf_300
Fra:590 Mem:227.08M (Peak 227.08M) | Time:00:00.70 | Mem:0.00M, Peak:0.00M | Scene, ViewLayer | Synchronizing object | ENV_leaf_299
Fra:590 Mem:227.09M (Peak 227.09M) | Time:00:00.70 | Mem:0.00M, Peak:0.00M | Scene, ViewLayer | Synchronizing object | ENV_leaf_298
Fra:590 Mem:227.09M (Peak 227.09M) | Time:00:00.70 | Mem:0.00M, Peak:0.00M | Scene, ViewLayer | Synchronizing object | ENV_leaf_297
Fra:590 Mem:227.10M (Peak 227.10M) | Time:00:00.70 | Mem:0.00M, Peak:0.00M | Scene, ViewLayer | Synchronizing object | ENV_leaf_296
Fra:590 Mem:227.10M (Peak 227.10M) | Time:00:00.70 | Mem:0.00M, Peak:0.00M | Scene, ViewLayer | Synchronizing object | ENV_leaf_295
Fra:590 Mem:227.10M (Peak 227.10M) | Time:00:00.70 | Mem:0.00M, Peak:0.00M | Scene, ViewLayer | Synchronizing object | ENV_leaf_294
Fra:590 Mem:227.11M (Peak 227.11M) | Time:00:00.70 | Mem:0.00M, Peak:0.00M | Scene, ViewLayer | Synchronizing object | ENV_leaf_292
Fra:590 Mem:227.11M (Peak 227.11M) | Time:00:00.70 | Mem:0.00M, Peak:0.00M | Scene, ViewLayer | Synchronizing object | ENV_leaf_291
Fra:590 Mem:227.12M (Peak 227.12M) | Time:00:00.70 | Mem:0.00M, Peak:0.00M | Scene, ViewLayer | Synchronizing object | ENV_leaf_290
Fra:590 Mem:227.12M (Peak 227.12M) | Time:00:00.70 | Mem:0.00M, Peak:0.00M | Scene, ViewLayer | Synchronizing object | ENV_leaf_289
Fra:590 Mem:227.12M (Peak 227.12M) | Time:00:00.70 | Mem:0.00M, Peak:0.00M | Scene, ViewLayer | Synchronizing object | ENV_leaf_288
Fra:590 Mem:227.13M (Peak 227.13M) | Time:00:00.70 | Mem:0.00M, Peak:0.00M | Scene, ViewLayer | Synchronizing object | ENV_leaf_287
Fra:590 Mem:227.13M (Peak 227.13M) | Time:00:00.70 | Mem:0.00M, Peak:0.00M | Scene, ViewLayer | Synchronizing object | ENV_leaf_286
Fra:590 Mem:227.14M (Peak 227.14M) | Time:00:00.70 | Mem:0.00M, Peak:0.00M | Scene, ViewLayer | Synchronizing object | ENV_leaf_285
Fra:590 Mem:227.14M (Peak 227.14M) | Time:00:00.70 | Mem:0.00M, Peak:0.00M | Scene, ViewLayer | Synchronizing object | ENV_leaf_284
Fra:590 Mem:227.14M (Peak 227.14M) | Time:00:00.70 | Mem:0.00M, Peak:0.00M | Scene, ViewLayer | Synchronizing object | ENV_leaf_283
Fra:590 Mem:227.15M (Peak 227.15M) | Time:00:00.70 | Mem:0.00M, Peak:0.00M | Scene, ViewLayer | Synchronizing object | ENV_leaf_282
Fra:590 Mem:227.15M (Peak 227.15M) | Time:00:00.70 | Mem:0.00M, Peak:0.00M | Scene, ViewLayer | Synchronizing object | ENV_leaf_281
Fra:590 Mem:227.16M (Peak 227.16M) | Time:00:00.70 | Mem:0.00M, Peak:0.00M | Scene, ViewLayer | Synchronizing object | ENV_leaf_280
Fra:590 Mem:227.16M (Peak 227.16M) | Time:00:00.70 | Mem:0.00M, Peak:0.00M | Scene, ViewLayer | Synchronizing object | ENV_leaf_279
Fra:590 Mem:227.16M (Peak 227.16M) | Time:00:00.70 | Mem:0.00M, Peak:0.00M | Scene, ViewLayer | Synchronizing object | ENV_leaf_278
Fra:590 Mem:227.17M (Peak 227.17M) | Time:00:00.70 | Mem:0.00M, Peak:0.00M | Scene, ViewLayer | Synchronizing object | ENV_leaf_277
Fra:590 Mem:227.17M (Peak 227.17M) | Time:00:00.70 | Mem:0.00M, Peak:0.00M | Scene, ViewLayer | Synchronizing object | ENV_leaf_276
Fra:590 Mem:227.18M (Peak 227.18M) | Time:00:00.70 | Mem:0.00M, Peak:0.00M | Scene, ViewLayer | Synchronizing object | ENV_leaf_275
Fra:590 Mem:227.18M (Peak 227.18M) | Time:00:00.70 | Mem:0.00M, Peak:0.00M | Scene, ViewLayer | Synchronizing object | ENV_leaf_274
Fra:590 Mem:227.18M (Peak 227.18M) | Time:00:00.70 | Mem:0.00M, Peak:0.00M | Scene, ViewLayer | Synchronizing object | ENV_leaf_273
Fra:590 Mem:227.19M (Peak 227.19M) | Time:00:00.70 | Mem:0.00M, Peak:0.00M | Scene, ViewLayer | Synchronizing object | ENV_leaf_272
Fra:590 Mem:227.19M (Peak 227.19M) | Time:00:00.70 | Mem:0.00M, Peak:0.00M | Scene, ViewLayer | Synchronizing object | ENV_leaf_271
Fra:590 Mem:227.20M (Peak 227.20M) | Time:00:00.70 | Mem:0.00M, Peak:0.00M | Scene, ViewLayer | Synchronizing object | ENV_leaf_270
Fra:590 Mem:227.20M (Peak 227.20M) | Time:00:00.70 | Mem:0.00M, Peak:0.00M | Scene, ViewLayer | Synchronizing object | ENV_leaf_269
Fra:590 Mem:227.20M (Peak 227.20M) | Time:00:00.70 | Mem:0.00M, Peak:0.00M | Scene, ViewLayer | Synchronizing object | ENV_leaf_268
Fra:590 Mem:227.21M (Peak 227.21M) | Time:00:00.70 | Mem:0.00M, Peak:0.00M | Scene, ViewLayer | Synchronizing object | ENV_leaf_267
Fra:590 Mem:227.21M (Peak 227.21M) | Time:00:00.70 | Mem:0.00M, Peak:0.00M | Scene, ViewLayer | Synchronizing object | ENV_leaf_266
Fra:590 Mem:227.22M (Peak 227.22M) | Time:00:00.70 | Mem:0.00M, Peak:0.00M | Scene, ViewLayer | Synchronizing object | ENV_leaf_265
Fra:590 Mem:227.22M (Peak 227.22M) | Time:00:00.70 | Mem:0.00M, Peak:0.00M | Scene, ViewLayer | Synchronizing object | ENV_leaf_264
Fra:590 Mem:227.23M (Peak 227.23M) | Time:00:00.70 | Mem:0.00M, Peak:0.00M | Scene, ViewLayer | Synchronizing object | ENV_leaf_263
Fra:590 Mem:227.23M (Peak 227.23M) | Time:00:00.70 | Mem:0.00M, Peak:0.00M | Scene, ViewLayer | Synchronizing object | ENV_leaf_262
Fra:590 Mem:227.23M (Peak 227.23M) | Time:00:00.70 | Mem:0.00M, Peak:0.00M | Scene, ViewLayer | Synchronizing object | ENV_leaf_261
Fra:590 Mem:227.24M (Peak 227.24M) | Time:00:00.70 | Mem:0.00M, Peak:0.00M | Scene, ViewLayer | Synchronizing object | ENV_leaf_260
Fra:590 Mem:227.24M (Peak 227.24M) | Time:00:00.70 | Mem:0.00M, Peak:0.00M | Scene, ViewLayer | Synchronizing object | ENV_leaf_259
Fra:590 Mem:227.25M (Peak 227.25M) | Time:00:00.70 | Mem:0.00M, Peak:0.00M | Scene, ViewLayer | Synchronizing object | ENV_leaf_258
Fra:590 Mem:227.80M (Peak 227.80M) | Time:00:00.70 | Mem:0.00M, Peak:0.00M | Scene, ViewLayer | Synchronizing object | ENV_fern_39
Fra:590 Mem:228.20M (Peak 228.20M) | Time:00:00.70 | Mem:0.00M, Peak:0.00M | Scene, ViewLayer | Synchronizing object | ENV_fern_40
Fra:590 Mem:228.72M (Peak 228.72M) | Time:00:00.70 | Mem:0.00M, Peak:0.00M | Scene, ViewLayer | Synchronizing object | ENV_fern_41
Fra:590 Mem:229.36M (Peak 229.36M) | Time:00:00.70 | Mem:0.00M, Peak:0.00M | Scene, ViewLayer | Synchronizing object | ENV_fern_42
Fra:590 Mem:229.76M (Peak 229.76M) | Time:00:00.70 | Mem:0.00M, Peak:0.00M | Scene, ViewLayer | Synchronizing object | ENV_fern_43
Fra:590 Mem:230.28M (Peak 230.28M) | Time:00:00.70 | Mem:0.00M, Peak:0.00M | Scene, ViewLayer | Synchronizing object | ENV_fern_44
Fra:590 Mem:230.92M (Peak 230.92M) | Time:00:00.71 | Mem:0.00M, Peak:0.00M | Scene, ViewLayer | Synchronizing object | ENV_fern_45
Fra:590 Mem:231.33M (Peak 231.33M) | Time:00:00.71 | Mem:0.00M, Peak:0.00M | Scene, ViewLayer | Synchronizing object | ENV_fern_46
Fra:590 Mem:231.85M (Peak 231.85M) | Time:00:00.71 | Mem:0.00M, Peak:0.00M | Scene, ViewLayer | Synchronizing object | ENV_fern_47
Fra:590 Mem:232.49M (Peak 232.49M) | Time:00:00.71 | Mem:0.00M, Peak:0.00M | Scene, ViewLayer | Synchronizing object | ENV_fern_48
Fra:590 Mem:232.89M (Peak 232.89M) | Time:00:00.71 | Mem:0.00M, Peak:0.00M | Scene, ViewLayer | Synchronizing object | ENV_fern_49
Fra:590 Mem:233.32M (Peak 233.32M) | Time:00:00.71 | Mem:0.00M, Peak:0.00M | Scene, ViewLayer | Synchronizing object | ENV_leaf_257
Fra:590 Mem:233.33M (Peak 233.33M) | Time:00:00.71 | Mem:0.00M, Peak:0.00M | Scene, ViewLayer | Synchronizing object | ENV_leaf_256
Fra:590 Mem:233.33M (Peak 233.33M) | Time:00:00.71 | Mem:0.00M, Peak:0.00M | Scene, ViewLayer | Synchronizing object | ENV_leaf_255
Fra:590 Mem:233.33M (Peak 233.33M) | Time:00:00.71 | Mem:0.00M, Peak:0.00M | Scene, ViewLayer | Synchronizing object | ENV_leaf_254
Fra:590 Mem:233.34M (Peak 233.34M) | Time:00:00.71 | Mem:0.00M, Peak:0.00M | Scene, ViewLayer | Synchronizing object | ENV_leaf_253
Fra:590 Mem:233.34M (Peak 233.34M) | Time:00:00.71 | Mem:0.00M, Peak:0.00M | Scene, ViewLayer | Synchronizing object | ENV_leaf_252
Fra:590 Mem:233.35M (Peak 233.35M) | Time:00:00.71 | Mem:0.00M, Peak:0.00M | Scene, ViewLayer | Synchronizing object | ENV_leaf_251
Fra:590 Mem:233.35M (Peak 233.35M) | Time:00:00.71 | Mem:0.00M, Peak:0.00M | Scene, ViewLayer | Synchronizing object | ENV_leaf_250
Fra:590 Mem:233.35M (Peak 233.35M) | Time:00:00.71 | Mem:0.00M, Peak:0.00M | Scene, ViewLayer | Synchronizing object | ENV_leaf_249
Fra:590 Mem:233.36M (Peak 233.36M) | Time:00:00.71 | Mem:0.00M, Peak:0.00M | Scene, ViewLayer | Synchronizing object | ENV_leaf_248
Fra:590 Mem:233.36M (Peak 233.36M) | Time:00:00.71 | Mem:0.00M, Peak:0.00M | Scene, ViewLayer | Synchronizing object | ENV_leaf_247
Fra:590 Mem:233.37M (Peak 233.37M) | Time:00:00.71 | Mem:0.00M, Peak:0.00M | Scene, ViewLayer | Synchronizing object | ENV_leaf_246
Fra:590 Mem:233.37M (Peak 233.37M) | Time:00:00.71 | Mem:0.00M, Peak:0.00M | Scene, ViewLayer | Synchronizing object | ENV_leaf_245
Fra:590 Mem:233.37M (Peak 233.37M) | Time:00:00.71 | Mem:0.00M, Peak:0.00M | Scene, ViewLayer | Synchronizing object | ENV_leaf_244
Fra:590 Mem:233.38M (Peak 233.38M) | Time:00:00.71 | Mem:0.00M, Peak:0.00M | Scene, ViewLayer | Synchronizing object | ENV_leaf_243
Fra:590 Mem:233.38M (Peak 233.38M) | Time:00:00.71 | Mem:0.00M, Peak:0.00M | Scene, ViewLayer | Synchronizing object | ENV_leaf_242
Fra:590 Mem:233.39M (Peak 233.39M) | Time:00:00.71 | Mem:0.00M, Peak:0.00M | Scene, ViewLayer | Synchronizing object | ENV_leaf_241
Fra:590 Mem:233.39M (Peak 233.39M) | Time:00:00.71 | Mem:0.00M, Peak:0.00M | Scene, ViewLayer | Synchronizing object | ENV_leaf_240
Fra:590 Mem:233.39M (Peak 233.39M) | Time:00:00.71 | Mem:0.00M, Peak:0.00M | Scene, ViewLayer | Synchronizing object | ENV_leaf_239
Fra:590 Mem:233.40M (Peak 233.40M) | Time:00:00.71 | Mem:0.00M, Peak:0.00M | Scene, ViewLayer | Synchronizing object | ENV_leaf_238
Fra:590 Mem:233.40M (Peak 233.40M) | Time:00:00.71 | Mem:0.00M, Peak:0.00M | Scene, ViewLayer | Synchronizing object | ENV_leaf_237
Fra:590 Mem:233.41M (Peak 233.41M) | Time:00:00.71 | Mem:0.00M, Peak:0.00M | Scene, ViewLayer | Synchronizing object | ENV_leaf_236
Fra:590 Mem:233.41M (Peak 233.41M) | Time:00:00.71 | Mem:0.00M, Peak:0.00M | Scene, ViewLayer | Synchronizing object | ENV_leaf_235
Fra:590 Mem:233.41M (Peak 233.41M) | Time:00:00.71 | Mem:0.00M, Peak:0.00M | Scene, ViewLayer | Synchronizing object | ENV_leaf_234
Fra:590 Mem:233.42M (Peak 233.42M) | Time:00:00.71 | Mem:0.00M, Peak:0.00M | Scene, ViewLayer | Synchronizing object | ENV_leaf_233
Fra:590 Mem:233.42M (Peak 233.42M) | Time:00:00.71 | Mem:0.00M, Peak:0.00M | Scene, ViewLayer | Synchronizing object | ENV_leaf_232
Fra:590 Mem:233.43M (Peak 233.43M) | Time:00:00.71 | Mem:0.00M, Peak:0.00M | Scene, ViewLayer | Synchronizing object | ENV_leaf_231
Fra:590 Mem:233.43M (Peak 233.43M) | Time:00:00.71 | Mem:0.00M, Peak:0.00M | Scene, ViewLayer | Synchronizing object | ENV_leaf_230
Fra:590 Mem:233.43M (Peak 233.43M) | Time:00:00.71 | Mem:0.00M, Peak:0.00M | Scene, ViewLayer | Synchronizing object | ENV_leaf_229
Fra:590 Mem:233.44M (Peak 233.44M) | Time:00:00.71 | Mem:0.00M, Peak:0.00M | Scene, ViewLayer | Synchronizing object | ENV_leaf_228
Fra:590 Mem:233.44M (Peak 233.44M) | Time:00:00.71 | Mem:0.00M, Peak:0.00M | Scene, ViewLayer | Synchronizing object | ENV_leaf_227
Fra:590 Mem:233.45M (Peak 233.45M) | Time:00:00.71 | Mem:0.00M, Peak:0.00M | Scene, ViewLayer | Synchronizing object | ENV_leaf_226
Fra:590 Mem:233.45M (Peak 233.45M) | Time:00:00.71 | Mem:0.00M, Peak:0.00M | Scene, ViewLayer | Synchronizing object | ENV_leaf_225
Fra:590 Mem:233.46M (Peak 233.46M) | Time:00:00.71 | Mem:0.00M, Peak:0.00M | Scene, ViewLayer | Synchronizing object | ENV_leaf_224
Fra:590 Mem:233.46M (Peak 233.46M) | Time:00:00.71 | Mem:0.00M, Peak:0.00M | Scene, ViewLayer | Synchronizing object | ENV_leaf_223
Fra:590 Mem:233.46M (Peak 233.46M) | Time:00:00.71 | Mem:0.00M, Peak:0.00M | Scene, ViewLayer | Synchronizing object | ENV_leaf_222
Fra:590 Mem:233.47M (Peak 233.47M) | Time:00:00.71 | Mem:0.00M, Peak:0.00M | Scene, ViewLayer | Synchronizing object | ENV_leaf_221
Fra:590 Mem:233.47M (Peak 233.47M) | Time:00:00.71 | Mem:0.00M, Peak:0.00M | Scene, ViewLayer | Synchronizing object | ENV_leaf_220
Fra:590 Mem:233.48M (Peak 233.48M) | Time:00:00.71 | Mem:0.00M, Peak:0.00M | Scene, ViewLayer | Synchronizing object | ENV_leaf_219
Fra:590 Mem:233.48M (Peak 233.48M) | Time:00:00.71 | Mem:0.00M, Peak:0.00M | Scene, ViewLayer | Synchronizing object | ENV_leaf_218
Fra:590 Mem:233.48M (Peak 233.48M) | Time:00:00.71 | Mem:0.00M, Peak:0.00M | Scene, ViewLayer | Synchronizing object | ENV_leaf_217
Fra:590 Mem:233.49M (Peak 233.49M) | Time:00:00.71 | Mem:0.00M, Peak:0.00M | Scene, ViewLayer | Synchronizing object | ENV_leaf_216
Fra:590 Mem:233.49M (Peak 233.49M) | Time:00:00.71 | Mem:0.00M, Peak:0.00M | Scene, ViewLayer | Synchronizing object | ENV_leaf_215
Fra:590 Mem:233.50M (Peak 233.50M) | Time:00:00.71 | Mem:0.00M, Peak:0.00M | Scene, ViewLayer | Synchronizing object | ENV_leaf_214
Fra:590 Mem:233.50M (Peak 233.50M) | Time:00:00.71 | Mem:0.00M, Peak:0.00M | Scene, ViewLayer | Synchronizing object | ENV_leaf_213
Fra:590 Mem:233.50M (Peak 233.50M) | Time:00:00.71 | Mem:0.00M, Peak:0.00M | Scene, ViewLayer | Synchronizing object | ENV_leaf_212
Fra:590 Mem:233.51M (Peak 233.51M) | Time:00:00.71 | Mem:0.00M, Peak:0.00M | Scene, ViewLayer | Synchronizing object | ENV_leaf_211
Fra:590 Mem:233.51M (Peak 233.51M) | Time:00:00.71 | Mem:0.00M, Peak:0.00M | Scene, ViewLayer | Synchronizing object | ENV_leaf_210
Fra:590 Mem:233.52M (Peak 233.52M) | Time:00:00.71 | Mem:0.00M, Peak:0.00M | Scene, ViewLayer | Synchronizing object | ENV_leaf_209
Fra:590 Mem:233.52M (Peak 233.52M) | Time:00:00.71 | Mem:0.00M, Peak:0.00M | Scene, ViewLayer | Synchronizing object | ENV_leaf_208
Fra:590 Mem:233.52M (Peak 233.52M) | Time:00:00.71 | Mem:0.00M, Peak:0.00M | Scene, ViewLayer | Synchronizing object | ENV_leaf_207
Fra:590 Mem:233.53M (Peak 233.53M) | Time:00:00.71 | Mem:0.00M, Peak:0.00M | Scene, ViewLayer | Synchronizing object | ENV_leaf_206
Fra:590 Mem:233.53M (Peak 233.53M) | Time:00:00.71 | Mem:0.00M, Peak:0.00M | Scene, ViewLayer | Synchronizing object | ENV_leaf_205
Fra:590 Mem:233.54M (Peak 233.54M) | Time:00:00.71 | Mem:0.00M, Peak:0.00M | Scene, ViewLayer | Synchronizing object | ENV_leaf_204
Fra:590 Mem:233.54M (Peak 233.54M) | Time:00:00.71 | Mem:0.00M, Peak:0.00M | Scene, ViewLayer | Synchronizing object | ENV_leaf_203
Fra:590 Mem:233.54M (Peak 233.54M) | Time:00:00.71 | Mem:0.00M, Peak:0.00M | Scene, ViewLayer | Synchronizing object | ENV_leaf_202
Fra:590 Mem:233.55M (Peak 233.55M) | Time:00:00.71 | Mem:0.00M, Peak:0.00M | Scene, ViewLayer | Synchronizing object | ENV_leaf_201
Fra:590 Mem:233.55M (Peak 233.55M) | Time:00:00.71 | Mem:0.00M, Peak:0.00M | Scene, ViewLayer | Synchronizing object | ENV_leaf_200
Fra:590 Mem:233.56M (Peak 233.56M) | Time:00:00.71 | Mem:0.00M, Peak:0.00M | Scene, ViewLayer | Synchronizing object | ENV_leaf_199
Fra:590 Mem:233.56M (Peak 233.56M) | Time:00:00.71 | Mem:0.00M, Peak:0.00M | Scene, ViewLayer | Synchronizing object | ENV_leaf_198
Fra:590 Mem:233.56M (Peak 233.56M) | Time:00:00.71 | Mem:0.00M, Peak:0.00M | Scene, ViewLayer | Synchronizing object | ENV_leaf_197
Fra:590 Mem:233.57M (Peak 233.57M) | Time:00:00.71 | Mem:0.00M, Peak:0.00M | Scene, ViewLayer | Synchronizing object | ENV_leaf_196
Fra:590 Mem:233.57M (Peak 233.57M) | Time:00:00.71 | Mem:0.00M, Peak:0.00M | Scene, ViewLayer | Synchronizing object | ENV_leaf_195
Fra:590 Mem:233.58M (Peak 233.58M) | Time:00:00.71 | Mem:0.00M, Peak:0.00M | Scene, ViewLayer | Synchronizing object | ENV_leaf_194
Fra:590 Mem:233.58M (Peak 233.58M) | Time:00:00.71 | Mem:0.00M, Peak:0.00M | Scene, ViewLayer | Synchronizing object | ENV_leaf_193
Fra:590 Mem:233.58M (Peak 233.58M) | Time:00:00.71 | Mem:0.00M, Peak:0.00M | Scene, ViewLayer | Synchronizing object | ENV_leaf_192
Fra:590 Mem:233.59M (Peak 233.59M) | Time:00:00.71 | Mem:0.00M, Peak:0.00M | Scene, ViewLayer | Synchronizing object | ENV_leaf_191
Fra:590 Mem:233.59M (Peak 233.59M) | Time:00:00.71 | Mem:0.00M, Peak:0.00M | Scene, ViewLayer | Synchronizing object | ENV_leaf_190
Fra:590 Mem:233.60M (Peak 233.60M) | Time:00:00.71 | Mem:0.00M, Peak:0.00M | Scene, ViewLayer | Synchronizing object | ENV_leaf_189
Fra:590 Mem:233.60M (Peak 233.60M) | Time:00:00.71 | Mem:0.00M, Peak:0.00M | Scene, ViewLayer | Synchronizing object | ENV_leaf_188
Fra:590 Mem:233.60M (Peak 233.60M) | Time:00:00.71 | Mem:0.00M, Peak:0.00M | Scene, ViewLayer | Synchronizing object | ENV_leaf_187
Fra:590 Mem:233.61M (Peak 233.61M) | Time:00:00.71 | Mem:0.00M, Peak:0.00M | Scene, ViewLayer | Synchronizing object | ENV_leaf_186
Fra:590 Mem:233.61M (Peak 233.61M) | Time:00:00.71 | Mem:0.00M, Peak:0.00M | Scene, ViewLayer | Synchronizing object | ENV_leaf_185
Fra:590 Mem:233.62M (Peak 233.62M) | Time:00:00.71 | Mem:0.00M, Peak:0.00M | Scene, ViewLayer | Synchronizing object | ENV_leaf_184
Fra:590 Mem:233.62M (Peak 233.62M) | Time:00:00.71 | Mem:0.00M, Peak:0.00M | Scene, ViewLayer | Synchronizing object | ENV_leaf_183
Fra:590 Mem:233.62M (Peak 233.62M) | Time:00:00.71 | Mem:0.00M, Peak:0.00M | Scene, ViewLayer | Synchronizing object | ENV_leaf_182
Fra:590 Mem:233.63M (Peak 233.63M) | Time:00:00.71 | Mem:0.00M, Peak:0.00M | Scene, ViewLayer | Synchronizing object | ENV_leaf_181
Fra:590 Mem:233.63M (Peak 233.63M) | Time:00:00.71 | Mem:0.00M, Peak:0.00M | Scene, ViewLayer | Synchronizing object | ENV_leaf_180
Fra:590 Mem:233.64M (Peak 233.64M) | Time:00:00.71 | Mem:0.00M, Peak:0.00M | Scene, ViewLayer | Synchronizing object | ENV_leaf_179
Fra:590 Mem:233.64M (Peak 233.64M) | Time:00:00.71 | Mem:0.00M, Peak:0.00M | Scene, ViewLayer | Synchronizing object | ENV_leaf_178
Fra:590 Mem:233.65M (Peak 233.65M) | Time:00:00.71 | Mem:0.00M, Peak:0.00M | Scene, ViewLayer | Synchronizing object | ENV_leaf_177
Fra:590 Mem:233.65M (Peak 233.65M) | Time:00:00.71 | Mem:0.00M, Peak:0.00M | Scene, ViewLayer | Synchronizing object | ENV_leaf_176
Fra:590 Mem:233.65M (Peak 233.65M) | Time:00:00.71 | Mem:0.00M, Peak:0.00M | Scene, ViewLayer | Synchronizing object | ENV_leaf_175
Fra:590 Mem:233.66M (Peak 233.66M) | Time:00:00.71 | Mem:0.00M, Peak:0.00M | Scene, ViewLayer | Synchronizing object | ENV_leaf_174
Fra:590 Mem:233.66M (Peak 233.66M) | Time:00:00.71 | Mem:0.00M, Peak:0.00M | Scene, ViewLayer | Synchronizing object | ENV_leaf_173
Fra:590 Mem:233.67M (Peak 233.67M) | Time:00:00.71 | Mem:0.00M, Peak:0.00M | Scene, ViewLayer | Synchronizing object | ENV_leaf_172
Fra:590 Mem:233.67M (Peak 233.67M) | Time:00:00.71 | Mem:0.00M, Peak:0.00M | Scene, ViewLayer | Synchronizing object | ENV_leaf_171
Fra:590 Mem:233.67M (Peak 233.67M) | Time:00:00.71 | Mem:0.00M, Peak:0.00M | Scene, ViewLayer | Synchronizing object | ENV_leaf_170
Fra:590 Mem:233.68M (Peak 233.68M) | Time:00:00.71 | Mem:0.00M, Peak:0.00M | Scene, ViewLayer | Synchronizing object | ENV_leaf_169
Fra:590 Mem:233.68M (Peak 233.68M) | Time:00:00.71 | Mem:0.00M, Peak:0.00M | Scene, ViewLayer | Synchronizing object | ENV_leaf_168
Fra:590 Mem:233.69M (Peak 233.69M) | Time:00:00.71 | Mem:0.00M, Peak:0.00M | Scene, ViewLayer | Synchronizing object | ENV_leaf_167
Fra:590 Mem:233.69M (Peak 233.69M) | Time:00:00.71 | Mem:0.00M, Peak:0.00M | Scene, ViewLayer | Synchronizing object | ENV_leaf_166
Fra:590 Mem:233.69M (Peak 233.69M) | Time:00:00.71 | Mem:0.00M, Peak:0.00M | Scene, ViewLayer | Synchronizing object | ENV_leaf_165
Fra:590 Mem:233.70M (Peak 233.70M) | Time:00:00.71 | Mem:0.00M, Peak:0.00M | Scene, ViewLayer | Synchronizing object | ENV_leaf_164
Fra:590 Mem:233.70M (Peak 233.70M) | Time:00:00.71 | Mem:0.00M, Peak:0.00M | Scene, ViewLayer | Synchronizing object | ENV_leaf_163
Fra:590 Mem:233.71M (Peak 233.71M) | Time:00:00.71 | Mem:0.00M, Peak:0.00M | Scene, ViewLayer | Synchronizing object | ENV_leaf_162
Fra:590 Mem:233.71M (Peak 233.71M) | Time:00:00.71 | Mem:0.00M, Peak:0.00M | Scene, ViewLayer | Synchronizing object | ENV_leaf_161
Fra:590 Mem:233.71M (Peak 233.71M) | Time:00:00.71 | Mem:0.00M, Peak:0.00M | Scene, ViewLayer | Synchronizing object | ENV_leaf_160
Fra:590 Mem:233.72M (Peak 233.72M) | Time:00:00.71 | Mem:0.00M, Peak:0.00M | Scene, ViewLayer | Synchronizing object | ENV_leaf_159
Fra:590 Mem:233.72M (Peak 233.72M) | Time:00:00.71 | Mem:0.00M, Peak:0.00M | Scene, ViewLayer | Synchronizing object | ENV_leaf_158
Fra:590 Mem:233.73M (Peak 233.73M) | Time:00:00.71 | Mem:0.00M, Peak:0.00M | Scene, ViewLayer | Synchronizing object | ENV_leaf_157
Fra:590 Mem:233.73M (Peak 233.73M) | Time:00:00.71 | Mem:0.00M, Peak:0.00M | Scene, ViewLayer | Synchronizing object | ENV_leaf_156
Fra:590 Mem:233.73M (Peak 233.73M) | Time:00:00.71 | Mem:0.00M, Peak:0.00M | Scene, ViewLayer | Synchronizing object | ENV_leaf_155
Fra:590 Mem:233.74M (Peak 233.74M) | Time:00:00.71 | Mem:0.00M, Peak:0.00M | Scene, ViewLayer | Synchronizing object | ENV_leaf_154
Fra:590 Mem:233.74M (Peak 233.74M) | Time:00:00.71 | Mem:0.00M, Peak:0.00M | Scene, ViewLayer | Synchronizing object | ENV_leaf_153
Fra:590 Mem:233.75M (Peak 233.75M) | Time:00:00.71 | Mem:0.00M, Peak:0.00M | Scene, ViewLayer | Synchronizing object | ENV_leaf_152
Fra:590 Mem:233.75M (Peak 233.75M) | Time:00:00.71 | Mem:0.00M, Peak:0.00M | Scene, ViewLayer | Synchronizing object | ENV_leaf_151
Fra:590 Mem:233.75M (Peak 233.75M) | Time:00:00.71 | Mem:0.00M, Peak:0.00M | Scene, ViewLayer | Synchronizing object | ENV_leaf_150
Fra:590 Mem:233.76M (Peak 233.76M) | Time:00:00.71 | Mem:0.00M, Peak:0.00M | Scene, ViewLayer | Synchronizing object | ENV_leaf_149
Fra:590 Mem:233.76M (Peak 233.76M) | Time:00:00.71 | Mem:0.00M, Peak:0.00M | Scene, ViewLayer | Synchronizing object | ENV_leaf_148
Fra:590 Mem:233.77M (Peak 233.77M) | Time:00:00.71 | Mem:0.00M, Peak:0.00M | Scene, ViewLayer | Synchronizing object | ENV_leaf_147
Fra:590 Mem:233.77M (Peak 233.77M) | Time:00:00.71 | Mem:0.00M, Peak:0.00M | Scene, ViewLayer | Synchronizing object | ENV_leaf_146
Fra:590 Mem:233.77M (Peak 233.77M) | Time:00:00.71 | Mem:0.00M, Peak:0.00M | Scene, ViewLayer | Synchronizing object | ENV_leaf_145
Fra:590 Mem:233.78M (Peak 233.78M) | Time:00:00.71 | Mem:0.00M, Peak:0.00M | Scene, ViewLayer | Synchronizing object | ENV_leaf_144
Fra:590 Mem:233.78M (Peak 233.78M) | Time:00:00.71 | Mem:0.00M, Peak:0.00M | Scene, ViewLayer | Synchronizing object | ENV_leaf_143
Fra:590 Mem:233.79M (Peak 233.79M) | Time:00:00.71 | Mem:0.00M, Peak:0.00M | Scene, ViewLayer | Synchronizing object | ENV_leaf_142
Fra:590 Mem:233.79M (Peak 233.79M) | Time:00:00.71 | Mem:0.00M, Peak:0.00M | Scene, ViewLayer | Synchronizing object | ENV_leaf_141
Fra:590 Mem:233.79M (Peak 233.79M) | Time:00:00.71 | Mem:0.00M, Peak:0.00M | Scene, ViewLayer | Synchronizing object | ENV_leaf_140
Fra:590 Mem:233.80M (Peak 233.80M) | Time:00:00.71 | Mem:0.00M, Peak:0.00M | Scene, ViewLayer | Synchronizing object | ENV_leaf_139
Fra:590 Mem:233.80M (Peak 233.80M) | Time:00:00.71 | Mem:0.00M, Peak:0.00M | Scene, ViewLayer | Synchronizing object | ENV_leaf_138
Fra:590 Mem:233.81M (Peak 233.81M) | Time:00:00.71 | Mem:0.00M, Peak:0.00M | Scene, ViewLayer | Synchronizing object | ENV_leaf_137
Fra:590 Mem:233.81M (Peak 233.81M) | Time:00:00.71 | Mem:0.00M, Peak:0.00M | Scene, ViewLayer | Synchronizing object | ENV_leaf_136
Fra:590 Mem:233.81M (Peak 233.81M) | Time:00:00.71 | Mem:0.00M, Peak:0.00M | Scene, ViewLayer | Synchronizing object | ENV_leaf_135
Fra:590 Mem:233.82M (Peak 233.82M) | Time:00:00.71 | Mem:0.00M, Peak:0.00M | Scene, ViewLayer | Synchronizing object | ENV_leaf_134
Fra:590 Mem:233.82M (Peak 233.82M) | Time:00:00.71 | Mem:0.00M, Peak:0.00M | Scene, ViewLayer | Synchronizing object | ENV_leaf_133
Fra:590 Mem:233.83M (Peak 233.83M) | Time:00:00.71 | Mem:0.00M, Peak:0.00M | Scene, ViewLayer | Synchronizing object | ENV_leaf_132
Fra:590 Mem:233.83M (Peak 233.83M) | Time:00:00.71 | Mem:0.00M, Peak:0.00M | Scene, ViewLayer | Synchronizing object | ENV_leaf_131
Fra:590 Mem:233.84M (Peak 233.84M) | Time:00:00.71 | Mem:0.00M, Peak:0.00M | Scene, ViewLayer | Synchronizing object | ENV_leaf_130
Fra:590 Mem:233.84M (Peak 233.84M) | Time:00:00.71 | Mem:0.00M, Peak:0.00M | Scene, ViewLayer | Synchronizing object | ENV_leaf_129
Fra:590 Mem:233.84M (Peak 233.84M) | Time:00:00.71 | Mem:0.00M, Peak:0.00M | Scene, ViewLayer | Synchronizing object | ENV_leaf_128
Fra:590 Mem:233.85M (Peak 233.85M) | Time:00:00.71 | Mem:0.00M, Peak:0.00M | Scene, ViewLayer | Synchronizing object | ENV_leaf_127
Fra:590 Mem:233.85M (Peak 233.85M) | Time:00:00.71 | Mem:0.00M, Peak:0.00M | Scene, ViewLayer | Synchronizing object | ENV_leaf_126
Fra:590 Mem:233.86M (Peak 233.86M) | Time:00:00.71 | Mem:0.00M, Peak:0.00M | Scene, ViewLayer | Synchronizing object | ENV_leaf_125
Fra:590 Mem:233.86M (Peak 233.86M) | Time:00:00.71 | Mem:0.00M, Peak:0.00M | Scene, ViewLayer | Synchronizing object | ENV_leaf_124
Fra:590 Mem:233.86M (Peak 233.86M) | Time:00:00.71 | Mem:0.00M, Peak:0.00M | Scene, ViewLayer | Synchronizing object | ENV_leaf_123
Fra:590 Mem:233.87M (Peak 233.87M) | Time:00:00.71 | Mem:0.00M, Peak:0.00M | Scene, ViewLayer | Synchronizing object | ENV_leaf_122
Fra:590 Mem:233.87M (Peak 233.87M) | Time:00:00.71 | Mem:0.00M, Peak:0.00M | Scene, ViewLayer | Synchronizing object | ENV_leaf_121
Fra:590 Mem:233.88M (Peak 233.88M) | Time:00:00.71 | Mem:0.00M, Peak:0.00M | Scene, ViewLayer | Synchronizing object | ENV_leaf_120
Fra:590 Mem:233.88M (Peak 233.88M) | Time:00:00.71 | Mem:0.00M, Peak:0.00M | Scene, ViewLayer | Synchronizing object | ENV_leaf_119
Fra:590 Mem:233.88M (Peak 233.88M) | Time:00:00.71 | Mem:0.00M, Peak:0.00M | Scene, ViewLayer | Synchronizing object | ENV_leaf_118
Fra:590 Mem:233.89M (Peak 233.89M) | Time:00:00.71 | Mem:0.00M, Peak:0.00M | Scene, ViewLayer | Synchronizing object | ENV_leaf_117
Fra:590 Mem:233.89M (Peak 233.89M) | Time:00:00.71 | Mem:0.00M, Peak:0.00M | Scene, ViewLayer | Synchronizing object | ENV_leaf_116
Fra:590 Mem:233.90M (Peak 233.90M) | Time:00:00.71 | Mem:0.00M, Peak:0.00M | Scene, ViewLayer | Synchronizing object | ENV_leaf_115
Fra:590 Mem:233.90M (Peak 233.90M) | Time:00:00.71 | Mem:0.00M, Peak:0.00M | Scene, ViewLayer | Synchronizing object | ENV_leaf_114
Fra:590 Mem:233.90M (Peak 233.90M) | Time:00:00.71 | Mem:0.00M, Peak:0.00M | Scene, ViewLayer | Synchronizing object | ENV_leaf_113
Fra:590 Mem:233.91M (Peak 233.91M) | Time:00:00.71 | Mem:0.00M, Peak:0.00M | Scene, ViewLayer | Synchronizing object | ENV_leaf_112
Fra:590 Mem:233.91M (Peak 233.91M) | Time:00:00.71 | Mem:0.00M, Peak:0.00M | Scene, ViewLayer | Synchronizing object | ENV_leaf_111
Fra:590 Mem:233.92M (Peak 233.92M) | Time:00:00.71 | Mem:0.00M, Peak:0.00M | Scene, ViewLayer | Synchronizing object | ENV_leaf_110
Fra:590 Mem:233.92M (Peak 233.92M) | Time:00:00.71 | Mem:0.00M, Peak:0.00M | Scene, ViewLayer | Synchronizing object | ENV_leaf_109
Fra:590 Mem:233.92M (Peak 233.92M) | Time:00:00.71 | Mem:0.00M, Peak:0.00M | Scene, ViewLayer | Synchronizing object | ENV_leaf_108
Fra:590 Mem:233.93M (Peak 233.93M) | Time:00:00.71 | Mem:0.00M, Peak:0.00M | Scene, ViewLayer | Synchronizing object | ENV_leaf_107
Fra:590 Mem:233.93M (Peak 233.93M) | Time:00:00.71 | Mem:0.00M, Peak:0.00M | Scene, ViewLayer | Synchronizing object | ENV_leaf_106
Fra:590 Mem:233.94M (Peak 233.94M) | Time:00:00.71 | Mem:0.00M, Peak:0.00M | Scene, ViewLayer | Synchronizing object | ENV_leaf_105
Fra:590 Mem:233.94M (Peak 233.94M) | Time:00:00.71 | Mem:0.00M, Peak:0.00M | Scene, ViewLayer | Synchronizing object | ENV_leaf_104
Fra:590 Mem:233.94M (Peak 233.94M) | Time:00:00.71 | Mem:0.00M, Peak:0.00M | Scene, ViewLayer | Synchronizing object | ENV_leaf_103
Fra:590 Mem:233.95M (Peak 233.95M) | Time:00:00.71 | Mem:0.00M, Peak:0.00M | Scene, ViewLayer | Synchronizing object | ENV_leaf_102
Fra:590 Mem:233.95M (Peak 233.95M) | Time:00:00.71 | Mem:0.00M, Peak:0.00M | Scene, ViewLayer | Synchronizing object | ENV_leaf_101
Fra:590 Mem:233.96M (Peak 233.96M) | Time:00:00.71 | Mem:0.00M, Peak:0.00M | Scene, ViewLayer | Synchronizing object | ENV_leaf_100
Fra:590 Mem:233.96M (Peak 233.96M) | Time:00:00.71 | Mem:0.00M, Peak:0.00M | Scene, ViewLayer | Synchronizing object | ENV_leaf_99
Fra:590 Mem:233.96M (Peak 233.96M) | Time:00:00.71 | Mem:0.00M, Peak:0.00M | Scene, ViewLayer | Synchronizing object | ENV_leaf_98
Fra:590 Mem:233.97M (Peak 233.97M) | Time:00:00.71 | Mem:0.00M, Peak:0.00M | Scene, ViewLayer | Synchronizing object | ENV_leaf_97
Fra:590 Mem:233.97M (Peak 233.97M) | Time:00:00.71 | Mem:0.00M, Peak:0.00M | Scene, ViewLayer | Synchronizing object | ENV_leaf_96
Fra:590 Mem:233.98M (Peak 233.98M) | Time:00:00.71 | Mem:0.00M, Peak:0.00M | Scene, ViewLayer | Synchronizing object | ENV_leaf_95
Fra:590 Mem:233.98M (Peak 233.98M) | Time:00:00.71 | Mem:0.00M, Peak:0.00M | Scene, ViewLayer | Synchronizing object | ENV_leaf_94
Fra:590 Mem:233.98M (Peak 233.98M) | Time:00:00.71 | Mem:0.00M, Peak:0.00M | Scene, ViewLayer | Synchronizing object | ENV_leaf_93
Fra:590 Mem:233.99M (Peak 233.99M) | Time:00:00.71 | Mem:0.00M, Peak:0.00M | Scene, ViewLayer | Synchronizing object | ENV_leaf_92
Fra:590 Mem:233.99M (Peak 233.99M) | Time:00:00.71 | Mem:0.00M, Peak:0.00M | Scene, ViewLayer | Synchronizing object | ENV_leaf_91
Fra:590 Mem:234.00M (Peak 234.00M) | Time:00:00.71 | Mem:0.00M, Peak:0.00M | Scene, ViewLayer | Synchronizing object | ENV_leaf_90
Fra:590 Mem:234.00M (Peak 234.00M) | Time:00:00.71 | Mem:0.00M, Peak:0.00M | Scene, ViewLayer | Synchronizing object | ENV_leaf_89
Fra:590 Mem:234.01M (Peak 234.01M) | Time:00:00.71 | Mem:0.00M, Peak:0.00M | Scene, ViewLayer | Synchronizing object | ENV_leaf_88
Fra:590 Mem:234.01M (Peak 234.01M) | Time:00:00.71 | Mem:0.00M, Peak:0.00M | Scene, ViewLayer | Synchronizing object | ENV_leaf_87
Fra:590 Mem:234.01M (Peak 234.01M) | Time:00:00.71 | Mem:0.00M, Peak:0.00M | Scene, ViewLayer | Synchronizing object | ENV_leaf_86
Fra:590 Mem:234.02M (Peak 234.02M) | Time:00:00.71 | Mem:0.00M, Peak:0.00M | Scene, ViewLayer | Synchronizing object | ENV_leaf_85
Fra:590 Mem:234.02M (Peak 234.02M) | Time:00:00.71 | Mem:0.00M, Peak:0.00M | Scene, ViewLayer | Synchronizing object | ENV_leaf_84
Fra:590 Mem:234.03M (Peak 234.03M) | Time:00:00.71 | Mem:0.00M, Peak:0.00M | Scene, ViewLayer | Synchronizing object | ENV_leaf_83
Fra:590 Mem:234.03M (Peak 234.03M) | Time:00:00.71 | Mem:0.00M, Peak:0.00M | Scene, ViewLayer | Synchronizing object | ENV_leaf_82
Fra:590 Mem:234.03M (Peak 234.03M) | Time:00:00.71 | Mem:0.00M, Peak:0.00M | Scene, ViewLayer | Synchronizing object | ENV_leaf_81
Fra:590 Mem:234.04M (Peak 234.04M) | Time:00:00.71 | Mem:0.00M, Peak:0.00M | Scene, ViewLayer | Synchronizing object | ENV_leaf_80
Fra:590 Mem:234.04M (Peak 234.04M) | Time:00:00.71 | Mem:0.00M, Peak:0.00M | Scene, ViewLayer | Synchronizing object | ENV_leaf_79
Fra:590 Mem:234.05M (Peak 234.05M) | Time:00:00.71 | Mem:0.00M, Peak:0.00M | Scene, ViewLayer | Synchronizing object | ENV_leaf_78
Fra:590 Mem:234.05M (Peak 234.05M) | Time:00:00.71 | Mem:0.00M, Peak:0.00M | Scene, ViewLayer | Synchronizing object | ENV_leaf_77
Fra:590 Mem:234.05M (Peak 234.05M) | Time:00:00.71 | Mem:0.00M, Peak:0.00M | Scene, ViewLayer | Synchronizing object | ENV_leaf_76
Fra:590 Mem:234.06M (Peak 234.06M) | Time:00:00.71 | Mem:0.00M, Peak:0.00M | Scene, ViewLayer | Synchronizing object | ENV_leaf_75
Fra:590 Mem:234.06M (Peak 234.06M) | Time:00:00.71 | Mem:0.00M, Peak:0.00M | Scene, ViewLayer | Synchronizing object | ENV_leaf_74
Fra:590 Mem:234.07M (Peak 234.07M) | Time:00:00.71 | Mem:0.00M, Peak:0.00M | Scene, ViewLayer | Synchronizing object | ENV_leaf_73
Fra:590 Mem:234.07M (Peak 234.07M) | Time:00:00.71 | Mem:0.00M, Peak:0.00M | Scene, ViewLayer | Synchronizing object | ENV_leaf_72
Fra:590 Mem:234.07M (Peak 234.07M) | Time:00:00.71 | Mem:0.00M, Peak:0.00M | Scene, ViewLayer | Synchronizing object | ENV_leaf_71
Fra:590 Mem:234.08M (Peak 234.08M) | Time:00:00.71 | Mem:0.00M, Peak:0.00M | Scene, ViewLayer | Synchronizing object | ENV_leaf_70
Fra:590 Mem:234.08M (Peak 234.08M) | Time:00:00.71 | Mem:0.00M, Peak:0.00M | Scene, ViewLayer | Synchronizing object | ENV_leaf_69
Fra:590 Mem:234.09M (Peak 234.09M) | Time:00:00.71 | Mem:0.00M, Peak:0.00M | Scene, ViewLayer | Synchronizing object | ENV_leaf_68
Fra:590 Mem:234.09M (Peak 234.09M) | Time:00:00.71 | Mem:0.00M, Peak:0.00M | Scene, ViewLayer | Synchronizing object | ENV_leaf_67
Fra:590 Mem:234.09M (Peak 234.09M) | Time:00:00.71 | Mem:0.00M, Peak:0.00M | Scene, ViewLayer | Synchronizing object | ENV_leaf_66
Fra:590 Mem:234.10M (Peak 234.10M) | Time:00:00.71 | Mem:0.00M, Peak:0.00M | Scene, ViewLayer | Synchronizing object | ENV_leaf_65
Fra:590 Mem:234.10M (Peak 234.10M) | Time:00:00.71 | Mem:0.00M, Peak:0.00M | Scene, ViewLayer | Synchronizing object | ENV_leaf_64
Fra:590 Mem:234.11M (Peak 234.11M) | Time:00:00.71 | Mem:0.00M, Peak:0.00M | Scene, ViewLayer | Synchronizing object | ENV_leaf_63
Fra:590 Mem:234.11M (Peak 234.11M) | Time:00:00.71 | Mem:0.00M, Peak:0.00M | Scene, ViewLayer | Synchronizing object | ENV_leaf_62
Fra:590 Mem:234.11M (Peak 234.11M) | Time:00:00.71 | Mem:0.00M, Peak:0.00M | Scene, ViewLayer | Synchronizing object | ENV_leaf_61
Fra:590 Mem:234.12M (Peak 234.12M) | Time:00:00.71 | Mem:0.00M, Peak:0.00M | Scene, ViewLayer | Synchronizing object | ENV_leaf_60
Fra:590 Mem:234.12M (Peak 234.12M) | Time:00:00.71 | Mem:0.00M, Peak:0.00M | Scene, ViewLayer | Synchronizing object | ENV_leaf_59
Fra:590 Mem:234.13M (Peak 234.13M) | Time:00:00.71 | Mem:0.00M, Peak:0.00M | Scene, ViewLayer | Synchronizing object | ENV_leaf_58
Fra:590 Mem:234.13M (Peak 234.13M) | Time:00:00.71 | Mem:0.00M, Peak:0.00M | Scene, ViewLayer | Synchronizing object | ENV_leaf_57
Fra:590 Mem:234.13M (Peak 234.13M) | Time:00:00.71 | Mem:0.00M, Peak:0.00M | Scene, ViewLayer | Synchronizing object | ENV_leaf_56
Fra:590 Mem:234.14M (Peak 234.14M) | Time:00:00.71 | Mem:0.00M, Peak:0.00M | Scene, ViewLayer | Synchronizing object | ENV_leaf_55
Fra:590 Mem:234.14M (Peak 234.14M) | Time:00:00.71 | Mem:0.00M, Peak:0.00M | Scene, ViewLayer | Synchronizing object | ENV_leaf_54
Fra:590 Mem:234.15M (Peak 234.15M) | Time:00:00.71 | Mem:0.00M, Peak:0.00M | Scene, ViewLayer | Synchronizing object | ENV_leaf_53
Fra:590 Mem:234.15M (Peak 234.15M) | Time:00:00.71 | Mem:0.00M, Peak:0.00M | Scene, ViewLayer | Synchronizing object | ENV_leaf_52
Fra:590 Mem:234.15M (Peak 234.15M) | Time:00:00.71 | Mem:0.00M, Peak:0.00M | Scene, ViewLayer | Synchronizing object | ENV_leaf_51
Fra:590 Mem:234.16M (Peak 234.16M) | Time:00:00.71 | Mem:0.00M, Peak:0.00M | Scene, ViewLayer | Synchronizing object | ENV_leaf_50
Fra:590 Mem:234.16M (Peak 234.16M) | Time:00:00.71 | Mem:0.00M, Peak:0.00M | Scene, ViewLayer | Synchronizing object | ENV_leaf_49
Fra:590 Mem:234.17M (Peak 234.17M) | Time:00:00.71 | Mem:0.00M, Peak:0.00M | Scene, ViewLayer | Synchronizing object | ENV_leaf_48
Fra:590 Mem:234.17M (Peak 234.17M) | Time:00:00.71 | Mem:0.00M, Peak:0.00M | Scene, ViewLayer | Synchronizing object | ENV_leaf_47
Fra:590 Mem:234.17M (Peak 234.17M) | Time:00:00.71 | Mem:0.00M, Peak:0.00M | Scene, ViewLayer | Synchronizing object | ENV_leaf_46
Fra:590 Mem:234.18M (Peak 234.18M) | Time:00:00.71 | Mem:0.00M, Peak:0.00M | Scene, ViewLayer | Synchronizing object | ENV_leaf_45
Fra:590 Mem:234.18M (Peak 234.18M) | Time:00:00.71 | Mem:0.00M, Peak:0.00M | Scene, ViewLayer | Synchronizing object | ENV_leaf_44
Fra:590 Mem:234.19M (Peak 234.19M) | Time:00:00.71 | Mem:0.00M, Peak:0.00M | Scene, ViewLayer | Synchronizing object | ENV_leaf_43
Fra:590 Mem:234.19M (Peak 234.19M) | Time:00:00.71 | Mem:0.00M, Peak:0.00M | Scene, ViewLayer | Synchronizing object | ENV_leaf_42
Fra:590 Mem:234.20M (Peak 234.20M) | Time:00:00.71 | Mem:0.00M, Peak:0.00M | Scene, ViewLayer | Synchronizing object | ENV_leaf_41
Fra:590 Mem:234.20M (Peak 234.20M) | Time:00:00.71 | Mem:0.00M, Peak:0.00M | Scene, ViewLayer | Synchronizing object | ENV_leaf_40
Fra:590 Mem:234.20M (Peak 234.20M) | Time:00:00.71 | Mem:0.00M, Peak:0.00M | Scene, ViewLayer | Synchronizing object | ENV_leaf_39
Fra:590 Mem:234.21M (Peak 234.21M) | Time:00:00.71 | Mem:0.00M, Peak:0.00M | Scene, ViewLayer | Synchronizing object | ENV_leaf_38
Fra:590 Mem:234.21M (Peak 234.21M) | Time:00:00.71 | Mem:0.00M, Peak:0.00M | Scene, ViewLayer | Synchronizing object | ENV_leaf_37
Fra:590 Mem:234.22M (Peak 234.22M) | Time:00:00.71 | Mem:0.00M, Peak:0.00M | Scene, ViewLayer | Synchronizing object | ENV_leaf_36
Fra:590 Mem:234.22M (Peak 234.22M) | Time:00:00.71 | Mem:0.00M, Peak:0.00M | Scene, ViewLayer | Synchronizing object | ENV_leaf_35
Fra:590 Mem:234.22M (Peak 234.22M) | Time:00:00.71 | Mem:0.00M, Peak:0.00M | Scene, ViewLayer | Synchronizing object | ENV_leaf_34
Fra:590 Mem:234.23M (Peak 234.23M) | Time:00:00.71 | Mem:0.00M, Peak:0.00M | Scene, ViewLayer | Synchronizing object | ENV_leaf_33
Fra:590 Mem:234.23M (Peak 234.23M) | Time:00:00.71 | Mem:0.00M, Peak:0.00M | Scene, ViewLayer | Synchronizing object | ENV_leaf_32
Fra:590 Mem:234.24M (Peak 234.24M) | Time:00:00.71 | Mem:0.00M, Peak:0.00M | Scene, ViewLayer | Synchronizing object | ENV_leaf_31
Fra:590 Mem:234.24M (Peak 234.24M) | Time:00:00.71 | Mem:0.00M, Peak:0.00M | Scene, ViewLayer | Synchronizing object | ENV_leaf_30
Fra:590 Mem:234.24M (Peak 234.24M) | Time:00:00.71 | Mem:0.00M, Peak:0.00M | Scene, ViewLayer | Synchronizing object | ENV_leaf_29
Fra:590 Mem:234.25M (Peak 234.25M) | Time:00:00.71 | Mem:0.00M, Peak:0.00M | Scene, ViewLayer | Synchronizing object | ENV_leaf_28
Fra:590 Mem:234.25M (Peak 234.25M) | Time:00:00.71 | Mem:0.00M, Peak:0.00M | Scene, ViewLayer | Synchronizing object | ENV_leaf_27
Fra:590 Mem:234.26M (Peak 234.26M) | Time:00:00.71 | Mem:0.00M, Peak:0.00M | Scene, ViewLayer | Synchronizing object | ENV_leaf_26
Fra:590 Mem:234.26M (Peak 234.26M) | Time:00:00.71 | Mem:0.00M, Peak:0.00M | Scene, ViewLayer | Synchronizing object | ENV_leaf_25
Fra:590 Mem:234.26M (Peak 234.26M) | Time:00:00.71 | Mem:0.00M, Peak:0.00M | Scene, ViewLayer | Synchronizing object | ENV_leaf_24
Fra:590 Mem:234.27M (Peak 234.27M) | Time:00:00.71 | Mem:0.00M, Peak:0.00M | Scene, ViewLayer | Synchronizing object | ENV_leaf_23
Fra:590 Mem:234.27M (Peak 234.27M) | Time:00:00.71 | Mem:0.00M, Peak:0.00M | Scene, ViewLayer | Synchronizing object | ENV_leaf_22
Fra:590 Mem:234.28M (Peak 234.28M) | Time:00:00.71 | Mem:0.00M, Peak:0.00M | Scene, ViewLayer | Synchronizing object | ENV_leaf_21
Fra:590 Mem:234.28M (Peak 234.28M) | Time:00:00.71 | Mem:0.00M, Peak:0.00M | Scene, ViewLayer | Synchronizing object | ENV_leaf_20
Fra:590 Mem:234.28M (Peak 234.28M) | Time:00:00.71 | Mem:0.00M, Peak:0.00M | Scene, ViewLayer | Synchronizing object | ENV_leaf_19
Fra:590 Mem:234.29M (Peak 234.29M) | Time:00:00.71 | Mem:0.00M, Peak:0.00M | Scene, ViewLayer | Synchronizing object | ENV_leaf_18
Fra:590 Mem:234.29M (Peak 234.29M) | Time:00:00.71 | Mem:0.00M, Peak:0.00M | Scene, ViewLayer | Synchronizing object | ENV_leaf_17
Fra:590 Mem:234.30M (Peak 234.30M) | Time:00:00.71 | Mem:0.00M, Peak:0.00M | Scene, ViewLayer | Synchronizing object | ENV_leaf_16
Fra:590 Mem:234.30M (Peak 234.30M) | Time:00:00.71 | Mem:0.00M, Peak:0.00M | Scene, ViewLayer | Synchronizing object | ENV_leaf_15
Fra:590 Mem:234.30M (Peak 234.30M) | Time:00:00.71 | Mem:0.00M, Peak:0.00M | Scene, ViewLayer | Synchronizing object | ENV_leaf_14
Fra:590 Mem:234.31M (Peak 234.31M) | Time:00:00.71 | Mem:0.00M, Peak:0.00M | Scene, ViewLayer | Synchronizing object | ENV_leaf_13
Fra:590 Mem:234.31M (Peak 234.31M) | Time:00:00.71 | Mem:0.00M, Peak:0.00M | Scene, ViewLayer | Synchronizing object | ENV_leaf_12
Fra:590 Mem:234.32M (Peak 234.32M) | Time:00:00.71 | Mem:0.00M, Peak:0.00M | Scene, ViewLayer | Synchronizing object | ENV_leaf_11
Fra:590 Mem:234.32M (Peak 234.32M) | Time:00:00.71 | Mem:0.00M, Peak:0.00M | Scene, ViewLayer | Synchronizing object | ENV_leaf_10
Fra:590 Mem:234.32M (Peak 234.32M) | Time:00:00.71 | Mem:0.00M, Peak:0.00M | Scene, ViewLayer | Synchronizing object | ENV_leaf_9
Fra:590 Mem:234.33M (Peak 234.33M) | Time:00:00.71 | Mem:0.00M, Peak:0.00M | Scene, ViewLayer | Synchronizing object | ENV_leaf_8
Fra:590 Mem:234.33M (Peak 234.33M) | Time:00:00.71 | Mem:0.00M, Peak:0.00M | Scene, ViewLayer | Synchronizing object | ENV_leaf_7
Fra:590 Mem:234.34M (Peak 234.34M) | Time:00:00.71 | Mem:0.00M, Peak:0.00M | Scene, ViewLayer | Synchronizing object | ENV_leaf_6
Fra:590 Mem:234.34M (Peak 234.34M) | Time:00:00.71 | Mem:0.00M, Peak:0.00M | Scene, ViewLayer | Synchronizing object | ENV_leaf_5
Fra:590 Mem:234.34M (Peak 234.34M) | Time:00:00.71 | Mem:0.00M, Peak:0.00M | Scene, ViewLayer | Synchronizing object | ENV_leaf_4
Fra:590 Mem:234.35M (Peak 234.35M) | Time:00:00.71 | Mem:0.00M, Peak:0.00M | Scene, ViewLayer | Synchronizing object | ENV_leaf_3
Fra:590 Mem:234.35M (Peak 234.35M) | Time:00:00.71 | Mem:0.00M, Peak:0.00M | Scene, ViewLayer | Synchronizing object | ENV_leaf_2
Fra:590 Mem:234.36M (Peak 234.36M) | Time:00:00.71 | Mem:0.00M, Peak:0.00M | Scene, ViewLayer | Synchronizing object | ENV_leaf_1
Fra:590 Mem:234.36M (Peak 234.36M) | Time:00:00.71 | Mem:0.00M, Peak:0.00M | Scene, ViewLayer | Synchronizing object | ENV_leaf_0
Fra:590 Mem:234.36M (Peak 234.36M) | Time:00:00.71 | Mem:0.00M, Peak:0.00M | Scene, ViewLayer | Synchronizing object | ENV_fern_77
Fra:590 Mem:235.01M (Peak 235.01M) | Time:00:00.71 | Mem:0.00M, Peak:0.00M | Scene, ViewLayer | Synchronizing object | ENV_fern_76
Fra:590 Mem:235.53M (Peak 235.53M) | Time:00:00.72 | Mem:0.00M, Peak:0.00M | Scene, ViewLayer | Synchronizing object | ENV_fern_75
Fra:590 Mem:235.93M (Peak 235.93M) | Time:00:00.72 | Mem:0.00M, Peak:0.00M | Scene, ViewLayer | Synchronizing object | ENV_fern_74
Fra:590 Mem:236.47M (Peak 236.47M) | Time:00:00.72 | Mem:0.00M, Peak:0.00M | Scene, ViewLayer | Synchronizing object | ENV_fern_50
Fra:590 Mem:237.11M (Peak 237.11M) | Time:00:00.72 | Mem:0.00M, Peak:0.00M | Scene, ViewLayer | Synchronizing object | ENV_fern_51
Fra:590 Mem:237.51M (Peak 237.51M) | Time:00:00.72 | Mem:0.00M, Peak:0.00M | Scene, ViewLayer | Synchronizing object | ENV_fern_52
Fra:590 Mem:238.03M (Peak 238.03M) | Time:00:00.72 | Mem:0.00M, Peak:0.00M | Scene, ViewLayer | Synchronizing object | ENV_fern_53
Fra:590 Mem:238.67M (Peak 238.67M) | Time:00:00.72 | Mem:0.00M, Peak:0.00M | Scene, ViewLayer | Synchronizing object | ENV_fern_54
Fra:590 Mem:239.07M (Peak 239.07M) | Time:00:00.72 | Mem:0.00M, Peak:0.00M | Scene, ViewLayer | Synchronizing object | ENV_fern_55
Fra:590 Mem:239.59M (Peak 239.59M) | Time:00:00.72 | Mem:0.00M, Peak:0.00M | Scene, ViewLayer | Synchronizing object | ENV_fern_56
Fra:590 Mem:240.23M (Peak 240.23M) | Time:00:00.72 | Mem:0.00M, Peak:0.00M | Scene, ViewLayer | Synchronizing object | ENV_fern_57
Fra:590 Mem:240.63M (Peak 240.63M) | Time:00:00.72 | Mem:0.00M, Peak:0.00M | Scene, ViewLayer | Synchronizing object | ENV_fern_58
Fra:590 Mem:241.15M (Peak 241.15M) | Time:00:00.72 | Mem:0.00M, Peak:0.00M | Scene, ViewLayer | Synchronizing object | ENV_fern_59
Fra:590 Mem:241.79M (Peak 241.79M) | Time:00:00.72 | Mem:0.00M, Peak:0.00M | Scene, ViewLayer | Synchronizing object | ENV_fern_60
Fra:590 Mem:242.31M (Peak 242.31M) | Time:00:00.73 | Mem:0.00M, Peak:0.00M | Scene, ViewLayer | Synchronizing object | ENV_fern_73
Fra:590 Mem:242.83M (Peak 242.83M) | Time:00:00.73 | Mem:0.00M, Peak:0.00M | Scene, ViewLayer | Synchronizing object | ENV_fern_72
Fra:590 Mem:243.23M (Peak 243.23M) | Time:00:00.73 | Mem:0.00M, Peak:0.00M | Scene, ViewLayer | Synchronizing object | ENV_fern_71
Fra:590 Mem:243.87M (Peak 243.87M) | Time:00:00.73 | Mem:0.00M, Peak:0.00M | Scene, ViewLayer | Synchronizing object | ENV_fern_70
Fra:590 Mem:244.39M (Peak 244.39M) | Time:00:00.73 | Mem:0.00M, Peak:0.00M | Scene, ViewLayer | Synchronizing object | ENV_fern_69
Fra:590 Mem:244.79M (Peak 244.79M) | Time:00:00.73 | Mem:0.00M, Peak:0.00M | Scene, ViewLayer | Synchronizing object | ENV_fern_68
Fra:590 Mem:245.43M (Peak 245.43M) | Time:00:00.73 | Mem:0.00M, Peak:0.00M | Scene, ViewLayer | Synchronizing object | ENV_fern_67
Fra:590 Mem:245.95M (Peak 245.95M) | Time:00:00.73 | Mem:0.00M, Peak:0.00M | Scene, ViewLayer | Synchronizing object | ENV_fern_66
Fra:590 Mem:246.35M (Peak 246.35M) | Time:00:00.73 | Mem:0.00M, Peak:0.00M | Scene, ViewLayer | Synchronizing object | ENV_fern_65
Fra:590 Mem:246.99M (Peak 246.99M) | Time:00:00.73 | Mem:0.00M, Peak:0.00M | Scene, ViewLayer | Synchronizing object | ENV_fern_64
Fra:590 Mem:247.51M (Peak 247.51M) | Time:00:00.73 | Mem:0.00M, Peak:0.00M | Scene, ViewLayer | Synchronizing object | ENV_fern_63
Fra:590 Mem:247.92M (Peak 247.92M) | Time:00:00.73 | Mem:0.00M, Peak:0.00M | Scene, ViewLayer | Synchronizing object | ENV_fern_61
Fra:590 Mem:248.44M (Peak 248.44M) | Time:00:00.73 | Mem:0.00M, Peak:0.00M | Scene, ViewLayer | Synchronizing object | ENV_fern_62
Fra:590 Mem:249.14M (Peak 249.14M) | Time:00:00.73 | Mem:0.00M, Peak:0.00M | Scene, ViewLayer | Initializing
Fra:590 Mem:125.41M (Peak 249.14M) | Time:00:00.77 | Mem:0.00M, Peak:0.00M | Scene, ViewLayer | Waiting for render to start
Fra:590 Mem:125.41M (Peak 249.14M) | Time:00:00.77 | Mem:0.00M, Peak:0.00M | Scene, ViewLayer | Updating Scene
Fra:590 Mem:125.41M (Peak 249.14M) | Time:00:00.77 | Mem:0.00M, Peak:0.00M | Scene, ViewLayer | Updating Shaders
Fra:590 Mem:125.42M (Peak 249.14M) | Time:00:00.78 | Mem:0.00M, Peak:0.00M | Scene, ViewLayer | Loading render kernels (may take a few minutes the first time)
Fra:590 Mem:125.54M (Peak 249.14M) | Time:00:00.78 | Mem:0.05M, Peak:0.05M | Scene, ViewLayer | Updating Procedurals
Fra:590 Mem:125.54M (Peak 249.14M) | Time:00:00.78 | Mem:0.05M, Peak:0.05M | Scene, ViewLayer | Updating Background
Fra:590 Mem:125.54M (Peak 249.14M) | Time:00:00.78 | Mem:0.05M, Peak:0.05M | Scene, ViewLayer | Updating Camera
Fra:590 Mem:125.54M (Peak 249.14M) | Time:00:00.78 | Mem:0.05M, Peak:0.05M | Scene, ViewLayer | Updating Meshes Flags
Fra:590 Mem:125.54M (Peak 249.14M) | Time:00:00.78 | Mem:0.05M, Peak:0.05M | Scene, ViewLayer | Updating Objects
Fra:590 Mem:125.54M (Peak 249.14M) | Time:00:00.78 | Mem:0.05M, Peak:0.05M | Scene, ViewLayer | Updating Objects | Copying Transformations to device
Fra:590 Mem:126.08M (Peak 249.14M) | Time:00:00.78 | Mem:0.57M, Peak:0.57M | Scene, ViewLayer | Updating Particle Systems
Fra:590 Mem:126.08M (Peak 249.14M) | Time:00:00.78 | Mem:0.57M, Peak:0.57M | Scene, ViewLayer | Updating Particle Systems | Copying Particles to device
Fra:590 Mem:126.08M (Peak 249.14M) | Time:00:00.78 | Mem:0.57M, Peak:0.57M | Scene, ViewLayer | Updating Meshes
Fra:590 Mem:126.08M (Peak 249.14M) | Time:00:00.78 | Mem:0.57M, Peak:0.57M | Scene, ViewLayer | Updating Objects | Applying Static Transformations
Fra:590 Mem:126.08M (Peak 249.14M) | Time:00:00.78 | Mem:0.57M, Peak:0.57M | Scene, ViewLayer | Updating Mesh | Computing attributes
Fra:590 Mem:134.17M (Peak 249.14M) | Time:00:00.78 | Mem:0.65M, Peak:0.65M | Scene, ViewLayer | Updating Mesh | Copying Attributes to device
Fra:590 Mem:133.94M (Peak 249.14M) | Time:00:00.79 | Mem:8.43M, Peak:8.43M | Scene, ViewLayer | Updating Geometry BVH ROCK_SMALL.001 5/4 | Building BVH
Fra:590 Mem:133.94M (Peak 249.14M) | Time:00:00.79 | Mem:8.43M, Peak:8.43M | Scene, ViewLayer | Updating Geometry BVH ROCK_SMALL.001 5/4 | Building BVH 0%
Fra:590 Mem:133.94M (Peak 249.14M) | Time:00:00.79 | Mem:8.44M, Peak:8.45M | Scene, ViewLayer | Updating Geometry BVH MOSS_PATCH_B.001 4/4 | Building BVH
Fra:590 Mem:133.94M (Peak 249.14M) | Time:00:00.79 | Mem:8.46M, Peak:8.46M | Scene, ViewLayer | Updating Geometry BVH MOSS_PATCH_A.001 3/4 | Building BVH
Fra:590 Mem:133.94M (Peak 249.14M) | Time:00:00.79 | Mem:8.47M, Peak:8.48M | Scene, ViewLayer | Updating Geometry BVH FX_010_dot_src 2/4 | Building BVH
Fra:590 Mem:133.94M (Peak 249.14M) | Time:00:00.79 | Mem:8.48M, Peak:8.48M | Scene, ViewLayer | Updating Scene BVH | Building
Fra:590 Mem:133.97M (Peak 249.14M) | Time:00:00.79 | Mem:8.48M, Peak:8.48M | Scene, ViewLayer | Updating Scene BVH | Building BVH
Fra:590 Mem:133.97M (Peak 249.14M) | Time:00:01.04 | Mem:68.54M, Peak:68.54M | Scene, ViewLayer | Updating Scene BVH | Building BVH 33%
Fra:590 Mem:133.97M (Peak 249.14M) | Time:00:01.29 | Mem:106.54M, Peak:106.54M | Scene, ViewLayer | Updating Scene BVH | Building BVH 87%
Fra:590 Mem:133.97M (Peak 249.14M) | Time:00:01.34 | Mem:80.79M, Peak:116.54M | Scene, ViewLayer | Updating Scene BVH | Copying BVH to device
Fra:590 Mem:133.97M (Peak 249.14M) | Time:00:01.34 | Mem:80.79M, Peak:116.54M | Scene, ViewLayer | Updating Mesh | Computing normals
Fra:590 Mem:167.35M (Peak 249.14M) | Time:00:01.35 | Mem:80.79M, Peak:116.54M | Scene, ViewLayer | Updating Mesh | Copying Mesh to device
Fra:590 Mem:167.35M (Peak 249.14M) | Time:00:01.35 | Mem:114.16M, Peak:116.54M | Scene, ViewLayer | Updating Objects Flags
Fra:590 Mem:167.35M (Peak 249.14M) | Time:00:01.35 | Mem:114.18M, Peak:116.54M | Scene, ViewLayer | Updating Primitive Offsets
Fra:590 Mem:167.36M (Peak 249.14M) | Time:00:01.35 | Mem:114.19M, Peak:116.54M | Scene, ViewLayer | Updating Images
Fra:590 Mem:167.36M (Peak 249.14M) | Time:00:01.35 | Mem:114.19M, Peak:116.54M | Scene, ViewLayer | Updating Camera Volume
Fra:590 Mem:167.36M (Peak 249.14M) | Time:00:01.35 | Mem:114.19M, Peak:116.54M | Scene, ViewLayer | Updating Lookup Tables
Fra:590 Mem:167.36M (Peak 249.14M) | Time:00:01.35 | Mem:114.27M, Peak:116.54M | Scene, ViewLayer | Updating Lights
Fra:590 Mem:167.36M (Peak 249.14M) | Time:00:01.35 | Mem:114.27M, Peak:116.54M | Scene, ViewLayer | Updating Lights | Computing tree
Fra:590 Mem:168.09M (Peak 249.14M) | Time:00:01.37 | Mem:115.00M, Peak:116.54M | Scene, ViewLayer | Updating Integrator
Fra:590 Mem:168.09M (Peak 249.14M) | Time:00:01.37 | Mem:115.00M, Peak:116.54M | Scene, ViewLayer | Updating Film
Fra:590 Mem:168.09M (Peak 249.14M) | Time:00:01.37 | Mem:114.92M, Peak:116.54M | Scene, ViewLayer | Updating Lookup Tables
Fra:590 Mem:168.09M (Peak 249.14M) | Time:00:01.37 | Mem:115.00M, Peak:116.54M | Scene, ViewLayer | Updating Baking
Fra:590 Mem:168.09M (Peak 249.14M) | Time:00:01.37 | Mem:115.00M, Peak:116.54M | Scene, ViewLayer | Updating Device | Writing constant memory
Fra:590 Mem:168.13M (Peak 249.14M) | Time:00:01.37 | Mem:115.00M, Peak:116.54M | Scene, ViewLayer | Loading denoising kernels (may take a few minutes the first time)
Fra:590 Mem:168.13M (Peak 249.14M) | Time:00:01.37 | Mem:115.00M, Peak:116.54M | Scene, ViewLayer | Sample 0/64
Fra:590 Mem:318.44M (Peak 318.44M) | Time:00:36.30 | Remaining:36:40.14 | Mem:265.30M, Peak:265.30M | Scene, ViewLayer | Sample 1/64
Fra:590 Mem:318.44M (Peak 318.44M) | Time:01:11.34 | Remaining:36:09.01 | Mem:265.30M, Peak:265.30M | Scene, ViewLayer | Sample 2/64
Fra:590 Mem:318.44M (Peak 318.44M) | Time:01:46.44 | Remaining:35:36.27 | Mem:265.30M, Peak:265.30M | Scene, ViewLayer | Sample 3/64
Fra:590 Mem:318.44M (Peak 318.44M) | Time:02:20.43 | Remaining:34:45.76 | Mem:265.30M, Peak:265.30M | Scene, ViewLayer | Sample 4/64
Fra:590 Mem:318.44M (Peak 318.44M) | Time:02:53.48 | Remaining:33:50.90 | Mem:265.30M, Peak:265.30M | Scene, ViewLayer | Sample 5/64
Fra:590 Mem:318.44M (Peak 318.44M) | Time:03:27.15 | Remaining:33:09.14 | Mem:265.30M, Peak:265.30M | Scene, ViewLayer | Sample 6/64
Fra:590 Mem:318.44M (Peak 318.44M) | Time:04:01.73 | Remaining:32:37.17 | Mem:265.30M, Peak:265.30M | Scene, ViewLayer | Sample 7/64
Fra:590 Mem:318.44M (Peak 318.44M) | Time:04:36.23 | Remaining:32:03.99 | Mem:265.30M, Peak:265.30M | Scene, ViewLayer | Sample 8/64
Fra:590 Mem:318.44M (Peak 318.44M) | Time:05:10.15 | Remaining:31:26.93 | Mem:265.30M, Peak:265.30M | Scene, ViewLayer | Sample 9/64
Fra:590 Mem:318.44M (Peak 318.44M) | Time:05:44.76 | Remaining:30:54.30 | Mem:265.30M, Peak:265.30M | Scene, ViewLayer | Sample 10/64
Fra:590 Mem:318.44M (Peak 318.44M) | Time:06:19.45 | Remaining:30:21.61 | Mem:265.30M, Peak:265.30M | Scene, ViewLayer | Sample 11/64
Fra:590 Mem:318.44M (Peak 318.44M) | Time:06:53.86 | Remaining:29:47.45 | Mem:265.30M, Peak:265.30M | Scene, ViewLayer | Sample 12/64
Fra:590 Mem:318.44M (Peak 318.44M) | Time:07:27.41 | Remaining:29:09.84 | Mem:265.30M, Peak:265.30M | Scene, ViewLayer | Sample 13/64
Fra:590 Mem:318.44M (Peak 318.44M) | Time:08:03.19 | Remaining:28:40.78 | Mem:265.30M, Peak:265.30M | Scene, ViewLayer | Sample 14/64
Fra:590 Mem:318.44M (Peak 318.44M) | Time:08:38.61 | Remaining:28:09.62 | Mem:265.30M, Peak:265.30M | Scene, ViewLayer | Sample 15/64
Fra:590 Mem:318.44M (Peak 318.44M) | Time:09:13.50 | Remaining:27:36.37 | Mem:265.30M, Peak:265.30M | Scene, ViewLayer | Sample 16/64
Fra:590 Mem:318.44M (Peak 318.44M) | Time:09:48.38 | Remaining:27:02.89 | Mem:265.30M, Peak:265.30M | Scene, ViewLayer | Sample 17/64
Fra:590 Mem:318.44M (Peak 318.44M) | Time:10:22.47 | Remaining:26:27.25 | Mem:265.30M, Peak:265.30M | Scene, ViewLayer | Sample 18/64
Fra:590 Mem:318.44M (Peak 318.44M) | Time:10:56.19 | Remaining:25:50.87 | Mem:265.30M, Peak:265.30M | Scene, ViewLayer | Sample 19/64
Fra:590 Mem:318.44M (Peak 318.44M) | Time:11:29.22 | Remaining:25:13.25 | Mem:265.30M, Peak:265.30M | Scene, ViewLayer | Sample 20/64
Fra:590 Mem:318.44M (Peak 318.44M) | Time:12:04.49 | Remaining:24:40.66 | Mem:265.30M, Peak:265.30M | Scene, ViewLayer | Sample 21/64
Fra:590 Mem:318.44M (Peak 318.44M) | Time:12:38.92 | Remaining:24:06.21 | Mem:265.30M, Peak:265.30M | Scene, ViewLayer | Sample 22/64
Fra:590 Mem:318.44M (Peak 318.44M) | Time:13:13.25 | Remaining:23:31.60 | Mem:265.30M, Peak:265.30M | Scene, ViewLayer | Sample 23/64
Fra:590 Mem:318.44M (Peak 318.44M) | Time:13:46.99 | Remaining:22:56.01 | Mem:265.30M, Peak:265.30M | Scene, ViewLayer | Sample 24/64
Fra:590 Mem:318.44M (Peak 318.44M) | Time:14:21.05 | Remaining:22:21.08 | Mem:265.30M, Peak:265.30M | Scene, ViewLayer | Sample 25/64
Fra:590 Mem:318.44M (Peak 318.44M) | Time:14:54.74 | Remaining:21:45.69 | Mem:265.30M, Peak:265.30M | Scene, ViewLayer | Sample 26/64
Fra:590 Mem:318.44M (Peak 318.44M) | Time:15:29.18 | Remaining:21:11.44 | Mem:265.30M, Peak:265.30M | Scene, ViewLayer | Sample 27/64
Fra:590 Mem:318.44M (Peak 318.44M) | Time:16:02.41 | Remaining:20:35.62 | Mem:265.30M, Peak:265.30M | Scene, ViewLayer | Sample 28/64
Fra:590 Mem:318.44M (Peak 318.44M) | Time:16:36.15 | Remaining:20:00.59 | Mem:265.30M, Peak:265.30M | Scene, ViewLayer | Sample 29/64
Fra:590 Mem:318.44M (Peak 318.44M) | Time:17:09.38 | Remaining:19:25.07 | Mem:265.30M, Peak:265.30M | Scene, ViewLayer | Sample 30/64
Fra:590 Mem:318.44M (Peak 318.44M) | Time:17:43.86 | Remaining:18:51.03 | Mem:265.30M, Peak:265.30M | Scene, ViewLayer | Sample 31/64
Fra:590 Mem:318.44M (Peak 318.44M) | Time:18:18.68 | Remaining:18:17.30 | Mem:265.30M, Peak:265.30M | Scene, ViewLayer | Sample 32/64
Fra:590 Mem:318.44M (Peak 318.44M) | Time:18:53.36 | Remaining:17:43.38 | Mem:265.30M, Peak:265.30M | Scene, ViewLayer | Sample 33/64
Fra:590 Mem:318.44M (Peak 318.44M) | Time:19:27.88 | Remaining:17:09.26 | Mem:265.30M, Peak:265.30M | Scene, ViewLayer | Sample 34/64
Fra:590 Mem:318.44M (Peak 318.44M) | Time:20:02.05 | Remaining:16:34.84 | Mem:265.30M, Peak:265.30M | Scene, ViewLayer | Sample 35/64
Fra:590 Mem:318.44M (Peak 318.44M) | Time:20:37.09 | Remaining:16:01.11 | Mem:265.30M, Peak:265.30M | Scene, ViewLayer | Sample 36/64
Fra:590 Mem:318.44M (Peak 318.44M) | Time:21:12.38 | Remaining:15:27.48 | Mem:265.30M, Peak:265.30M | Scene, ViewLayer | Sample 37/64
Fra:590 Mem:318.44M (Peak 318.44M) | Time:21:46.71 | Remaining:14:53.12 | Mem:265.30M, Peak:265.30M | Scene, ViewLayer | Sample 38/64
Fra:590 Mem:318.44M (Peak 318.44M) | Time:22:21.83 | Remaining:14:19.26 | Mem:265.30M, Peak:265.30M | Scene, ViewLayer | Sample 39/64
Fra:590 Mem:318.44M (Peak 318.44M) | Time:22:57.67 | Remaining:13:45.77 | Mem:265.30M, Peak:265.30M | Scene, ViewLayer | Sample 40/64
Fra:590 Mem:318.44M (Peak 318.44M) | Time:23:32.96 | Remaining:13:11.86 | Mem:265.30M, Peak:265.30M | Scene, ViewLayer | Sample 41/64
Fra:590 Mem:318.44M (Peak 318.44M) | Time:24:09.65 | Remaining:12:38.62 | Mem:265.30M, Peak:265.30M | Scene, ViewLayer | Sample 42/64
Fra:590 Mem:318.44M (Peak 318.44M) | Time:24:45.39 | Remaining:12:04.75 | Mem:265.30M, Peak:265.30M | Scene, ViewLayer | Sample 43/64
Fra:590 Mem:318.44M (Peak 318.44M) | Time:25:20.86 | Remaining:11:30.67 | Mem:265.30M, Peak:265.30M | Scene, ViewLayer | Sample 44/64
Fra:590 Mem:318.44M (Peak 318.44M) | Time:25:55.62 | Remaining:10:56.23 | Mem:265.30M, Peak:265.30M | Scene, ViewLayer | Sample 45/64
Fra:590 Mem:318.44M (Peak 318.44M) | Time:26:30.98 | Remaining:10:22.02 | Mem:265.30M, Peak:265.30M | Scene, ViewLayer | Sample 46/64
Fra:590 Mem:318.44M (Peak 318.44M) | Time:27:06.48 | Remaining:09:47.80 | Mem:265.30M, Peak:265.30M | Scene, ViewLayer | Sample 47/64
Fra:590 Mem:318.44M (Peak 318.44M) | Time:27:40.49 | Remaining:09:13.03 | Mem:265.30M, Peak:265.30M | Scene, ViewLayer | Sample 48/64
Fra:590 Mem:318.44M (Peak 318.44M) | Time:28:15.67 | Remaining:08:38.66 | Mem:265.30M, Peak:265.30M | Scene, ViewLayer | Sample 49/64
Fra:590 Mem:318.44M (Peak 318.44M) | Time:28:50.10 | Remaining:08:04.04 | Mem:265.30M, Peak:265.30M | Scene, ViewLayer | Sample 50/64
Fra:590 Mem:318.44M (Peak 318.44M) | Time:29:26.40 | Remaining:07:29.90 | Mem:265.30M, Peak:265.30M | Scene, ViewLayer | Sample 51/64
Fra:590 Mem:318.44M (Peak 318.44M) | Time:30:01.44 | Remaining:06:55.40 | Mem:265.30M, Peak:265.30M | Scene, ViewLayer | Sample 52/64
Fra:590 Mem:318.44M (Peak 318.44M) | Time:30:37.85 | Remaining:06:21.15 | Mem:265.30M, Peak:265.30M | Scene, ViewLayer | Sample 53/64
Fra:590 Mem:318.44M (Peak 318.44M) | Time:31:08.73 | Remaining:05:45.80 | Mem:265.30M, Peak:265.30M | Scene, ViewLayer | Sample 54/64
Fra:590 Mem:318.44M (Peak 318.44M) | Time:31:25.82 | Remaining:05:08.36 | Mem:265.30M, Peak:265.30M | Scene, ViewLayer | Sample 55/64
Fra:590 Mem:318.44M (Peak 318.44M) | Time:31:42.82 | Remaining:04:31.63 | Mem:265.30M, Peak:265.30M | Scene, ViewLayer | Sample 56/64
Fra:590 Mem:318.44M (Peak 318.44M) | Time:32:00.46 | Remaining:03:55.67 | Mem:265.30M, Peak:265.30M | Scene, ViewLayer | Sample 57/64
Fra:590 Mem:318.44M (Peak 318.44M) | Time:32:24.11 | Remaining:03:20.97 | Mem:265.30M, Peak:265.30M | Scene, ViewLayer | Sample 58/64
Fra:590 Mem:318.44M (Peak 318.44M) | Time:32:58.50 | Remaining:02:47.55 | Mem:265.30M, Peak:265.30M | Scene, ViewLayer | Sample 59/64
Fra:590 Mem:318.44M (Peak 318.44M) | Time:33:32.86 | Remaining:02:14.09 | Mem:265.30M, Peak:265.30M | Scene, ViewLayer | Sample 60/64
Fra:590 Mem:318.44M (Peak 318.44M) | Time:34:07.11 | Remaining:01:40.60 | Mem:265.30M, Peak:265.30M | Scene, ViewLayer | Sample 61/64
