Read blend: "/home/user/liuflexrobo/GLIMMER/blend/final/GLIMMER_master.blend"
Fra:590 Mem:135.06M (Peak 135.06M) | Time:00:00.27 | Mem:0.00M, Peak:0.00M | Scene, ViewLayer | Synchronizing object | FX_010_swarm
Fra:590 Mem:135.07M (Peak 135.07M) | Time:00:00.28 | Mem:0.00M, Peak:0.00M | Scene, ViewLayer | Synchronizing object | FX_001_abdomen
Fra:590 Mem:135.09M (Peak 135.09M) | Time:00:00.28 | Mem:0.00M, Peak:0.00M | Scene, ViewLayer | Synchronizing object | FX_001_body
Fra:590 Mem:135.11M (Peak 135.11M) | Time:00:00.28 | Mem:0.00M, Peak:0.00M | Scene, ViewLayer | Synchronizing object | FX_001_wing_L
Fra:590 Mem:135.11M (Peak 135.11M) | Time:00:00.28 | Mem:0.00M, Peak:0.00M | Scene, ViewLayer | Synchronizing object | FX_001_wing_R
Fra:590 Mem:135.11M (Peak 135.11M) | Time:00:00.28 | Mem:0.00M, Peak:0.00M | Scene, ViewLayer | Synchronizing object | FX_010_dot_src
Fra:590 Mem:135.12M (Peak 135.12M) | Time:00:00.28 | Mem:0.00M, Peak:0.00M | Scene, ViewLayer | Synchronizing object | FX_010_swarm
Fra:590 Mem:134.92M (Peak 135.12M) | Time:00:00.28 | Mem:0.00M, Peak:0.00M | Scene, ViewLayer | Synchronizing object | LIGHT_ff_practical
Fra:590 Mem:134.92M (Peak 135.12M) | Time:00:00.28 | Mem:0.00M, Peak:0.00M | Scene, ViewLayer | Synchronizing object | LIGHT_sun
Fra:590 Mem:134.92M (Peak 135.12M) | Time:00:00.28 | Mem:0.00M, Peak:0.00M | Scene, ViewLayer | Synchronizing object | LIGHT_moon
Fra:590 Mem:134.92M (Peak 135.12M) | Time:00:00.29 | Mem:0.00M, Peak:0.00M | Scene, ViewLayer | Synchronizing object | LIGHT_shaft_0
Fra:590 Mem:134.92M (Peak 135.12M) | Time:00:00.29 | Mem:0.00M, Peak:0.00M | Scene, ViewLayer | Synchronizing object | LIGHT_shaft_1
Fra:590 Mem:134.92M (Peak 135.12M) | Time:00:00.29 | Mem:0.00M, Peak:0.00M | Scene, ViewLayer | Synchronizing object | LIGHT_char_fill
Fra:590 Mem:134.92M (Peak 135.12M) | Time:00:00.29 | Mem:0.00M, Peak:0.00M | Scene, ViewLayer | Synchronizing object | LIGHT_night_rim
Fra:590 Mem:134.92M (Peak 135.12M) | Time:00:00.29 | Mem:0.00M, Peak:0.00M | Scene, ViewLayer | Synchronizing object | LIGHT_night_fill
Fra:590 Mem:134.92M (Peak 135.12M) | Time:00:00.29 | Mem:0.00M, Peak:0.00M | Scene, ViewLayer | Synchronizing object | LIGHT_robot_key
Fra:590 Mem:135.69M (Peak 135.69M) | Time:00:00.32 | Mem:0.00M, Peak:0.00M | Scene, ViewLayer | Synchronizing object | CHAR_001_antenna
Fra:590 Mem:136.07M (Peak 136.07M) | Time:00:00.33 | Mem:0.00M, Peak:0.00M | Scene, ViewLayer | Synchronizing object | CHAR_001_head
Fra:590 Mem:138.88M (Peak 138.88M) | Time:00:00.34 | Mem:0.00M, Peak:0.00M | Scene, ViewLayer | Synchronizing object | TWIG_A
Fra:590 Mem:138.92M (Peak 138.92M) | Time:00:00.34 | Mem:0.00M, Peak:0.00M | Scene, ViewLayer | Synchronizing object | TWIG_B
Fra:590 Mem:139.21M (Peak 139.21M) | Time:00:00.35 | Mem:0.00M, Peak:0.00M | Scene, ViewLayer | Synchronizing object | CHAR_001_head_hatch
Fra:590 Mem:139.23M (Peak 139.23M) | Time:00:00.35 | Mem:0.00M, Peak:0.00M | Scene, ViewLayer | Synchronizing object | CHAR_001_head_seam
Fra:590 Mem:139.23M (Peak 139.23M) | Time:00:00.35 | Mem:0.00M, Peak:0.00M | Scene, ViewLayer | Synchronizing object | CHAR_001_eye_rim_L
Fra:590 Mem:139.25M (Peak 139.25M) | Time:00:00.35 | Mem:0.00M, Peak:0.00M | Scene, ViewLayer | Synchronizing object | CHAR_001_eye_L
Fra:590 Mem:139.30M (Peak 139.30M) | Time:00:00.35 | Mem:0.00M, Peak:0.00M | Scene, ViewLayer | Synchronizing object | CHAR_001_iris_L
Fra:590 Mem:139.32M (Peak 139.32M) | Time:00:00.35 | Mem:0.00M, Peak:0.00M | Scene, ViewLayer | Synchronizing object | CHAR_001_eye_rim_R
Fra:590 Mem:139.34M (Peak 139.34M) | Time:00:00.35 | Mem:0.00M, Peak:0.00M | Scene, ViewLayer | Synchronizing object | CHAR_001_eye_R
Fra:590 Mem:139.39M (Peak 139.39M) | Time:00:00.35 | Mem:0.00M, Peak:0.00M | Scene, ViewLayer | Synchronizing object | CHAR_001_iris_R
Fra:590 Mem:139.41M (Peak 139.41M) | Time:00:00.35 | Mem:0.00M, Peak:0.00M | Scene, ViewLayer | Synchronizing object | CHAR_001_antenna_tip
Fra:590 Mem:139.42M (Peak 139.42M) | Time:00:00.35 | Mem:0.00M, Peak:0.00M | Scene, ViewLayer | Synchronizing object | CHAR_001_torso
Fra:590 Mem:139.43M (Peak 139.43M) | Time:00:00.35 | Mem:0.00M, Peak:0.00M | Scene, ViewLayer | Synchronizing object | CHAR_001_torso_panel
Fra:590 Mem:139.45M (Peak 139.45M) | Time:00:00.35 | Mem:0.00M, Peak:0.00M | Scene, ViewLayer | Synchronizing object | CHAR_001_rivets
Fra:590 Mem:139.49M (Peak 139.49M) | Time:00:00.35 | Mem:0.00M, Peak:0.00M | Scene, ViewLayer | Synchronizing object | CHAR_001_vents
Fra:590 Mem:139.50M (Peak 139.50M) | Time:00:00.35 | Mem:0.00M, Peak:0.00M | Scene, ViewLayer | Synchronizing object | CHAR_001_neck
Fra:590 Mem:139.50M (Peak 139.50M) | Time:00:00.35 | Mem:0.00M, Peak:0.00M | Scene, ViewLayer | Synchronizing object | CHAR_001_shoulder_L
Fra:590 Mem:139.53M (Peak 139.53M) | Time:00:00.35 | Mem:0.00M, Peak:0.00M | Scene, ViewLayer | Synchronizing object | CHAR_001_upperarm_L
Fra:590 Mem:139.55M (Peak 139.55M) | Time:00:00.35 | Mem:0.00M, Peak:0.00M | Scene, ViewLayer | Synchronizing object | CHAR_001_forearm_L
Fra:590 Mem:139.55M (Peak 139.55M) | Time:00:00.35 | Mem:0.00M, Peak:0.00M | Scene, ViewLayer | Synchronizing object | CHAR_001_hand_L
Fra:590 Mem:139.62M (Peak 139.62M) | Time:00:00.35 | Mem:0.00M, Peak:0.00M | Scene, ViewLayer | Synchronizing object | CHAR_001_shoulder_R
Fra:590 Mem:139.65M (Peak 139.65M) | Time:00:00.35 | Mem:0.00M, Peak:0.00M | Scene, ViewLayer | Synchronizing object | CHAR_001_upperarm_R
Fra:590 Mem:139.66M (Peak 139.66M) | Time:00:00.35 | Mem:0.00M, Peak:0.00M | Scene, ViewLayer | Synchronizing object | CHAR_001_forearm_R
Fra:590 Mem:139.67M (Peak 139.67M) | Time:00:00.35 | Mem:0.00M, Peak:0.00M | Scene, ViewLayer | Synchronizing object | CHAR_001_hand_R
Fra:590 Mem:139.72M (Peak 139.72M) | Time:00:00.35 | Mem:0.00M, Peak:0.00M | Scene, ViewLayer | Synchronizing object | CHAR_001_finger_R_index
Fra:590 Mem:139.75M (Peak 139.75M) | Time:00:00.35 | Mem:0.00M, Peak:0.00M | Scene, ViewLayer | Synchronizing object | CHAR_001_chassis
Fra:590 Mem:139.76M (Peak 139.76M) | Time:00:00.35 | Mem:0.00M, Peak:0.00M | Scene, ViewLayer | Synchronizing object | CHAR_001_track_plates_L
Fra:590 Mem:139.80M (Peak 139.80M) | Time:00:00.35 | Mem:0.00M, Peak:0.00M | Scene, ViewLayer | Synchronizing object | CHAR_001_wheel_L_0
Fra:590 Mem:139.81M (Peak 139.81M) | Time:00:00.35 | Mem:0.00M, Peak:0.00M | Scene, ViewLayer | Synchronizing object | CHAR_001_wheel_L_1
Fra:590 Mem:139.82M (Peak 139.82M) | Time:00:00.35 | Mem:0.00M, Peak:0.00M | Scene, ViewLayer | Synchronizing object | CHAR_001_wheel_L_2
Fra:590 Mem:139.83M (Peak 139.83M) | Time:00:00.35 | Mem:0.00M, Peak:0.00M | Scene, ViewLayer | Synchronizing object | CHAR_001_wheel_L_3
Fra:590 Mem:139.83M (Peak 139.83M) | Time:00:00.35 | Mem:0.00M, Peak:0.00M | Scene, ViewLayer | Synchronizing object | CHAR_001_wheel_L_4
Fra:590 Mem:139.84M (Peak 139.84M) | Time:00:00.35 | Mem:0.00M, Peak:0.00M | Scene, ViewLayer | Synchronizing object | CHAR_001_fender_L
Fra:590 Mem:139.85M (Peak 139.85M) | Time:00:00.35 | Mem:0.00M, Peak:0.00M | Scene, ViewLayer | Synchronizing object | CHAR_001_track_plates_R
Fra:590 Mem:139.90M (Peak 139.90M) | Time:00:00.35 | Mem:0.00M, Peak:0.00M | Scene, ViewLayer | Synchronizing object | CHAR_001_wheel_R_0
Fra:590 Mem:139.90M (Peak 139.90M) | Time:00:00.35 | Mem:0.00M, Peak:0.00M | Scene, ViewLayer | Synchronizing object | CHAR_001_wheel_R_1
Fra:590 Mem:139.91M (Peak 139.91M) | Time:00:00.35 | Mem:0.00M, Peak:0.00M | Scene, ViewLayer | Synchronizing object | CHAR_001_wheel_R_2
Fra:590 Mem:139.92M (Peak 139.92M) | Time:00:00.35 | Mem:0.00M, Peak:0.00M | Scene, ViewLayer | Synchronizing object | CHAR_001_wheel_R_3
Fra:590 Mem:139.93M (Peak 139.93M) | Time:00:00.35 | Mem:0.00M, Peak:0.00M | Scene, ViewLayer | Synchronizing object | CHAR_001_wheel_R_4
Fra:590 Mem:139.94M (Peak 139.94M) | Time:00:00.35 | Mem:0.00M, Peak:0.00M | Scene, ViewLayer | Synchronizing object | CHAR_001_fender_R
Fra:590 Mem:139.94M (Peak 139.94M) | Time:00:00.35 | Mem:0.00M, Peak:0.00M | Scene, ViewLayer | Synchronizing object | TREE_TRUNK_A
Fra:590 Mem:141.30M (Peak 141.87M) | Time:00:00.36 | Mem:0.00M, Peak:0.00M | Scene, ViewLayer | Synchronizing object | TREE_TRUNK_B
Fra:590 Mem:141.77M (Peak 142.34M) | Time:00:00.36 | Mem:0.00M, Peak:0.00M | Scene, ViewLayer | Synchronizing object | TREE_TRUNK_C
Fra:590 Mem:142.23M (Peak 142.80M) | Time:00:00.36 | Mem:0.00M, Peak:0.00M | Scene, ViewLayer | Synchronizing object | ROOT_A
Fra:590 Mem:142.25M (Peak 142.80M) | Time:00:00.36 | Mem:0.00M, Peak:0.00M | Scene, ViewLayer | Synchronizing object | ROOT_B
Fra:590 Mem:142.27M (Peak 142.80M) | Time:00:00.36 | Mem:0.00M, Peak:0.00M | Scene, ViewLayer | Synchronizing object | ROOT_C
Fra:590 Mem:142.30M (Peak 142.80M) | Time:00:00.37 | Mem:0.00M, Peak:0.00M | Scene, ViewLayer | Synchronizing object | FALLEN_LOG_HERO
Fra:590 Mem:142.41M (Peak 142.80M) | Time:00:00.37 | Mem:0.00M, Peak:0.00M | Scene, ViewLayer | Synchronizing object | FERN_A
Fra:590 Mem:142.81M (Peak 142.81M) | Time:00:00.37 | Mem:0.00M, Peak:0.00M | Scene, ViewLayer | Synchronizing object | FERN_B
Fra:590 Mem:143.33M (Peak 143.33M) | Time:00:00.37 | Mem:0.00M, Peak:0.00M | Scene, ViewLayer | Synchronizing object | FERN_C
Fra:590 Mem:144.86M (Peak 144.86M) | Time:00:00.38 | Mem:0.00M, Peak:0.00M | Scene, ViewLayer | Synchronizing object | MOSS_PATCH_A
Fra:590 Mem:144.87M (Peak 144.87M) | Time:00:00.38 | Mem:0.00M, Peak:0.00M | Scene, ViewLayer | Synchronizing object | MOSS_PATCH_B
Fra:590 Mem:144.89M (Peak 144.89M) | Time:00:00.38 | Mem:0.00M, Peak:0.00M | Scene, ViewLayer | Synchronizing object | GROUND_LEAF_A
Fra:590 Mem:144.89M (Peak 144.89M) | Time:00:00.38 | Mem:0.00M, Peak:0.00M | Scene, ViewLayer | Synchronizing object | GROUND_LEAF_B
Fra:590 Mem:144.90M (Peak 144.90M) | Time:00:00.38 | Mem:0.00M, Peak:0.00M | Scene, ViewLayer | Synchronizing object | GROUND_LEAF_C
Fra:590 Mem:144.90M (Peak 144.90M) | Time:00:00.38 | Mem:0.00M, Peak:0.00M | Scene, ViewLayer | Synchronizing object | ROCK_SMALL
Fra:590 Mem:144.91M (Peak 144.91M) | Time:00:00.38 | Mem:0.00M, Peak:0.00M | Scene, ViewLayer | Synchronizing object | BACKGROUND_TREE
Fra:590 Mem:145.49M (Peak 145.49M) | Time:00:00.38 | Mem:0.00M, Peak:0.00M | Scene, ViewLayer | Synchronizing object | ENV_ground
Fra:590 Mem:146.51M (Peak 146.51M) | Time:00:00.38 | Mem:0.00M, Peak:0.00M | Scene, ViewLayer | Synchronizing object | ENV_hero_tree
Fra:590 Mem:146.97M (Peak 147.54M) | Time:00:00.38 | Mem:0.00M, Peak:0.00M | Scene, ViewLayer | Synchronizing object | ENV_root_0
Fra:590 Mem:146.99M (Peak 147.54M) | Time:00:00.38 | Mem:0.00M, Peak:0.00M | Scene, ViewLayer | Synchronizing object | ENV_root_1
Fra:590 Mem:147.00M (Peak 147.54M) | Time:00:00.38 | Mem:0.00M, Peak:0.00M | Scene, ViewLayer | Synchronizing object | ENV_root_2
Fra:590 Mem:147.01M (Peak 147.54M) | Time:00:00.38 | Mem:0.00M, Peak:0.00M | Scene, ViewLayer | Synchronizing object | ENV_root_3
Fra:590 Mem:147.03M (Peak 147.54M) | Time:00:00.38 | Mem:0.00M, Peak:0.00M | Scene, ViewLayer | Synchronizing object | ENV_root_4
Fra:590 Mem:147.04M (Peak 147.54M) | Time:00:00.38 | Mem:0.00M, Peak:0.00M | Scene, ViewLayer | Synchronizing object | ENV_root_5
Fra:590 Mem:147.06M (Peak 147.54M) | Time:00:00.38 | Mem:0.00M, Peak:0.00M | Scene, ViewLayer | Synchronizing object | ENV_fallen_log
Fra:590 Mem:148.32M (Peak 148.32M) | Time:00:00.39 | Mem:0.00M, Peak:0.00M | Scene, ViewLayer | Synchronizing object | ENV_midtree_0
Fra:590 Mem:148.78M (Peak 149.35M) | Time:00:00.39 | Mem:0.00M, Peak:0.00M | Scene, ViewLayer | Synchronizing object | ENV_midtree_1
Fra:590 Mem:149.25M (Peak 149.82M) | Time:00:00.39 | Mem:0.00M, Peak:0.00M | Scene, ViewLayer | Synchronizing object | ENV_midtree_2
Fra:590 Mem:149.71M (Peak 150.28M) | Time:00:00.40 | Mem:0.00M, Peak:0.00M | Scene, ViewLayer | Synchronizing object | ENV_midtree_3
Fra:590 Mem:151.07M (Peak 151.07M) | Time:00:00.41 | Mem:0.00M, Peak:0.00M | Scene, ViewLayer | Synchronizing object | ENV_midtree_4
Fra:590 Mem:151.53M (Peak 152.10M) | Time:00:00.41 | Mem:0.00M, Peak:0.00M | Scene, ViewLayer | Synchronizing object | ENV_midtree_5
Fra:590 Mem:152.00M (Peak 152.57M) | Time:00:00.41 | Mem:0.00M, Peak:0.00M | Scene, ViewLayer | Synchronizing object | ENV_bgtree_0
Fra:590 Mem:152.58M (Peak 152.58M) | Time:00:00.41 | Mem:0.00M, Peak:0.00M | Scene, ViewLayer | Synchronizing object | ENV_bgtree_1
Fra:590 Mem:153.16M (Peak 153.16M) | Time:00:00.41 | Mem:0.00M, Peak:0.00M | Scene, ViewLayer | Synchronizing object | ENV_bgtree_2
Fra:590 Mem:153.74M (Peak 153.74M) | Time:00:00.41 | Mem:0.00M, Peak:0.00M | Scene, ViewLayer | Synchronizing object | ENV_bgtree_3
Fra:590 Mem:155.51M (Peak 155.51M) | Time:00:00.42 | Mem:0.00M, Peak:0.00M | Scene, ViewLayer | Synchronizing object | ENV_bgtree_4
Fra:590 Mem:156.09M (Peak 156.09M) | Time:00:00.42 | Mem:0.00M, Peak:0.00M | Scene, ViewLayer | Synchronizing object | ENV_bgtree_5
Fra:590 Mem:156.67M (Peak 156.67M) | Time:00:00.43 | Mem:0.00M, Peak:0.00M | Scene, ViewLayer | Synchronizing object | ENV_bgtree_6
Fra:590 Mem:157.26M (Peak 157.26M) | Time:00:00.43 | Mem:0.00M, Peak:0.00M | Scene, ViewLayer | Synchronizing object | ENV_bgtree_7
Fra:590 Mem:157.84M (Peak 157.84M) | Time:00:00.43 | Mem:0.00M, Peak:0.00M | Scene, ViewLayer | Synchronizing object | ENV_bgtree_8
Fra:590 Mem:158.42M (Peak 158.42M) | Time:00:00.43 | Mem:0.00M, Peak:0.00M | Scene, ViewLayer | Synchronizing object | ENV_bgtree_9
Fra:590 Mem:160.19M (Peak 160.19M) | Time:00:00.44 | Mem:0.00M, Peak:0.00M | Scene, ViewLayer | Synchronizing object | ENV_bgtree_10
Fra:590 Mem:160.77M (Peak 160.77M) | Time:00:00.44 | Mem:0.00M, Peak:0.00M | Scene, ViewLayer | Synchronizing object | ENV_bgtree_11
Fra:590 Mem:161.35M (Peak 161.35M) | Time:00:00.44 | Mem:0.00M, Peak:0.00M | Scene, ViewLayer | Synchronizing object | ENV_bgtree_12
Fra:590 Mem:161.93M (Peak 161.93M) | Time:00:00.44 | Mem:0.00M, Peak:0.00M | Scene, ViewLayer | Synchronizing object | ENV_bgtree_13
Fra:590 Mem:163.40M (Peak 163.40M) | Time:00:00.45 | Mem:0.00M, Peak:0.00M | Scene, ViewLayer | Synchronizing object | ENV_bgtree_14
Fra:590 Mem:163.98M (Peak 163.98M) | Time:00:00.45 | Mem:0.00M, Peak:0.00M | Scene, ViewLayer | Synchronizing object | ENV_bgtree_15
Fra:590 Mem:164.57M (Peak 164.57M) | Time:00:00.45 | Mem:0.00M, Peak:0.00M | Scene, ViewLayer | Synchronizing object | ENV_bgtree_16
Fra:590 Mem:166.02M (Peak 166.02M) | Time:00:00.47 | Mem:0.00M, Peak:0.00M | Scene, ViewLayer | Synchronizing object | ENV_bgtree_17
Fra:590 Mem:166.60M (Peak 166.60M) | Time:00:00.47 | Mem:0.00M, Peak:0.00M | Scene, ViewLayer | Synchronizing object | ENV_bgtree_18
Fra:590 Mem:167.18M (Peak 167.18M) | Time:00:00.47 | Mem:0.00M, Peak:0.00M | Scene, ViewLayer | Synchronizing object | ENV_bgtree_19
Fra:590 Mem:167.77M (Peak 167.77M) | Time:00:00.47 | Mem:0.00M, Peak:0.00M | Scene, ViewLayer | Synchronizing object | ENV_bgtree_20
Fra:590 Mem:169.55M (Peak 169.55M) | Time:00:00.48 | Mem:0.00M, Peak:0.00M | Scene, ViewLayer | Synchronizing object | ENV_bgtree_21
Fra:590 Mem:170.13M (Peak 170.13M) | Time:00:00.48 | Mem:0.00M, Peak:0.00M | Scene, ViewLayer | Synchronizing object | ENV_bgtree_22
Fra:590 Mem:170.71M (Peak 170.71M) | Time:00:00.49 | Mem:0.00M, Peak:0.00M | Scene, ViewLayer | Synchronizing object | ENV_bgtree_23
Fra:590 Mem:171.89M (Peak 171.89M) | Time:00:00.49 | Mem:0.00M, Peak:0.00M | Scene, ViewLayer | Synchronizing object | ENV_bgtree_24
Fra:590 Mem:172.47M (Peak 172.47M) | Time:00:00.50 | Mem:0.00M, Peak:0.00M | Scene, ViewLayer | Synchronizing object | ENV_bgtree_25
Fra:590 Mem:173.46M (Peak 173.46M) | Time:00:00.50 | Mem:0.00M, Peak:0.00M | Scene, ViewLayer | Synchronizing object | ENV_bgtree_26
Fra:590 Mem:174.04M (Peak 174.04M) | Time:00:00.50 | Mem:0.00M, Peak:0.00M | Scene, ViewLayer | Synchronizing object | ENV_bgtree_27
Fra:590 Mem:175.09M (Peak 175.09M) | Time:00:00.51 | Mem:0.00M, Peak:0.00M | Scene, ViewLayer | Synchronizing object | ENV_bgtree_28
Fra:590 Mem:175.68M (Peak 175.68M) | Time:00:00.51 | Mem:0.00M, Peak:0.00M | Scene, ViewLayer | Synchronizing object | ENV_bgtree_29
Fra:590 Mem:177.16M (Peak 177.16M) | Time:00:00.52 | Mem:0.00M, Peak:0.00M | Scene, ViewLayer | Synchronizing object | ENV_bgtree_30
Fra:590 Mem:177.74M (Peak 177.74M) | Time:00:00.52 | Mem:0.00M, Peak:0.00M | Scene, ViewLayer | Synchronizing object | ENV_bgtree_31
Fra:590 Mem:178.33M (Peak 178.33M) | Time:00:00.53 | Mem:0.00M, Peak:0.00M | Scene, ViewLayer | Synchronizing object | ENV_bgtree_32
Fra:590 Mem:179.80M (Peak 179.80M) | Time:00:00.53 | Mem:0.00M, Peak:0.00M | Scene, ViewLayer | Synchronizing object | ENV_bgtree_33
Fra:590 Mem:180.38M (Peak 180.38M) | Time:00:00.54 | Mem:0.00M, Peak:0.00M | Scene, ViewLayer | Synchronizing object | ENV_bgtree_34
Fra:590 Mem:181.85M (Peak 181.85M) | Time:00:00.55 | Mem:0.00M, Peak:0.00M | Scene, ViewLayer | Synchronizing object | ENV_bgtree_35
Fra:590 Mem:182.44M (Peak 182.44M) | Time:00:00.55 | Mem:0.00M, Peak:0.00M | Scene, ViewLayer | Synchronizing object | ENV_bgtree_36
Fra:590 Mem:183.02M (Peak 183.02M) | Time:00:00.55 | Mem:0.00M, Peak:0.00M | Scene, ViewLayer | Synchronizing object | ENV_bgtree_37
Fra:590 Mem:184.19M (Peak 184.19M) | Time:00:00.56 | Mem:0.00M, Peak:0.00M | Scene, ViewLayer | Synchronizing object | ENV_bgtree_38
Fra:590 Mem:184.77M (Peak 184.77M) | Time:00:00.56 | Mem:0.00M, Peak:0.00M | Scene, ViewLayer | Synchronizing object | ENV_bgtree_39
Fra:590 Mem:186.24M (Peak 186.24M) | Time:00:00.57 | Mem:0.00M, Peak:0.00M | Scene, ViewLayer | Synchronizing object | ENV_bgtree_40
Fra:590 Mem:186.82M (Peak 186.82M) | Time:00:00.57 | Mem:0.00M, Peak:0.00M | Scene, ViewLayer | Synchronizing object | ENV_bgtree_41
Fra:590 Mem:187.41M (Peak 187.41M) | Time:00:00.57 | Mem:0.00M, Peak:0.00M | Scene, ViewLayer | Synchronizing object | ENV_bgtree_42
Fra:590 Mem:187.99M (Peak 187.99M) | Time:00:00.57 | Mem:0.00M, Peak:0.00M | Scene, ViewLayer | Synchronizing object | ENV_bgtree_43
Fra:590 Mem:189.76M (Peak 189.76M) | Time:00:00.59 | Mem:0.00M, Peak:0.00M | Scene, ViewLayer | Synchronizing object | ENV_bgtree_44
Fra:590 Mem:190.34M (Peak 190.34M) | Time:00:00.59 | Mem:0.00M, Peak:0.00M | Scene, ViewLayer | Synchronizing object | ENV_bgtree_45
Fra:590 Mem:190.92M (Peak 190.92M) | Time:00:00.59 | Mem:0.00M, Peak:0.00M | Scene, ViewLayer | Synchronizing object | ENV_bgtree_46
Fra:590 Mem:192.10M (Peak 192.10M) | Time:00:00.60 | Mem:0.00M, Peak:0.00M | Scene, ViewLayer | Synchronizing object | ENV_bgtree_47
Fra:590 Mem:192.68M (Peak 192.68M) | Time:00:00.60 | Mem:0.00M, Peak:0.00M | Scene, ViewLayer | Synchronizing object | ENV_bgtree_48
Fra:590 Mem:194.15M (Peak 194.15M) | Time:00:00.61 | Mem:0.00M, Peak:0.00M | Scene, ViewLayer | Synchronizing object | ENV_bgtree_49
Fra:590 Mem:194.73M (Peak 194.73M) | Time:00:00.61 | Mem:0.00M, Peak:0.00M | Scene, ViewLayer | Synchronizing object | ENV_bgtree_50
Fra:590 Mem:195.31M (Peak 195.31M) | Time:00:00.61 | Mem:0.00M, Peak:0.00M | Scene, ViewLayer | Synchronizing object | ENV_bgtree_51
Fra:590 Mem:195.88M (Peak 195.88M) | Time:00:00.62 | Mem:0.00M, Peak:0.00M | Scene, ViewLayer | Synchronizing object | ENV_bgtree_52
Fra:590 Mem:197.66M (Peak 197.66M) | Time:00:00.63 | Mem:0.00M, Peak:0.00M | Scene, ViewLayer | Synchronizing object | ENV_bgtree_53
Fra:590 Mem:198.24M (Peak 198.24M) | Time:00:00.63 | Mem:0.00M, Peak:0.00M | Scene, ViewLayer | Synchronizing object | ENV_bgtree_54
Fra:590 Mem:198.82M (Peak 198.82M) | Time:00:00.63 | Mem:0.00M, Peak:0.00M | Scene, ViewLayer | Synchronizing object | ENV_bgtree_55
Fra:590 Mem:200.29M (Peak 200.29M) | Time:00:00.65 | Mem:0.00M, Peak:0.00M | Scene, ViewLayer | Synchronizing object | ENV_bgtree_56
Fra:590 Mem:200.88M (Peak 200.88M) | Time:00:00.65 | Mem:0.00M, Peak:0.00M | Scene, ViewLayer | Synchronizing object | ENV_bgtree_57
Fra:590 Mem:201.46M (Peak 201.46M) | Time:00:00.65 | Mem:0.00M, Peak:0.00M | Scene, ViewLayer | Synchronizing object | ENV_bgtree_58
Fra:590 Mem:202.04M (Peak 202.04M) | Time:00:00.65 | Mem:0.00M, Peak:0.00M | Scene, ViewLayer | Synchronizing object | ENV_bgtree_59
Fra:590 Mem:202.62M (Peak 202.62M) | Time:00:00.65 | Mem:0.00M, Peak:0.00M | Scene, ViewLayer | Synchronizing object | ENV_fern_0
Fra:590 Mem:203.02M (Peak 203.02M) | Time:00:00.65 | Mem:0.00M, Peak:0.00M | Scene, ViewLayer | Synchronizing object | ENV_fern_1
Fra:590 Mem:203.54M (Peak 203.54M) | Time:00:00.65 | Mem:0.00M, Peak:0.00M | Scene, ViewLayer | Synchronizing object | ENV_fern_2
Fra:590 Mem:204.18M (Peak 204.18M) | Time:00:00.66 | Mem:0.00M, Peak:0.00M | Scene, ViewLayer | Synchronizing object | ENV_fern_3
Fra:590 Mem:204.58M (Peak 204.58M) | Time:00:00.66 | Mem:0.00M, Peak:0.00M | Scene, ViewLayer | Synchronizing object | ENV_fern_4
Fra:590 Mem:205.10M (Peak 205.10M) | Time:00:00.66 | Mem:0.00M, Peak:0.00M | Scene, ViewLayer | Synchronizing object | ENV_fern_5
Fra:590 Mem:205.74M (Peak 205.74M) | Time:00:00.66 | Mem:0.00M, Peak:0.00M | Scene, ViewLayer | Synchronizing object | ENV_fern_6
Fra:590 Mem:206.35M (Peak 206.35M) | Time:00:00.67 | Mem:0.00M, Peak:0.00M | Scene, ViewLayer | Synchronizing object | ENV_fern_7
Fra:590 Mem:206.87M (Peak 206.87M) | Time:00:00.67 | Mem:0.00M, Peak:0.00M | Scene, ViewLayer | Synchronizing object | ENV_fern_8
Fra:590 Mem:207.51M (Peak 207.51M) | Time:00:00.67 | Mem:0.00M, Peak:0.00M | Scene, ViewLayer | Synchronizing object | ENV_fern_9
Fra:590 Mem:207.91M (Peak 207.91M) | Time:00:00.67 | Mem:0.00M, Peak:0.00M | Scene, ViewLayer | Synchronizing object | ENV_fern_10
Fra:590 Mem:208.43M (Peak 208.43M) | Time:00:00.67 | Mem:0.00M, Peak:0.00M | Scene, ViewLayer | Synchronizing object | ENV_fern_11
Fra:590 Mem:209.07M (Peak 209.07M) | Time:00:00.67 | Mem:0.00M, Peak:0.00M | Scene, ViewLayer | Synchronizing object | ENV_fern_12
Fra:590 Mem:209.47M (Peak 209.47M) | Time:00:00.67 | Mem:0.00M, Peak:0.00M | Scene, ViewLayer | Synchronizing object | ENV_fern_13
Fra:590 Mem:209.99M (Peak 209.99M) | Time:00:00.67 | Mem:0.00M, Peak:0.00M | Scene, ViewLayer | Synchronizing object | ENV_fern_14
Fra:590 Mem:210.64M (Peak 210.64M) | Time:00:00.68 | Mem:0.00M, Peak:0.00M | Scene, ViewLayer | Synchronizing object | ENV_twig_0
Fra:590 Mem:210.69M (Peak 210.69M) | Time:00:00.68 | Mem:0.00M, Peak:0.00M | Scene, ViewLayer | Synchronizing object | ENV_twig_1
Fra:590 Mem:210.74M (Peak 210.74M) | Time:00:00.68 | Mem:0.00M, Peak:0.00M | Scene, ViewLayer | Synchronizing object | ENV_twig_2
Fra:590 Mem:210.78M (Peak 210.78M) | Time:00:00.68 | Mem:0.00M, Peak:0.00M | Scene, ViewLayer | Synchronizing object | ENV_twig_3
Fra:590 Mem:210.83M (Peak 210.83M) | Time:00:00.68 | Mem:0.00M, Peak:0.00M | Scene, ViewLayer | Synchronizing object | ENV_twig_4
Fra:590 Mem:210.87M (Peak 210.87M) | Time:00:00.68 | Mem:0.00M, Peak:0.00M | Scene, ViewLayer | Synchronizing object | ENV_twig_5
Fra:590 Mem:210.92M (Peak 210.92M) | Time:00:00.68 | Mem:0.00M, Peak:0.00M | Scene, ViewLayer | Synchronizing object | ENV_twig_6
Fra:590 Mem:210.96M (Peak 210.96M) | Time:00:00.68 | Mem:0.00M, Peak:0.00M | Scene, ViewLayer | Synchronizing object | ENV_twig_7
Fra:590 Mem:211.01M (Peak 211.01M) | Time:00:00.68 | Mem:0.00M, Peak:0.00M | Scene, ViewLayer | Synchronizing object | ENV_twig_8
Fra:590 Mem:211.06M (Peak 211.06M) | Time:00:00.68 | Mem:0.00M, Peak:0.00M | Scene, ViewLayer | Synchronizing object | ENV_twig_9
Fra:590 Mem:211.10M (Peak 211.10M) | Time:00:00.68 | Mem:0.00M, Peak:0.00M | Scene, ViewLayer | Synchronizing object | ENV_twig_10
Fra:590 Mem:211.15M (Peak 211.15M) | Time:00:00.68 | Mem:0.00M, Peak:0.00M | Scene, ViewLayer | Synchronizing object | ENV_twig_11
Fra:590 Mem:211.19M (Peak 211.19M) | Time:00:00.68 | Mem:0.00M, Peak:0.00M | Scene, ViewLayer | Synchronizing object | ENV_twig_12
Fra:590 Mem:211.24M (Peak 211.24M) | Time:00:00.68 | Mem:0.00M, Peak:0.00M | Scene, ViewLayer | Synchronizing object | ENV_twig_13
Fra:590 Mem:211.29M (Peak 211.29M) | Time:00:00.68 | Mem:0.00M, Peak:0.00M | Scene, ViewLayer | Synchronizing object | ENV_twig_14
Fra:590 Mem:211.33M (Peak 211.33M) | Time:00:00.68 | Mem:0.00M, Peak:0.00M | Scene, ViewLayer | Synchronizing object | ENV_twig_15
Fra:590 Mem:211.38M (Peak 211.38M) | Time:00:00.68 | Mem:0.00M, Peak:0.00M | Scene, ViewLayer | Synchronizing object | ENV_twig_16
Fra:590 Mem:211.42M (Peak 211.42M) | Time:00:00.68 | Mem:0.00M, Peak:0.00M | Scene, ViewLayer | Synchronizing object | ENV_twig_17
Fra:590 Mem:211.47M (Peak 211.47M) | Time:00:00.68 | Mem:0.00M, Peak:0.00M | Scene, ViewLayer | Synchronizing object | ENV_twig_18
Fra:590 Mem:211.51M (Peak 211.51M) | Time:00:00.68 | Mem:0.00M, Peak:0.00M | Scene, ViewLayer | Synchronizing object | ENV_twig_19
Fra:590 Mem:211.56M (Peak 211.56M) | Time:00:00.68 | Mem:0.00M, Peak:0.00M | Scene, ViewLayer | Synchronizing object | ENV_twig_20
Fra:590 Mem:211.61M (Peak 211.61M) | Time:00:00.68 | Mem:0.00M, Peak:0.00M | Scene, ViewLayer | Synchronizing object | ENV_twig_21
Fra:590 Mem:211.65M (Peak 211.65M) | Time:00:00.68 | Mem:0.00M, Peak:0.00M | Scene, ViewLayer | Synchronizing object | ENV_twig_22
Fra:590 Mem:211.70M (Peak 211.70M) | Time:00:00.68 | Mem:0.00M, Peak:0.00M | Scene, ViewLayer | Synchronizing object | ENV_twig_23
Fra:590 Mem:211.74M (Peak 211.74M) | Time:00:00.68 | Mem:0.00M, Peak:0.00M | Scene, ViewLayer | Synchronizing object | ENV_twig_24
Fra:590 Mem:211.79M (Peak 211.79M) | Time:00:00.68 | Mem:0.00M, Peak:0.00M | Scene, ViewLayer | Synchronizing object | ENV_twig_25
Fra:590 Mem:211.84M (Peak 211.84M) | Time:00:00.68 | Mem:0.00M, Peak:0.00M | Scene, ViewLayer | Synchronizing object | PROP_twig_hero
Fra:590 Mem:211.85M (Peak 211.85M) | Time:00:00.68 | Mem:0.00M, Peak:0.00M | Scene, ViewLayer | Synchronizing object | ENV_mist
Fra:590 Mem:211.85M (Peak 211.85M) | Time:00:00.68 | Mem:0.00M, Peak:0.00M | Scene, ViewLayer | Synchronizing object | ENV_leaf_1099
Fra:590 Mem:211.86M (Peak 211.86M) | Time:00:00.68 | Mem:0.00M, Peak:0.00M | Scene, ViewLayer | Synchronizing object | ENV_leaf_1098
Fra:590 Mem:211.86M (Peak 211.86M) | Time:00:00.68 | Mem:0.00M, Peak:0.00M | Scene, ViewLayer | Synchronizing object | ENV_leaf_1097
Fra:590 Mem:211.86M (Peak 211.86M) | Time:00:00.68 | Mem:0.00M, Peak:0.00M | Scene, ViewLayer | Synchronizing object | ENV_leaf_1096
Fra:590 Mem:211.87M (Peak 211.87M) | Time:00:00.68 | Mem:0.00M, Peak:0.00M | Scene, ViewLayer | Synchronizing object | ENV_leaf_1095
Fra:590 Mem:211.87M (Peak 211.87M) | Time:00:00.68 | Mem:0.00M, Peak:0.00M | Scene, ViewLayer | Synchronizing object | ENV_leaf_1094
Fra:590 Mem:211.88M (Peak 211.88M) | Time:00:00.68 | Mem:0.00M, Peak:0.00M | Scene, ViewLayer | Synchronizing object | ENV_leaf_1093
Fra:590 Mem:211.88M (Peak 211.88M) | Time:00:00.68 | Mem:0.00M, Peak:0.00M | Scene, ViewLayer | Synchronizing object | ENV_leaf_1092
Fra:590 Mem:211.88M (Peak 211.88M) | Time:00:00.68 | Mem:0.00M, Peak:0.00M | Scene, ViewLayer | Synchronizing object | ENV_leaf_1091
Fra:590 Mem:211.89M (Peak 211.89M) | Time:00:00.68 | Mem:0.00M, Peak:0.00M | Scene, ViewLayer | Synchronizing object | ENV_leaf_1090
Fra:590 Mem:211.89M (Peak 211.89M) | Time:00:00.68 | Mem:0.00M, Peak:0.00M | Scene, ViewLayer | Synchronizing object | ENV_leaf_1089
Fra:590 Mem:211.90M (Peak 211.90M) | Time:00:00.68 | Mem:0.00M, Peak:0.00M | Scene, ViewLayer | Synchronizing object | ENV_leaf_1088
Fra:590 Mem:211.90M (Peak 211.90M) | Time:00:00.68 | Mem:0.00M, Peak:0.00M | Scene, ViewLayer | Synchronizing object | ENV_leaf_1087
Fra:590 Mem:211.91M (Peak 211.91M) | Time:00:00.68 | Mem:0.00M, Peak:0.00M | Scene, ViewLayer | Synchronizing object | ENV_leaf_1086
Fra:590 Mem:211.91M (Peak 211.91M) | Time:00:00.68 | Mem:0.00M, Peak:0.00M | Scene, ViewLayer | Synchronizing object | ENV_leaf_1085
Fra:590 Mem:211.91M (Peak 211.91M) | Time:00:00.68 | Mem:0.00M, Peak:0.00M | Scene, ViewLayer | Synchronizing object | ENV_leaf_1084
Fra:590 Mem:211.92M (Peak 211.92M) | Time:00:00.68 | Mem:0.00M, Peak:0.00M | Scene, ViewLayer | Synchronizing object | ENV_leaf_1083
Fra:590 Mem:211.92M (Peak 211.92M) | Time:00:00.68 | Mem:0.00M, Peak:0.00M | Scene, ViewLayer | Synchronizing object | ENV_leaf_1082
Fra:590 Mem:211.93M (Peak 211.93M) | Time:00:00.68 | Mem:0.00M, Peak:0.00M | Scene, ViewLayer | Synchronizing object | ENV_leaf_1081
Fra:590 Mem:211.93M (Peak 211.93M) | Time:00:00.68 | Mem:0.00M, Peak:0.00M | Scene, ViewLayer | Synchronizing object | ENV_leaf_1080
Fra:590 Mem:211.93M (Peak 211.93M) | Time:00:00.68 | Mem:0.00M, Peak:0.00M | Scene, ViewLayer | Synchronizing object | ENV_leaf_1079
Fra:590 Mem:211.94M (Peak 211.94M) | Time:00:00.68 | Mem:0.00M, Peak:0.00M | Scene, ViewLayer | Synchronizing object | ENV_leaf_1078
Fra:590 Mem:211.94M (Peak 211.94M) | Time:00:00.68 | Mem:0.00M, Peak:0.00M | Scene, ViewLayer | Synchronizing object | ENV_leaf_1077
Fra:590 Mem:211.95M (Peak 211.95M) | Time:00:00.68 | Mem:0.00M, Peak:0.00M | Scene, ViewLayer | Synchronizing object | ENV_leaf_1076
Fra:590 Mem:211.95M (Peak 211.95M) | Time:00:00.68 | Mem:0.00M, Peak:0.00M | Scene, ViewLayer | Synchronizing object | ENV_leaf_1075
Fra:590 Mem:211.95M (Peak 211.95M) | Time:00:00.68 | Mem:0.00M, Peak:0.00M | Scene, ViewLayer | Synchronizing object | ENV_leaf_1074
Fra:590 Mem:211.96M (Peak 211.96M) | Time:00:00.68 | Mem:0.00M, Peak:0.00M | Scene, ViewLayer | Synchronizing object | ENV_leaf_1073
Fra:590 Mem:212.07M (Peak 212.07M) | Time:00:00.68 | Mem:0.00M, Peak:0.00M | Scene, ViewLayer | Synchronizing object | ENV_fern_15
Fra:590 Mem:212.47M (Peak 212.47M) | Time:00:00.68 | Mem:0.00M, Peak:0.00M | Scene, ViewLayer | Synchronizing object | ENV_fern_16
Fra:590 Mem:212.99M (Peak 212.99M) | Time:00:00.69 | Mem:0.00M, Peak:0.00M | Scene, ViewLayer | Synchronizing object | ENV_fern_17
Fra:590 Mem:213.63M (Peak 213.63M) | Time:00:00.69 | Mem:0.00M, Peak:0.00M | Scene, ViewLayer | Synchronizing object | ENV_fern_18
Fra:590 Mem:214.03M (Peak 214.03M) | Time:00:00.69 | Mem:0.00M, Peak:0.00M | Scene, ViewLayer | Synchronizing object | ENV_fern_19
Fra:590 Mem:214.55M (Peak 214.55M) | Time:00:00.69 | Mem:0.00M, Peak:0.00M | Scene, ViewLayer | Synchronizing object | ENV_fern_20
Fra:590 Mem:215.19M (Peak 215.19M) | Time:00:00.69 | Mem:0.00M, Peak:0.00M | Scene, ViewLayer | Synchronizing object | ENV_fern_21
Fra:590 Mem:215.59M (Peak 215.59M) | Time:00:00.69 | Mem:0.00M, Peak:0.00M | Scene, ViewLayer | Synchronizing object | ENV_fern_22
Fra:590 Mem:216.02M (Peak 216.02M) | Time:00:00.69 | Mem:0.00M, Peak:0.00M | Scene, ViewLayer | Synchronizing object | ENV_leaf_1072
Fra:590 Mem:216.03M (Peak 216.03M) | Time:00:00.69 | Mem:0.00M, Peak:0.00M | Scene, ViewLayer | Synchronizing object | ENV_leaf_1071
Fra:590 Mem:216.03M (Peak 216.03M) | Time:00:00.69 | Mem:0.00M, Peak:0.00M | Scene, ViewLayer | Synchronizing object | ENV_leaf_1070
Fra:590 Mem:216.04M (Peak 216.04M) | Time:00:00.69 | Mem:0.00M, Peak:0.00M | Scene, ViewLayer | Synchronizing object | ENV_leaf_1069
Fra:590 Mem:216.04M (Peak 216.04M) | Time:00:00.69 | Mem:0.00M, Peak:0.00M | Scene, ViewLayer | Synchronizing object | ENV_leaf_1068
Fra:590 Mem:216.04M (Peak 216.04M) | Time:00:00.69 | Mem:0.00M, Peak:0.00M | Scene, ViewLayer | Synchronizing object | ENV_leaf_1067
Fra:590 Mem:216.05M (Peak 216.05M) | Time:00:00.69 | Mem:0.00M, Peak:0.00M | Scene, ViewLayer | Synchronizing object | ENV_leaf_1066
Fra:590 Mem:216.05M (Peak 216.05M) | Time:00:00.69 | Mem:0.00M, Peak:0.00M | Scene, ViewLayer | Synchronizing object | ENV_leaf_1065
Fra:590 Mem:216.06M (Peak 216.06M) | Time:00:00.69 | Mem:0.00M, Peak:0.00M | Scene, ViewLayer | Synchronizing object | ENV_leaf_1064
Fra:590 Mem:216.06M (Peak 216.06M) | Time:00:00.69 | Mem:0.00M, Peak:0.00M | Scene, ViewLayer | Synchronizing object | ENV_leaf_1063
Fra:590 Mem:216.06M (Peak 216.06M) | Time:00:00.69 | Mem:0.00M, Peak:0.00M | Scene, ViewLayer | Synchronizing object | ENV_leaf_1062
Fra:590 Mem:216.07M (Peak 216.07M) | Time:00:00.69 | Mem:0.00M, Peak:0.00M | Scene, ViewLayer | Synchronizing object | ENV_leaf_1061
Fra:590 Mem:216.07M (Peak 216.07M) | Time:00:00.69 | Mem:0.00M, Peak:0.00M | Scene, ViewLayer | Synchronizing object | ENV_leaf_1060
Fra:590 Mem:216.08M (Peak 216.08M) | Time:00:00.69 | Mem:0.00M, Peak:0.00M | Scene, ViewLayer | Synchronizing object | ENV_leaf_1059
Fra:590 Mem:216.08M (Peak 216.08M) | Time:00:00.69 | Mem:0.00M, Peak:0.00M | Scene, ViewLayer | Synchronizing object | ENV_leaf_1058
Fra:590 Mem:216.08M (Peak 216.08M) | Time:00:00.69 | Mem:0.00M, Peak:0.00M | Scene, ViewLayer | Synchronizing object | ENV_leaf_1057
Fra:590 Mem:216.09M (Peak 216.09M) | Time:00:00.69 | Mem:0.00M, Peak:0.00M | Scene, ViewLayer | Synchronizing object | ENV_leaf_1056
Fra:590 Mem:216.09M (Peak 216.09M) | Time:00:00.69 | Mem:0.00M, Peak:0.00M | Scene, ViewLayer | Synchronizing object | ENV_leaf_1055
Fra:590 Mem:216.10M (Peak 216.10M) | Time:00:00.69 | Mem:0.00M, Peak:0.00M | Scene, ViewLayer | Synchronizing object | ENV_leaf_1054
Fra:590 Mem:216.10M (Peak 216.10M) | Time:00:00.69 | Mem:0.00M, Peak:0.00M | Scene, ViewLayer | Synchronizing object | ENV_leaf_1053
Fra:590 Mem:216.10M (Peak 216.10M) | Time:00:00.69 | Mem:0.00M, Peak:0.00M | Scene, ViewLayer | Synchronizing object | ENV_leaf_1052
Fra:590 Mem:216.11M (Peak 216.11M) | Time:00:00.69 | Mem:0.00M, Peak:0.00M | Scene, ViewLayer | Synchronizing object | ENV_leaf_1051
Fra:590 Mem:216.11M (Peak 216.11M) | Time:00:00.69 | Mem:0.00M, Peak:0.00M | Scene, ViewLayer | Synchronizing object | ENV_leaf_1050
Fra:590 Mem:216.12M (Peak 216.12M) | Time:00:00.69 | Mem:0.00M, Peak:0.00M | Scene, ViewLayer | Synchronizing object | ENV_leaf_1049
Fra:590 Mem:216.12M (Peak 216.12M) | Time:00:00.69 | Mem:0.00M, Peak:0.00M | Scene, ViewLayer | Synchronizing object | ENV_leaf_1048
Fra:590 Mem:216.12M (Peak 216.12M) | Time:00:00.69 | Mem:0.00M, Peak:0.00M | Scene, ViewLayer | Synchronizing object | ENV_leaf_1047
Fra:590 Mem:216.13M (Peak 216.13M) | Time:00:00.69 | Mem:0.00M, Peak:0.00M | Scene, ViewLayer | Synchronizing object | ENV_leaf_1046
Fra:590 Mem:216.13M (Peak 216.13M) | Time:00:00.69 | Mem:0.00M, Peak:0.00M | Scene, ViewLayer | Synchronizing object | ENV_leaf_1045
Fra:590 Mem:216.14M (Peak 216.14M) | Time:00:00.69 | Mem:0.00M, Peak:0.00M | Scene, ViewLayer | Synchronizing object | ENV_leaf_1044
Fra:590 Mem:216.14M (Peak 216.14M) | Time:00:00.69 | Mem:0.00M, Peak:0.00M | Scene, ViewLayer | Synchronizing object | ENV_leaf_1043
Fra:590 Mem:216.14M (Peak 216.14M) | Time:00:00.69 | Mem:0.00M, Peak:0.00M | Scene, ViewLayer | Synchronizing object | ENV_leaf_1042
Fra:590 Mem:216.15M (Peak 216.15M) | Time:00:00.69 | Mem:0.00M, Peak:0.00M | Scene, ViewLayer | Synchronizing object | ENV_leaf_1041
Fra:590 Mem:216.15M (Peak 216.15M) | Time:00:00.69 | Mem:0.00M, Peak:0.00M | Scene, ViewLayer | Synchronizing object | ENV_leaf_1039
Fra:590 Mem:216.16M (Peak 216.16M) | Time:00:00.69 | Mem:0.00M, Peak:0.00M | Scene, ViewLayer | Synchronizing object | ENV_leaf_1038
Fra:590 Mem:216.16M (Peak 216.16M) | Time:00:00.69 | Mem:0.00M, Peak:0.00M | Scene, ViewLayer | Synchronizing object | ENV_leaf_1037
Fra:590 Mem:216.16M (Peak 216.16M) | Time:00:00.69 | Mem:0.00M, Peak:0.00M | Scene, ViewLayer | Synchronizing object | ENV_leaf_1036
Fra:590 Mem:216.17M (Peak 216.17M) | Time:00:00.69 | Mem:0.00M, Peak:0.00M | Scene, ViewLayer | Synchronizing object | ENV_leaf_1035
Fra:590 Mem:216.17M (Peak 216.17M) | Time:00:00.69 | Mem:0.00M, Peak:0.00M | Scene, ViewLayer | Synchronizing object | ENV_leaf_1034
Fra:590 Mem:216.18M (Peak 216.18M) | Time:00:00.69 | Mem:0.00M, Peak:0.00M | Scene, ViewLayer | Synchronizing object | ENV_leaf_1033
Fra:590 Mem:216.18M (Peak 216.18M) | Time:00:00.69 | Mem:0.00M, Peak:0.00M | Scene, ViewLayer | Synchronizing object | ENV_leaf_1032
Fra:590 Mem:216.19M (Peak 216.19M) | Time:00:00.69 | Mem:0.00M, Peak:0.00M | Scene, ViewLayer | Synchronizing object | ENV_leaf_1031
Fra:590 Mem:216.19M (Peak 216.19M) | Time:00:00.69 | Mem:0.00M, Peak:0.00M | Scene, ViewLayer | Synchronizing object | ENV_leaf_1030
Fra:590 Mem:216.19M (Peak 216.19M) | Time:00:00.69 | Mem:0.00M, Peak:0.00M | Scene, ViewLayer | Synchronizing object | ENV_leaf_1029
Fra:590 Mem:216.20M (Peak 216.20M) | Time:00:00.69 | Mem:0.00M, Peak:0.00M | Scene, ViewLayer | Synchronizing object | ENV_leaf_1028
Fra:590 Mem:216.20M (Peak 216.20M) | Time:00:00.69 | Mem:0.00M, Peak:0.00M | Scene, ViewLayer | Synchronizing object | ENV_leaf_1027
Fra:590 Mem:216.21M (Peak 216.21M) | Time:00:00.69 | Mem:0.00M, Peak:0.00M | Scene, ViewLayer | Synchronizing object | ENV_leaf_1026
Fra:590 Mem:216.21M (Peak 216.21M) | Time:00:00.69 | Mem:0.00M, Peak:0.00M | Scene, ViewLayer | Synchronizing object | ENV_leaf_1025
Fra:590 Mem:216.21M (Peak 216.21M) | Time:00:00.69 | Mem:0.00M, Peak:0.00M | Scene, ViewLayer | Synchronizing object | ENV_leaf_1024
Fra:590 Mem:216.22M (Peak 216.22M) | Time:00:00.69 | Mem:0.00M, Peak:0.00M | Scene, ViewLayer | Synchronizing object | ENV_leaf_1023
Fra:590 Mem:216.22M (Peak 216.22M) | Time:00:00.69 | Mem:0.00M, Peak:0.00M | Scene, ViewLayer | Synchronizing object | ENV_leaf_1022
Fra:590 Mem:216.23M (Peak 216.23M) | Time:00:00.69 | Mem:0.00M, Peak:0.00M | Scene, ViewLayer | Synchronizing object | ENV_leaf_1021
Fra:590 Mem:216.23M (Peak 216.23M) | Time:00:00.69 | Mem:0.00M, Peak:0.00M | Scene, ViewLayer | Synchronizing object | ENV_leaf_1020
Fra:590 Mem:216.23M (Peak 216.23M) | Time:00:00.69 | Mem:0.00M, Peak:0.00M | Scene, ViewLayer | Synchronizing object | ENV_leaf_1019
Fra:590 Mem:216.24M (Peak 216.24M) | Time:00:00.69 | Mem:0.00M, Peak:0.00M | Scene, ViewLayer | Synchronizing object | ENV_leaf_1018
Fra:590 Mem:216.24M (Peak 216.24M) | Time:00:00.69 | Mem:0.00M, Peak:0.00M | Scene, ViewLayer | Synchronizing object | ENV_leaf_1017
Fra:590 Mem:216.25M (Peak 216.25M) | Time:00:00.69 | Mem:0.00M, Peak:0.00M | Scene, ViewLayer | Synchronizing object | ENV_leaf_1016
Fra:590 Mem:216.25M (Peak 216.25M) | Time:00:00.69 | Mem:0.00M, Peak:0.00M | Scene, ViewLayer | Synchronizing object | ENV_leaf_1015
Fra:590 Mem:216.25M (Peak 216.25M) | Time:00:00.69 | Mem:0.00M, Peak:0.00M | Scene, ViewLayer | Synchronizing object | ENV_leaf_1014
Fra:590 Mem:216.26M (Peak 216.26M) | Time:00:00.69 | Mem:0.00M, Peak:0.00M | Scene, ViewLayer | Synchronizing object | ENV_leaf_1013
Fra:590 Mem:216.26M (Peak 216.26M) | Time:00:00.69 | Mem:0.00M, Peak:0.00M | Scene, ViewLayer | Synchronizing object | ENV_leaf_1012
Fra:590 Mem:216.27M (Peak 216.27M) | Time:00:00.69 | Mem:0.00M, Peak:0.00M | Scene, ViewLayer | Synchronizing object | ENV_leaf_1011
Fra:590 Mem:216.27M (Peak 216.27M) | Time:00:00.69 | Mem:0.00M, Peak:0.00M | Scene, ViewLayer | Synchronizing object | ENV_leaf_1009
Fra:590 Mem:216.27M (Peak 216.27M) | Time:00:00.69 | Mem:0.00M, Peak:0.00M | Scene, ViewLayer | Synchronizing object | ENV_leaf_1008
Fra:590 Mem:216.28M (Peak 216.28M) | Time:00:00.69 | Mem:0.00M, Peak:0.00M | Scene, ViewLayer | Synchronizing object | ENV_leaf_1007
Fra:590 Mem:216.28M (Peak 216.28M) | Time:00:00.69 | Mem:0.00M, Peak:0.00M | Scene, ViewLayer | Synchronizing object | ENV_leaf_1006
Fra:590 Mem:216.29M (Peak 216.29M) | Time:00:00.69 | Mem:0.00M, Peak:0.00M | Scene, ViewLayer | Synchronizing object | ENV_leaf_1005
Fra:590 Mem:216.29M (Peak 216.29M) | Time:00:00.69 | Mem:0.00M, Peak:0.00M | Scene, ViewLayer | Synchronizing object | ENV_leaf_1004
Fra:590 Mem:216.29M (Peak 216.29M) | Time:00:00.69 | Mem:0.00M, Peak:0.00M | Scene, ViewLayer | Synchronizing object | ENV_leaf_1003
Fra:590 Mem:216.30M (Peak 216.30M) | Time:00:00.69 | Mem:0.00M, Peak:0.00M | Scene, ViewLayer | Synchronizing object | ENV_leaf_1002
Fra:590 Mem:216.30M (Peak 216.30M) | Time:00:00.69 | Mem:0.00M, Peak:0.00M | Scene, ViewLayer | Synchronizing object | ENV_leaf_1001
Fra:590 Mem:216.31M (Peak 216.31M) | Time:00:00.69 | Mem:0.00M, Peak:0.00M | Scene, ViewLayer | Synchronizing object | ENV_leaf_1000
Fra:590 Mem:216.31M (Peak 216.31M) | Time:00:00.69 | Mem:0.00M, Peak:0.00M | Scene, ViewLayer | Synchronizing object | ENV_leaf_998
Fra:590 Mem:216.31M (Peak 216.31M) | Time:00:00.69 | Mem:0.00M, Peak:0.00M | Scene, ViewLayer | Synchronizing object | ENV_leaf_997
Fra:590 Mem:216.32M (Peak 216.32M) | Time:00:00.69 | Mem:0.00M, Peak:0.00M | Scene, ViewLayer | Synchronizing object | ENV_leaf_996
Fra:590 Mem:216.32M (Peak 216.32M) | Time:00:00.69 | Mem:0.00M, Peak:0.00M | Scene, ViewLayer | Synchronizing object | ENV_leaf_995
Fra:590 Mem:216.33M (Peak 216.33M) | Time:00:00.69 | Mem:0.00M, Peak:0.00M | Scene, ViewLayer | Synchronizing object | ENV_leaf_994
Fra:590 Mem:216.33M (Peak 216.33M) | Time:00:00.69 | Mem:0.00M, Peak:0.00M | Scene, ViewLayer | Synchronizing object | ENV_leaf_993
Fra:590 Mem:216.33M (Peak 216.33M) | Time:00:00.69 | Mem:0.00M, Peak:0.00M | Scene, ViewLayer | Synchronizing object | ENV_leaf_992
Fra:590 Mem:216.34M (Peak 216.34M) | Time:00:00.69 | Mem:0.00M, Peak:0.00M | Scene, ViewLayer | Synchronizing object | ENV_leaf_991
Fra:590 Mem:216.34M (Peak 216.34M) | Time:00:00.69 | Mem:0.00M, Peak:0.00M | Scene, ViewLayer | Synchronizing object | ENV_leaf_990
Fra:590 Mem:216.35M (Peak 216.35M) | Time:00:00.69 | Mem:0.00M, Peak:0.00M | Scene, ViewLayer | Synchronizing object | ENV_leaf_989
Fra:590 Mem:216.35M (Peak 216.35M) | Time:00:00.69 | Mem:0.00M, Peak:0.00M | Scene, ViewLayer | Synchronizing object | ENV_leaf_988
Fra:590 Mem:216.36M (Peak 216.36M) | Time:00:00.69 | Mem:0.00M, Peak:0.00M | Scene, ViewLayer | Synchronizing object | ENV_leaf_987
Fra:590 Mem:216.36M (Peak 216.36M) | Time:00:00.69 | Mem:0.00M, Peak:0.00M | Scene, ViewLayer | Synchronizing object | ENV_leaf_986
Fra:590 Mem:216.36M (Peak 216.36M) | Time:00:00.69 | Mem:0.00M, Peak:0.00M | Scene, ViewLayer | Synchronizing object | ENV_leaf_985
Fra:590 Mem:216.37M (Peak 216.37M) | Time:00:00.69 | Mem:0.00M, Peak:0.00M | Scene, ViewLayer | Synchronizing object | ENV_leaf_984
Fra:590 Mem:216.37M (Peak 216.37M) | Time:00:00.69 | Mem:0.00M, Peak:0.00M | Scene, ViewLayer | Synchronizing object | ENV_leaf_983
Fra:590 Mem:216.38M (Peak 216.38M) | Time:00:00.69 | Mem:0.00M, Peak:0.00M | Scene, ViewLayer | Synchronizing object | ENV_leaf_982
Fra:590 Mem:216.38M (Peak 216.38M) | Time:00:00.69 | Mem:0.00M, Peak:0.00M | Scene, ViewLayer | Synchronizing object | ENV_leaf_981
Fra:590 Mem:216.38M (Peak 216.38M) | Time:00:00.69 | Mem:0.00M, Peak:0.00M | Scene, ViewLayer | Synchronizing object | ENV_leaf_980
Fra:590 Mem:216.39M (Peak 216.39M) | Time:00:00.69 | Mem:0.00M, Peak:0.00M | Scene, ViewLayer | Synchronizing object | ENV_leaf_979
Fra:590 Mem:216.39M (Peak 216.39M) | Time:00:00.69 | Mem:0.00M, Peak:0.00M | Scene, ViewLayer | Synchronizing object | ENV_leaf_978
Fra:590 Mem:216.40M (Peak 216.40M) | Time:00:00.69 | Mem:0.00M, Peak:0.00M | Scene, ViewLayer | Synchronizing object | ENV_leaf_977
Fra:590 Mem:216.40M (Peak 216.40M) | Time:00:00.69 | Mem:0.00M, Peak:0.00M | Scene, ViewLayer | Synchronizing object | ENV_leaf_976
Fra:590 Mem:216.40M (Peak 216.40M) | Time:00:00.69 | Mem:0.00M, Peak:0.00M | Scene, ViewLayer | Synchronizing object | ENV_leaf_975
Fra:590 Mem:216.41M (Peak 216.41M) | Time:00:00.69 | Mem:0.00M, Peak:0.00M | Scene, ViewLayer | Synchronizing object | ENV_leaf_974
Fra:590 Mem:216.41M (Peak 216.41M) | Time:00:00.69 | Mem:0.00M, Peak:0.00M | Scene, ViewLayer | Synchronizing object | ENV_leaf_973
Fra:590 Mem:216.42M (Peak 216.42M) | Time:00:00.69 | Mem:0.00M, Peak:0.00M | Scene, ViewLayer | Synchronizing object | ENV_leaf_972
Fra:590 Mem:216.42M (Peak 216.42M) | Time:00:00.69 | Mem:0.00M, Peak:0.00M | Scene, ViewLayer | Synchronizing object | ENV_leaf_971
Fra:590 Mem:216.42M (Peak 216.42M) | Time:00:00.69 | Mem:0.00M, Peak:0.00M | Scene, ViewLayer | Synchronizing object | ENV_leaf_970
Fra:590 Mem:216.43M (Peak 216.43M) | Time:00:00.69 | Mem:0.00M, Peak:0.00M | Scene, ViewLayer | Synchronizing object | ENV_leaf_969
Fra:590 Mem:216.43M (Peak 216.43M) | Time:00:00.69 | Mem:0.00M, Peak:0.00M | Scene, ViewLayer | Synchronizing object | ENV_leaf_968
Fra:590 Mem:216.44M (Peak 216.44M) | Time:00:00.69 | Mem:0.00M, Peak:0.00M | Scene, ViewLayer | Synchronizing object | ENV_leaf_967
Fra:590 Mem:216.44M (Peak 216.44M) | Time:00:00.69 | Mem:0.00M, Peak:0.00M | Scene, ViewLayer | Synchronizing object | ENV_leaf_966
Fra:590 Mem:216.44M (Peak 216.44M) | Time:00:00.69 | Mem:0.00M, Peak:0.00M | Scene, ViewLayer | Synchronizing object | ENV_leaf_965
Fra:590 Mem:216.45M (Peak 216.45M) | Time:00:00.69 | Mem:0.00M, Peak:0.00M | Scene, ViewLayer | Synchronizing object | ENV_leaf_964
Fra:590 Mem:216.45M (Peak 216.45M) | Time:00:00.69 | Mem:0.00M, Peak:0.00M | Scene, ViewLayer | Synchronizing object | ENV_leaf_963
Fra:590 Mem:216.46M (Peak 216.46M) | Time:00:00.69 | Mem:0.00M, Peak:0.00M | Scene, ViewLayer | Synchronizing object | ENV_leaf_962
Fra:590 Mem:216.46M (Peak 216.46M) | Time:00:00.69 | Mem:0.00M, Peak:0.00M | Scene, ViewLayer | Synchronizing object | ENV_leaf_961
Fra:590 Mem:216.46M (Peak 216.46M) | Time:00:00.69 | Mem:0.00M, Peak:0.00M | Scene, ViewLayer | Synchronizing object | ENV_leaf_960
Fra:590 Mem:216.47M (Peak 216.47M) | Time:00:00.69 | Mem:0.00M, Peak:0.00M | Scene, ViewLayer | Synchronizing object | ENV_leaf_959
Fra:590 Mem:216.47M (Peak 216.47M) | Time:00:00.69 | Mem:0.00M, Peak:0.00M | Scene, ViewLayer | Synchronizing object | ENV_leaf_958
Fra:590 Mem:216.48M (Peak 216.48M) | Time:00:00.69 | Mem:0.00M, Peak:0.00M | Scene, ViewLayer | Synchronizing object | ENV_leaf_957
Fra:590 Mem:216.48M (Peak 216.48M) | Time:00:00.69 | Mem:0.00M, Peak:0.00M | Scene, ViewLayer | Synchronizing object | ENV_leaf_956
Fra:590 Mem:216.48M (Peak 216.48M) | Time:00:00.69 | Mem:0.00M, Peak:0.00M | Scene, ViewLayer | Synchronizing object | ENV_leaf_955
Fra:590 Mem:216.49M (Peak 216.49M) | Time:00:00.69 | Mem:0.00M, Peak:0.00M | Scene, ViewLayer | Synchronizing object | ENV_leaf_954
Fra:590 Mem:216.49M (Peak 216.49M) | Time:00:00.69 | Mem:0.00M, Peak:0.00M | Scene, ViewLayer | Synchronizing object | ENV_leaf_953
Fra:590 Mem:216.50M (Peak 216.50M) | Time:00:00.69 | Mem:0.00M, Peak:0.00M | Scene, ViewLayer | Synchronizing object | ENV_leaf_952
Fra:590 Mem:216.50M (Peak 216.50M) | Time:00:00.69 | Mem:0.00M, Peak:0.00M | Scene, ViewLayer | Synchronizing object | ENV_leaf_951
Fra:590 Mem:216.50M (Peak 216.50M) | Time:00:00.69 | Mem:0.00M, Peak:0.00M | Scene, ViewLayer | Synchronizing object | ENV_leaf_950
Fra:590 Mem:216.51M (Peak 216.51M) | Time:00:00.69 | Mem:0.00M, Peak:0.00M | Scene, ViewLayer | Synchronizing object | ENV_leaf_949
Fra:590 Mem:216.51M (Peak 216.51M) | Time:00:00.69 | Mem:0.00M, Peak:0.00M | Scene, ViewLayer | Synchronizing object | ENV_leaf_948
Fra:590 Mem:216.52M (Peak 216.52M) | Time:00:00.69 | Mem:0.00M, Peak:0.00M | Scene, ViewLayer | Synchronizing object | ENV_leaf_947
Fra:590 Mem:216.52M (Peak 216.52M) | Time:00:00.69 | Mem:0.00M, Peak:0.00M | Scene, ViewLayer | Synchronizing object | ENV_leaf_946
Fra:590 Mem:216.52M (Peak 216.52M) | Time:00:00.69 | Mem:0.00M, Peak:0.00M | Scene, ViewLayer | Synchronizing object | ENV_leaf_945
Fra:590 Mem:216.53M (Peak 216.53M) | Time:00:00.69 | Mem:0.00M, Peak:0.00M | Scene, ViewLayer | Synchronizing object | ENV_leaf_944
Fra:590 Mem:216.53M (Peak 216.53M) | Time:00:00.69 | Mem:0.00M, Peak:0.00M | Scene, ViewLayer | Synchronizing object | ENV_leaf_943
Fra:590 Mem:216.54M (Peak 216.54M) | Time:00:00.70 | Mem:0.00M, Peak:0.00M | Scene, ViewLayer | Synchronizing object | ENV_leaf_942
Fra:590 Mem:216.54M (Peak 216.54M) | Time:00:00.70 | Mem:0.00M, Peak:0.00M | Scene, ViewLayer | Synchronizing object | ENV_leaf_941
Fra:590 Mem:216.55M (Peak 216.55M) | Time:00:00.70 | Mem:0.00M, Peak:0.00M | Scene, ViewLayer | Synchronizing object | ENV_leaf_940
Fra:590 Mem:216.55M (Peak 216.55M) | Time:00:00.70 | Mem:0.00M, Peak:0.00M | Scene, ViewLayer | Synchronizing object | ENV_leaf_939
Fra:590 Mem:216.55M (Peak 216.55M) | Time:00:00.70 | Mem:0.00M, Peak:0.00M | Scene, ViewLayer | Synchronizing object | ENV_leaf_938
Fra:590 Mem:216.56M (Peak 216.56M) | Time:00:00.70 | Mem:0.00M, Peak:0.00M | Scene, ViewLayer | Synchronizing object | ENV_leaf_937
Fra:590 Mem:216.56M (Peak 216.56M) | Time:00:00.70 | Mem:0.00M, Peak:0.00M | Scene, ViewLayer | Synchronizing object | ENV_leaf_936
Fra:590 Mem:216.57M (Peak 216.57M) | Time:00:00.70 | Mem:0.00M, Peak:0.00M | Scene, ViewLayer | Synchronizing object | ENV_leaf_935
Fra:590 Mem:216.57M (Peak 216.57M) | Time:00:00.70 | Mem:0.00M, Peak:0.00M | Scene, ViewLayer | Synchronizing object | ENV_leaf_934
Fra:590 Mem:216.57M (Peak 216.57M) | Time:00:00.70 | Mem:0.00M, Peak:0.00M | Scene, ViewLayer | Synchronizing object | ENV_leaf_933
Fra:590 Mem:216.58M (Peak 216.58M) | Time:00:00.70 | Mem:0.00M, Peak:0.00M | Scene, ViewLayer | Synchronizing object | ENV_leaf_932
Fra:590 Mem:216.58M (Peak 216.58M) | Time:00:00.70 | Mem:0.00M, Peak:0.00M | Scene, ViewLayer | Synchronizing object | ENV_leaf_931
Fra:590 Mem:216.59M (Peak 216.59M) | Time:00:00.70 | Mem:0.00M, Peak:0.00M | Scene, ViewLayer | Synchronizing object | ENV_leaf_930
Fra:590 Mem:216.59M (Peak 216.59M) | Time:00:00.70 | Mem:0.00M, Peak:0.00M | Scene, ViewLayer | Synchronizing object | ENV_leaf_929
Fra:590 Mem:216.59M (Peak 216.59M) | Time:00:00.70 | Mem:0.00M, Peak:0.00M | Scene, ViewLayer | Synchronizing object | ENV_leaf_928
Fra:590 Mem:216.60M (Peak 216.60M) | Time:00:00.70 | Mem:0.00M, Peak:0.00M | Scene, ViewLayer | Synchronizing object | ENV_leaf_927
Fra:590 Mem:216.60M (Peak 216.60M) | Time:00:00.70 | Mem:0.00M, Peak:0.00M | Scene, ViewLayer | Synchronizing object | ENV_leaf_926
Fra:590 Mem:216.61M (Peak 216.61M) | Time:00:00.70 | Mem:0.00M, Peak:0.00M | Scene, ViewLayer | Synchronizing object | ENV_leaf_925
Fra:590 Mem:216.61M (Peak 216.61M) | Time:00:00.70 | Mem:0.00M, Peak:0.00M | Scene, ViewLayer | Synchronizing object | ENV_leaf_924
Fra:590 Mem:216.61M (Peak 216.61M) | Time:00:00.70 | Mem:0.00M, Peak:0.00M | Scene, ViewLayer | Synchronizing object | ENV_leaf_923
Fra:590 Mem:216.62M (Peak 216.62M) | Time:00:00.70 | Mem:0.00M, Peak:0.00M | Scene, ViewLayer | Synchronizing object | ENV_leaf_922
Fra:590 Mem:216.62M (Peak 216.62M) | Time:00:00.70 | Mem:0.00M, Peak:0.00M | Scene, ViewLayer | Synchronizing object | ENV_leaf_921
Fra:590 Mem:216.63M (Peak 216.63M) | Time:00:00.70 | Mem:0.00M, Peak:0.00M | Scene, ViewLayer | Synchronizing object | ENV_leaf_920
Fra:590 Mem:216.63M (Peak 216.63M) | Time:00:00.70 | Mem:0.00M, Peak:0.00M | Scene, ViewLayer | Synchronizing object | ENV_leaf_919
Fra:590 Mem:216.63M (Peak 216.63M) | Time:00:00.70 | Mem:0.00M, Peak:0.00M | Scene, ViewLayer | Synchronizing object | ENV_leaf_918
Fra:590 Mem:216.64M (Peak 216.64M) | Time:00:00.70 | Mem:0.00M, Peak:0.00M | Scene, ViewLayer | Synchronizing object | ENV_leaf_917
Fra:590 Mem:216.64M (Peak 216.64M) | Time:00:00.70 | Mem:0.00M, Peak:0.00M | Scene, ViewLayer | Synchronizing object | ENV_leaf_916
Fra:590 Mem:216.65M (Peak 216.65M) | Time:00:00.70 | Mem:0.00M, Peak:0.00M | Scene, ViewLayer | Synchronizing object | ENV_leaf_915
Fra:590 Mem:216.65M (Peak 216.65M) | Time:00:00.70 | Mem:0.00M, Peak:0.00M | Scene, ViewLayer | Synchronizing object | ENV_leaf_914
Fra:590 Mem:216.65M (Peak 216.65M) | Time:00:00.70 | Mem:0.00M, Peak:0.00M | Scene, ViewLayer | Synchronizing object | ENV_leaf_913
Fra:590 Mem:216.66M (Peak 216.66M) | Time:00:00.70 | Mem:0.00M, Peak:0.00M | Scene, ViewLayer | Synchronizing object | ENV_leaf_912
Fra:590 Mem:216.66M (Peak 216.66M) | Time:00:00.70 | Mem:0.00M, Peak:0.00M | Scene, ViewLayer | Synchronizing object | ENV_leaf_911
Fra:590 Mem:216.67M (Peak 216.67M) | Time:00:00.70 | Mem:0.00M, Peak:0.00M | Scene, ViewLayer | Synchronizing object | ENV_leaf_910
Fra:590 Mem:216.67M (Peak 216.67M) | Time:00:00.70 | Mem:0.00M, Peak:0.00M | Scene, ViewLayer | Synchronizing object | ENV_leaf_909
Fra:590 Mem:216.67M (Peak 216.67M) | Time:00:00.70 | Mem:0.00M, Peak:0.00M | Scene, ViewLayer | Synchronizing object | ENV_leaf_908
Fra:590 Mem:216.68M (Peak 216.68M) | Time:00:00.70 | Mem:0.00M, Peak:0.00M | Scene, ViewLayer | Synchronizing object | ENV_leaf_907
Fra:590 Mem:216.68M (Peak 216.68M) | Time:00:00.70 | Mem:0.00M, Peak:0.00M | Scene, ViewLayer | Synchronizing object | ENV_leaf_906
Fra:590 Mem:216.69M (Peak 216.69M) | Time:00:00.70 | Mem:0.00M, Peak:0.00M | Scene, ViewLayer | Synchronizing object | ENV_leaf_905
Fra:590 Mem:216.69M (Peak 216.69M) | Time:00:00.70 | Mem:0.00M, Peak:0.00M | Scene, ViewLayer | Synchronizing object | ENV_leaf_904
Fra:590 Mem:216.69M (Peak 216.69M) | Time:00:00.70 | Mem:0.00M, Peak:0.00M | Scene, ViewLayer | Synchronizing object | ENV_leaf_903
Fra:590 Mem:216.70M (Peak 216.70M) | Time:00:00.70 | Mem:0.00M, Peak:0.00M | Scene, ViewLayer | Synchronizing object | ENV_leaf_902
Fra:590 Mem:216.70M (Peak 216.70M) | Time:00:00.70 | Mem:0.00M, Peak:0.00M | Scene, ViewLayer | Synchronizing object | ENV_leaf_901
Fra:590 Mem:216.71M (Peak 216.71M) | Time:00:00.70 | Mem:0.00M, Peak:0.00M | Scene, ViewLayer | Synchronizing object | ENV_leaf_900
Fra:590 Mem:216.71M (Peak 216.71M) | Time:00:00.70 | Mem:0.00M, Peak:0.00M | Scene, ViewLayer | Synchronizing object | ENV_leaf_899
Fra:590 Mem:216.71M (Peak 216.71M) | Time:00:00.70 | Mem:0.00M, Peak:0.00M | Scene, ViewLayer | Synchronizing object | ENV_leaf_898
Fra:590 Mem:216.72M (Peak 216.72M) | Time:00:00.70 | Mem:0.00M, Peak:0.00M | Scene, ViewLayer | Synchronizing object | ENV_leaf_897
Fra:590 Mem:216.72M (Peak 216.72M) | Time:00:00.70 | Mem:0.00M, Peak:0.00M | Scene, ViewLayer | Synchronizing object | ENV_leaf_896
Fra:590 Mem:216.73M (Peak 216.73M) | Time:00:00.70 | Mem:0.00M, Peak:0.00M | Scene, ViewLayer | Synchronizing object | ENV_leaf_895
Fra:590 Mem:216.73M (Peak 216.73M) | Time:00:00.70 | Mem:0.00M, Peak:0.00M | Scene, ViewLayer | Synchronizing object | ENV_leaf_894
Fra:590 Mem:216.74M (Peak 216.74M) | Time:00:00.70 | Mem:0.00M, Peak:0.00M | Scene, ViewLayer | Synchronizing object | ENV_leaf_893
Fra:590 Mem:216.74M (Peak 216.74M) | Time:00:00.70 | Mem:0.00M, Peak:0.00M | Scene, ViewLayer | Synchronizing object | ENV_leaf_892
Fra:590 Mem:216.74M (Peak 216.74M) | Time:00:00.70 | Mem:0.00M, Peak:0.00M | Scene, ViewLayer | Synchronizing object | ENV_leaf_891
Fra:590 Mem:216.75M (Peak 216.75M) | Time:00:00.70 | Mem:0.00M, Peak:0.00M | Scene, ViewLayer | Synchronizing object | ENV_leaf_890
Fra:590 Mem:216.75M (Peak 216.75M) | Time:00:00.70 | Mem:0.00M, Peak:0.00M | Scene, ViewLayer | Synchronizing object | ENV_leaf_889
Fra:590 Mem:216.76M (Peak 216.76M) | Time:00:00.70 | Mem:0.00M, Peak:0.00M | Scene, ViewLayer | Synchronizing object | ENV_leaf_888
Fra:590 Mem:216.76M (Peak 216.76M) | Time:00:00.70 | Mem:0.00M, Peak:0.00M | Scene, ViewLayer | Synchronizing object | ENV_leaf_887
Fra:590 Mem:216.76M (Peak 216.76M) | Time:00:00.70 | Mem:0.00M, Peak:0.00M | Scene, ViewLayer | Synchronizing object | ENV_leaf_886
Fra:590 Mem:216.77M (Peak 216.77M) | Time:00:00.70 | Mem:0.00M, Peak:0.00M | Scene, ViewLayer | Synchronizing object | ENV_leaf_885
Fra:590 Mem:216.77M (Peak 216.77M) | Time:00:00.70 | Mem:0.00M, Peak:0.00M | Scene, ViewLayer | Synchronizing object | ENV_leaf_884
Fra:590 Mem:216.78M (Peak 216.78M) | Time:00:00.70 | Mem:0.00M, Peak:0.00M | Scene, ViewLayer | Synchronizing object | ENV_leaf_883
Fra:590 Mem:216.78M (Peak 216.78M) | Time:00:00.70 | Mem:0.00M, Peak:0.00M | Scene, ViewLayer | Synchronizing object | ENV_leaf_882
Fra:590 Mem:216.78M (Peak 216.78M) | Time:00:00.70 | Mem:0.00M, Peak:0.00M | Scene, ViewLayer | Synchronizing object | ENV_leaf_881
Fra:590 Mem:216.79M (Peak 216.79M) | Time:00:00.70 | Mem:0.00M, Peak:0.00M | Scene, ViewLayer | Synchronizing object | ENV_leaf_880
Fra:590 Mem:216.79M (Peak 216.79M) | Time:00:00.70 | Mem:0.00M, Peak:0.00M | Scene, ViewLayer | Synchronizing object | ENV_leaf_879
Fra:590 Mem:216.80M (Peak 216.80M) | Time:00:00.70 | Mem:0.00M, Peak:0.00M | Scene, ViewLayer | Synchronizing object | ENV_leaf_878
Fra:590 Mem:216.80M (Peak 216.80M) | Time:00:00.70 | Mem:0.00M, Peak:0.00M | Scene, ViewLayer | Synchronizing object | ENV_leaf_877
Fra:590 Mem:216.80M (Peak 216.80M) | Time:00:00.70 | Mem:0.00M, Peak:0.00M | Scene, ViewLayer | Synchronizing object | ENV_leaf_876
Fra:590 Mem:216.81M (Peak 216.81M) | Time:00:00.70 | Mem:0.00M, Peak:0.00M | Scene, ViewLayer | Synchronizing object | ENV_leaf_875
Fra:590 Mem:216.81M (Peak 216.81M) | Time:00:00.70 | Mem:0.00M, Peak:0.00M | Scene, ViewLayer | Synchronizing object | ENV_leaf_874
Fra:590 Mem:216.82M (Peak 216.82M) | Time:00:00.70 | Mem:0.00M, Peak:0.00M | Scene, ViewLayer | Synchronizing object | ENV_leaf_873
Fra:590 Mem:216.82M (Peak 216.82M) | Time:00:00.70 | Mem:0.00M, Peak:0.00M | Scene, ViewLayer | Synchronizing object | ENV_leaf_872
Fra:590 Mem:216.82M (Peak 216.82M) | Time:00:00.70 | Mem:0.00M, Peak:0.00M | Scene, ViewLayer | Synchronizing object | ENV_leaf_871
Fra:590 Mem:216.83M (Peak 216.83M) | Time:00:00.70 | Mem:0.00M, Peak:0.00M | Scene, ViewLayer | Synchronizing object | ENV_leaf_870
Fra:590 Mem:216.83M (Peak 216.83M) | Time:00:00.70 | Mem:0.00M, Peak:0.00M | Scene, ViewLayer | Synchronizing object | ENV_leaf_869
Fra:590 Mem:216.84M (Peak 216.84M) | Time:00:00.70 | Mem:0.00M, Peak:0.00M | Scene, ViewLayer | Synchronizing object | ENV_leaf_868
Fra:590 Mem:216.84M (Peak 216.84M) | Time:00:00.70 | Mem:0.00M, Peak:0.00M | Scene, ViewLayer | Synchronizing object | ENV_leaf_867
Fra:590 Mem:216.84M (Peak 216.84M) | Time:00:00.70 | Mem:0.00M, Peak:0.00M | Scene, ViewLayer | Synchronizing object | ENV_leaf_866
Fra:590 Mem:216.85M (Peak 216.85M) | Time:00:00.70 | Mem:0.00M, Peak:0.00M | Scene, ViewLayer | Synchronizing object | ENV_leaf_865
Fra:590 Mem:216.85M (Peak 216.85M) | Time:00:00.70 | Mem:0.00M, Peak:0.00M | Scene, ViewLayer | Synchronizing object | ENV_leaf_864
Fra:590 Mem:216.86M (Peak 216.86M) | Time:00:00.70 | Mem:0.00M, Peak:0.00M | Scene, ViewLayer | Synchronizing object | ENV_leaf_863
Fra:590 Mem:216.86M (Peak 216.86M) | Time:00:00.70 | Mem:0.00M, Peak:0.00M | Scene, ViewLayer | Synchronizing object | ENV_leaf_862
Fra:590 Mem:216.86M (Peak 216.86M) | Time:00:00.70 | Mem:0.00M, Peak:0.00M | Scene, ViewLayer | Synchronizing object | ENV_leaf_861
Fra:590 Mem:216.87M (Peak 216.87M) | Time:00:00.70 | Mem:0.00M, Peak:0.00M | Scene, ViewLayer | Synchronizing object | ENV_leaf_860
Fra:590 Mem:216.87M (Peak 216.87M) | Time:00:00.70 | Mem:0.00M, Peak:0.00M | Scene, ViewLayer | Synchronizing object | ENV_leaf_859
Fra:590 Mem:216.88M (Peak 216.88M) | Time:00:00.70 | Mem:0.00M, Peak:0.00M | Scene, ViewLayer | Synchronizing object | ENV_leaf_858
Fra:590 Mem:216.88M (Peak 216.88M) | Time:00:00.70 | Mem:0.00M, Peak:0.00M | Scene, ViewLayer | Synchronizing object | ENV_leaf_857
Fra:590 Mem:216.88M (Peak 216.88M) | Time:00:00.70 | Mem:0.00M, Peak:0.00M | Scene, ViewLayer | Synchronizing object | ENV_leaf_856
Fra:590 Mem:216.89M (Peak 216.89M) | Time:00:00.70 | Mem:0.00M, Peak:0.00M | Scene, ViewLayer | Synchronizing object | ENV_leaf_855
Fra:590 Mem:216.89M (Peak 216.89M) | Time:00:00.70 | Mem:0.00M, Peak:0.00M | Scene, ViewLayer | Synchronizing object | ENV_leaf_854
Fra:590 Mem:216.90M (Peak 216.90M) | Time:00:00.70 | Mem:0.00M, Peak:0.00M | Scene, ViewLayer | Synchronizing object | ENV_leaf_853
Fra:590 Mem:216.90M (Peak 216.90M) | Time:00:00.70 | Mem:0.00M, Peak:0.00M | Scene, ViewLayer | Synchronizing object | ENV_leaf_852
Fra:590 Mem:216.90M (Peak 216.90M) | Time:00:00.70 | Mem:0.00M, Peak:0.00M | Scene, ViewLayer | Synchronizing object | ENV_leaf_851
Fra:590 Mem:216.91M (Peak 216.91M) | Time:00:00.70 | Mem:0.00M, Peak:0.00M | Scene, ViewLayer | Synchronizing object | ENV_leaf_850
Fra:590 Mem:216.91M (Peak 216.91M) | Time:00:00.70 | Mem:0.00M, Peak:0.00M | Scene, ViewLayer | Synchronizing object | ENV_leaf_849
Fra:590 Mem:216.92M (Peak 216.92M) | Time:00:00.70 | Mem:0.00M, Peak:0.00M | Scene, ViewLayer | Synchronizing object | ENV_leaf_848
Fra:590 Mem:216.92M (Peak 216.92M) | Time:00:00.70 | Mem:0.00M, Peak:0.00M | Scene, ViewLayer | Synchronizing object | ENV_leaf_847
Fra:590 Mem:216.93M (Peak 216.93M) | Time:00:00.70 | Mem:0.00M, Peak:0.00M | Scene, ViewLayer | Synchronizing object | ENV_leaf_846
Fra:590 Mem:216.93M (Peak 216.93M) | Time:00:00.70 | Mem:0.00M, Peak:0.00M | Scene, ViewLayer | Synchronizing object | ENV_leaf_845
Fra:590 Mem:216.93M (Peak 216.93M) | Time:00:00.70 | Mem:0.00M, Peak:0.00M | Scene, ViewLayer | Synchronizing object | ENV_leaf_844
Fra:590 Mem:216.94M (Peak 216.94M) | Time:00:00.70 | Mem:0.00M, Peak:0.00M | Scene, ViewLayer | Synchronizing object | ENV_leaf_843
Fra:590 Mem:216.94M (Peak 216.94M) | Time:00:00.70 | Mem:0.00M, Peak:0.00M | Scene, ViewLayer | Synchronizing object | ENV_leaf_842
Fra:590 Mem:216.95M (Peak 216.95M) | Time:00:00.70 | Mem:0.00M, Peak:0.00M | Scene, ViewLayer | Synchronizing object | ENV_leaf_841
Fra:590 Mem:216.95M (Peak 216.95M) | Time:00:00.70 | Mem:0.00M, Peak:0.00M | Scene, ViewLayer | Synchronizing object | ENV_leaf_840
Fra:590 Mem:216.95M (Peak 216.95M) | Time:00:00.70 | Mem:0.00M, Peak:0.00M | Scene, ViewLayer | Synchronizing object | ENV_leaf_839
Fra:590 Mem:216.96M (Peak 216.96M) | Time:00:00.70 | Mem:0.00M, Peak:0.00M | Scene, ViewLayer | Synchronizing object | ENV_leaf_838
Fra:590 Mem:216.96M (Peak 216.96M) | Time:00:00.70 | Mem:0.00M, Peak:0.00M | Scene, ViewLayer | Synchronizing object | ENV_leaf_837
Fra:590 Mem:216.97M (Peak 216.97M) | Time:00:00.70 | Mem:0.00M, Peak:0.00M | Scene, ViewLayer | Synchronizing object | ENV_leaf_836
Fra:590 Mem:216.97M (Peak 216.97M) | Time:00:00.70 | Mem:0.00M, Peak:0.00M | Scene, ViewLayer | Synchronizing object | ENV_leaf_835
Fra:590 Mem:216.97M (Peak 216.97M) | Time:00:00.70 | Mem:0.00M, Peak:0.00M | Scene, ViewLayer | Synchronizing object | ENV_leaf_834
Fra:590 Mem:216.98M (Peak 216.98M) | Time:00:00.70 | Mem:0.00M, Peak:0.00M | Scene, ViewLayer | Synchronizing object | ENV_leaf_833
Fra:590 Mem:216.98M (Peak 216.98M) | Time:00:00.70 | Mem:0.00M, Peak:0.00M | Scene, ViewLayer | Synchronizing object | ENV_leaf_832
Fra:590 Mem:216.99M (Peak 216.99M) | Time:00:00.70 | Mem:0.00M, Peak:0.00M | Scene, ViewLayer | Synchronizing object | ENV_leaf_831
Fra:590 Mem:216.99M (Peak 216.99M) | Time:00:00.70 | Mem:0.00M, Peak:0.00M | Scene, ViewLayer | Synchronizing object | ENV_leaf_830
Fra:590 Mem:216.99M (Peak 216.99M) | Time:00:00.70 | Mem:0.00M, Peak:0.00M | Scene, ViewLayer | Synchronizing object | ENV_leaf_829
Fra:590 Mem:217.00M (Peak 217.00M) | Time:00:00.70 | Mem:0.00M, Peak:0.00M | Scene, ViewLayer | Synchronizing object | ENV_leaf_828
Fra:590 Mem:217.00M (Peak 217.00M) | Time:00:00.70 | Mem:0.00M, Peak:0.00M | Scene, ViewLayer | Synchronizing object | ENV_leaf_827
Fra:590 Mem:217.01M (Peak 217.01M) | Time:00:00.70 | Mem:0.00M, Peak:0.00M | Scene, ViewLayer | Synchronizing object | ENV_leaf_826
Fra:590 Mem:217.01M (Peak 217.01M) | Time:00:00.70 | Mem:0.00M, Peak:0.00M | Scene, ViewLayer | Synchronizing object | ENV_leaf_825
Fra:590 Mem:217.01M (Peak 217.01M) | Time:00:00.70 | Mem:0.00M, Peak:0.00M | Scene, ViewLayer | Synchronizing object | ENV_leaf_824
Fra:590 Mem:217.02M (Peak 217.02M) | Time:00:00.70 | Mem:0.00M, Peak:0.00M | Scene, ViewLayer | Synchronizing object | ENV_leaf_823
Fra:590 Mem:217.02M (Peak 217.02M) | Time:00:00.70 | Mem:0.00M, Peak:0.00M | Scene, ViewLayer | Synchronizing object | ENV_leaf_822
Fra:590 Mem:217.03M (Peak 217.03M) | Time:00:00.70 | Mem:0.00M, Peak:0.00M | Scene, ViewLayer | Synchronizing object | ENV_leaf_821
Fra:590 Mem:217.03M (Peak 217.03M) | Time:00:00.70 | Mem:0.00M, Peak:0.00M | Scene, ViewLayer | Synchronizing object | ENV_leaf_820
Fra:590 Mem:217.03M (Peak 217.03M) | Time:00:00.70 | Mem:0.00M, Peak:0.00M | Scene, ViewLayer | Synchronizing object | ENV_leaf_819
Fra:590 Mem:217.04M (Peak 217.04M) | Time:00:00.70 | Mem:0.00M, Peak:0.00M | Scene, ViewLayer | Synchronizing object | ENV_leaf_818
Fra:590 Mem:217.04M (Peak 217.04M) | Time:00:00.70 | Mem:0.00M, Peak:0.00M | Scene, ViewLayer | Synchronizing object | ENV_leaf_817
Fra:590 Mem:217.05M (Peak 217.05M) | Time:00:00.70 | Mem:0.00M, Peak:0.00M | Scene, ViewLayer | Synchronizing object | ENV_leaf_816
Fra:590 Mem:217.05M (Peak 217.05M) | Time:00:00.70 | Mem:0.00M, Peak:0.00M | Scene, ViewLayer | Synchronizing object | ENV_leaf_815
Fra:590 Mem:217.05M (Peak 217.05M) | Time:00:00.70 | Mem:0.00M, Peak:0.00M | Scene, ViewLayer | Synchronizing object | ENV_leaf_814
Fra:590 Mem:217.06M (Peak 217.06M) | Time:00:00.70 | Mem:0.00M, Peak:0.00M | Scene, ViewLayer | Synchronizing object | ENV_leaf_813
Fra:590 Mem:217.06M (Peak 217.06M) | Time:00:00.70 | Mem:0.00M, Peak:0.00M | Scene, ViewLayer | Synchronizing object | ENV_leaf_812
Fra:590 Mem:217.07M (Peak 217.07M) | Time:00:00.70 | Mem:0.00M, Peak:0.00M | Scene, ViewLayer | Synchronizing object | ENV_leaf_811
Fra:590 Mem:217.07M (Peak 217.07M) | Time:00:00.70 | Mem:0.00M, Peak:0.00M | Scene, ViewLayer | Synchronizing object | ENV_leaf_810
Fra:590 Mem:217.07M (Peak 217.07M) | Time:00:00.70 | Mem:0.00M, Peak:0.00M | Scene, ViewLayer | Synchronizing object | ENV_leaf_809
Fra:590 Mem:217.08M (Peak 217.08M) | Time:00:00.70 | Mem:0.00M, Peak:0.00M | Scene, ViewLayer | Synchronizing object | ENV_leaf_808
Fra:590 Mem:217.08M (Peak 217.08M) | Time:00:00.70 | Mem:0.00M, Peak:0.00M | Scene, ViewLayer | Synchronizing object | ENV_leaf_807
Fra:590 Mem:217.09M (Peak 217.09M) | Time:00:00.70 | Mem:0.00M, Peak:0.00M | Scene, ViewLayer | Synchronizing object | ENV_leaf_806
Fra:590 Mem:217.09M (Peak 217.09M) | Time:00:00.70 | Mem:0.00M, Peak:0.00M | Scene, ViewLayer | Synchronizing object | ENV_leaf_805
Fra:590 Mem:217.09M (Peak 217.09M) | Time:00:00.70 | Mem:0.00M, Peak:0.00M | Scene, ViewLayer | Synchronizing object | ENV_leaf_804
Fra:590 Mem:217.10M (Peak 217.10M) | Time:00:00.70 | Mem:0.00M, Peak:0.00M | Scene, ViewLayer | Synchronizing object | ENV_leaf_803
Fra:590 Mem:217.10M (Peak 217.10M) | Time:00:00.70 | Mem:0.00M, Peak:0.00M | Scene, ViewLayer | Synchronizing object | ENV_leaf_802
Fra:590 Mem:217.11M (Peak 217.11M) | Time:00:00.70 | Mem:0.00M, Peak:0.00M | Scene, ViewLayer | Synchronizing object | ENV_leaf_801
Fra:590 Mem:217.11M (Peak 217.11M) | Time:00:00.70 | Mem:0.00M, Peak:0.00M | Scene, ViewLayer | Synchronizing object | ENV_leaf_800
Fra:590 Mem:217.12M (Peak 217.12M) | Time:00:00.70 | Mem:0.00M, Peak:0.00M | Scene, ViewLayer | Synchronizing object | ENV_leaf_799
Fra:590 Mem:217.12M (Peak 217.12M) | Time:00:00.70 | Mem:0.00M, Peak:0.00M | Scene, ViewLayer | Synchronizing object | ENV_leaf_798
Fra:590 Mem:217.12M (Peak 217.12M) | Time:00:00.70 | Mem:0.00M, Peak:0.00M | Scene, ViewLayer | Synchronizing object | ENV_leaf_797
Fra:590 Mem:217.13M (Peak 217.13M) | Time:00:00.70 | Mem:0.00M, Peak:0.00M | Scene, ViewLayer | Synchronizing object | ENV_leaf_796
Fra:590 Mem:217.13M (Peak 217.13M) | Time:00:00.70 | Mem:0.00M, Peak:0.00M | Scene, ViewLayer | Synchronizing object | ENV_leaf_795
Fra:590 Mem:217.14M (Peak 217.14M) | Time:00:00.70 | Mem:0.00M, Peak:0.00M | Scene, ViewLayer | Synchronizing object | ENV_leaf_794
Fra:590 Mem:217.14M (Peak 217.14M) | Time:00:00.70 | Mem:0.00M, Peak:0.00M | Scene, ViewLayer | Synchronizing object | ENV_leaf_793
Fra:590 Mem:217.14M (Peak 217.14M) | Time:00:00.70 | Mem:0.00M, Peak:0.00M | Scene, ViewLayer | Synchronizing object | ENV_leaf_792
Fra:590 Mem:217.15M (Peak 217.15M) | Time:00:00.70 | Mem:0.00M, Peak:0.00M | Scene, ViewLayer | Synchronizing object | ENV_leaf_791
Fra:590 Mem:217.15M (Peak 217.15M) | Time:00:00.70 | Mem:0.00M, Peak:0.00M | Scene, ViewLayer | Synchronizing object | ENV_leaf_790
Fra:590 Mem:217.16M (Peak 217.16M) | Time:00:00.70 | Mem:0.00M, Peak:0.00M | Scene, ViewLayer | Synchronizing object | ENV_leaf_789
Fra:590 Mem:217.16M (Peak 217.16M) | Time:00:00.70 | Mem:0.00M, Peak:0.00M | Scene, ViewLayer | Synchronizing object | ENV_leaf_788
Fra:590 Mem:217.16M (Peak 217.16M) | Time:00:00.70 | Mem:0.00M, Peak:0.00M | Scene, ViewLayer | Synchronizing object | ENV_leaf_787
Fra:590 Mem:217.17M (Peak 217.17M) | Time:00:00.70 | Mem:0.00M, Peak:0.00M | Scene, ViewLayer | Synchronizing object | ENV_leaf_786
Fra:590 Mem:217.17M (Peak 217.17M) | Time:00:00.70 | Mem:0.00M, Peak:0.00M | Scene, ViewLayer | Synchronizing object | ENV_leaf_785
Fra:590 Mem:217.18M (Peak 217.18M) | Time:00:00.70 | Mem:0.00M, Peak:0.00M | Scene, ViewLayer | Synchronizing object | ENV_leaf_784
Fra:590 Mem:217.18M (Peak 217.18M) | Time:00:00.70 | Mem:0.00M, Peak:0.00M | Scene, ViewLayer | Synchronizing object | ENV_leaf_783
Fra:590 Mem:217.18M (Peak 217.18M) | Time:00:00.70 | Mem:0.00M, Peak:0.00M | Scene, ViewLayer | Synchronizing object | ENV_leaf_782
Fra:590 Mem:217.19M (Peak 217.19M) | Time:00:00.70 | Mem:0.00M, Peak:0.00M | Scene, ViewLayer | Synchronizing object | ENV_leaf_781
Fra:590 Mem:217.19M (Peak 217.19M) | Time:00:00.70 | Mem:0.00M, Peak:0.00M | Scene, ViewLayer | Synchronizing object | ENV_leaf_780
Fra:590 Mem:217.20M (Peak 217.20M) | Time:00:00.70 | Mem:0.00M, Peak:0.00M | Scene, ViewLayer | Synchronizing object | ENV_leaf_779
Fra:590 Mem:217.20M (Peak 217.20M) | Time:00:00.70 | Mem:0.00M, Peak:0.00M | Scene, ViewLayer | Synchronizing object | ENV_leaf_778
Fra:590 Mem:217.20M (Peak 217.20M) | Time:00:00.70 | Mem:0.00M, Peak:0.00M | Scene, ViewLayer | Synchronizing object | ENV_leaf_777
Fra:590 Mem:217.21M (Peak 217.21M) | Time:00:00.70 | Mem:0.00M, Peak:0.00M | Scene, ViewLayer | Synchronizing object | ENV_leaf_776
Fra:590 Mem:217.29M (Peak 217.29M) | Time:00:00.70 | Mem:0.00M, Peak:0.00M | Scene, ViewLayer | Synchronizing object | ENV_fern_23
Fra:590 Mem:217.93M (Peak 217.93M) | Time:00:00.70 | Mem:0.00M, Peak:0.00M | Scene, ViewLayer | Synchronizing object | ENV_fern_24
Fra:590 Mem:218.33M (Peak 218.33M) | Time:00:00.70 | Mem:0.00M, Peak:0.00M | Scene, ViewLayer | Synchronizing object | ENV_fern_25
Fra:590 Mem:218.85M (Peak 218.85M) | Time:00:00.71 | Mem:0.00M, Peak:0.00M | Scene, ViewLayer | Synchronizing object | ENV_fern_26
Fra:590 Mem:219.49M (Peak 219.49M) | Time:00:00.71 | Mem:0.00M, Peak:0.00M | Scene, ViewLayer | Synchronizing object | ENV_fern_27
Fra:590 Mem:219.89M (Peak 219.89M) | Time:00:00.71 | Mem:0.00M, Peak:0.00M | Scene, ViewLayer | Synchronizing object | ENV_fern_28
Fra:590 Mem:220.41M (Peak 220.41M) | Time:00:00.71 | Mem:0.00M, Peak:0.00M | Scene, ViewLayer | Synchronizing object | ENV_fern_29
Fra:590 Mem:221.06M (Peak 221.06M) | Time:00:00.71 | Mem:0.00M, Peak:0.00M | Scene, ViewLayer | Synchronizing object | ENV_fern_30
Fra:590 Mem:221.41M (Peak 221.41M) | Time:00:00.71 | Mem:0.00M, Peak:0.00M | Scene, ViewLayer | Synchronizing object | ENV_leaf_775
Fra:590 Mem:221.41M (Peak 221.41M) | Time:00:00.71 | Mem:0.00M, Peak:0.00M | Scene, ViewLayer | Synchronizing object | ENV_leaf_774
Fra:590 Mem:221.41M (Peak 221.41M) | Time:00:00.71 | Mem:0.00M, Peak:0.00M | Scene, ViewLayer | Synchronizing object | ENV_leaf_773
Fra:590 Mem:221.42M (Peak 221.42M) | Time:00:00.71 | Mem:0.00M, Peak:0.00M | Scene, ViewLayer | Synchronizing object | ENV_leaf_772
Fra:590 Mem:221.42M (Peak 221.42M) | Time:00:00.71 | Mem:0.00M, Peak:0.00M | Scene, ViewLayer | Synchronizing object | ENV_leaf_771
Fra:590 Mem:221.43M (Peak 221.43M) | Time:00:00.71 | Mem:0.00M, Peak:0.00M | Scene, ViewLayer | Synchronizing object | ENV_leaf_770
Fra:590 Mem:221.43M (Peak 221.43M) | Time:00:00.71 | Mem:0.00M, Peak:0.00M | Scene, ViewLayer | Synchronizing object | ENV_leaf_769
Fra:590 Mem:221.43M (Peak 221.43M) | Time:00:00.71 | Mem:0.00M, Peak:0.00M | Scene, ViewLayer | Synchronizing object | ENV_leaf_768
Fra:590 Mem:221.44M (Peak 221.44M) | Time:00:00.71 | Mem:0.00M, Peak:0.00M | Scene, ViewLayer | Synchronizing object | ENV_leaf_767
Fra:590 Mem:221.44M (Peak 221.44M) | Time:00:00.71 | Mem:0.00M, Peak:0.00M | Scene, ViewLayer | Synchronizing object | ENV_leaf_766
Fra:590 Mem:221.45M (Peak 221.45M) | Time:00:00.71 | Mem:0.00M, Peak:0.00M | Scene, ViewLayer | Synchronizing object | ENV_leaf_765
Fra:590 Mem:221.45M (Peak 221.45M) | Time:00:00.71 | Mem:0.00M, Peak:0.00M | Scene, ViewLayer | Synchronizing object | ENV_leaf_764
Fra:590 Mem:221.45M (Peak 221.45M) | Time:00:00.71 | Mem:0.00M, Peak:0.00M | Scene, ViewLayer | Synchronizing object | ENV_leaf_763
Fra:590 Mem:221.46M (Peak 221.46M) | Time:00:00.71 | Mem:0.00M, Peak:0.00M | Scene, ViewLayer | Synchronizing object | ENV_leaf_762
Fra:590 Mem:221.46M (Peak 221.46M) | Time:00:00.71 | Mem:0.00M, Peak:0.00M | Scene, ViewLayer | Synchronizing object | ENV_leaf_761
Fra:590 Mem:221.47M (Peak 221.47M) | Time:00:00.71 | Mem:0.00M, Peak:0.00M | Scene, ViewLayer | Synchronizing object | ENV_leaf_760
Fra:590 Mem:221.47M (Peak 221.47M) | Time:00:00.71 | Mem:0.00M, Peak:0.00M | Scene, ViewLayer | Synchronizing object | ENV_leaf_759
Fra:590 Mem:221.47M (Peak 221.47M) | Time:00:00.71 | Mem:0.00M, Peak:0.00M | Scene, ViewLayer | Synchronizing object | ENV_leaf_758
Fra:590 Mem:221.48M (Peak 221.48M) | Time:00:00.71 | Mem:0.00M, Peak:0.00M | Scene, ViewLayer | Synchronizing object | ENV_leaf_757
Fra:590 Mem:221.48M (Peak 221.48M) | Time:00:00.71 | Mem:0.00M, Peak:0.00M | Scene, ViewLayer | Synchronizing object | ENV_leaf_756
Fra:590 Mem:221.49M (Peak 221.49M) | Time:00:00.71 | Mem:0.00M, Peak:0.00M | Scene, ViewLayer | Synchronizing object | ENV_leaf_755
Fra:590 Mem:221.49M (Peak 221.49M) | Time:00:00.71 | Mem:0.00M, Peak:0.00M | Scene, ViewLayer | Synchronizing object | ENV_leaf_754
Fra:590 Mem:221.49M (Peak 221.49M) | Time:00:00.71 | Mem:0.00M, Peak:0.00M | Scene, ViewLayer | Synchronizing object | ENV_leaf_753
Fra:590 Mem:221.50M (Peak 221.50M) | Time:00:00.71 | Mem:0.00M, Peak:0.00M | Scene, ViewLayer | Synchronizing object | ENV_leaf_752
Fra:590 Mem:221.50M (Peak 221.50M) | Time:00:00.71 | Mem:0.00M, Peak:0.00M | Scene, ViewLayer | Synchronizing object | ENV_leaf_751
Fra:590 Mem:221.51M (Peak 221.51M) | Time:00:00.71 | Mem:0.00M, Peak:0.00M | Scene, ViewLayer | Synchronizing object | ENV_leaf_750
Fra:590 Mem:221.51M (Peak 221.51M) | Time:00:00.71 | Mem:0.00M, Peak:0.00M | Scene, ViewLayer | Synchronizing object | ENV_leaf_749
Fra:590 Mem:221.52M (Peak 221.52M) | Time:00:00.71 | Mem:0.00M, Peak:0.00M | Scene, ViewLayer | Synchronizing object | ENV_leaf_748
Fra:590 Mem:221.52M (Peak 221.52M) | Time:00:00.71 | Mem:0.00M, Peak:0.00M | Scene, ViewLayer | Synchronizing object | ENV_leaf_747
Fra:590 Mem:221.52M (Peak 221.52M) | Time:00:00.71 | Mem:0.00M, Peak:0.00M | Scene, ViewLayer | Synchronizing object | ENV_leaf_746
Fra:590 Mem:221.53M (Peak 221.53M) | Time:00:00.71 | Mem:0.00M, Peak:0.00M | Scene, ViewLayer | Synchronizing object | ENV_leaf_745
Fra:590 Mem:221.53M (Peak 221.53M) | Time:00:00.71 | Mem:0.00M, Peak:0.00M | Scene, ViewLayer | Synchronizing object | ENV_leaf_744
Fra:590 Mem:221.54M (Peak 221.54M) | Time:00:00.71 | Mem:0.00M, Peak:0.00M | Scene, ViewLayer | Synchronizing object | ENV_leaf_743
Fra:590 Mem:221.54M (Peak 221.54M) | Time:00:00.71 | Mem:0.00M, Peak:0.00M | Scene, ViewLayer | Synchronizing object | ENV_leaf_742
Fra:590 Mem:221.54M (Peak 221.54M) | Time:00:00.71 | Mem:0.00M, Peak:0.00M | Scene, ViewLayer | Synchronizing object | ENV_leaf_741
Fra:590 Mem:221.55M (Peak 221.55M) | Time:00:00.71 | Mem:0.00M, Peak:0.00M | Scene, ViewLayer | Synchronizing object | ENV_leaf_740
Fra:590 Mem:221.55M (Peak 221.55M) | Time:00:00.71 | Mem:0.00M, Peak:0.00M | Scene, ViewLayer | Synchronizing object | ENV_leaf_739
Fra:590 Mem:221.56M (Peak 221.56M) | Time:00:00.71 | Mem:0.00M, Peak:0.00M | Scene, ViewLayer | Synchronizing object | ENV_leaf_738
Fra:590 Mem:221.56M (Peak 221.56M) | Time:00:00.71 | Mem:0.00M, Peak:0.00M | Scene, ViewLayer | Synchronizing object | ENV_leaf_737
Fra:590 Mem:221.56M (Peak 221.56M) | Time:00:00.71 | Mem:0.00M, Peak:0.00M | Scene, ViewLayer | Synchronizing object | ENV_leaf_736
Fra:590 Mem:221.57M (Peak 221.57M) | Time:00:00.71 | Mem:0.00M, Peak:0.00M | Scene, ViewLayer | Synchronizing object | ENV_leaf_735
Fra:590 Mem:221.57M (Peak 221.57M) | Time:00:00.71 | Mem:0.00M, Peak:0.00M | Scene, ViewLayer | Synchronizing object | ENV_leaf_734
Fra:590 Mem:221.58M (Peak 221.58M) | Time:00:00.71 | Mem:0.00M, Peak:0.00M | Scene, ViewLayer | Synchronizing object | ENV_leaf_733
Fra:590 Mem:221.58M (Peak 221.58M) | Time:00:00.71 | Mem:0.00M, Peak:0.00M | Scene, ViewLayer | Synchronizing object | ENV_leaf_732
Fra:590 Mem:221.58M (Peak 221.58M) | Time:00:00.71 | Mem:0.00M, Peak:0.00M | Scene, ViewLayer | Synchronizing object | ENV_leaf_731
Fra:590 Mem:221.59M (Peak 221.59M) | Time:00:00.71 | Mem:0.00M, Peak:0.00M | Scene, ViewLayer | Synchronizing object | ENV_leaf_730
Fra:590 Mem:221.59M (Peak 221.59M) | Time:00:00.71 | Mem:0.00M, Peak:0.00M | Scene, ViewLayer | Synchronizing object | ENV_leaf_729
Fra:590 Mem:221.60M (Peak 221.60M) | Time:00:00.71 | Mem:0.00M, Peak:0.00M | Scene, ViewLayer | Synchronizing object | ENV_leaf_727
Fra:590 Mem:221.60M (Peak 221.60M) | Time:00:00.71 | Mem:0.00M, Peak:0.00M | Scene, ViewLayer | Synchronizing object | ENV_leaf_726
Fra:590 Mem:221.60M (Peak 221.60M) | Time:00:00.71 | Mem:0.00M, Peak:0.00M | Scene, ViewLayer | Synchronizing object | ENV_leaf_725
Fra:590 Mem:221.61M (Peak 221.61M) | Time:00:00.71 | Mem:0.00M, Peak:0.00M | Scene, ViewLayer | Synchronizing object | ENV_leaf_723
Fra:590 Mem:221.61M (Peak 221.61M) | Time:00:00.71 | Mem:0.00M, Peak:0.00M | Scene, ViewLayer | Synchronizing object | ENV_leaf_722
Fra:590 Mem:221.62M (Peak 221.62M) | Time:00:00.71 | Mem:0.00M, Peak:0.00M | Scene, ViewLayer | Synchronizing object | ENV_leaf_721
Fra:590 Mem:221.62M (Peak 221.62M) | Time:00:00.71 | Mem:0.00M, Peak:0.00M | Scene, ViewLayer | Synchronizing object | ENV_leaf_720
Fra:590 Mem:221.62M (Peak 221.62M) | Time:00:00.71 | Mem:0.00M, Peak:0.00M | Scene, ViewLayer | Synchronizing object | ENV_leaf_719
Fra:590 Mem:221.63M (Peak 221.63M) | Time:00:00.71 | Mem:0.00M, Peak:0.00M | Scene, ViewLayer | Synchronizing object | ENV_leaf_718
Fra:590 Mem:221.63M (Peak 221.63M) | Time:00:00.71 | Mem:0.00M, Peak:0.00M | Scene, ViewLayer | Synchronizing object | ENV_leaf_717
Fra:590 Mem:221.64M (Peak 221.64M) | Time:00:00.71 | Mem:0.00M, Peak:0.00M | Scene, ViewLayer | Synchronizing object | ENV_leaf_715
Fra:590 Mem:221.64M (Peak 221.64M) | Time:00:00.71 | Mem:0.00M, Peak:0.00M | Scene, ViewLayer | Synchronizing object | ENV_leaf_714
Fra:590 Mem:221.64M (Peak 221.64M) | Time:00:00.71 | Mem:0.00M, Peak:0.00M | Scene, ViewLayer | Synchronizing object | ENV_leaf_713
Fra:590 Mem:221.65M (Peak 221.65M) | Time:00:00.71 | Mem:0.00M, Peak:0.00M | Scene, ViewLayer | Synchronizing object | ENV_leaf_712
Fra:590 Mem:221.65M (Peak 221.65M) | Time:00:00.71 | Mem:0.00M, Peak:0.00M | Scene, ViewLayer | Synchronizing object | ENV_leaf_711
Fra:590 Mem:221.66M (Peak 221.66M) | Time:00:00.71 | Mem:0.00M, Peak:0.00M | Scene, ViewLayer | Synchronizing object | ENV_leaf_710
Fra:590 Mem:221.66M (Peak 221.66M) | Time:00:00.71 | Mem:0.00M, Peak:0.00M | Scene, ViewLayer | Synchronizing object | ENV_leaf_709
Fra:590 Mem:221.66M (Peak 221.66M) | Time:00:00.71 | Mem:0.00M, Peak:0.00M | Scene, ViewLayer | Synchronizing object | ENV_leaf_708
Fra:590 Mem:221.67M (Peak 221.67M) | Time:00:00.71 | Mem:0.00M, Peak:0.00M | Scene, ViewLayer | Synchronizing object | ENV_leaf_707
Fra:590 Mem:221.67M (Peak 221.67M) | Time:00:00.71 | Mem:0.00M, Peak:0.00M | Scene, ViewLayer | Synchronizing object | ENV_leaf_706
Fra:590 Mem:221.68M (Peak 221.68M) | Time:00:00.71 | Mem:0.00M, Peak:0.00M | Scene, ViewLayer | Synchronizing object | ENV_leaf_705
Fra:590 Mem:221.68M (Peak 221.68M) | Time:00:00.71 | Mem:0.00M, Peak:0.00M | Scene, ViewLayer | Synchronizing object | ENV_leaf_704
Fra:590 Mem:221.68M (Peak 221.68M) | Time:00:00.71 | Mem:0.00M, Peak:0.00M | Scene, ViewLayer | Synchronizing object | ENV_leaf_703
Fra:590 Mem:221.69M (Peak 221.69M) | Time:00:00.71 | Mem:0.00M, Peak:0.00M | Scene, ViewLayer | Synchronizing object | ENV_leaf_702
Fra:590 Mem:221.69M (Peak 221.69M) | Time:00:00.71 | Mem:0.00M, Peak:0.00M | Scene, ViewLayer | Synchronizing object | ENV_leaf_701
Fra:590 Mem:221.70M (Peak 221.70M) | Time:00:00.71 | Mem:0.00M, Peak:0.00M | Scene, ViewLayer | Synchronizing object | ENV_leaf_700
Fra:590 Mem:221.70M (Peak 221.70M) | Time:00:00.71 | Mem:0.00M, Peak:0.00M | Scene, ViewLayer | Synchronizing object | ENV_leaf_699
Fra:590 Mem:221.71M (Peak 221.71M) | Time:00:00.71 | Mem:0.00M, Peak:0.00M | Scene, ViewLayer | Synchronizing object | ENV_leaf_698
Fra:590 Mem:221.71M (Peak 221.71M) | Time:00:00.71 | Mem:0.00M, Peak:0.00M | Scene, ViewLayer | Synchronizing object | ENV_leaf_697
Fra:590 Mem:221.71M (Peak 221.71M) | Time:00:00.71 | Mem:0.00M, Peak:0.00M | Scene, ViewLayer | Synchronizing object | ENV_leaf_696
Fra:590 Mem:221.72M (Peak 221.72M) | Time:00:00.71 | Mem:0.00M, Peak:0.00M | Scene, ViewLayer | Synchronizing object | ENV_leaf_695
Fra:590 Mem:221.72M (Peak 221.72M) | Time:00:00.71 | Mem:0.00M, Peak:0.00M | Scene, ViewLayer | Synchronizing object | ENV_leaf_694
Fra:590 Mem:221.73M (Peak 221.73M) | Time:00:00.71 | Mem:0.00M, Peak:0.00M | Scene, ViewLayer | Synchronizing object | ENV_leaf_693
Fra:590 Mem:221.73M (Peak 221.73M) | Time:00:00.71 | Mem:0.00M, Peak:0.00M | Scene, ViewLayer | Synchronizing object | ENV_leaf_692
Fra:590 Mem:221.73M (Peak 221.73M) | Time:00:00.71 | Mem:0.00M, Peak:0.00M | Scene, ViewLayer | Synchronizing object | ENV_leaf_691
Fra:590 Mem:221.74M (Peak 221.74M) | Time:00:00.71 | Mem:0.00M, Peak:0.00M | Scene, ViewLayer | Synchronizing object | ENV_leaf_690
Fra:590 Mem:221.74M (Peak 221.74M) | Time:00:00.71 | Mem:0.00M, Peak:0.00M | Scene, ViewLayer | Synchronizing object | ENV_leaf_689
Fra:590 Mem:221.75M (Peak 221.75M) | Time:00:00.71 | Mem:0.00M, Peak:0.00M | Scene, ViewLayer | Synchronizing object | ENV_leaf_688
Fra:590 Mem:221.75M (Peak 221.75M) | Time:00:00.71 | Mem:0.00M, Peak:0.00M | Scene, ViewLayer | Synchronizing object | ENV_leaf_687
Fra:590 Mem:221.75M (Peak 221.75M) | Time:00:00.71 | Mem:0.00M, Peak:0.00M | Scene, ViewLayer | Synchronizing object | ENV_leaf_686
Fra:590 Mem:221.76M (Peak 221.76M) | Time:00:00.71 | Mem:0.00M, Peak:0.00M | Scene, ViewLayer | Synchronizing object | ENV_leaf_685
Fra:590 Mem:221.76M (Peak 221.76M) | Time:00:00.71 | Mem:0.00M, Peak:0.00M | Scene, ViewLayer | Synchronizing object | ENV_leaf_684
Fra:590 Mem:221.77M (Peak 221.77M) | Time:00:00.71 | Mem:0.00M, Peak:0.00M | Scene, ViewLayer | Synchronizing object | ENV_leaf_683
Fra:590 Mem:221.77M (Peak 221.77M) | Time:00:00.71 | Mem:0.00M, Peak:0.00M | Scene, ViewLayer | Synchronizing object | ENV_leaf_682
Fra:590 Mem:221.77M (Peak 221.77M) | Time:00:00.71 | Mem:0.00M, Peak:0.00M | Scene, ViewLayer | Synchronizing object | ENV_leaf_681
Fra:590 Mem:221.78M (Peak 221.78M) | Time:00:00.71 | Mem:0.00M, Peak:0.00M | Scene, ViewLayer | Synchronizing object | ENV_leaf_680
Fra:590 Mem:221.78M (Peak 221.78M) | Time:00:00.71 | Mem:0.00M, Peak:0.00M | Scene, ViewLayer | Synchronizing object | ENV_leaf_679
Fra:590 Mem:221.79M (Peak 221.79M) | Time:00:00.71 | Mem:0.00M, Peak:0.00M | Scene, ViewLayer | Synchronizing object | ENV_leaf_678
Fra:590 Mem:221.79M (Peak 221.79M) | Time:00:00.71 | Mem:0.00M, Peak:0.00M | Scene, ViewLayer | Synchronizing object | ENV_leaf_677
Fra:590 Mem:221.79M (Peak 221.79M) | Time:00:00.71 | Mem:0.00M, Peak:0.00M | Scene, ViewLayer | Synchronizing object | ENV_leaf_676
Fra:590 Mem:221.80M (Peak 221.80M) | Time:00:00.71 | Mem:0.00M, Peak:0.00M | Scene, ViewLayer | Synchronizing object | ENV_leaf_675
Fra:590 Mem:221.80M (Peak 221.80M) | Time:00:00.71 | Mem:0.00M, Peak:0.00M | Scene, ViewLayer | Synchronizing object | ENV_leaf_674
Fra:590 Mem:221.81M (Peak 221.81M) | Time:00:00.71 | Mem:0.00M, Peak:0.00M | Scene, ViewLayer | Synchronizing object | ENV_leaf_673
Fra:590 Mem:221.81M (Peak 221.81M) | Time:00:00.71 | Mem:0.00M, Peak:0.00M | Scene, ViewLayer | Synchronizing object | ENV_leaf_672
Fra:590 Mem:221.81M (Peak 221.81M) | Time:00:00.71 | Mem:0.00M, Peak:0.00M | Scene, ViewLayer | Synchronizing object | ENV_leaf_671
Fra:590 Mem:221.82M (Peak 221.82M) | Time:00:00.71 | Mem:0.00M, Peak:0.00M | Scene, ViewLayer | Synchronizing object | ENV_leaf_670
Fra:590 Mem:221.82M (Peak 221.82M) | Time:00:00.71 | Mem:0.00M, Peak:0.00M | Scene, ViewLayer | Synchronizing object | ENV_leaf_669
Fra:590 Mem:221.83M (Peak 221.83M) | Time:00:00.71 | Mem:0.00M, Peak:0.00M | Scene, ViewLayer | Synchronizing object | ENV_leaf_668
Fra:590 Mem:221.83M (Peak 221.83M) | Time:00:00.71 | Mem:0.00M, Peak:0.00M | Scene, ViewLayer | Synchronizing object | ENV_leaf_667
Fra:590 Mem:221.83M (Peak 221.83M) | Time:00:00.71 | Mem:0.00M, Peak:0.00M | Scene, ViewLayer | Synchronizing object | ENV_leaf_666
Fra:590 Mem:221.84M (Peak 221.84M) | Time:00:00.71 | Mem:0.00M, Peak:0.00M | Scene, ViewLayer | Synchronizing object | ENV_leaf_665
Fra:590 Mem:221.84M (Peak 221.84M) | Time:00:00.71 | Mem:0.00M, Peak:0.00M | Scene, ViewLayer | Synchronizing object | ENV_leaf_664
Fra:590 Mem:221.85M (Peak 221.85M) | Time:00:00.71 | Mem:0.00M, Peak:0.00M | Scene, ViewLayer | Synchronizing object | ENV_leaf_663
Fra:590 Mem:221.85M (Peak 221.85M) | Time:00:00.71 | Mem:0.00M, Peak:0.00M | Scene, ViewLayer | Synchronizing object | ENV_leaf_662
Fra:590 Mem:221.85M (Peak 221.85M) | Time:00:00.71 | Mem:0.00M, Peak:0.00M | Scene, ViewLayer | Synchronizing object | ENV_leaf_661
Fra:590 Mem:221.86M (Peak 221.86M) | Time:00:00.71 | Mem:0.00M, Peak:0.00M | Scene, ViewLayer | Synchronizing object | ENV_leaf_660
Fra:590 Mem:221.86M (Peak 221.86M) | Time:00:00.71 | Mem:0.00M, Peak:0.00M | Scene, ViewLayer | Synchronizing object | ENV_leaf_659
Fra:590 Mem:221.87M (Peak 221.87M) | Time:00:00.71 | Mem:0.00M, Peak:0.00M | Scene, ViewLayer | Synchronizing object | ENV_leaf_658
Fra:590 Mem:221.87M (Peak 221.87M) | Time:00:00.71 | Mem:0.00M, Peak:0.00M | Scene, ViewLayer | Synchronizing object | ENV_leaf_657
Fra:590 Mem:221.87M (Peak 221.87M) | Time:00:00.71 | Mem:0.00M, Peak:0.00M | Scene, ViewLayer | Synchronizing object | ENV_leaf_656
Fra:590 Mem:221.88M (Peak 221.88M) | Time:00:00.71 | Mem:0.00M, Peak:0.00M | Scene, ViewLayer | Synchronizing object | ENV_leaf_655
Fra:590 Mem:221.88M (Peak 221.88M) | Time:00:00.71 | Mem:0.00M, Peak:0.00M | Scene, ViewLayer | Synchronizing object | ENV_leaf_654
Fra:590 Mem:221.89M (Peak 221.89M) | Time:00:00.71 | Mem:0.00M, Peak:0.00M | Scene, ViewLayer | Synchronizing object | ENV_leaf_653
Fra:590 Mem:221.89M (Peak 221.89M) | Time:00:00.71 | Mem:0.00M, Peak:0.00M | Scene, ViewLayer | Synchronizing object | ENV_leaf_652
Fra:590 Mem:221.90M (Peak 221.90M) | Time:00:00.71 | Mem:0.00M, Peak:0.00M | Scene, ViewLayer | Synchronizing object | ENV_leaf_651
Fra:590 Mem:221.90M (Peak 221.90M) | Time:00:00.71 | Mem:0.00M, Peak:0.00M | Scene, ViewLayer | Synchronizing object | ENV_leaf_650
Fra:590 Mem:221.90M (Peak 221.90M) | Time:00:00.71 | Mem:0.00M, Peak:0.00M | Scene, ViewLayer | Synchronizing object | ENV_leaf_649
Fra:590 Mem:221.91M (Peak 221.91M) | Time:00:00.71 | Mem:0.00M, Peak:0.00M | Scene, ViewLayer | Synchronizing object | ENV_leaf_648
Fra:590 Mem:221.91M (Peak 221.91M) | Time:00:00.71 | Mem:0.00M, Peak:0.00M | Scene, ViewLayer | Synchronizing object | ENV_leaf_647
Fra:590 Mem:221.92M (Peak 221.92M) | Time:00:00.71 | Mem:0.00M, Peak:0.00M | Scene, ViewLayer | Synchronizing object | ENV_leaf_646
Fra:590 Mem:221.92M (Peak 221.92M) | Time:00:00.71 | Mem:0.00M, Peak:0.00M | Scene, ViewLayer | Synchronizing object | ENV_leaf_645
Fra:590 Mem:221.92M (Peak 221.92M) | Time:00:00.71 | Mem:0.00M, Peak:0.00M | Scene, ViewLayer | Synchronizing object | ENV_leaf_644
Fra:590 Mem:221.93M (Peak 221.93M) | Time:00:00.71 | Mem:0.00M, Peak:0.00M | Scene, ViewLayer | Synchronizing object | ENV_leaf_643
Fra:590 Mem:221.93M (Peak 221.93M) | Time:00:00.71 | Mem:0.00M, Peak:0.00M | Scene, ViewLayer | Synchronizing object | ENV_leaf_642
Fra:590 Mem:221.94M (Peak 221.94M) | Time:00:00.71 | Mem:0.00M, Peak:0.00M | Scene, ViewLayer | Synchronizing object | ENV_leaf_641
Fra:590 Mem:221.94M (Peak 221.94M) | Time:00:00.71 | Mem:0.00M, Peak:0.00M | Scene, ViewLayer | Synchronizing object | ENV_leaf_640
Fra:590 Mem:221.94M (Peak 221.94M) | Time:00:00.71 | Mem:0.00M, Peak:0.00M | Scene, ViewLayer | Synchronizing object | ENV_leaf_639
Fra:590 Mem:221.95M (Peak 221.95M) | Time:00:00.71 | Mem:0.00M, Peak:0.00M | Scene, ViewLayer | Synchronizing object | ENV_leaf_638
Fra:590 Mem:221.95M (Peak 221.95M) | Time:00:00.71 | Mem:0.00M, Peak:0.00M | Scene, ViewLayer | Synchronizing object | ENV_leaf_637
Fra:590 Mem:221.96M (Peak 221.96M) | Time:00:00.71 | Mem:0.00M, Peak:0.00M | Scene, ViewLayer | Synchronizing object | ENV_leaf_636
Fra:590 Mem:221.96M (Peak 221.96M) | Time:00:00.71 | Mem:0.00M, Peak:0.00M | Scene, ViewLayer | Synchronizing object | ENV_leaf_635
Fra:590 Mem:221.96M (Peak 221.96M) | Time:00:00.71 | Mem:0.00M, Peak:0.00M | Scene, ViewLayer | Synchronizing object | ENV_leaf_634
Fra:590 Mem:221.97M (Peak 221.97M) | Time:00:00.71 | Mem:0.00M, Peak:0.00M | Scene, ViewLayer | Synchronizing object | ENV_leaf_633
Fra:590 Mem:221.97M (Peak 221.97M) | Time:00:00.71 | Mem:0.00M, Peak:0.00M | Scene, ViewLayer | Synchronizing object | ENV_leaf_632
Fra:590 Mem:221.98M (Peak 221.98M) | Time:00:00.71 | Mem:0.00M, Peak:0.00M | Scene, ViewLayer | Synchronizing object | ENV_leaf_631
Fra:590 Mem:221.98M (Peak 221.98M) | Time:00:00.71 | Mem:0.00M, Peak:0.00M | Scene, ViewLayer | Synchronizing object | ENV_leaf_630
Fra:590 Mem:221.98M (Peak 221.98M) | Time:00:00.71 | Mem:0.00M, Peak:0.00M | Scene, ViewLayer | Synchronizing object | ENV_leaf_629
Fra:590 Mem:221.99M (Peak 221.99M) | Time:00:00.71 | Mem:0.00M, Peak:0.00M | Scene, ViewLayer | Synchronizing object | ENV_leaf_628
Fra:590 Mem:221.99M (Peak 221.99M) | Time:00:00.71 | Mem:0.00M, Peak:0.00M | Scene, ViewLayer | Synchronizing object | ENV_leaf_627
Fra:590 Mem:222.00M (Peak 222.00M) | Time:00:00.71 | Mem:0.00M, Peak:0.00M | Scene, ViewLayer | Synchronizing object | ENV_leaf_626
Fra:590 Mem:222.00M (Peak 222.00M) | Time:00:00.71 | Mem:0.00M, Peak:0.00M | Scene, ViewLayer | Synchronizing object | ENV_leaf_625
Fra:590 Mem:222.00M (Peak 222.00M) | Time:00:00.71 | Mem:0.00M, Peak:0.00M | Scene, ViewLayer | Synchronizing object | ENV_leaf_624
Fra:590 Mem:222.01M (Peak 222.01M) | Time:00:00.71 | Mem:0.00M, Peak:0.00M | Scene, ViewLayer | Synchronizing object | ENV_leaf_623
Fra:590 Mem:222.01M (Peak 222.01M) | Time:00:00.71 | Mem:0.00M, Peak:0.00M | Scene, ViewLayer | Synchronizing object | ENV_leaf_622
Fra:590 Mem:222.02M (Peak 222.02M) | Time:00:00.71 | Mem:0.00M, Peak:0.00M | Scene, ViewLayer | Synchronizing object | ENV_leaf_621
Fra:590 Mem:222.02M (Peak 222.02M) | Time:00:00.71 | Mem:0.00M, Peak:0.00M | Scene, ViewLayer | Synchronizing object | ENV_leaf_620
Fra:590 Mem:222.02M (Peak 222.02M) | Time:00:00.71 | Mem:0.00M, Peak:0.00M | Scene, ViewLayer | Synchronizing object | ENV_leaf_619
Fra:590 Mem:222.03M (Peak 222.03M) | Time:00:00.71 | Mem:0.00M, Peak:0.00M | Scene, ViewLayer | Synchronizing object | ENV_leaf_618
Fra:590 Mem:222.03M (Peak 222.03M) | Time:00:00.71 | Mem:0.00M, Peak:0.00M | Scene, ViewLayer | Synchronizing object | ENV_leaf_617
Fra:590 Mem:222.04M (Peak 222.04M) | Time:00:00.71 | Mem:0.00M, Peak:0.00M | Scene, ViewLayer | Synchronizing object | ENV_leaf_616
Fra:590 Mem:222.04M (Peak 222.04M) | Time:00:00.71 | Mem:0.00M, Peak:0.00M | Scene, ViewLayer | Synchronizing object | ENV_leaf_615
Fra:590 Mem:222.04M (Peak 222.04M) | Time:00:00.71 | Mem:0.00M, Peak:0.00M | Scene, ViewLayer | Synchronizing object | ENV_leaf_614
Fra:590 Mem:222.05M (Peak 222.05M) | Time:00:00.71 | Mem:0.00M, Peak:0.00M | Scene, ViewLayer | Synchronizing object | ENV_leaf_613
Fra:590 Mem:222.05M (Peak 222.05M) | Time:00:00.71 | Mem:0.00M, Peak:0.00M | Scene, ViewLayer | Synchronizing object | ENV_leaf_612
Fra:590 Mem:222.06M (Peak 222.06M) | Time:00:00.71 | Mem:0.00M, Peak:0.00M | Scene, ViewLayer | Synchronizing object | ENV_leaf_611
Fra:590 Mem:222.06M (Peak 222.06M) | Time:00:00.71 | Mem:0.00M, Peak:0.00M | Scene, ViewLayer | Synchronizing object | ENV_leaf_610
Fra:590 Mem:222.07M (Peak 222.07M) | Time:00:00.71 | Mem:0.00M, Peak:0.00M | Scene, ViewLayer | Synchronizing object | ENV_leaf_609
Fra:590 Mem:222.07M (Peak 222.07M) | Time:00:00.71 | Mem:0.00M, Peak:0.00M | Scene, ViewLayer | Synchronizing object | ENV_leaf_608
Fra:590 Mem:222.07M (Peak 222.07M) | Time:00:00.71 | Mem:0.00M, Peak:0.00M | Scene, ViewLayer | Synchronizing object | ENV_leaf_607
Fra:590 Mem:222.08M (Peak 222.08M) | Time:00:00.71 | Mem:0.00M, Peak:0.00M | Scene, ViewLayer | Synchronizing object | ENV_leaf_606
Fra:590 Mem:222.08M (Peak 222.08M) | Time:00:00.71 | Mem:0.00M, Peak:0.00M | Scene, ViewLayer | Synchronizing object | ENV_leaf_605
Fra:590 Mem:222.09M (Peak 222.09M) | Time:00:00.71 | Mem:0.00M, Peak:0.00M | Scene, ViewLayer | Synchronizing object | ENV_leaf_604
Fra:590 Mem:222.09M (Peak 222.09M) | Time:00:00.71 | Mem:0.00M, Peak:0.00M | Scene, ViewLayer | Synchronizing object | ENV_leaf_602
Fra:590 Mem:222.09M (Peak 222.09M) | Time:00:00.71 | Mem:0.00M, Peak:0.00M | Scene, ViewLayer | Synchronizing object | ENV_leaf_601
Fra:590 Mem:222.10M (Peak 222.10M) | Time:00:00.71 | Mem:0.00M, Peak:0.00M | Scene, ViewLayer | Synchronizing object | ENV_leaf_600
Fra:590 Mem:222.10M (Peak 222.10M) | Time:00:00.71 | Mem:0.00M, Peak:0.00M | Scene, ViewLayer | Synchronizing object | ENV_leaf_599
Fra:590 Mem:222.11M (Peak 222.11M) | Time:00:00.71 | Mem:0.00M, Peak:0.00M | Scene, ViewLayer | Synchronizing object | ENV_leaf_598
Fra:590 Mem:222.11M (Peak 222.11M) | Time:00:00.71 | Mem:0.00M, Peak:0.00M | Scene, ViewLayer | Synchronizing object | ENV_leaf_597
Fra:590 Mem:222.11M (Peak 222.11M) | Time:00:00.71 | Mem:0.00M, Peak:0.00M | Scene, ViewLayer | Synchronizing object | ENV_leaf_596
Fra:590 Mem:222.12M (Peak 222.12M) | Time:00:00.71 | Mem:0.00M, Peak:0.00M | Scene, ViewLayer | Synchronizing object | ENV_leaf_595
Fra:590 Mem:222.12M (Peak 222.12M) | Time:00:00.71 | Mem:0.00M, Peak:0.00M | Scene, ViewLayer | Synchronizing object | ENV_leaf_594
Fra:590 Mem:222.13M (Peak 222.13M) | Time:00:00.71 | Mem:0.00M, Peak:0.00M | Scene, ViewLayer | Synchronizing object | ENV_leaf_593
Fra:590 Mem:222.13M (Peak 222.13M) | Time:00:00.71 | Mem:0.00M, Peak:0.00M | Scene, ViewLayer | Synchronizing object | ENV_leaf_592
Fra:590 Mem:222.13M (Peak 222.13M) | Time:00:00.71 | Mem:0.00M, Peak:0.00M | Scene, ViewLayer | Synchronizing object | ENV_leaf_591
Fra:590 Mem:222.14M (Peak 222.14M) | Time:00:00.71 | Mem:0.00M, Peak:0.00M | Scene, ViewLayer | Synchronizing object | ENV_leaf_590
Fra:590 Mem:222.14M (Peak 222.14M) | Time:00:00.71 | Mem:0.00M, Peak:0.00M | Scene, ViewLayer | Synchronizing object | ENV_leaf_589
Fra:590 Mem:222.15M (Peak 222.15M) | Time:00:00.72 | Mem:0.00M, Peak:0.00M | Scene, ViewLayer | Synchronizing object | ENV_leaf_588
Fra:590 Mem:222.15M (Peak 222.15M) | Time:00:00.72 | Mem:0.00M, Peak:0.00M | Scene, ViewLayer | Synchronizing object | ENV_leaf_587
Fra:590 Mem:222.15M (Peak 222.15M) | Time:00:00.72 | Mem:0.00M, Peak:0.00M | Scene, ViewLayer | Synchronizing object | ENV_leaf_586
Fra:590 Mem:222.16M (Peak 222.16M) | Time:00:00.72 | Mem:0.00M, Peak:0.00M | Scene, ViewLayer | Synchronizing object | ENV_leaf_585
Fra:590 Mem:222.16M (Peak 222.16M) | Time:00:00.72 | Mem:0.00M, Peak:0.00M | Scene, ViewLayer | Synchronizing object | ENV_leaf_584
Fra:590 Mem:222.17M (Peak 222.17M) | Time:00:00.72 | Mem:0.00M, Peak:0.00M | Scene, ViewLayer | Synchronizing object | ENV_leaf_583
Fra:590 Mem:222.17M (Peak 222.17M) | Time:00:00.72 | Mem:0.00M, Peak:0.00M | Scene, ViewLayer | Synchronizing object | ENV_leaf_582
Fra:590 Mem:222.17M (Peak 222.17M) | Time:00:00.72 | Mem:0.00M, Peak:0.00M | Scene, ViewLayer | Synchronizing object | ENV_leaf_581
Fra:590 Mem:222.18M (Peak 222.18M) | Time:00:00.72 | Mem:0.00M, Peak:0.00M | Scene, ViewLayer | Synchronizing object | ENV_leaf_580
Fra:590 Mem:222.18M (Peak 222.18M) | Time:00:00.72 | Mem:0.00M, Peak:0.00M | Scene, ViewLayer | Synchronizing object | ENV_leaf_579
Fra:590 Mem:222.19M (Peak 222.19M) | Time:00:00.72 | Mem:0.00M, Peak:0.00M | Scene, ViewLayer | Synchronizing object | ENV_leaf_578
Fra:590 Mem:222.19M (Peak 222.19M) | Time:00:00.72 | Mem:0.00M, Peak:0.00M | Scene, ViewLayer | Synchronizing object | ENV_leaf_577
Fra:590 Mem:222.19M (Peak 222.19M) | Time:00:00.72 | Mem:0.00M, Peak:0.00M | Scene, ViewLayer | Synchronizing object | ENV_leaf_576
Fra:590 Mem:222.20M (Peak 222.20M) | Time:00:00.72 | Mem:0.00M, Peak:0.00M | Scene, ViewLayer | Synchronizing object | ENV_leaf_575
Fra:590 Mem:222.20M (Peak 222.20M) | Time:00:00.72 | Mem:0.00M, Peak:0.00M | Scene, ViewLayer | Synchronizing object | ENV_leaf_574
Fra:590 Mem:222.21M (Peak 222.21M) | Time:00:00.72 | Mem:0.00M, Peak:0.00M | Scene, ViewLayer | Synchronizing object | ENV_leaf_573
Fra:590 Mem:222.21M (Peak 222.21M) | Time:00:00.72 | Mem:0.00M, Peak:0.00M | Scene, ViewLayer | Synchronizing object | ENV_leaf_572
Fra:590 Mem:222.21M (Peak 222.21M) | Time:00:00.72 | Mem:0.00M, Peak:0.00M | Scene, ViewLayer | Synchronizing object | ENV_leaf_571
Fra:590 Mem:222.22M (Peak 222.22M) | Time:00:00.72 | Mem:0.00M, Peak:0.00M | Scene, ViewLayer | Synchronizing object | ENV_leaf_570
Fra:590 Mem:222.22M (Peak 222.22M) | Time:00:00.72 | Mem:0.00M, Peak:0.00M | Scene, ViewLayer | Synchronizing object | ENV_leaf_569
Fra:590 Mem:222.23M (Peak 222.23M) | Time:00:00.72 | Mem:0.00M, Peak:0.00M | Scene, ViewLayer | Synchronizing object | ENV_leaf_568
Fra:590 Mem:222.23M (Peak 222.23M) | Time:00:00.72 | Mem:0.00M, Peak:0.00M | Scene, ViewLayer | Synchronizing object | ENV_leaf_567
Fra:590 Mem:222.23M (Peak 222.23M) | Time:00:00.72 | Mem:0.00M, Peak:0.00M | Scene, ViewLayer | Synchronizing object | ENV_leaf_566
Fra:590 Mem:222.24M (Peak 222.24M) | Time:00:00.72 | Mem:0.00M, Peak:0.00M | Scene, ViewLayer | Synchronizing object | ENV_leaf_565
Fra:590 Mem:222.24M (Peak 222.24M) | Time:00:00.72 | Mem:0.00M, Peak:0.00M | Scene, ViewLayer | Synchronizing object | ENV_leaf_564
Fra:590 Mem:222.25M (Peak 222.25M) | Time:00:00.72 | Mem:0.00M, Peak:0.00M | Scene, ViewLayer | Synchronizing object | ENV_leaf_563
Fra:590 Mem:222.25M (Peak 222.25M) | Time:00:00.72 | Mem:0.00M, Peak:0.00M | Scene, ViewLayer | Synchronizing object | ENV_leaf_562
Fra:590 Mem:222.26M (Peak 222.26M) | Time:00:00.72 | Mem:0.00M, Peak:0.00M | Scene, ViewLayer | Synchronizing object | ENV_leaf_561
Fra:590 Mem:222.26M (Peak 222.26M) | Time:00:00.72 | Mem:0.00M, Peak:0.00M | Scene, ViewLayer | Synchronizing object | ENV_leaf_560
Fra:590 Mem:222.26M (Peak 222.26M) | Time:00:00.72 | Mem:0.00M, Peak:0.00M | Scene, ViewLayer | Synchronizing object | ENV_leaf_559
Fra:590 Mem:222.27M (Peak 222.27M) | Time:00:00.72 | Mem:0.00M, Peak:0.00M | Scene, ViewLayer | Synchronizing object | ENV_leaf_558
Fra:590 Mem:222.27M (Peak 222.27M) | Time:00:00.72 | Mem:0.00M, Peak:0.00M | Scene, ViewLayer | Synchronizing object | ENV_leaf_557
Fra:590 Mem:222.28M (Peak 222.28M) | Time:00:00.72 | Mem:0.00M, Peak:0.00M | Scene, ViewLayer | Synchronizing object | ENV_leaf_556
Fra:590 Mem:222.28M (Peak 222.28M) | Time:00:00.72 | Mem:0.00M, Peak:0.00M | Scene, ViewLayer | Synchronizing object | ENV_leaf_555
Fra:590 Mem:222.28M (Peak 222.28M) | Time:00:00.72 | Mem:0.00M, Peak:0.00M | Scene, ViewLayer | Synchronizing object | ENV_leaf_554
Fra:590 Mem:222.29M (Peak 222.29M) | Time:00:00.72 | Mem:0.00M, Peak:0.00M | Scene, ViewLayer | Synchronizing object | ENV_leaf_553
Fra:590 Mem:222.29M (Peak 222.29M) | Time:00:00.72 | Mem:0.00M, Peak:0.00M | Scene, ViewLayer | Synchronizing object | ENV_leaf_552
Fra:590 Mem:222.30M (Peak 222.30M) | Time:00:00.72 | Mem:0.00M, Peak:0.00M | Scene, ViewLayer | Synchronizing object | ENV_leaf_551
Fra:590 Mem:222.30M (Peak 222.30M) | Time:00:00.72 | Mem:0.00M, Peak:0.00M | Scene, ViewLayer | Synchronizing object | ENV_leaf_550
Fra:590 Mem:222.30M (Peak 222.30M) | Time:00:00.72 | Mem:0.00M, Peak:0.00M | Scene, ViewLayer | Synchronizing object | ENV_leaf_549
Fra:590 Mem:222.31M (Peak 222.31M) | Time:00:00.72 | Mem:0.00M, Peak:0.00M | Scene, ViewLayer | Synchronizing object | ENV_leaf_548
Fra:590 Mem:222.31M (Peak 222.31M) | Time:00:00.72 | Mem:0.00M, Peak:0.00M | Scene, ViewLayer | Synchronizing object | ENV_leaf_547
Fra:590 Mem:222.32M (Peak 222.32M) | Time:00:00.72 | Mem:0.00M, Peak:0.00M | Scene, ViewLayer | Synchronizing object | ENV_leaf_546
Fra:590 Mem:222.32M (Peak 222.32M) | Time:00:00.72 | Mem:0.00M, Peak:0.00M | Scene, ViewLayer | Synchronizing object | ENV_leaf_545
Fra:590 Mem:222.32M (Peak 222.32M) | Time:00:00.72 | Mem:0.00M, Peak:0.00M | Scene, ViewLayer | Synchronizing object | ENV_leaf_544
Fra:590 Mem:222.33M (Peak 222.33M) | Time:00:00.72 | Mem:0.00M, Peak:0.00M | Scene, ViewLayer | Synchronizing object | ENV_leaf_543
Fra:590 Mem:222.33M (Peak 222.33M) | Time:00:00.72 | Mem:0.00M, Peak:0.00M | Scene, ViewLayer | Synchronizing object | ENV_leaf_542
Fra:590 Mem:222.34M (Peak 222.34M) | Time:00:00.72 | Mem:0.00M, Peak:0.00M | Scene, ViewLayer | Synchronizing object | ENV_leaf_541
Fra:590 Mem:222.34M (Peak 222.34M) | Time:00:00.72 | Mem:0.00M, Peak:0.00M | Scene, ViewLayer | Synchronizing object | ENV_leaf_540
Fra:590 Mem:222.34M (Peak 222.34M) | Time:00:00.72 | Mem:0.00M, Peak:0.00M | Scene, ViewLayer | Synchronizing object | ENV_leaf_539
Fra:590 Mem:222.35M (Peak 222.35M) | Time:00:00.72 | Mem:0.00M, Peak:0.00M | Scene, ViewLayer | Synchronizing object | ENV_leaf_538
Fra:590 Mem:222.35M (Peak 222.35M) | Time:00:00.72 | Mem:0.00M, Peak:0.00M | Scene, ViewLayer | Synchronizing object | ENV_leaf_537
Fra:590 Mem:222.36M (Peak 222.36M) | Time:00:00.72 | Mem:0.00M, Peak:0.00M | Scene, ViewLayer | Synchronizing object | ENV_leaf_536
Fra:590 Mem:222.36M (Peak 222.36M) | Time:00:00.72 | Mem:0.00M, Peak:0.00M | Scene, ViewLayer | Synchronizing object | ENV_leaf_535
Fra:590 Mem:222.36M (Peak 222.36M) | Time:00:00.72 | Mem:0.00M, Peak:0.00M | Scene, ViewLayer | Synchronizing object | ENV_leaf_534
Fra:590 Mem:222.37M (Peak 222.37M) | Time:00:00.72 | Mem:0.00M, Peak:0.00M | Scene, ViewLayer | Synchronizing object | ENV_leaf_533
Fra:590 Mem:222.37M (Peak 222.37M) | Time:00:00.72 | Mem:0.00M, Peak:0.00M | Scene, ViewLayer | Synchronizing object | ENV_leaf_532
Fra:590 Mem:222.38M (Peak 222.38M) | Time:00:00.72 | Mem:0.00M, Peak:0.00M | Scene, ViewLayer | Synchronizing object | ENV_leaf_531
Fra:590 Mem:222.38M (Peak 222.38M) | Time:00:00.72 | Mem:0.00M, Peak:0.00M | Scene, ViewLayer | Synchronizing object | ENV_leaf_530
Fra:590 Mem:222.38M (Peak 222.38M) | Time:00:00.72 | Mem:0.00M, Peak:0.00M | Scene, ViewLayer | Synchronizing object | ENV_leaf_529
Fra:590 Mem:222.39M (Peak 222.39M) | Time:00:00.72 | Mem:0.00M, Peak:0.00M | Scene, ViewLayer | Synchronizing object | ENV_leaf_528
Fra:590 Mem:222.39M (Peak 222.39M) | Time:00:00.72 | Mem:0.00M, Peak:0.00M | Scene, ViewLayer | Synchronizing object | ENV_leaf_527
Fra:590 Mem:222.40M (Peak 222.40M) | Time:00:00.72 | Mem:0.00M, Peak:0.00M | Scene, ViewLayer | Synchronizing object | ENV_leaf_525
Fra:590 Mem:222.40M (Peak 222.40M) | Time:00:00.72 | Mem:0.00M, Peak:0.00M | Scene, ViewLayer | Synchronizing object | ENV_leaf_524
Fra:590 Mem:222.40M (Peak 222.40M) | Time:00:00.72 | Mem:0.00M, Peak:0.00M | Scene, ViewLayer | Synchronizing object | ENV_leaf_523
Fra:590 Mem:222.41M (Peak 222.41M) | Time:00:00.72 | Mem:0.00M, Peak:0.00M | Scene, ViewLayer | Synchronizing object | ENV_leaf_522
Fra:590 Mem:222.41M (Peak 222.41M) | Time:00:00.72 | Mem:0.00M, Peak:0.00M | Scene, ViewLayer | Synchronizing object | ENV_leaf_521
Fra:590 Mem:222.42M (Peak 222.42M) | Time:00:00.72 | Mem:0.00M, Peak:0.00M | Scene, ViewLayer | Synchronizing object | ENV_leaf_520
Fra:590 Mem:222.42M (Peak 222.42M) | Time:00:00.72 | Mem:0.00M, Peak:0.00M | Scene, ViewLayer | Synchronizing object | ENV_leaf_519
Fra:590 Mem:222.42M (Peak 222.42M) | Time:00:00.72 | Mem:0.00M, Peak:0.00M | Scene, ViewLayer | Synchronizing object | ENV_leaf_518
Fra:590 Mem:222.43M (Peak 222.43M) | Time:00:00.72 | Mem:0.00M, Peak:0.00M | Scene, ViewLayer | Synchronizing object | ENV_leaf_517
Fra:590 Mem:222.43M (Peak 222.43M) | Time:00:00.72 | Mem:0.00M, Peak:0.00M | Scene, ViewLayer | Synchronizing object | ENV_leaf_516
Fra:590 Mem:222.44M (Peak 222.44M) | Time:00:00.72 | Mem:0.00M, Peak:0.00M | Scene, ViewLayer | Synchronizing object | ENV_leaf_515
Fra:590 Mem:222.44M (Peak 222.44M) | Time:00:00.72 | Mem:0.00M, Peak:0.00M | Scene, ViewLayer | Synchronizing object | ENV_leaf_514
Fra:590 Mem:222.45M (Peak 222.45M) | Time:00:00.72 | Mem:0.00M, Peak:0.00M | Scene, ViewLayer | Synchronizing object | ENV_leaf_513
Fra:590 Mem:222.45M (Peak 222.45M) | Time:00:00.72 | Mem:0.00M, Peak:0.00M | Scene, ViewLayer | Synchronizing object | ENV_leaf_512
Fra:590 Mem:222.45M (Peak 222.45M) | Time:00:00.72 | Mem:0.00M, Peak:0.00M | Scene, ViewLayer | Synchronizing object | ENV_leaf_511
Fra:590 Mem:222.46M (Peak 222.46M) | Time:00:00.72 | Mem:0.00M, Peak:0.00M | Scene, ViewLayer | Synchronizing object | ENV_leaf_510
Fra:590 Mem:222.46M (Peak 222.46M) | Time:00:00.72 | Mem:0.00M, Peak:0.00M | Scene, ViewLayer | Synchronizing object | ENV_leaf_509
Fra:590 Mem:222.47M (Peak 222.47M) | Time:00:00.72 | Mem:0.00M, Peak:0.00M | Scene, ViewLayer | Synchronizing object | ENV_leaf_508
Fra:590 Mem:222.47M (Peak 222.47M) | Time:00:00.72 | Mem:0.00M, Peak:0.00M | Scene, ViewLayer | Synchronizing object | ENV_leaf_507
Fra:590 Mem:222.47M (Peak 222.47M) | Time:00:00.72 | Mem:0.00M, Peak:0.00M | Scene, ViewLayer | Synchronizing object | ENV_leaf_506
Fra:590 Mem:222.48M (Peak 222.48M) | Time:00:00.72 | Mem:0.00M, Peak:0.00M | Scene, ViewLayer | Synchronizing object | ENV_leaf_505
Fra:590 Mem:222.48M (Peak 222.48M) | Time:00:00.72 | Mem:0.00M, Peak:0.00M | Scene, ViewLayer | Synchronizing object | ENV_leaf_504
Fra:590 Mem:222.49M (Peak 222.49M) | Time:00:00.72 | Mem:0.00M, Peak:0.00M | Scene, ViewLayer | Synchronizing object | ENV_leaf_503
Fra:590 Mem:222.49M (Peak 222.49M) | Time:00:00.72 | Mem:0.00M, Peak:0.00M | Scene, ViewLayer | Synchronizing object | ENV_leaf_502
Fra:590 Mem:222.49M (Peak 222.49M) | Time:00:00.72 | Mem:0.00M, Peak:0.00M | Scene, ViewLayer | Synchronizing object | ENV_leaf_501
Fra:590 Mem:222.50M (Peak 222.50M) | Time:00:00.72 | Mem:0.00M, Peak:0.00M | Scene, ViewLayer | Synchronizing object | ENV_leaf_500
Fra:590 Mem:222.50M (Peak 222.50M) | Time:00:00.72 | Mem:0.00M, Peak:0.00M | Scene, ViewLayer | Synchronizing object | ENV_leaf_499
Fra:590 Mem:222.51M (Peak 222.51M) | Time:00:00.72 | Mem:0.00M, Peak:0.00M | Scene, ViewLayer | Synchronizing object | ENV_leaf_498
Fra:590 Mem:222.51M (Peak 222.51M) | Time:00:00.72 | Mem:0.00M, Peak:0.00M | Scene, ViewLayer | Synchronizing object | ENV_leaf_497
Fra:590 Mem:222.51M (Peak 222.51M) | Time:00:00.72 | Mem:0.00M, Peak:0.00M | Scene, ViewLayer | Synchronizing object | ENV_leaf_496
Fra:590 Mem:222.52M (Peak 222.52M) | Time:00:00.72 | Mem:0.00M, Peak:0.00M | Scene, ViewLayer | Synchronizing object | ENV_leaf_495
Fra:590 Mem:222.52M (Peak 222.52M) | Time:00:00.72 | Mem:0.00M, Peak:0.00M | Scene, ViewLayer | Synchronizing object | ENV_leaf_494
Fra:590 Mem:222.53M (Peak 222.53M) | Time:00:00.72 | Mem:0.00M, Peak:0.00M | Scene, ViewLayer | Synchronizing object | ENV_leaf_493
Fra:590 Mem:222.53M (Peak 222.53M) | Time:00:00.72 | Mem:0.00M, Peak:0.00M | Scene, ViewLayer | Synchronizing object | ENV_leaf_492
Fra:590 Mem:222.53M (Peak 222.53M) | Time:00:00.72 | Mem:0.00M, Peak:0.00M | Scene, ViewLayer | Synchronizing object | ENV_leaf_491
Fra:590 Mem:222.54M (Peak 222.54M) | Time:00:00.72 | Mem:0.00M, Peak:0.00M | Scene, ViewLayer | Synchronizing object | ENV_leaf_490
Fra:590 Mem:222.54M (Peak 222.54M) | Time:00:00.72 | Mem:0.00M, Peak:0.00M | Scene, ViewLayer | Synchronizing object | ENV_leaf_489
Fra:590 Mem:222.55M (Peak 222.55M) | Time:00:00.72 | Mem:0.00M, Peak:0.00M | Scene, ViewLayer | Synchronizing object | ENV_leaf_488
Fra:590 Mem:222.55M (Peak 222.55M) | Time:00:00.72 | Mem:0.00M, Peak:0.00M | Scene, ViewLayer | Synchronizing object | ENV_leaf_487
Fra:590 Mem:222.55M (Peak 222.55M) | Time:00:00.72 | Mem:0.00M, Peak:0.00M | Scene, ViewLayer | Synchronizing object | ENV_leaf_486
Fra:590 Mem:222.56M (Peak 222.56M) | Time:00:00.72 | Mem:0.00M, Peak:0.00M | Scene, ViewLayer | Synchronizing object | ENV_leaf_485
Fra:590 Mem:222.56M (Peak 222.56M) | Time:00:00.72 | Mem:0.00M, Peak:0.00M | Scene, ViewLayer | Synchronizing object | ENV_leaf_484
Fra:590 Mem:222.57M (Peak 222.57M) | Time:00:00.72 | Mem:0.00M, Peak:0.00M | Scene, ViewLayer | Synchronizing object | ENV_leaf_483
Fra:590 Mem:222.57M (Peak 222.57M) | Time:00:00.72 | Mem:0.00M, Peak:0.00M | Scene, ViewLayer | Synchronizing object | ENV_leaf_482
Fra:590 Mem:222.57M (Peak 222.57M) | Time:00:00.72 | Mem:0.00M, Peak:0.00M | Scene, ViewLayer | Synchronizing object | ENV_leaf_481
Fra:590 Mem:222.58M (Peak 222.58M) | Time:00:00.72 | Mem:0.00M, Peak:0.00M | Scene, ViewLayer | Synchronizing object | ENV_leaf_480
Fra:590 Mem:222.58M (Peak 222.58M) | Time:00:00.72 | Mem:0.00M, Peak:0.00M | Scene, ViewLayer | Synchronizing object | ENV_leaf_479
Fra:590 Mem:222.59M (Peak 222.59M) | Time:00:00.72 | Mem:0.00M, Peak:0.00M | Scene, ViewLayer | Synchronizing object | ENV_leaf_478
Fra:590 Mem:222.59M (Peak 222.59M) | Time:00:00.72 | Mem:0.00M, Peak:0.00M | Scene, ViewLayer | Synchronizing object | ENV_leaf_477
Fra:590 Mem:222.59M (Peak 222.59M) | Time:00:00.72 | Mem:0.00M, Peak:0.00M | Scene, ViewLayer | Synchronizing object | ENV_leaf_476
Fra:590 Mem:222.60M (Peak 222.60M) | Time:00:00.72 | Mem:0.00M, Peak:0.00M | Scene, ViewLayer | Synchronizing object | ENV_leaf_475
Fra:590 Mem:222.60M (Peak 222.60M) | Time:00:00.72 | Mem:0.00M, Peak:0.00M | Scene, ViewLayer | Synchronizing object | ENV_leaf_474
Fra:590 Mem:222.61M (Peak 222.61M) | Time:00:00.72 | Mem:0.00M, Peak:0.00M | Scene, ViewLayer | Synchronizing object | ENV_leaf_473
Fra:590 Mem:222.61M (Peak 222.61M) | Time:00:00.72 | Mem:0.00M, Peak:0.00M | Scene, ViewLayer | Synchronizing object | ENV_leaf_472
Fra:590 Mem:222.61M (Peak 222.61M) | Time:00:00.72 | Mem:0.00M, Peak:0.00M | Scene, ViewLayer | Synchronizing object | ENV_leaf_471
Fra:590 Mem:222.62M (Peak 222.62M) | Time:00:00.72 | Mem:0.00M, Peak:0.00M | Scene, ViewLayer | Synchronizing object | ENV_leaf_470
Fra:590 Mem:222.62M (Peak 222.62M) | Time:00:00.72 | Mem:0.00M, Peak:0.00M | Scene, ViewLayer | Synchronizing object | ENV_leaf_468
Fra:590 Mem:222.63M (Peak 222.63M) | Time:00:00.72 | Mem:0.00M, Peak:0.00M | Scene, ViewLayer | Synchronizing object | ENV_leaf_467
Fra:590 Mem:222.63M (Peak 222.63M) | Time:00:00.72 | Mem:0.00M, Peak:0.00M | Scene, ViewLayer | Synchronizing object | ENV_leaf_466
Fra:590 Mem:222.64M (Peak 222.64M) | Time:00:00.72 | Mem:0.00M, Peak:0.00M | Scene, ViewLayer | Synchronizing object | ENV_leaf_465
Fra:590 Mem:222.64M (Peak 222.64M) | Time:00:00.72 | Mem:0.00M, Peak:0.00M | Scene, ViewLayer | Synchronizing object | ENV_leaf_464
Fra:590 Mem:222.64M (Peak 222.64M) | Time:00:00.72 | Mem:0.00M, Peak:0.00M | Scene, ViewLayer | Synchronizing object | ENV_leaf_463
Fra:590 Mem:222.65M (Peak 222.65M) | Time:00:00.72 | Mem:0.00M, Peak:0.00M | Scene, ViewLayer | Synchronizing object | ENV_leaf_462
Fra:590 Mem:222.65M (Peak 222.65M) | Time:00:00.72 | Mem:0.00M, Peak:0.00M | Scene, ViewLayer | Synchronizing object | ENV_leaf_461
Fra:590 Mem:222.66M (Peak 222.66M) | Time:00:00.72 | Mem:0.00M, Peak:0.00M | Scene, ViewLayer | Synchronizing object | ENV_leaf_460
Fra:590 Mem:222.66M (Peak 222.66M) | Time:00:00.72 | Mem:0.00M, Peak:0.00M | Scene, ViewLayer | Synchronizing object | ENV_leaf_459
Fra:590 Mem:222.66M (Peak 222.66M) | Time:00:00.72 | Mem:0.00M, Peak:0.00M | Scene, ViewLayer | Synchronizing object | ENV_leaf_458
Fra:590 Mem:222.67M (Peak 222.67M) | Time:00:00.72 | Mem:0.00M, Peak:0.00M | Scene, ViewLayer | Synchronizing object | ENV_leaf_457
Fra:590 Mem:222.67M (Peak 222.67M) | Time:00:00.72 | Mem:0.00M, Peak:0.00M | Scene, ViewLayer | Synchronizing object | ENV_leaf_456
Fra:590 Mem:222.68M (Peak 222.68M) | Time:00:00.72 | Mem:0.00M, Peak:0.00M | Scene, ViewLayer | Synchronizing object | ENV_leaf_455
Fra:590 Mem:222.68M (Peak 222.68M) | Time:00:00.72 | Mem:0.00M, Peak:0.00M | Scene, ViewLayer | Synchronizing object | ENV_leaf_454
Fra:590 Mem:222.68M (Peak 222.68M) | Time:00:00.72 | Mem:0.00M, Peak:0.00M | Scene, ViewLayer | Synchronizing object | ENV_leaf_453
Fra:590 Mem:222.69M (Peak 222.69M) | Time:00:00.72 | Mem:0.00M, Peak:0.00M | Scene, ViewLayer | Synchronizing object | ENV_leaf_452
Fra:590 Mem:222.69M (Peak 222.69M) | Time:00:00.72 | Mem:0.00M, Peak:0.00M | Scene, ViewLayer | Synchronizing object | ENV_leaf_451
Fra:590 Mem:222.70M (Peak 222.70M) | Time:00:00.72 | Mem:0.00M, Peak:0.00M | Scene, ViewLayer | Synchronizing object | ENV_leaf_450
Fra:590 Mem:222.70M (Peak 222.70M) | Time:00:00.72 | Mem:0.00M, Peak:0.00M | Scene, ViewLayer | Synchronizing object | ENV_leaf_449
Fra:590 Mem:222.70M (Peak 222.70M) | Time:00:00.72 | Mem:0.00M, Peak:0.00M | Scene, ViewLayer | Synchronizing object | ENV_leaf_448
Fra:590 Mem:222.71M (Peak 222.71M) | Time:00:00.72 | Mem:0.00M, Peak:0.00M | Scene, ViewLayer | Synchronizing object | ENV_leaf_447
Fra:590 Mem:222.71M (Peak 222.71M) | Time:00:00.72 | Mem:0.00M, Peak:0.00M | Scene, ViewLayer | Synchronizing object | ENV_leaf_446
Fra:590 Mem:222.72M (Peak 222.72M) | Time:00:00.72 | Mem:0.00M, Peak:0.00M | Scene, ViewLayer | Synchronizing object | ENV_leaf_445
Fra:590 Mem:222.72M (Peak 222.72M) | Time:00:00.72 | Mem:0.00M, Peak:0.00M | Scene, ViewLayer | Synchronizing object | ENV_leaf_444
Fra:590 Mem:222.72M (Peak 222.72M) | Time:00:00.72 | Mem:0.00M, Peak:0.00M | Scene, ViewLayer | Synchronizing object | ENV_leaf_443
Fra:590 Mem:222.73M (Peak 222.73M) | Time:00:00.72 | Mem:0.00M, Peak:0.00M | Scene, ViewLayer | Synchronizing object | ENV_leaf_442
Fra:590 Mem:222.73M (Peak 222.73M) | Time:00:00.72 | Mem:0.00M, Peak:0.00M | Scene, ViewLayer | Synchronizing object | ENV_leaf_441
Fra:590 Mem:222.74M (Peak 222.74M) | Time:00:00.72 | Mem:0.00M, Peak:0.00M | Scene, ViewLayer | Synchronizing object | ENV_leaf_440
Fra:590 Mem:222.74M (Peak 222.74M) | Time:00:00.72 | Mem:0.00M, Peak:0.00M | Scene, ViewLayer | Synchronizing object | ENV_leaf_439
Fra:590 Mem:222.74M (Peak 222.74M) | Time:00:00.72 | Mem:0.00M, Peak:0.00M | Scene, ViewLayer | Synchronizing object | ENV_leaf_438
Fra:590 Mem:222.75M (Peak 222.75M) | Time:00:00.72 | Mem:0.00M, Peak:0.00M | Scene, ViewLayer | Synchronizing object | ENV_leaf_437
Fra:590 Mem:222.75M (Peak 222.75M) | Time:00:00.72 | Mem:0.00M, Peak:0.00M | Scene, ViewLayer | Synchronizing object | ENV_leaf_436
Fra:590 Mem:222.76M (Peak 222.76M) | Time:00:00.72 | Mem:0.00M, Peak:0.00M | Scene, ViewLayer | Synchronizing object | ENV_leaf_435
Fra:590 Mem:222.76M (Peak 222.76M) | Time:00:00.72 | Mem:0.00M, Peak:0.00M | Scene, ViewLayer | Synchronizing object | ENV_leaf_434
Fra:590 Mem:222.76M (Peak 222.76M) | Time:00:00.72 | Mem:0.00M, Peak:0.00M | Scene, ViewLayer | Synchronizing object | ENV_leaf_433
Fra:590 Mem:222.77M (Peak 222.77M) | Time:00:00.72 | Mem:0.00M, Peak:0.00M | Scene, ViewLayer | Synchronizing object | ENV_leaf_432
Fra:590 Mem:222.77M (Peak 222.77M) | Time:00:00.72 | Mem:0.00M, Peak:0.00M | Scene, ViewLayer | Synchronizing object | ENV_leaf_431
Fra:590 Mem:222.78M (Peak 222.78M) | Time:00:00.72 | Mem:0.00M, Peak:0.00M | Scene, ViewLayer | Synchronizing object | ENV_leaf_430
Fra:590 Mem:222.78M (Peak 222.78M) | Time:00:00.72 | Mem:0.00M, Peak:0.00M | Scene, ViewLayer | Synchronizing object | ENV_leaf_429
Fra:590 Mem:222.78M (Peak 222.78M) | Time:00:00.72 | Mem:0.00M, Peak:0.00M | Scene, ViewLayer | Synchronizing object | ENV_leaf_428
Fra:590 Mem:222.79M (Peak 222.79M) | Time:00:00.72 | Mem:0.00M, Peak:0.00M | Scene, ViewLayer | Synchronizing object | ENV_leaf_427
Fra:590 Mem:222.79M (Peak 222.79M) | Time:00:00.72 | Mem:0.00M, Peak:0.00M | Scene, ViewLayer | Synchronizing object | ENV_leaf_426
Fra:590 Mem:222.80M (Peak 222.80M) | Time:00:00.72 | Mem:0.00M, Peak:0.00M | Scene, ViewLayer | Synchronizing object | ENV_leaf_425
Fra:590 Mem:222.80M (Peak 222.80M) | Time:00:00.72 | Mem:0.00M, Peak:0.00M | Scene, ViewLayer | Synchronizing object | ENV_leaf_424
Fra:590 Mem:222.80M (Peak 222.80M) | Time:00:00.72 | Mem:0.00M, Peak:0.00M | Scene, ViewLayer | Synchronizing object | ENV_leaf_423
Fra:590 Mem:222.81M (Peak 222.81M) | Time:00:00.72 | Mem:0.00M, Peak:0.00M | Scene, ViewLayer | Synchronizing object | ENV_leaf_422
Fra:590 Mem:222.81M (Peak 222.81M) | Time:00:00.72 | Mem:0.00M, Peak:0.00M | Scene, ViewLayer | Synchronizing object | ENV_leaf_421
Fra:590 Mem:222.82M (Peak 222.82M) | Time:00:00.72 | Mem:0.00M, Peak:0.00M | Scene, ViewLayer | Synchronizing object | ENV_leaf_420
Fra:590 Mem:222.82M (Peak 222.82M) | Time:00:00.72 | Mem:0.00M, Peak:0.00M | Scene, ViewLayer | Synchronizing object | ENV_leaf_419
Fra:590 Mem:222.83M (Peak 222.83M) | Time:00:00.72 | Mem:0.00M, Peak:0.00M | Scene, ViewLayer | Synchronizing object | ENV_leaf_418
Fra:590 Mem:222.83M (Peak 222.83M) | Time:00:00.72 | Mem:0.00M, Peak:0.00M | Scene, ViewLayer | Synchronizing object | ENV_leaf_417
Fra:590 Mem:222.83M (Peak 222.83M) | Time:00:00.72 | Mem:0.00M, Peak:0.00M | Scene, ViewLayer | Synchronizing object | ENV_leaf_416
Fra:590 Mem:222.84M (Peak 222.84M) | Time:00:00.72 | Mem:0.00M, Peak:0.00M | Scene, ViewLayer | Synchronizing object | ENV_leaf_415
Fra:590 Mem:222.84M (Peak 222.84M) | Time:00:00.72 | Mem:0.00M, Peak:0.00M | Scene, ViewLayer | Synchronizing object | ENV_leaf_414
Fra:590 Mem:222.85M (Peak 222.85M) | Time:00:00.72 | Mem:0.00M, Peak:0.00M | Scene, ViewLayer | Synchronizing object | ENV_leaf_413
Fra:590 Mem:222.85M (Peak 222.85M) | Time:00:00.72 | Mem:0.00M, Peak:0.00M | Scene, ViewLayer | Synchronizing object | ENV_leaf_412
Fra:590 Mem:222.85M (Peak 222.85M) | Time:00:00.72 | Mem:0.00M, Peak:0.00M | Scene, ViewLayer | Synchronizing object | ENV_leaf_411
Fra:590 Mem:222.86M (Peak 222.86M) | Time:00:00.72 | Mem:0.00M, Peak:0.00M | Scene, ViewLayer | Synchronizing object | ENV_leaf_410
Fra:590 Mem:222.91M (Peak 222.91M) | Time:00:00.72 | Mem:0.00M, Peak:0.00M | Scene, ViewLayer | Synchronizing object | ENV_fern_31
Fra:590 Mem:223.43M (Peak 223.43M) | Time:00:00.72 | Mem:0.00M, Peak:0.00M | Scene, ViewLayer | Synchronizing object | ENV_fern_32
Fra:590 Mem:224.07M (Peak 224.07M) | Time:00:00.72 | Mem:0.00M, Peak:0.00M | Scene, ViewLayer | Synchronizing object | ENV_fern_33
Fra:590 Mem:224.47M (Peak 224.47M) | Time:00:00.72 | Mem:0.00M, Peak:0.00M | Scene, ViewLayer | Synchronizing object | ENV_fern_34
Fra:590 Mem:224.99M (Peak 224.99M) | Time:00:00.72 | Mem:0.00M, Peak:0.00M | Scene, ViewLayer | Synchronizing object | ENV_fern_35
Fra:590 Mem:225.63M (Peak 225.63M) | Time:00:00.72 | Mem:0.00M, Peak:0.00M | Scene, ViewLayer | Synchronizing object | ENV_fern_36
Fra:590 Mem:225.92M (Peak 225.92M) | Time:00:00.73 | Mem:0.00M, Peak:0.00M | Scene, ViewLayer | Synchronizing object | ENV_leaf_409
Fra:590 Mem:225.93M (Peak 225.93M) | Time:00:00.73 | Mem:0.00M, Peak:0.00M | Scene, ViewLayer | Synchronizing object | ENV_leaf_407
Fra:590 Mem:225.93M (Peak 225.93M) | Time:00:00.73 | Mem:0.00M, Peak:0.00M | Scene, ViewLayer | Synchronizing object | ENV_leaf_406
Fra:590 Mem:225.94M (Peak 225.94M) | Time:00:00.73 | Mem:0.00M, Peak:0.00M | Scene, ViewLayer | Synchronizing object | ENV_leaf_405
Fra:590 Mem:225.94M (Peak 225.94M) | Time:00:00.73 | Mem:0.00M, Peak:0.00M | Scene, ViewLayer | Synchronizing object | ENV_leaf_404
Fra:590 Mem:225.94M (Peak 225.94M) | Time:00:00.73 | Mem:0.00M, Peak:0.00M | Scene, ViewLayer | Synchronizing object | ENV_leaf_403
Fra:590 Mem:225.95M (Peak 225.95M) | Time:00:00.73 | Mem:0.00M, Peak:0.00M | Scene, ViewLayer | Synchronizing object | ENV_leaf_402
Fra:590 Mem:225.95M (Peak 225.95M) | Time:00:00.73 | Mem:0.00M, Peak:0.00M | Scene, ViewLayer | Synchronizing object | ENV_leaf_401
Fra:590 Mem:225.96M (Peak 225.96M) | Time:00:00.73 | Mem:0.00M, Peak:0.00M | Scene, ViewLayer | Synchronizing object | ENV_leaf_400
Fra:590 Mem:225.96M (Peak 225.96M) | Time:00:00.73 | Mem:0.00M, Peak:0.00M | Scene, ViewLayer | Synchronizing object | ENV_leaf_399
Fra:590 Mem:225.96M (Peak 225.96M) | Time:00:00.73 | Mem:0.00M, Peak:0.00M | Scene, ViewLayer | Synchronizing object | ENV_leaf_398
Fra:590 Mem:225.97M (Peak 225.97M) | Time:00:00.73 | Mem:0.00M, Peak:0.00M | Scene, ViewLayer | Synchronizing object | ENV_leaf_397
Fra:590 Mem:225.97M (Peak 225.97M) | Time:00:00.73 | Mem:0.00M, Peak:0.00M | Scene, ViewLayer | Synchronizing object | ENV_leaf_396
Fra:590 Mem:225.98M (Peak 225.98M) | Time:00:00.73 | Mem:0.00M, Peak:0.00M | Scene, ViewLayer | Synchronizing object | ENV_leaf_395
Fra:590 Mem:225.98M (Peak 225.98M) | Time:00:00.73 | Mem:0.00M, Peak:0.00M | Scene, ViewLayer | Synchronizing object | ENV_leaf_394
Fra:590 Mem:225.98M (Peak 225.98M) | Time:00:00.73 | Mem:0.00M, Peak:0.00M | Scene, ViewLayer | Synchronizing object | ENV_leaf_393
Fra:590 Mem:225.99M (Peak 225.99M) | Time:00:00.73 | Mem:0.00M, Peak:0.00M | Scene, ViewLayer | Synchronizing object | ENV_leaf_392
Fra:590 Mem:225.99M (Peak 225.99M) | Time:00:00.73 | Mem:0.00M, Peak:0.00M | Scene, ViewLayer | Synchronizing object | ENV_leaf_391
Fra:590 Mem:226.00M (Peak 226.00M) | Time:00:00.73 | Mem:0.00M, Peak:0.00M | Scene, ViewLayer | Synchronizing object | ENV_leaf_390
Fra:590 Mem:226.00M (Peak 226.00M) | Time:00:00.73 | Mem:0.00M, Peak:0.00M | Scene, ViewLayer | Synchronizing object | ENV_leaf_389
Fra:590 Mem:226.00M (Peak 226.00M) | Time:00:00.73 | Mem:0.00M, Peak:0.00M | Scene, ViewLayer | Synchronizing object | ENV_leaf_388
Fra:590 Mem:226.01M (Peak 226.01M) | Time:00:00.73 | Mem:0.00M, Peak:0.00M | Scene, ViewLayer | Synchronizing object | ENV_leaf_387
Fra:590 Mem:226.01M (Peak 226.01M) | Time:00:00.73 | Mem:0.00M, Peak:0.00M | Scene, ViewLayer | Synchronizing object | ENV_leaf_386
Fra:590 Mem:226.02M (Peak 226.02M) | Time:00:00.73 | Mem:0.00M, Peak:0.00M | Scene, ViewLayer | Synchronizing object | ENV_leaf_385
Fra:590 Mem:226.02M (Peak 226.02M) | Time:00:00.73 | Mem:0.00M, Peak:0.00M | Scene, ViewLayer | Synchronizing object | ENV_leaf_384
Fra:590 Mem:226.02M (Peak 226.02M) | Time:00:00.73 | Mem:0.00M, Peak:0.00M | Scene, ViewLayer | Synchronizing object | ENV_leaf_383
Fra:590 Mem:226.03M (Peak 226.03M) | Time:00:00.73 | Mem:0.00M, Peak:0.00M | Scene, ViewLayer | Synchronizing object | ENV_leaf_382
Fra:590 Mem:226.03M (Peak 226.03M) | Time:00:00.73 | Mem:0.00M, Peak:0.00M | Scene, ViewLayer | Synchronizing object | ENV_leaf_381
Fra:590 Mem:226.04M (Peak 226.04M) | Time:00:00.73 | Mem:0.00M, Peak:0.00M | Scene, ViewLayer | Synchronizing object | ENV_leaf_380
Fra:590 Mem:226.04M (Peak 226.04M) | Time:00:00.73 | Mem:0.00M, Peak:0.00M | Scene, ViewLayer | Synchronizing object | ENV_leaf_379
Fra:590 Mem:226.04M (Peak 226.04M) | Time:00:00.73 | Mem:0.00M, Peak:0.00M | Scene, ViewLayer | Synchronizing object | ENV_leaf_378
Fra:590 Mem:226.05M (Peak 226.05M) | Time:00:00.73 | Mem:0.00M, Peak:0.00M | Scene, ViewLayer | Synchronizing object | ENV_leaf_377
Fra:590 Mem:226.05M (Peak 226.05M) | Time:00:00.73 | Mem:0.00M, Peak:0.00M | Scene, ViewLayer | Synchronizing object | ENV_leaf_376
Fra:590 Mem:226.12M (Peak 226.12M) | Time:00:00.73 | Mem:0.00M, Peak:0.00M | Scene, ViewLayer | Synchronizing object | ENV_leaf_375
Fra:590 Mem:226.12M (Peak 226.12M) | Time:00:00.73 | Mem:0.00M, Peak:0.00M | Scene, ViewLayer | Synchronizing object | ENV_leaf_374
Fra:590 Mem:226.12M (Peak 226.12M) | Time:00:00.73 | Mem:0.00M, Peak:0.00M | Scene, ViewLayer | Synchronizing object | ENV_leaf_373
Fra:590 Mem:226.13M (Peak 226.13M) | Time:00:00.73 | Mem:0.00M, Peak:0.00M | Scene, ViewLayer | Synchronizing object | ENV_leaf_372
Fra:590 Mem:226.13M (Peak 226.13M) | Time:00:00.73 | Mem:0.00M, Peak:0.00M | Scene, ViewLayer | Synchronizing object | ENV_leaf_371
Fra:590 Mem:226.14M (Peak 226.14M) | Time:00:00.73 | Mem:0.00M, Peak:0.00M | Scene, ViewLayer | Synchronizing object | ENV_leaf_370
Fra:590 Mem:226.14M (Peak 226.14M) | Time:00:00.73 | Mem:0.00M, Peak:0.00M | Scene, ViewLayer | Synchronizing object | ENV_leaf_369
Fra:590 Mem:226.14M (Peak 226.14M) | Time:00:00.73 | Mem:0.00M, Peak:0.00M | Scene, ViewLayer | Synchronizing object | ENV_leaf_368
Fra:590 Mem:226.15M (Peak 226.15M) | Time:00:00.73 | Mem:0.00M, Peak:0.00M | Scene, ViewLayer | Synchronizing object | ENV_leaf_367
Fra:590 Mem:226.15M (Peak 226.15M) | Time:00:00.73 | Mem:0.00M, Peak:0.00M | Scene, ViewLayer | Synchronizing object | ENV_leaf_366
Fra:590 Mem:226.16M (Peak 226.16M) | Time:00:00.73 | Mem:0.00M, Peak:0.00M | Scene, ViewLayer | Synchronizing object | ENV_leaf_365
Fra:590 Mem:226.21M (Peak 226.21M) | Time:00:00.73 | Mem:0.00M, Peak:0.00M | Scene, ViewLayer | Synchronizing object | ENV_leaf_364
Fra:590 Mem:226.22M (Peak 226.22M) | Time:00:00.73 | Mem:0.00M, Peak:0.00M | Scene, ViewLayer | Synchronizing object | ENV_leaf_363
Fra:590 Mem:226.22M (Peak 226.22M) | Time:00:00.73 | Mem:0.00M, Peak:0.00M | Scene, ViewLayer | Synchronizing object | ENV_leaf_362
Fra:590 Mem:226.23M (Peak 226.23M) | Time:00:00.73 | Mem:0.00M, Peak:0.00M | Scene, ViewLayer | Synchronizing object | ENV_leaf_361
Fra:590 Mem:226.23M (Peak 226.23M) | Time:00:00.73 | Mem:0.00M, Peak:0.00M | Scene, ViewLayer | Synchronizing object | ENV_leaf_360
Fra:590 Mem:226.23M (Peak 226.23M) | Time:00:00.73 | Mem:0.00M, Peak:0.00M | Scene, ViewLayer | Synchronizing object | ENV_leaf_359
Fra:590 Mem:226.24M (Peak 226.24M) | Time:00:00.73 | Mem:0.00M, Peak:0.00M | Scene, ViewLayer | Synchronizing object | ENV_leaf_358
Fra:590 Mem:226.24M (Peak 226.24M) | Time:00:00.73 | Mem:0.00M, Peak:0.00M | Scene, ViewLayer | Synchronizing object | ENV_leaf_357
Fra:590 Mem:226.25M (Peak 226.25M) | Time:00:00.73 | Mem:0.00M, Peak:0.00M | Scene, ViewLayer | Synchronizing object | ENV_leaf_356
Fra:590 Mem:226.25M (Peak 226.25M) | Time:00:00.73 | Mem:0.00M, Peak:0.00M | Scene, ViewLayer | Synchronizing object | ENV_leaf_355
Fra:590 Mem:226.26M (Peak 226.26M) | Time:00:00.73 | Mem:0.00M, Peak:0.00M | Scene, ViewLayer | Synchronizing object | ENV_leaf_354
Fra:590 Mem:226.26M (Peak 226.26M) | Time:00:00.73 | Mem:0.00M, Peak:0.00M | Scene, ViewLayer | Synchronizing object | ENV_leaf_353
Fra:590 Mem:226.26M (Peak 226.26M) | Time:00:00.73 | Mem:0.00M, Peak:0.00M | Scene, ViewLayer | Synchronizing object | ENV_leaf_352
Fra:590 Mem:226.27M (Peak 226.27M) | Time:00:00.73 | Mem:0.00M, Peak:0.00M | Scene, ViewLayer | Synchronizing object | ENV_leaf_351
Fra:590 Mem:226.27M (Peak 226.27M) | Time:00:00.73 | Mem:0.00M, Peak:0.00M | Scene, ViewLayer | Synchronizing object | ENV_leaf_350
Fra:590 Mem:226.28M (Peak 226.28M) | Time:00:00.73 | Mem:0.00M, Peak:0.00M | Scene, ViewLayer | Synchronizing object | ENV_leaf_349
Fra:590 Mem:226.28M (Peak 226.28M) | Time:00:00.73 | Mem:0.00M, Peak:0.00M | Scene, ViewLayer | Synchronizing object | ENV_leaf_348
Fra:590 Mem:226.28M (Peak 226.28M) | Time:00:00.73 | Mem:0.00M, Peak:0.00M | Scene, ViewLayer | Synchronizing object | ENV_leaf_347
Fra:590 Mem:226.29M (Peak 226.29M) | Time:00:00.73 | Mem:0.00M, Peak:0.00M | Scene, ViewLayer | Synchronizing object | ENV_leaf_346
Fra:590 Mem:226.29M (Peak 226.29M) | Time:00:00.73 | Mem:0.00M, Peak:0.00M | Scene, ViewLayer | Synchronizing object | ENV_leaf_345
Fra:590 Mem:226.30M (Peak 226.30M) | Time:00:00.73 | Mem:0.00M, Peak:0.00M | Scene, ViewLayer | Synchronizing object | ENV_leaf_344
Fra:590 Mem:226.30M (Peak 226.30M) | Time:00:00.73 | Mem:0.00M, Peak:0.00M | Scene, ViewLayer | Synchronizing object | ENV_leaf_343
Fra:590 Mem:226.30M (Peak 226.30M) | Time:00:00.73 | Mem:0.00M, Peak:0.00M | Scene, ViewLayer | Synchronizing object | ENV_leaf_342
Fra:590 Mem:226.31M (Peak 226.31M) | Time:00:00.73 | Mem:0.00M, Peak:0.00M | Scene, ViewLayer | Synchronizing object | ENV_leaf_341
Fra:590 Mem:226.31M (Peak 226.31M) | Time:00:00.73 | Mem:0.00M, Peak:0.00M | Scene, ViewLayer | Synchronizing object | ENV_leaf_340
Fra:590 Mem:226.32M (Peak 226.32M) | Time:00:00.73 | Mem:0.00M, Peak:0.00M | Scene, ViewLayer | Synchronizing object | ENV_leaf_339
Fra:590 Mem:226.32M (Peak 226.32M) | Time:00:00.73 | Mem:0.00M, Peak:0.00M | Scene, ViewLayer | Synchronizing object | ENV_leaf_338
Fra:590 Mem:226.32M (Peak 226.32M) | Time:00:00.73 | Mem:0.00M, Peak:0.00M | Scene, ViewLayer | Synchronizing object | ENV_leaf_337
Fra:590 Mem:226.33M (Peak 226.33M) | Time:00:00.73 | Mem:0.00M, Peak:0.00M | Scene, ViewLayer | Synchronizing object | ENV_leaf_336
Fra:590 Mem:226.33M (Peak 226.33M) | Time:00:00.73 | Mem:0.00M, Peak:0.00M | Scene, ViewLayer | Synchronizing object | ENV_leaf_335
Fra:590 Mem:226.34M (Peak 226.34M) | Time:00:00.73 | Mem:0.00M, Peak:0.00M | Scene, ViewLayer | Synchronizing object | ENV_leaf_334
Fra:590 Mem:226.34M (Peak 226.34M) | Time:00:00.73 | Mem:0.00M, Peak:0.00M | Scene, ViewLayer | Synchronizing object | ENV_leaf_333
Fra:590 Mem:226.34M (Peak 226.34M) | Time:00:00.73 | Mem:0.00M, Peak:0.00M | Scene, ViewLayer | Synchronizing object | ENV_leaf_332
Fra:590 Mem:226.35M (Peak 226.35M) | Time:00:00.73 | Mem:0.00M, Peak:0.00M | Scene, ViewLayer | Synchronizing object | ENV_leaf_331
Fra:590 Mem:226.35M (Peak 226.35M) | Time:00:00.73 | Mem:0.00M, Peak:0.00M | Scene, ViewLayer | Synchronizing object | ENV_leaf_330
Fra:590 Mem:226.36M (Peak 226.36M) | Time:00:00.73 | Mem:0.00M, Peak:0.00M | Scene, ViewLayer | Synchronizing object | ENV_leaf_329
Fra:590 Mem:226.36M (Peak 226.36M) | Time:00:00.73 | Mem:0.00M, Peak:0.00M | Scene, ViewLayer | Synchronizing object | ENV_leaf_328
Fra:590 Mem:226.36M (Peak 226.36M) | Time:00:00.73 | Mem:0.00M, Peak:0.00M | Scene, ViewLayer | Synchronizing object | ENV_leaf_327
Fra:590 Mem:226.37M (Peak 226.37M) | Time:00:00.73 | Mem:0.00M, Peak:0.00M | Scene, ViewLayer | Synchronizing object | ENV_leaf_326
Fra:590 Mem:226.37M (Peak 226.37M) | Time:00:00.73 | Mem:0.00M, Peak:0.00M | Scene, ViewLayer | Synchronizing object | ENV_leaf_325
Fra:590 Mem:226.38M (Peak 226.38M) | Time:00:00.73 | Mem:0.00M, Peak:0.00M | Scene, ViewLayer | Synchronizing object | ENV_leaf_324
Fra:590 Mem:226.38M (Peak 226.38M) | Time:00:00.73 | Mem:0.00M, Peak:0.00M | Scene, ViewLayer | Synchronizing object | ENV_leaf_323
Fra:590 Mem:226.38M (Peak 226.38M) | Time:00:00.73 | Mem:0.00M, Peak:0.00M | Scene, ViewLayer | Synchronizing object | ENV_leaf_322
Fra:590 Mem:226.39M (Peak 226.39M) | Time:00:00.73 | Mem:0.00M, Peak:0.00M | Scene, ViewLayer | Synchronizing object | ENV_leaf_321
Fra:590 Mem:226.39M (Peak 226.39M) | Time:00:00.73 | Mem:0.00M, Peak:0.00M | Scene, ViewLayer | Synchronizing object | ENV_leaf_320
Fra:590 Mem:226.40M (Peak 226.40M) | Time:00:00.73 | Mem:0.00M, Peak:0.00M | Scene, ViewLayer | Synchronizing object | ENV_leaf_319
Fra:590 Mem:226.40M (Peak 226.40M) | Time:00:00.73 | Mem:0.00M, Peak:0.00M | Scene, ViewLayer | Synchronizing object | ENV_leaf_318
Fra:590 Mem:226.40M (Peak 226.40M) | Time:00:00.73 | Mem:0.00M, Peak:0.00M | Scene, ViewLayer | Synchronizing object | ENV_leaf_317
Fra:590 Mem:226.41M (Peak 226.41M) | Time:00:00.73 | Mem:0.00M, Peak:0.00M | Scene, ViewLayer | Synchronizing object | ENV_leaf_316
Fra:590 Mem:226.41M (Peak 226.41M) | Time:00:00.73 | Mem:0.00M, Peak:0.00M | Scene, ViewLayer | Synchronizing object | ENV_leaf_315
Fra:590 Mem:226.42M (Peak 226.42M) | Time:00:00.73 | Mem:0.00M, Peak:0.00M | Scene, ViewLayer | Synchronizing object | ENV_leaf_314
Fra:590 Mem:226.42M (Peak 226.42M) | Time:00:00.73 | Mem:0.00M, Peak:0.00M | Scene, ViewLayer | Synchronizing object | ENV_leaf_313
Fra:590 Mem:226.42M (Peak 226.42M) | Time:00:00.73 | Mem:0.00M, Peak:0.00M | Scene, ViewLayer | Synchronizing object | ENV_leaf_312
Fra:590 Mem:226.43M (Peak 226.43M) | Time:00:00.73 | Mem:0.00M, Peak:0.00M | Scene, ViewLayer | Synchronizing object | ENV_leaf_311
Fra:590 Mem:226.43M (Peak 226.43M) | Time:00:00.73 | Mem:0.00M, Peak:0.00M | Scene, ViewLayer | Synchronizing object | ENV_leaf_310
Fra:590 Mem:226.44M (Peak 226.44M) | Time:00:00.73 | Mem:0.00M, Peak:0.00M | Scene, ViewLayer | Synchronizing object | ENV_leaf_309
Fra:590 Mem:226.44M (Peak 226.44M) | Time:00:00.73 | Mem:0.00M, Peak:0.00M | Scene, ViewLayer | Synchronizing object | ENV_leaf_308
Fra:590 Mem:226.45M (Peak 226.45M) | Time:00:00.73 | Mem:0.00M, Peak:0.00M | Scene, ViewLayer | Synchronizing object | ENV_leaf_307
Fra:590 Mem:226.45M (Peak 226.45M) | Time:00:00.73 | Mem:0.00M, Peak:0.00M | Scene, ViewLayer | Synchronizing object | ENV_leaf_306
Fra:590 Mem:226.45M (Peak 226.45M) | Time:00:00.73 | Mem:0.00M, Peak:0.00M | Scene, ViewLayer | Synchronizing object | ENV_leaf_305
Fra:590 Mem:226.46M (Peak 226.46M) | Time:00:00.73 | Mem:0.00M, Peak:0.00M | Scene, ViewLayer | Synchronizing object | ENV_leaf_304
Fra:590 Mem:226.46M (Peak 226.46M) | Time:00:00.73 | Mem:0.00M, Peak:0.00M | Scene, ViewLayer | Synchronizing object | ENV_leaf_303
Fra:590 Mem:226.47M (Peak 226.47M) | Time:00:00.73 | Mem:0.00M, Peak:0.00M | Scene, ViewLayer | Synchronizing object | ENV_leaf_302
Fra:590 Mem:226.47M (Peak 226.47M) | Time:00:00.73 | Mem:0.00M, Peak:0.00M | Scene, ViewLayer | Synchronizing object | ENV_leaf_301
Fra:590 Mem:226.47M (Peak 226.47M) | Time:00:00.73 | Mem:0.00M, Peak:0.00M | Scene, ViewLayer | Synchronizing object | ENV_leaf_300
Fra:590 Mem:226.48M (Peak 226.48M) | Time:00:00.73 | Mem:0.00M, Peak:0.00M | Scene, ViewLayer | Synchronizing object | ENV_leaf_299
Fra:590 Mem:226.48M (Peak 226.48M) | Time:00:00.73 | Mem:0.00M, Peak:0.00M | Scene, ViewLayer | Synchronizing object | ENV_leaf_298
Fra:590 Mem:226.49M (Peak 226.49M) | Time:00:00.73 | Mem:0.00M, Peak:0.00M | Scene, ViewLayer | Synchronizing object | ENV_leaf_297
Fra:590 Mem:226.49M (Peak 226.49M) | Time:00:00.73 | Mem:0.00M, Peak:0.00M | Scene, ViewLayer | Synchronizing object | ENV_leaf_296
Fra:590 Mem:226.49M (Peak 226.49M) | Time:00:00.73 | Mem:0.00M, Peak:0.00M | Scene, ViewLayer | Synchronizing object | ENV_leaf_295
Fra:590 Mem:226.50M (Peak 226.50M) | Time:00:00.73 | Mem:0.00M, Peak:0.00M | Scene, ViewLayer | Synchronizing object | ENV_leaf_294
Fra:590 Mem:226.50M (Peak 226.50M) | Time:00:00.73 | Mem:0.00M, Peak:0.00M | Scene, ViewLayer | Synchronizing object | ENV_leaf_292
Fra:590 Mem:226.51M (Peak 226.51M) | Time:00:00.73 | Mem:0.00M, Peak:0.00M | Scene, ViewLayer | Synchronizing object | ENV_leaf_291
Fra:590 Mem:226.51M (Peak 226.51M) | Time:00:00.73 | Mem:0.00M, Peak:0.00M | Scene, ViewLayer | Synchronizing object | ENV_leaf_290
Fra:590 Mem:226.51M (Peak 226.51M) | Time:00:00.73 | Mem:0.00M, Peak:0.00M | Scene, ViewLayer | Synchronizing object | ENV_leaf_289
Fra:590 Mem:226.52M (Peak 226.52M) | Time:00:00.73 | Mem:0.00M, Peak:0.00M | Scene, ViewLayer | Synchronizing object | ENV_leaf_288
Fra:590 Mem:226.52M (Peak 226.52M) | Time:00:00.73 | Mem:0.00M, Peak:0.00M | Scene, ViewLayer | Synchronizing object | ENV_leaf_287
Fra:590 Mem:226.53M (Peak 226.53M) | Time:00:00.73 | Mem:0.00M, Peak:0.00M | Scene, ViewLayer | Synchronizing object | ENV_leaf_286
Fra:590 Mem:226.53M (Peak 226.53M) | Time:00:00.73 | Mem:0.00M, Peak:0.00M | Scene, ViewLayer | Synchronizing object | ENV_leaf_285
Fra:590 Mem:226.53M (Peak 226.53M) | Time:00:00.73 | Mem:0.00M, Peak:0.00M | Scene, ViewLayer | Synchronizing object | ENV_leaf_284
Fra:590 Mem:226.54M (Peak 226.54M) | Time:00:00.73 | Mem:0.00M, Peak:0.00M | Scene, ViewLayer | Synchronizing object | ENV_leaf_283
Fra:590 Mem:226.54M (Peak 226.54M) | Time:00:00.73 | Mem:0.00M, Peak:0.00M | Scene, ViewLayer | Synchronizing object | ENV_leaf_282
Fra:590 Mem:226.55M (Peak 226.55M) | Time:00:00.73 | Mem:0.00M, Peak:0.00M | Scene, ViewLayer | Synchronizing object | ENV_leaf_281
Fra:590 Mem:226.55M (Peak 226.55M) | Time:00:00.73 | Mem:0.00M, Peak:0.00M | Scene, ViewLayer | Synchronizing object | ENV_leaf_280
Fra:590 Mem:226.55M (Peak 226.55M) | Time:00:00.73 | Mem:0.00M, Peak:0.00M | Scene, ViewLayer | Synchronizing object | ENV_leaf_279
Fra:590 Mem:226.56M (Peak 226.56M) | Time:00:00.73 | Mem:0.00M, Peak:0.00M | Scene, ViewLayer | Synchronizing object | ENV_leaf_278
Fra:590 Mem:226.56M (Peak 226.56M) | Time:00:00.73 | Mem:0.00M, Peak:0.00M | Scene, ViewLayer | Synchronizing object | ENV_leaf_277
Fra:590 Mem:226.57M (Peak 226.57M) | Time:00:00.73 | Mem:0.00M, Peak:0.00M | Scene, ViewLayer | Synchronizing object | ENV_leaf_276
Fra:590 Mem:226.57M (Peak 226.57M) | Time:00:00.73 | Mem:0.00M, Peak:0.00M | Scene, ViewLayer | Synchronizing object | ENV_leaf_275
Fra:590 Mem:226.57M (Peak 226.57M) | Time:00:00.73 | Mem:0.00M, Peak:0.00M | Scene, ViewLayer | Synchronizing object | ENV_leaf_274
Fra:590 Mem:226.58M (Peak 226.58M) | Time:00:00.73 | Mem:0.00M, Peak:0.00M | Scene, ViewLayer | Synchronizing object | ENV_leaf_273
Fra:590 Mem:226.58M (Peak 226.58M) | Time:00:00.73 | Mem:0.00M, Peak:0.00M | Scene, ViewLayer | Synchronizing object | ENV_leaf_272
Fra:590 Mem:226.59M (Peak 226.59M) | Time:00:00.73 | Mem:0.00M, Peak:0.00M | Scene, ViewLayer | Synchronizing object | ENV_leaf_271
Fra:590 Mem:226.59M (Peak 226.59M) | Time:00:00.73 | Mem:0.00M, Peak:0.00M | Scene, ViewLayer | Synchronizing object | ENV_leaf_270
Fra:590 Mem:226.59M (Peak 226.59M) | Time:00:00.73 | Mem:0.00M, Peak:0.00M | Scene, ViewLayer | Synchronizing object | ENV_leaf_269
Fra:590 Mem:226.60M (Peak 226.60M) | Time:00:00.73 | Mem:0.00M, Peak:0.00M | Scene, ViewLayer | Synchronizing object | ENV_leaf_268
Fra:590 Mem:226.60M (Peak 226.60M) | Time:00:00.73 | Mem:0.00M, Peak:0.00M | Scene, ViewLayer | Synchronizing object | ENV_leaf_267
Fra:590 Mem:226.61M (Peak 226.61M) | Time:00:00.73 | Mem:0.00M, Peak:0.00M | Scene, ViewLayer | Synchronizing object | ENV_leaf_266
Fra:590 Mem:226.61M (Peak 226.61M) | Time:00:00.73 | Mem:0.00M, Peak:0.00M | Scene, ViewLayer | Synchronizing object | ENV_leaf_265
Fra:590 Mem:226.61M (Peak 226.61M) | Time:00:00.73 | Mem:0.00M, Peak:0.00M | Scene, ViewLayer | Synchronizing object | ENV_leaf_264
Fra:590 Mem:226.62M (Peak 226.62M) | Time:00:00.73 | Mem:0.00M, Peak:0.00M | Scene, ViewLayer | Synchronizing object | ENV_leaf_263
Fra:590 Mem:226.62M (Peak 226.62M) | Time:00:00.73 | Mem:0.00M, Peak:0.00M | Scene, ViewLayer | Synchronizing object | ENV_leaf_262
Fra:590 Mem:226.63M (Peak 226.63M) | Time:00:00.73 | Mem:0.00M, Peak:0.00M | Scene, ViewLayer | Synchronizing object | ENV_leaf_261
Fra:590 Mem:226.63M (Peak 226.63M) | Time:00:00.73 | Mem:0.00M, Peak:0.00M | Scene, ViewLayer | Synchronizing object | ENV_leaf_260
Fra:590 Mem:226.64M (Peak 226.64M) | Time:00:00.73 | Mem:0.00M, Peak:0.00M | Scene, ViewLayer | Synchronizing object | ENV_leaf_259
Fra:590 Mem:226.64M (Peak 226.64M) | Time:00:00.73 | Mem:0.00M, Peak:0.00M | Scene, ViewLayer | Synchronizing object | ENV_leaf_258
Fra:590 Mem:226.64M (Peak 226.64M) | Time:00:00.73 | Mem:0.00M, Peak:0.00M | Scene, ViewLayer | Synchronizing object | ENV_leaf_257
Fra:590 Mem:226.65M (Peak 226.65M) | Time:00:00.73 | Mem:0.00M, Peak:0.00M | Scene, ViewLayer | Synchronizing object | ENV_leaf_256
Fra:590 Mem:226.65M (Peak 226.65M) | Time:00:00.73 | Mem:0.00M, Peak:0.00M | Scene, ViewLayer | Synchronizing object | ENV_leaf_255
Fra:590 Mem:226.66M (Peak 226.66M) | Time:00:00.73 | Mem:0.00M, Peak:0.00M | Scene, ViewLayer | Synchronizing object | ENV_leaf_254
Fra:590 Mem:226.66M (Peak 226.66M) | Time:00:00.73 | Mem:0.00M, Peak:0.00M | Scene, ViewLayer | Synchronizing object | ENV_leaf_253
Fra:590 Mem:226.66M (Peak 226.66M) | Time:00:00.73 | Mem:0.00M, Peak:0.00M | Scene, ViewLayer | Synchronizing object | ENV_leaf_252
Fra:590 Mem:226.67M (Peak 226.67M) | Time:00:00.73 | Mem:0.00M, Peak:0.00M | Scene, ViewLayer | Synchronizing object | ENV_leaf_251
Fra:590 Mem:226.67M (Peak 226.67M) | Time:00:00.73 | Mem:0.00M, Peak:0.00M | Scene, ViewLayer | Synchronizing object | ENV_leaf_250
Fra:590 Mem:226.68M (Peak 226.68M) | Time:00:00.73 | Mem:0.00M, Peak:0.00M | Scene, ViewLayer | Synchronizing object | ENV_leaf_249
Fra:590 Mem:226.68M (Peak 226.68M) | Time:00:00.73 | Mem:0.00M, Peak:0.00M | Scene, ViewLayer | Synchronizing object | ENV_leaf_248
Fra:590 Mem:226.68M (Peak 226.68M) | Time:00:00.73 | Mem:0.00M, Peak:0.00M | Scene, ViewLayer | Synchronizing object | ENV_leaf_247
Fra:590 Mem:226.69M (Peak 226.69M) | Time:00:00.73 | Mem:0.00M, Peak:0.00M | Scene, ViewLayer | Synchronizing object | ENV_leaf_246
Fra:590 Mem:226.69M (Peak 226.69M) | Time:00:00.73 | Mem:0.00M, Peak:0.00M | Scene, ViewLayer | Synchronizing object | ENV_leaf_245
Fra:590 Mem:226.70M (Peak 226.70M) | Time:00:00.73 | Mem:0.00M, Peak:0.00M | Scene, ViewLayer | Synchronizing object | ENV_leaf_244
Fra:590 Mem:226.70M (Peak 226.70M) | Time:00:00.73 | Mem:0.00M, Peak:0.00M | Scene, ViewLayer | Synchronizing object | ENV_leaf_243
Fra:590 Mem:226.70M (Peak 226.70M) | Time:00:00.73 | Mem:0.00M, Peak:0.00M | Scene, ViewLayer | Synchronizing object | ENV_leaf_242
Fra:590 Mem:226.71M (Peak 226.71M) | Time:00:00.73 | Mem:0.00M, Peak:0.00M | Scene, ViewLayer | Synchronizing object | ENV_leaf_241
Fra:590 Mem:226.71M (Peak 226.71M) | Time:00:00.73 | Mem:0.00M, Peak:0.00M | Scene, ViewLayer | Synchronizing object | ENV_leaf_240
Fra:590 Mem:226.72M (Peak 226.72M) | Time:00:00.73 | Mem:0.00M, Peak:0.00M | Scene, ViewLayer | Synchronizing object | ENV_leaf_239
Fra:590 Mem:226.72M (Peak 226.72M) | Time:00:00.73 | Mem:0.00M, Peak:0.00M | Scene, ViewLayer | Synchronizing object | ENV_leaf_238
Fra:590 Mem:226.72M (Peak 226.72M) | Time:00:00.73 | Mem:0.00M, Peak:0.00M | Scene, ViewLayer | Synchronizing object | ENV_leaf_237
Fra:590 Mem:226.73M (Peak 226.73M) | Time:00:00.73 | Mem:0.00M, Peak:0.00M | Scene, ViewLayer | Synchronizing object | ENV_leaf_236
Fra:590 Mem:226.73M (Peak 226.73M) | Time:00:00.73 | Mem:0.00M, Peak:0.00M | Scene, ViewLayer | Synchronizing object | ENV_leaf_235
Fra:590 Mem:226.74M (Peak 226.74M) | Time:00:00.73 | Mem:0.00M, Peak:0.00M | Scene, ViewLayer | Synchronizing object | ENV_leaf_234
Fra:590 Mem:226.74M (Peak 226.74M) | Time:00:00.73 | Mem:0.00M, Peak:0.00M | Scene, ViewLayer | Synchronizing object | ENV_leaf_233
Fra:590 Mem:226.74M (Peak 226.74M) | Time:00:00.73 | Mem:0.00M, Peak:0.00M | Scene, ViewLayer | Synchronizing object | ENV_leaf_232
Fra:590 Mem:226.75M (Peak 226.75M) | Time:00:00.73 | Mem:0.00M, Peak:0.00M | Scene, ViewLayer | Synchronizing object | ENV_leaf_231
Fra:590 Mem:226.75M (Peak 226.75M) | Time:00:00.73 | Mem:0.00M, Peak:0.00M | Scene, ViewLayer | Synchronizing object | ENV_leaf_230
Fra:590 Mem:226.76M (Peak 226.76M) | Time:00:00.73 | Mem:0.00M, Peak:0.00M | Scene, ViewLayer | Synchronizing object | ENV_leaf_229
Fra:590 Mem:226.76M (Peak 226.76M) | Time:00:00.73 | Mem:0.00M, Peak:0.00M | Scene, ViewLayer | Synchronizing object | ENV_leaf_228
Fra:590 Mem:226.76M (Peak 226.76M) | Time:00:00.73 | Mem:0.00M, Peak:0.00M | Scene, ViewLayer | Synchronizing object | ENV_leaf_227
Fra:590 Mem:226.77M (Peak 226.77M) | Time:00:00.73 | Mem:0.00M, Peak:0.00M | Scene, ViewLayer | Synchronizing object | ENV_leaf_226
Fra:590 Mem:226.77M (Peak 226.77M) | Time:00:00.73 | Mem:0.00M, Peak:0.00M | Scene, ViewLayer | Synchronizing object | ENV_leaf_225
Fra:590 Mem:226.78M (Peak 226.78M) | Time:00:00.73 | Mem:0.00M, Peak:0.00M | Scene, ViewLayer | Synchronizing object | ENV_leaf_224
Fra:590 Mem:227.30M (Peak 227.30M) | Time:00:00.74 | Mem:0.00M, Peak:0.00M | Scene, ViewLayer | Synchronizing object | ENV_fern_38
Fra:590 Mem:227.94M (Peak 227.94M) | Time:00:00.74 | Mem:0.00M, Peak:0.00M | Scene, ViewLayer | Synchronizing object | ENV_fern_39
Fra:590 Mem:228.34M (Peak 228.34M) | Time:00:00.74 | Mem:0.00M, Peak:0.00M | Scene, ViewLayer | Synchronizing object | ENV_fern_40
Fra:590 Mem:228.86M (Peak 228.86M) | Time:00:00.74 | Mem:0.00M, Peak:0.00M | Scene, ViewLayer | Synchronizing object | ENV_fern_41
Fra:590 Mem:229.50M (Peak 229.50M) | Time:00:00.74 | Mem:0.00M, Peak:0.00M | Scene, ViewLayer | Synchronizing object | ENV_fern_42
Fra:590 Mem:229.90M (Peak 229.90M) | Time:00:00.74 | Mem:0.00M, Peak:0.00M | Scene, ViewLayer | Synchronizing object | ENV_fern_43
Fra:590 Mem:230.34M (Peak 230.34M) | Time:00:00.74 | Mem:0.00M, Peak:0.00M | Scene, ViewLayer | Synchronizing object | ENV_leaf_223
Fra:590 Mem:230.34M (Peak 230.34M) | Time:00:00.74 | Mem:0.00M, Peak:0.00M | Scene, ViewLayer | Synchronizing object | ENV_leaf_222
Fra:590 Mem:230.35M (Peak 230.35M) | Time:00:00.74 | Mem:0.00M, Peak:0.00M | Scene, ViewLayer | Synchronizing object | ENV_leaf_221
Fra:590 Mem:230.35M (Peak 230.35M) | Time:00:00.74 | Mem:0.00M, Peak:0.00M | Scene, ViewLayer | Synchronizing object | ENV_leaf_220
Fra:590 Mem:230.35M (Peak 230.35M) | Time:00:00.74 | Mem:0.00M, Peak:0.00M | Scene, ViewLayer | Synchronizing object | ENV_leaf_219
Fra:590 Mem:230.36M (Peak 230.36M) | Time:00:00.74 | Mem:0.00M, Peak:0.00M | Scene, ViewLayer | Synchronizing object | ENV_leaf_218
Fra:590 Mem:230.36M (Peak 230.36M) | Time:00:00.74 | Mem:0.00M, Peak:0.00M | Scene, ViewLayer | Synchronizing object | ENV_leaf_217
Fra:590 Mem:230.37M (Peak 230.37M) | Time:00:00.74 | Mem:0.00M, Peak:0.00M | Scene, ViewLayer | Synchronizing object | ENV_leaf_216
Fra:590 Mem:230.37M (Peak 230.37M) | Time:00:00.74 | Mem:0.00M, Peak:0.00M | Scene, ViewLayer | Synchronizing object | ENV_leaf_215
Fra:590 Mem:230.37M (Peak 230.37M) | Time:00:00.74 | Mem:0.00M, Peak:0.00M | Scene, ViewLayer | Synchronizing object | ENV_leaf_214
Fra:590 Mem:230.38M (Peak 230.38M) | Time:00:00.74 | Mem:0.00M, Peak:0.00M | Scene, ViewLayer | Synchronizing object | ENV_leaf_213
Fra:590 Mem:230.38M (Peak 230.38M) | Time:00:00.74 | Mem:0.00M, Peak:0.00M | Scene, ViewLayer | Synchronizing object | ENV_leaf_212
Fra:590 Mem:230.39M (Peak 230.39M) | Time:00:00.74 | Mem:0.00M, Peak:0.00M | Scene, ViewLayer | Synchronizing object | ENV_leaf_211
Fra:590 Mem:230.39M (Peak 230.39M) | Time:00:00.74 | Mem:0.00M, Peak:0.00M | Scene, ViewLayer | Synchronizing object | ENV_leaf_210
Fra:590 Mem:230.39M (Peak 230.39M) | Time:00:00.74 | Mem:0.00M, Peak:0.00M | Scene, ViewLayer | Synchronizing object | ENV_leaf_209
Fra:590 Mem:230.40M (Peak 230.40M) | Time:00:00.74 | Mem:0.00M, Peak:0.00M | Scene, ViewLayer | Synchronizing object | ENV_leaf_208
Fra:590 Mem:230.40M (Peak 230.40M) | Time:00:00.74 | Mem:0.00M, Peak:0.00M | Scene, ViewLayer | Synchronizing object | ENV_leaf_207
Fra:590 Mem:230.41M (Peak 230.41M) | Time:00:00.74 | Mem:0.00M, Peak:0.00M | Scene, ViewLayer | Synchronizing object | ENV_leaf_206
Fra:590 Mem:230.41M (Peak 230.41M) | Time:00:00.74 | Mem:0.00M, Peak:0.00M | Scene, ViewLayer | Synchronizing object | ENV_leaf_205
Fra:590 Mem:230.41M (Peak 230.41M) | Time:00:00.74 | Mem:0.00M, Peak:0.00M | Scene, ViewLayer | Synchronizing object | ENV_leaf_204
Fra:590 Mem:230.42M (Peak 230.42M) | Time:00:00.75 | Mem:0.00M, Peak:0.00M | Scene, ViewLayer | Synchronizing object | ENV_leaf_203
Fra:590 Mem:230.42M (Peak 230.42M) | Time:00:00.75 | Mem:0.00M, Peak:0.00M | Scene, ViewLayer | Synchronizing object | ENV_leaf_202
Fra:590 Mem:230.43M (Peak 230.43M) | Time:00:00.75 | Mem:0.00M, Peak:0.00M | Scene, ViewLayer | Synchronizing object | ENV_leaf_201
Fra:590 Mem:230.43M (Peak 230.43M) | Time:00:00.75 | Mem:0.00M, Peak:0.00M | Scene, ViewLayer | Synchronizing object | ENV_leaf_200
Fra:590 Mem:230.43M (Peak 230.43M) | Time:00:00.75 | Mem:0.00M, Peak:0.00M | Scene, ViewLayer | Synchronizing object | ENV_leaf_199
Fra:590 Mem:230.44M (Peak 230.44M) | Time:00:00.75 | Mem:0.00M, Peak:0.00M | Scene, ViewLayer | Synchronizing object | ENV_leaf_198
Fra:590 Mem:230.44M (Peak 230.44M) | Time:00:00.75 | Mem:0.00M, Peak:0.00M | Scene, ViewLayer | Synchronizing object | ENV_leaf_197
Fra:590 Mem:230.45M (Peak 230.45M) | Time:00:00.75 | Mem:0.00M, Peak:0.00M | Scene, ViewLayer | Synchronizing object | ENV_leaf_196
Fra:590 Mem:230.45M (Peak 230.45M) | Time:00:00.75 | Mem:0.00M, Peak:0.00M | Scene, ViewLayer | Synchronizing object | ENV_leaf_195
Fra:590 Mem:230.45M (Peak 230.45M) | Time:00:00.75 | Mem:0.00M, Peak:0.00M | Scene, ViewLayer | Synchronizing object | ENV_leaf_194
Fra:590 Mem:230.46M (Peak 230.46M) | Time:00:00.75 | Mem:0.00M, Peak:0.00M | Scene, ViewLayer | Synchronizing object | ENV_leaf_193
Fra:590 Mem:230.46M (Peak 230.46M) | Time:00:00.75 | Mem:0.00M, Peak:0.00M | Scene, ViewLayer | Synchronizing object | ENV_leaf_192
Fra:590 Mem:230.47M (Peak 230.47M) | Time:00:00.75 | Mem:0.00M, Peak:0.00M | Scene, ViewLayer | Synchronizing object | ENV_leaf_191
Fra:590 Mem:230.47M (Peak 230.47M) | Time:00:00.75 | Mem:0.00M, Peak:0.00M | Scene, ViewLayer | Synchronizing object | ENV_leaf_190
Fra:590 Mem:230.47M (Peak 230.47M) | Time:00:00.75 | Mem:0.00M, Peak:0.00M | Scene, ViewLayer | Synchronizing object | ENV_leaf_189
Fra:590 Mem:230.48M (Peak 230.48M) | Time:00:00.75 | Mem:0.00M, Peak:0.00M | Scene, ViewLayer | Synchronizing object | ENV_leaf_188
Fra:590 Mem:230.48M (Peak 230.48M) | Time:00:00.75 | Mem:0.00M, Peak:0.00M | Scene, ViewLayer | Synchronizing object | ENV_leaf_187
Fra:590 Mem:230.49M (Peak 230.49M) | Time:00:00.75 | Mem:0.00M, Peak:0.00M | Scene, ViewLayer | Synchronizing object | ENV_leaf_186
Fra:590 Mem:230.49M (Peak 230.49M) | Time:00:00.75 | Mem:0.00M, Peak:0.00M | Scene, ViewLayer | Synchronizing object | ENV_leaf_185
Fra:590 Mem:230.50M (Peak 230.50M) | Time:00:00.75 | Mem:0.00M, Peak:0.00M | Scene, ViewLayer | Synchronizing object | ENV_leaf_184
Fra:590 Mem:230.50M (Peak 230.50M) | Time:00:00.75 | Mem:0.00M, Peak:0.00M | Scene, ViewLayer | Synchronizing object | ENV_leaf_183
Fra:590 Mem:230.50M (Peak 230.50M) | Time:00:00.75 | Mem:0.00M, Peak:0.00M | Scene, ViewLayer | Synchronizing object | ENV_leaf_182
Fra:590 Mem:230.51M (Peak 230.51M) | Time:00:00.75 | Mem:0.00M, Peak:0.00M | Scene, ViewLayer | Synchronizing object | ENV_leaf_181
Fra:590 Mem:230.51M (Peak 230.51M) | Time:00:00.75 | Mem:0.00M, Peak:0.00M | Scene, ViewLayer | Synchronizing object | ENV_leaf_180
Fra:590 Mem:230.52M (Peak 230.52M) | Time:00:00.75 | Mem:0.00M, Peak:0.00M | Scene, ViewLayer | Synchronizing object | ENV_leaf_179
Fra:590 Mem:230.52M (Peak 230.52M) | Time:00:00.75 | Mem:0.00M, Peak:0.00M | Scene, ViewLayer | Synchronizing object | ENV_leaf_178
Fra:590 Mem:230.52M (Peak 230.52M) | Time:00:00.75 | Mem:0.00M, Peak:0.00M | Scene, ViewLayer | Synchronizing object | ENV_leaf_177
Fra:590 Mem:230.53M (Peak 230.53M) | Time:00:00.75 | Mem:0.00M, Peak:0.00M | Scene, ViewLayer | Synchronizing object | ENV_leaf_176
Fra:590 Mem:230.53M (Peak 230.53M) | Time:00:00.75 | Mem:0.00M, Peak:0.00M | Scene, ViewLayer | Synchronizing object | ENV_leaf_175
Fra:590 Mem:230.54M (Peak 230.54M) | Time:00:00.75 | Mem:0.00M, Peak:0.00M | Scene, ViewLayer | Synchronizing object | ENV_leaf_174
Fra:590 Mem:230.54M (Peak 230.54M) | Time:00:00.75 | Mem:0.00M, Peak:0.00M | Scene, ViewLayer | Synchronizing object | ENV_leaf_173
Fra:590 Mem:230.54M (Peak 230.54M) | Time:00:00.75 | Mem:0.00M, Peak:0.00M | Scene, ViewLayer | Synchronizing object | ENV_leaf_172
Fra:590 Mem:230.55M (Peak 230.55M) | Time:00:00.75 | Mem:0.00M, Peak:0.00M | Scene, ViewLayer | Synchronizing object | ENV_leaf_171
Fra:590 Mem:230.55M (Peak 230.55M) | Time:00:00.75 | Mem:0.00M, Peak:0.00M | Scene, ViewLayer | Synchronizing object | ENV_leaf_170
Fra:590 Mem:230.56M (Peak 230.56M) | Time:00:00.75 | Mem:0.00M, Peak:0.00M | Scene, ViewLayer | Synchronizing object | ENV_leaf_169
Fra:590 Mem:230.56M (Peak 230.56M) | Time:00:00.75 | Mem:0.00M, Peak:0.00M | Scene, ViewLayer | Synchronizing object | ENV_leaf_168
Fra:590 Mem:230.56M (Peak 230.56M) | Time:00:00.75 | Mem:0.00M, Peak:0.00M | Scene, ViewLayer | Synchronizing object | ENV_leaf_167
Fra:590 Mem:230.57M (Peak 230.57M) | Time:00:00.75 | Mem:0.00M, Peak:0.00M | Scene, ViewLayer | Synchronizing object | ENV_leaf_166
Fra:590 Mem:230.57M (Peak 230.57M) | Time:00:00.75 | Mem:0.00M, Peak:0.00M | Scene, ViewLayer | Synchronizing object | ENV_leaf_165
Fra:590 Mem:230.58M (Peak 230.58M) | Time:00:00.75 | Mem:0.00M, Peak:0.00M | Scene, ViewLayer | Synchronizing object | ENV_leaf_164
Fra:590 Mem:230.58M (Peak 230.58M) | Time:00:00.75 | Mem:0.00M, Peak:0.00M | Scene, ViewLayer | Synchronizing object | ENV_leaf_163
Fra:590 Mem:230.58M (Peak 230.58M) | Time:00:00.75 | Mem:0.00M, Peak:0.00M | Scene, ViewLayer | Synchronizing object | ENV_leaf_162
Fra:590 Mem:230.59M (Peak 230.59M) | Time:00:00.75 | Mem:0.00M, Peak:0.00M | Scene, ViewLayer | Synchronizing object | ENV_leaf_161
Fra:590 Mem:230.59M (Peak 230.59M) | Time:00:00.75 | Mem:0.00M, Peak:0.00M | Scene, ViewLayer | Synchronizing object | ENV_leaf_160
Fra:590 Mem:230.60M (Peak 230.60M) | Time:00:00.75 | Mem:0.00M, Peak:0.00M | Scene, ViewLayer | Synchronizing object | ENV_leaf_159
Fra:590 Mem:230.60M (Peak 230.60M) | Time:00:00.75 | Mem:0.00M, Peak:0.00M | Scene, ViewLayer | Synchronizing object | ENV_leaf_158
Fra:590 Mem:230.60M (Peak 230.60M) | Time:00:00.75 | Mem:0.00M, Peak:0.00M | Scene, ViewLayer | Synchronizing object | ENV_leaf_157
Fra:590 Mem:230.61M (Peak 230.61M) | Time:00:00.75 | Mem:0.00M, Peak:0.00M | Scene, ViewLayer | Synchronizing object | ENV_leaf_156
Fra:590 Mem:230.61M (Peak 230.61M) | Time:00:00.75 | Mem:0.00M, Peak:0.00M | Scene, ViewLayer | Synchronizing object | ENV_leaf_155
Fra:590 Mem:230.62M (Peak 230.62M) | Time:00:00.75 | Mem:0.00M, Peak:0.00M | Scene, ViewLayer | Synchronizing object | ENV_leaf_154
Fra:590 Mem:230.62M (Peak 230.62M) | Time:00:00.75 | Mem:0.00M, Peak:0.00M | Scene, ViewLayer | Synchronizing object | ENV_leaf_153
Fra:590 Mem:230.62M (Peak 230.62M) | Time:00:00.75 | Mem:0.00M, Peak:0.00M | Scene, ViewLayer | Synchronizing object | ENV_leaf_152
Fra:590 Mem:230.63M (Peak 230.63M) | Time:00:00.75 | Mem:0.00M, Peak:0.00M | Scene, ViewLayer | Synchronizing object | ENV_leaf_151
Fra:590 Mem:230.63M (Peak 230.63M) | Time:00:00.75 | Mem:0.00M, Peak:0.00M | Scene, ViewLayer | Synchronizing object | ENV_leaf_150
Fra:590 Mem:230.64M (Peak 230.64M) | Time:00:00.75 | Mem:0.00M, Peak:0.00M | Scene, ViewLayer | Synchronizing object | ENV_leaf_149
Fra:590 Mem:230.64M (Peak 230.64M) | Time:00:00.75 | Mem:0.00M, Peak:0.00M | Scene, ViewLayer | Synchronizing object | ENV_leaf_148
Fra:590 Mem:230.64M (Peak 230.64M) | Time:00:00.75 | Mem:0.00M, Peak:0.00M | Scene, ViewLayer | Synchronizing object | ENV_leaf_147
Fra:590 Mem:230.65M (Peak 230.65M) | Time:00:00.75 | Mem:0.00M, Peak:0.00M | Scene, ViewLayer | Synchronizing object | ENV_leaf_146
Fra:590 Mem:230.65M (Peak 230.65M) | Time:00:00.75 | Mem:0.00M, Peak:0.00M | Scene, ViewLayer | Synchronizing object | ENV_leaf_145
Fra:590 Mem:230.66M (Peak 230.66M) | Time:00:00.75 | Mem:0.00M, Peak:0.00M | Scene, ViewLayer | Synchronizing object | ENV_leaf_144
Fra:590 Mem:230.66M (Peak 230.66M) | Time:00:00.75 | Mem:0.00M, Peak:0.00M | Scene, ViewLayer | Synchronizing object | ENV_leaf_143
Fra:590 Mem:230.67M (Peak 230.67M) | Time:00:00.75 | Mem:0.00M, Peak:0.00M | Scene, ViewLayer | Synchronizing object | ENV_leaf_142
Fra:590 Mem:230.67M (Peak 230.67M) | Time:00:00.75 | Mem:0.00M, Peak:0.00M | Scene, ViewLayer | Synchronizing object | ENV_leaf_141
Fra:590 Mem:230.67M (Peak 230.67M) | Time:00:00.75 | Mem:0.00M, Peak:0.00M | Scene, ViewLayer | Synchronizing object | ENV_leaf_140
Fra:590 Mem:230.68M (Peak 230.68M) | Time:00:00.75 | Mem:0.00M, Peak:0.00M | Scene, ViewLayer | Synchronizing object | ENV_leaf_139
Fra:590 Mem:230.68M (Peak 230.68M) | Time:00:00.75 | Mem:0.00M, Peak:0.00M | Scene, ViewLayer | Synchronizing object | ENV_leaf_138
Fra:590 Mem:230.69M (Peak 230.69M) | Time:00:00.75 | Mem:0.00M, Peak:0.00M | Scene, ViewLayer | Synchronizing object | ENV_leaf_137
Fra:590 Mem:230.69M (Peak 230.69M) | Time:00:00.75 | Mem:0.00M, Peak:0.00M | Scene, ViewLayer | Synchronizing object | ENV_leaf_136
Fra:590 Mem:230.69M (Peak 230.69M) | Time:00:00.75 | Mem:0.00M, Peak:0.00M | Scene, ViewLayer | Synchronizing object | ENV_leaf_135
Fra:590 Mem:230.70M (Peak 230.70M) | Time:00:00.75 | Mem:0.00M, Peak:0.00M | Scene, ViewLayer | Synchronizing object | ENV_leaf_134
Fra:590 Mem:230.70M (Peak 230.70M) | Time:00:00.75 | Mem:0.00M, Peak:0.00M | Scene, ViewLayer | Synchronizing object | ENV_leaf_133
Fra:590 Mem:230.71M (Peak 230.71M) | Time:00:00.75 | Mem:0.00M, Peak:0.00M | Scene, ViewLayer | Synchronizing object | ENV_leaf_132
Fra:590 Mem:230.71M (Peak 230.71M) | Time:00:00.75 | Mem:0.00M, Peak:0.00M | Scene, ViewLayer | Synchronizing object | ENV_leaf_131
Fra:590 Mem:230.71M (Peak 230.71M) | Time:00:00.75 | Mem:0.00M, Peak:0.00M | Scene, ViewLayer | Synchronizing object | ENV_leaf_130
Fra:590 Mem:230.72M (Peak 230.72M) | Time:00:00.75 | Mem:0.00M, Peak:0.00M | Scene, ViewLayer | Synchronizing object | ENV_leaf_129
Fra:590 Mem:230.72M (Peak 230.72M) | Time:00:00.75 | Mem:0.00M, Peak:0.00M | Scene, ViewLayer | Synchronizing object | ENV_leaf_128
Fra:590 Mem:230.73M (Peak 230.73M) | Time:00:00.75 | Mem:0.00M, Peak:0.00M | Scene, ViewLayer | Synchronizing object | ENV_leaf_127
Fra:590 Mem:230.73M (Peak 230.73M) | Time:00:00.75 | Mem:0.00M, Peak:0.00M | Scene, ViewLayer | Synchronizing object | ENV_leaf_126
Fra:590 Mem:230.73M (Peak 230.73M) | Time:00:00.75 | Mem:0.00M, Peak:0.00M | Scene, ViewLayer | Synchronizing object | ENV_leaf_125
Fra:590 Mem:230.74M (Peak 230.74M) | Time:00:00.75 | Mem:0.00M, Peak:0.00M | Scene, ViewLayer | Synchronizing object | ENV_leaf_124
Fra:590 Mem:230.74M (Peak 230.74M) | Time:00:00.75 | Mem:0.00M, Peak:0.00M | Scene, ViewLayer | Synchronizing object | ENV_leaf_123
Fra:590 Mem:230.75M (Peak 230.75M) | Time:00:00.75 | Mem:0.00M, Peak:0.00M | Scene, ViewLayer | Synchronizing object | ENV_leaf_122
Fra:590 Mem:230.75M (Peak 230.75M) | Time:00:00.75 | Mem:0.00M, Peak:0.00M | Scene, ViewLayer | Synchronizing object | ENV_leaf_121
Fra:590 Mem:230.75M (Peak 230.75M) | Time:00:00.75 | Mem:0.00M, Peak:0.00M | Scene, ViewLayer | Synchronizing object | ENV_leaf_120
Fra:590 Mem:230.76M (Peak 230.76M) | Time:00:00.75 | Mem:0.00M, Peak:0.00M | Scene, ViewLayer | Synchronizing object | ENV_leaf_119
Fra:590 Mem:230.76M (Peak 230.76M) | Time:00:00.75 | Mem:0.00M, Peak:0.00M | Scene, ViewLayer | Synchronizing object | ENV_leaf_118
Fra:590 Mem:230.77M (Peak 230.77M) | Time:00:00.75 | Mem:0.00M, Peak:0.00M | Scene, ViewLayer | Synchronizing object | ENV_leaf_117
Fra:590 Mem:230.77M (Peak 230.77M) | Time:00:00.75 | Mem:0.00M, Peak:0.00M | Scene, ViewLayer | Synchronizing object | ENV_leaf_116
Fra:590 Mem:230.77M (Peak 230.77M) | Time:00:00.75 | Mem:0.00M, Peak:0.00M | Scene, ViewLayer | Synchronizing object | ENV_leaf_115
Fra:590 Mem:230.78M (Peak 230.78M) | Time:00:00.75 | Mem:0.00M, Peak:0.00M | Scene, ViewLayer | Synchronizing object | ENV_leaf_114
Fra:590 Mem:230.78M (Peak 230.78M) | Time:00:00.75 | Mem:0.00M, Peak:0.00M | Scene, ViewLayer | Synchronizing object | ENV_leaf_113
Fra:590 Mem:230.79M (Peak 230.79M) | Time:00:00.75 | Mem:0.00M, Peak:0.00M | Scene, ViewLayer | Synchronizing object | ENV_leaf_112
Fra:590 Mem:230.79M (Peak 230.79M) | Time:00:00.75 | Mem:0.00M, Peak:0.00M | Scene, ViewLayer | Synchronizing object | ENV_leaf_111
Fra:590 Mem:230.79M (Peak 230.79M) | Time:00:00.75 | Mem:0.00M, Peak:0.00M | Scene, ViewLayer | Synchronizing object | ENV_leaf_110
Fra:590 Mem:230.80M (Peak 230.80M) | Time:00:00.75 | Mem:0.00M, Peak:0.00M | Scene, ViewLayer | Synchronizing object | ENV_leaf_109
Fra:590 Mem:230.80M (Peak 230.80M) | Time:00:00.75 | Mem:0.00M, Peak:0.00M | Scene, ViewLayer | Synchronizing object | ENV_leaf_108
Fra:590 Mem:230.81M (Peak 230.81M) | Time:00:00.75 | Mem:0.00M, Peak:0.00M | Scene, ViewLayer | Synchronizing object | ENV_leaf_107
Fra:590 Mem:230.81M (Peak 230.81M) | Time:00:00.75 | Mem:0.00M, Peak:0.00M | Scene, ViewLayer | Synchronizing object | ENV_leaf_106
Fra:590 Mem:230.81M (Peak 230.81M) | Time:00:00.75 | Mem:0.00M, Peak:0.00M | Scene, ViewLayer | Synchronizing object | ENV_leaf_105
Fra:590 Mem:230.82M (Peak 230.82M) | Time:00:00.75 | Mem:0.00M, Peak:0.00M | Scene, ViewLayer | Synchronizing object | ENV_leaf_104
Fra:590 Mem:230.82M (Peak 230.82M) | Time:00:00.75 | Mem:0.00M, Peak:0.00M | Scene, ViewLayer | Synchronizing object | ENV_leaf_103
Fra:590 Mem:230.83M (Peak 230.83M) | Time:00:00.75 | Mem:0.00M, Peak:0.00M | Scene, ViewLayer | Synchronizing object | ENV_leaf_102
Fra:590 Mem:230.83M (Peak 230.83M) | Time:00:00.75 | Mem:0.00M, Peak:0.00M | Scene, ViewLayer | Synchronizing object | ENV_leaf_101
Fra:590 Mem:230.83M (Peak 230.83M) | Time:00:00.75 | Mem:0.00M, Peak:0.00M | Scene, ViewLayer | Synchronizing object | ENV_leaf_100
Fra:590 Mem:230.84M (Peak 230.84M) | Time:00:00.75 | Mem:0.00M, Peak:0.00M | Scene, ViewLayer | Synchronizing object | ENV_leaf_99
Fra:590 Mem:230.84M (Peak 230.84M) | Time:00:00.75 | Mem:0.00M, Peak:0.00M | Scene, ViewLayer | Synchronizing object | ENV_leaf_98
Fra:590 Mem:230.85M (Peak 230.85M) | Time:00:00.75 | Mem:0.00M, Peak:0.00M | Scene, ViewLayer | Synchronizing object | ENV_leaf_97
Fra:590 Mem:230.85M (Peak 230.85M) | Time:00:00.75 | Mem:0.00M, Peak:0.00M | Scene, ViewLayer | Synchronizing object | ENV_leaf_96
Fra:590 Mem:230.86M (Peak 230.86M) | Time:00:00.75 | Mem:0.00M, Peak:0.00M | Scene, ViewLayer | Synchronizing object | ENV_leaf_95
Fra:590 Mem:230.86M (Peak 230.86M) | Time:00:00.75 | Mem:0.00M, Peak:0.00M | Scene, ViewLayer | Synchronizing object | ENV_leaf_94
Fra:590 Mem:230.86M (Peak 230.86M) | Time:00:00.75 | Mem:0.00M, Peak:0.00M | Scene, ViewLayer | Synchronizing object | ENV_leaf_93
Fra:590 Mem:230.87M (Peak 230.87M) | Time:00:00.75 | Mem:0.00M, Peak:0.00M | Scene, ViewLayer | Synchronizing object | ENV_leaf_92
Fra:590 Mem:230.87M (Peak 230.87M) | Time:00:00.75 | Mem:0.00M, Peak:0.00M | Scene, ViewLayer | Synchronizing object | ENV_leaf_91
Fra:590 Mem:230.88M (Peak 230.88M) | Time:00:00.75 | Mem:0.00M, Peak:0.00M | Scene, ViewLayer | Synchronizing object | ENV_leaf_90
Fra:590 Mem:230.88M (Peak 230.88M) | Time:00:00.75 | Mem:0.00M, Peak:0.00M | Scene, ViewLayer | Synchronizing object | ENV_leaf_89
Fra:590 Mem:230.88M (Peak 230.88M) | Time:00:00.75 | Mem:0.00M, Peak:0.00M | Scene, ViewLayer | Synchronizing object | ENV_leaf_88
Fra:590 Mem:230.89M (Peak 230.89M) | Time:00:00.75 | Mem:0.00M, Peak:0.00M | Scene, ViewLayer | Synchronizing object | ENV_leaf_87
Fra:590 Mem:230.89M (Peak 230.89M) | Time:00:00.75 | Mem:0.00M, Peak:0.00M | Scene, ViewLayer | Synchronizing object | ENV_leaf_86
Fra:590 Mem:230.90M (Peak 230.90M) | Time:00:00.75 | Mem:0.00M, Peak:0.00M | Scene, ViewLayer | Synchronizing object | ENV_leaf_85
Fra:590 Mem:230.90M (Peak 230.90M) | Time:00:00.75 | Mem:0.00M, Peak:0.00M | Scene, ViewLayer | Synchronizing object | ENV_leaf_84
Fra:590 Mem:230.90M (Peak 230.90M) | Time:00:00.75 | Mem:0.00M, Peak:0.00M | Scene, ViewLayer | Synchronizing object | ENV_leaf_83
Fra:590 Mem:230.91M (Peak 230.91M) | Time:00:00.75 | Mem:0.00M, Peak:0.00M | Scene, ViewLayer | Synchronizing object | ENV_leaf_82
Fra:590 Mem:230.91M (Peak 230.91M) | Time:00:00.75 | Mem:0.00M, Peak:0.00M | Scene, ViewLayer | Synchronizing object | ENV_leaf_81
Fra:590 Mem:230.92M (Peak 230.92M) | Time:00:00.75 | Mem:0.00M, Peak:0.00M | Scene, ViewLayer | Synchronizing object | ENV_leaf_80
Fra:590 Mem:230.92M (Peak 230.92M) | Time:00:00.75 | Mem:0.00M, Peak:0.00M | Scene, ViewLayer | Synchronizing object | ENV_leaf_79
Fra:590 Mem:230.92M (Peak 230.92M) | Time:00:00.75 | Mem:0.00M, Peak:0.00M | Scene, ViewLayer | Synchronizing object | ENV_leaf_78
Fra:590 Mem:230.93M (Peak 230.93M) | Time:00:00.75 | Mem:0.00M, Peak:0.00M | Scene, ViewLayer | Synchronizing object | ENV_leaf_77
Fra:590 Mem:230.93M (Peak 230.93M) | Time:00:00.75 | Mem:0.00M, Peak:0.00M | Scene, ViewLayer | Synchronizing object | ENV_leaf_76
Fra:590 Mem:230.94M (Peak 230.94M) | Time:00:00.75 | Mem:0.00M, Peak:0.00M | Scene, ViewLayer | Synchronizing object | ENV_leaf_75
Fra:590 Mem:230.94M (Peak 230.94M) | Time:00:00.75 | Mem:0.00M, Peak:0.00M | Scene, ViewLayer | Synchronizing object | ENV_leaf_74
Fra:590 Mem:230.94M (Peak 230.94M) | Time:00:00.75 | Mem:0.00M, Peak:0.00M | Scene, ViewLayer | Synchronizing object | ENV_leaf_73
Fra:590 Mem:230.95M (Peak 230.95M) | Time:00:00.75 | Mem:0.00M, Peak:0.00M | Scene, ViewLayer | Synchronizing object | ENV_leaf_72
Fra:590 Mem:230.95M (Peak 230.95M) | Time:00:00.75 | Mem:0.00M, Peak:0.00M | Scene, ViewLayer | Synchronizing object | ENV_leaf_71
Fra:590 Mem:230.96M (Peak 230.96M) | Time:00:00.75 | Mem:0.00M, Peak:0.00M | Scene, ViewLayer | Synchronizing object | ENV_leaf_70
Fra:590 Mem:230.96M (Peak 230.96M) | Time:00:00.75 | Mem:0.00M, Peak:0.00M | Scene, ViewLayer | Synchronizing object | ENV_leaf_69
Fra:590 Mem:230.96M (Peak 230.96M) | Time:00:00.75 | Mem:0.00M, Peak:0.00M | Scene, ViewLayer | Synchronizing object | ENV_leaf_68
Fra:590 Mem:230.97M (Peak 230.97M) | Time:00:00.75 | Mem:0.00M, Peak:0.00M | Scene, ViewLayer | Synchronizing object | ENV_leaf_67
Fra:590 Mem:230.97M (Peak 230.97M) | Time:00:00.75 | Mem:0.00M, Peak:0.00M | Scene, ViewLayer | Synchronizing object | ENV_leaf_66
Fra:590 Mem:230.98M (Peak 230.98M) | Time:00:00.75 | Mem:0.00M, Peak:0.00M | Scene, ViewLayer | Synchronizing object | ENV_leaf_65
Fra:590 Mem:230.98M (Peak 230.98M) | Time:00:00.75 | Mem:0.00M, Peak:0.00M | Scene, ViewLayer | Synchronizing object | ENV_leaf_64
Fra:590 Mem:230.98M (Peak 230.98M) | Time:00:00.75 | Mem:0.00M, Peak:0.00M | Scene, ViewLayer | Synchronizing object | ENV_leaf_63
Fra:590 Mem:230.99M (Peak 230.99M) | Time:00:00.75 | Mem:0.00M, Peak:0.00M | Scene, ViewLayer | Synchronizing object | ENV_leaf_62
Fra:590 Mem:230.99M (Peak 230.99M) | Time:00:00.75 | Mem:0.00M, Peak:0.00M | Scene, ViewLayer | Synchronizing object | ENV_leaf_61
Fra:590 Mem:231.00M (Peak 231.00M) | Time:00:00.75 | Mem:0.00M, Peak:0.00M | Scene, ViewLayer | Synchronizing object | ENV_leaf_60
Fra:590 Mem:231.00M (Peak 231.00M) | Time:00:00.75 | Mem:0.00M, Peak:0.00M | Scene, ViewLayer | Synchronizing object | ENV_leaf_59
Fra:590 Mem:231.00M (Peak 231.00M) | Time:00:00.75 | Mem:0.00M, Peak:0.00M | Scene, ViewLayer | Synchronizing object | ENV_leaf_58
Fra:590 Mem:231.01M (Peak 231.01M) | Time:00:00.75 | Mem:0.00M, Peak:0.00M | Scene, ViewLayer | Synchronizing object | ENV_leaf_57
Fra:590 Mem:231.01M (Peak 231.01M) | Time:00:00.75 | Mem:0.00M, Peak:0.00M | Scene, ViewLayer | Synchronizing object | ENV_leaf_56
Fra:590 Mem:231.02M (Peak 231.02M) | Time:00:00.75 | Mem:0.00M, Peak:0.00M | Scene, ViewLayer | Synchronizing object | ENV_leaf_55
Fra:590 Mem:231.02M (Peak 231.02M) | Time:00:00.75 | Mem:0.00M, Peak:0.00M | Scene, ViewLayer | Synchronizing object | ENV_leaf_54
Fra:590 Mem:231.02M (Peak 231.02M) | Time:00:00.75 | Mem:0.00M, Peak:0.00M | Scene, ViewLayer | Synchronizing object | ENV_leaf_53
Fra:590 Mem:231.03M (Peak 231.03M) | Time:00:00.75 | Mem:0.00M, Peak:0.00M | Scene, ViewLayer | Synchronizing object | ENV_leaf_52
Fra:590 Mem:231.03M (Peak 231.03M) | Time:00:00.75 | Mem:0.00M, Peak:0.00M | Scene, ViewLayer | Synchronizing object | ENV_leaf_51
Fra:590 Mem:231.04M (Peak 231.04M) | Time:00:00.75 | Mem:0.00M, Peak:0.00M | Scene, ViewLayer | Synchronizing object | ENV_leaf_50
Fra:590 Mem:231.04M (Peak 231.04M) | Time:00:00.75 | Mem:0.00M, Peak:0.00M | Scene, ViewLayer | Synchronizing object | ENV_leaf_49
Fra:590 Mem:231.05M (Peak 231.05M) | Time:00:00.75 | Mem:0.00M, Peak:0.00M | Scene, ViewLayer | Synchronizing object | ENV_leaf_48
Fra:590 Mem:231.05M (Peak 231.05M) | Time:00:00.75 | Mem:0.00M, Peak:0.00M | Scene, ViewLayer | Synchronizing object | ENV_leaf_47
Fra:590 Mem:231.05M (Peak 231.05M) | Time:00:00.75 | Mem:0.00M, Peak:0.00M | Scene, ViewLayer | Synchronizing object | ENV_leaf_46
Fra:590 Mem:231.06M (Peak 231.06M) | Time:00:00.75 | Mem:0.00M, Peak:0.00M | Scene, ViewLayer | Synchronizing object | ENV_leaf_45
Fra:590 Mem:231.06M (Peak 231.06M) | Time:00:00.75 | Mem:0.00M, Peak:0.00M | Scene, ViewLayer | Synchronizing object | ENV_leaf_44
Fra:590 Mem:231.07M (Peak 231.07M) | Time:00:00.75 | Mem:0.00M, Peak:0.00M | Scene, ViewLayer | Synchronizing object | ENV_leaf_43
Fra:590 Mem:231.07M (Peak 231.07M) | Time:00:00.75 | Mem:0.00M, Peak:0.00M | Scene, ViewLayer | Synchronizing object | ENV_leaf_42
Fra:590 Mem:231.07M (Peak 231.07M) | Time:00:00.75 | Mem:0.00M, Peak:0.00M | Scene, ViewLayer | Synchronizing object | ENV_leaf_41
Fra:590 Mem:231.08M (Peak 231.08M) | Time:00:00.75 | Mem:0.00M, Peak:0.00M | Scene, ViewLayer | Synchronizing object | ENV_leaf_40
Fra:590 Mem:231.08M (Peak 231.08M) | Time:00:00.75 | Mem:0.00M, Peak:0.00M | Scene, ViewLayer | Synchronizing object | ENV_leaf_39
Fra:590 Mem:231.09M (Peak 231.09M) | Time:00:00.75 | Mem:0.00M, Peak:0.00M | Scene, ViewLayer | Synchronizing object | ENV_leaf_38
Fra:590 Mem:231.09M (Peak 231.09M) | Time:00:00.75 | Mem:0.00M, Peak:0.00M | Scene, ViewLayer | Synchronizing object | ENV_leaf_37
Fra:590 Mem:231.09M (Peak 231.09M) | Time:00:00.75 | Mem:0.00M, Peak:0.00M | Scene, ViewLayer | Synchronizing object | ENV_leaf_36
Fra:590 Mem:231.10M (Peak 231.10M) | Time:00:00.75 | Mem:0.00M, Peak:0.00M | Scene, ViewLayer | Synchronizing object | ENV_leaf_35
Fra:590 Mem:231.10M (Peak 231.10M) | Time:00:00.75 | Mem:0.00M, Peak:0.00M | Scene, ViewLayer | Synchronizing object | ENV_leaf_34
Fra:590 Mem:231.11M (Peak 231.11M) | Time:00:00.75 | Mem:0.00M, Peak:0.00M | Scene, ViewLayer | Synchronizing object | ENV_leaf_33
Fra:590 Mem:231.11M (Peak 231.11M) | Time:00:00.75 | Mem:0.00M, Peak:0.00M | Scene, ViewLayer | Synchronizing object | ENV_leaf_32
Fra:590 Mem:231.11M (Peak 231.11M) | Time:00:00.75 | Mem:0.00M, Peak:0.00M | Scene, ViewLayer | Synchronizing object | ENV_leaf_31
Fra:590 Mem:231.12M (Peak 231.12M) | Time:00:00.75 | Mem:0.00M, Peak:0.00M | Scene, ViewLayer | Synchronizing object | ENV_leaf_30
Fra:590 Mem:231.12M (Peak 231.12M) | Time:00:00.75 | Mem:0.00M, Peak:0.00M | Scene, ViewLayer | Synchronizing object | ENV_leaf_29
Fra:590 Mem:231.13M (Peak 231.13M) | Time:00:00.75 | Mem:0.00M, Peak:0.00M | Scene, ViewLayer | Synchronizing object | ENV_leaf_28
Fra:590 Mem:231.13M (Peak 231.13M) | Time:00:00.75 | Mem:0.00M, Peak:0.00M | Scene, ViewLayer | Synchronizing object | ENV_leaf_27
Fra:590 Mem:231.13M (Peak 231.13M) | Time:00:00.75 | Mem:0.00M, Peak:0.00M | Scene, ViewLayer | Synchronizing object | ENV_leaf_26
Fra:590 Mem:231.14M (Peak 231.14M) | Time:00:00.75 | Mem:0.00M, Peak:0.00M | Scene, ViewLayer | Synchronizing object | ENV_leaf_25
Fra:590 Mem:231.14M (Peak 231.14M) | Time:00:00.75 | Mem:0.00M, Peak:0.00M | Scene, ViewLayer | Synchronizing object | ENV_leaf_24
Fra:590 Mem:231.15M (Peak 231.15M) | Time:00:00.75 | Mem:0.00M, Peak:0.00M | Scene, ViewLayer | Synchronizing object | ENV_leaf_23
Fra:590 Mem:231.15M (Peak 231.15M) | Time:00:00.75 | Mem:0.00M, Peak:0.00M | Scene, ViewLayer | Synchronizing object | ENV_leaf_22
Fra:590 Mem:231.15M (Peak 231.15M) | Time:00:00.75 | Mem:0.00M, Peak:0.00M | Scene, ViewLayer | Synchronizing object | ENV_leaf_21
Fra:590 Mem:231.16M (Peak 231.16M) | Time:00:00.75 | Mem:0.00M, Peak:0.00M | Scene, ViewLayer | Synchronizing object | ENV_leaf_20
Fra:590 Mem:231.16M (Peak 231.16M) | Time:00:00.75 | Mem:0.00M, Peak:0.00M | Scene, ViewLayer | Synchronizing object | ENV_leaf_19
Fra:590 Mem:231.17M (Peak 231.17M) | Time:00:00.75 | Mem:0.00M, Peak:0.00M | Scene, ViewLayer | Synchronizing object | ENV_leaf_18
Fra:590 Mem:231.17M (Peak 231.17M) | Time:00:00.75 | Mem:0.00M, Peak:0.00M | Scene, ViewLayer | Synchronizing object | ENV_leaf_17
Fra:590 Mem:231.17M (Peak 231.17M) | Time:00:00.75 | Mem:0.00M, Peak:0.00M | Scene, ViewLayer | Synchronizing object | ENV_leaf_16
Fra:590 Mem:231.18M (Peak 231.18M) | Time:00:00.75 | Mem:0.00M, Peak:0.00M | Scene, ViewLayer | Synchronizing object | ENV_leaf_15
Fra:590 Mem:231.18M (Peak 231.18M) | Time:00:00.75 | Mem:0.00M, Peak:0.00M | Scene, ViewLayer | Synchronizing object | ENV_leaf_14
Fra:590 Mem:231.19M (Peak 231.19M) | Time:00:00.75 | Mem:0.00M, Peak:0.00M | Scene, ViewLayer | Synchronizing object | ENV_leaf_13
Fra:590 Mem:231.19M (Peak 231.19M) | Time:00:00.75 | Mem:0.00M, Peak:0.00M | Scene, ViewLayer | Synchronizing object | ENV_leaf_12
Fra:590 Mem:231.19M (Peak 231.19M) | Time:00:00.75 | Mem:0.00M, Peak:0.00M | Scene, ViewLayer | Synchronizing object | ENV_leaf_11
Fra:590 Mem:231.20M (Peak 231.20M) | Time:00:00.75 | Mem:0.00M, Peak:0.00M | Scene, ViewLayer | Synchronizing object | ENV_leaf_10
Fra:590 Mem:231.20M (Peak 231.20M) | Time:00:00.75 | Mem:0.00M, Peak:0.00M | Scene, ViewLayer | Synchronizing object | ENV_leaf_9
Fra:590 Mem:231.21M (Peak 231.21M) | Time:00:00.75 | Mem:0.00M, Peak:0.00M | Scene, ViewLayer | Synchronizing object | ENV_leaf_8
Fra:590 Mem:231.21M (Peak 231.21M) | Time:00:00.75 | Mem:0.00M, Peak:0.00M | Scene, ViewLayer | Synchronizing object | ENV_leaf_7
Fra:590 Mem:231.21M (Peak 231.21M) | Time:00:00.75 | Mem:0.00M, Peak:0.00M | Scene, ViewLayer | Synchronizing object | ENV_leaf_6
Fra:590 Mem:231.22M (Peak 231.22M) | Time:00:00.75 | Mem:0.00M, Peak:0.00M | Scene, ViewLayer | Synchronizing object | ENV_leaf_5
Fra:590 Mem:231.22M (Peak 231.22M) | Time:00:00.75 | Mem:0.00M, Peak:0.00M | Scene, ViewLayer | Synchronizing object | ENV_leaf_4
Fra:590 Mem:231.23M (Peak 231.23M) | Time:00:00.75 | Mem:0.00M, Peak:0.00M | Scene, ViewLayer | Synchronizing object | ENV_leaf_3
Fra:590 Mem:231.23M (Peak 231.23M) | Time:00:00.75 | Mem:0.00M, Peak:0.00M | Scene, ViewLayer | Synchronizing object | ENV_leaf_2
Fra:590 Mem:231.24M (Peak 231.24M) | Time:00:00.75 | Mem:0.00M, Peak:0.00M | Scene, ViewLayer | Synchronizing object | ENV_leaf_1
Fra:590 Mem:231.24M (Peak 231.24M) | Time:00:00.75 | Mem:0.00M, Peak:0.00M | Scene, ViewLayer | Synchronizing object | ENV_leaf_0
Fra:590 Mem:231.24M (Peak 231.24M) | Time:00:00.75 | Mem:0.00M, Peak:0.00M | Scene, ViewLayer | Synchronizing object | ENV_fern_77
Fra:590 Mem:231.88M (Peak 231.88M) | Time:00:00.75 | Mem:0.00M, Peak:0.00M | Scene, ViewLayer | Synchronizing object | ENV_fern_76
Fra:590 Mem:232.20M (Peak 232.20M) | Time:00:00.75 | Mem:0.00M, Peak:0.00M | Scene, ViewLayer | Synchronizing object | ENV_fern_44
Fra:590 Mem:232.84M (Peak 232.84M) | Time:00:00.75 | Mem:0.00M, Peak:0.00M | Scene, ViewLayer | Synchronizing object | ENV_fern_45
Fra:590 Mem:233.24M (Peak 233.24M) | Time:00:00.75 | Mem:0.00M, Peak:0.00M | Scene, ViewLayer | Synchronizing object | ENV_fern_46
Fra:590 Mem:233.76M (Peak 233.76M) | Time:00:00.76 | Mem:0.00M, Peak:0.00M | Scene, ViewLayer | Synchronizing object | ENV_fern_47
Fra:590 Mem:234.40M (Peak 234.40M) | Time:00:00.76 | Mem:0.00M, Peak:0.00M | Scene, ViewLayer | Synchronizing object | ENV_fern_48
Fra:590 Mem:234.80M (Peak 234.80M) | Time:00:00.76 | Mem:0.00M, Peak:0.00M | Scene, ViewLayer | Synchronizing object | ENV_fern_49
Fra:590 Mem:235.59M (Peak 235.59M) | Time:00:00.76 | Mem:0.00M, Peak:0.00M | Scene, ViewLayer | Synchronizing object | ENV_fern_75
Fra:590 Mem:235.99M (Peak 235.99M) | Time:00:00.76 | Mem:0.00M, Peak:0.00M | Scene, ViewLayer | Synchronizing object | ENV_fern_74
Fra:590 Mem:236.63M (Peak 236.63M) | Time:00:00.76 | Mem:0.00M, Peak:0.00M | Scene, ViewLayer | Synchronizing object | ENV_fern_73
Fra:590 Mem:237.15M (Peak 237.15M) | Time:00:00.76 | Mem:0.00M, Peak:0.00M | Scene, ViewLayer | Synchronizing object | ENV_fern_72
Fra:590 Mem:237.55M (Peak 237.55M) | Time:00:00.76 | Mem:0.00M, Peak:0.00M | Scene, ViewLayer | Synchronizing object | ENV_fern_71
Fra:590 Mem:238.19M (Peak 238.19M) | Time:00:00.77 | Mem:0.00M, Peak:0.00M | Scene, ViewLayer | Synchronizing object | ENV_fern_70
Fra:590 Mem:238.65M (Peak 238.65M) | Time:00:00.77 | Mem:0.00M, Peak:0.00M | Scene, ViewLayer | Synchronizing object | ENV_fern_50
Fra:590 Mem:239.29M (Peak 239.29M) | Time:00:00.77 | Mem:0.00M, Peak:0.00M | Scene, ViewLayer | Synchronizing object | ENV_fern_51
Fra:590 Mem:239.69M (Peak 239.69M) | Time:00:00.77 | Mem:0.00M, Peak:0.00M | Scene, ViewLayer | Synchronizing object | ENV_fern_52
Fra:590 Mem:240.21M (Peak 240.21M) | Time:00:00.77 | Mem:0.00M, Peak:0.00M | Scene, ViewLayer | Synchronizing object | ENV_fern_53
Fra:590 Mem:240.83M (Peak 240.83M) | Time:00:00.77 | Mem:0.00M, Peak:0.00M | Scene, ViewLayer | Synchronizing object | ENV_fern_69
Fra:590 Mem:241.23M (Peak 241.23M) | Time:00:00.77 | Mem:0.00M, Peak:0.00M | Scene, ViewLayer | Synchronizing object | ENV_fern_68
Fra:590 Mem:241.87M (Peak 241.87M) | Time:00:00.77 | Mem:0.00M, Peak:0.00M | Scene, ViewLayer | Synchronizing object | ENV_fern_67
Fra:590 Mem:242.39M (Peak 242.39M) | Time:00:00.77 | Mem:0.00M, Peak:0.00M | Scene, ViewLayer | Synchronizing object | ENV_fern_66
Fra:590 Mem:242.79M (Peak 242.79M) | Time:00:00.78 | Mem:0.00M, Peak:0.00M | Scene, ViewLayer | Synchronizing object | ENV_fern_65
Fra:590 Mem:243.43M (Peak 243.43M) | Time:00:00.78 | Mem:0.00M, Peak:0.00M | Scene, ViewLayer | Synchronizing object | ENV_fern_64
Fra:590 Mem:243.95M (Peak 243.95M) | Time:00:00.78 | Mem:0.00M, Peak:0.00M | Scene, ViewLayer | Synchronizing object | ENV_fern_63
Fra:590 Mem:244.35M (Peak 244.35M) | Time:00:00.78 | Mem:0.00M, Peak:0.00M | Scene, ViewLayer | Synchronizing object | ENV_fern_62
Fra:590 Mem:245.07M (Peak 245.07M) | Time:00:00.78 | Mem:0.00M, Peak:0.00M | Scene, ViewLayer | Synchronizing object | ENV_fern_54
Fra:590 Mem:245.47M (Peak 245.47M) | Time:00:00.78 | Mem:0.00M, Peak:0.00M | Scene, ViewLayer | Synchronizing object | ENV_fern_55
Fra:590 Mem:245.99M (Peak 245.99M) | Time:00:00.78 | Mem:0.00M, Peak:0.00M | Scene, ViewLayer | Synchronizing object | ENV_fern_56
Fra:590 Mem:246.63M (Peak 246.63M) | Time:00:00.78 | Mem:0.00M, Peak:0.00M | Scene, ViewLayer | Synchronizing object | ENV_fern_57
Fra:590 Mem:247.03M (Peak 247.03M) | Time:00:00.78 | Mem:0.00M, Peak:0.00M | Scene, ViewLayer | Synchronizing object | ENV_fern_58
Fra:590 Mem:247.55M (Peak 247.55M) | Time:00:00.79 | Mem:0.00M, Peak:0.00M | Scene, ViewLayer | Synchronizing object | ENV_fern_59
Fra:590 Mem:248.19M (Peak 248.19M) | Time:00:00.79 | Mem:0.00M, Peak:0.00M | Scene, ViewLayer | Synchronizing object | ENV_fern_60
Fra:590 Mem:248.44M (Peak 248.44M) | Time:00:00.79 | Mem:0.00M, Peak:0.00M | Scene, ViewLayer | Synchronizing object | ENV_fern_61
Fra:590 Mem:249.14M (Peak 249.14M) | Time:00:00.79 | Mem:0.00M, Peak:0.00M | Scene, ViewLayer | Initializing
Fra:590 Mem:125.41M (Peak 249.14M) | Time:00:00.84 | Mem:0.00M, Peak:0.00M | Scene, ViewLayer | Waiting for render to start
Fra:590 Mem:125.41M (Peak 249.14M) | Time:00:00.84 | Mem:0.00M, Peak:0.00M | Scene, ViewLayer | Updating Scene
Fra:590 Mem:125.41M (Peak 249.14M) | Time:00:00.84 | Mem:0.00M, Peak:0.00M | Scene, ViewLayer | Updating Shaders
Fra:590 Mem:125.41M (Peak 249.14M) | Time:00:00.84 | Mem:0.00M, Peak:0.00M | Scene, ViewLayer | Loading render kernels (may take a few minutes the first time)
Fra:590 Mem:125.54M (Peak 249.14M) | Time:00:00.84 | Mem:0.05M, Peak:0.05M | Scene, ViewLayer | Updating Procedurals
Fra:590 Mem:125.54M (Peak 249.14M) | Time:00:00.84 | Mem:0.05M, Peak:0.05M | Scene, ViewLayer | Updating Background
Fra:590 Mem:125.54M (Peak 249.14M) | Time:00:00.84 | Mem:0.05M, Peak:0.05M | Scene, ViewLayer | Updating Camera
Fra:590 Mem:125.54M (Peak 249.14M) | Time:00:00.84 | Mem:0.05M, Peak:0.05M | Scene, ViewLayer | Updating Meshes Flags
Fra:590 Mem:125.54M (Peak 249.14M) | Time:00:00.84 | Mem:0.05M, Peak:0.05M | Scene, ViewLayer | Updating Objects
Fra:590 Mem:125.54M (Peak 249.14M) | Time:00:00.84 | Mem:0.05M, Peak:0.05M | Scene, ViewLayer | Updating Objects | Copying Transformations to device
Fra:590 Mem:126.08M (Peak 249.14M) | Time:00:00.84 | Mem:0.57M, Peak:0.57M | Scene, ViewLayer | Updating Particle Systems
Fra:590 Mem:126.08M (Peak 249.14M) | Time:00:00.84 | Mem:0.57M, Peak:0.57M | Scene, ViewLayer | Updating Particle Systems | Copying Particles to device
Fra:590 Mem:126.08M (Peak 249.14M) | Time:00:00.84 | Mem:0.57M, Peak:0.57M | Scene, ViewLayer | Updating Meshes
Fra:590 Mem:126.08M (Peak 249.14M) | Time:00:00.84 | Mem:0.57M, Peak:0.57M | Scene, ViewLayer | Updating Objects | Applying Static Transformations
Fra:590 Mem:126.08M (Peak 249.14M) | Time:00:00.84 | Mem:0.57M, Peak:0.57M | Scene, ViewLayer | Updating Mesh | Computing attributes
Fra:590 Mem:134.17M (Peak 249.14M) | Time:00:00.85 | Mem:0.65M, Peak:0.65M | Scene, ViewLayer | Updating Mesh | Copying Attributes to device
Fra:590 Mem:133.94M (Peak 249.14M) | Time:00:00.86 | Mem:8.43M, Peak:8.43M | Scene, ViewLayer | Updating Geometry BVH ROCK_SMALL.001 5/4 | Building BVH
Fra:590 Mem:133.94M (Peak 249.14M) | Time:00:00.86 | Mem:8.43M, Peak:8.43M | Scene, ViewLayer | Updating Geometry BVH FX_010_dot_src 2/4 | Building BVH
Fra:590 Mem:133.94M (Peak 249.14M) | Time:00:00.86 | Mem:8.43M, Peak:8.43M | Scene, ViewLayer | Updating Geometry BVH FX_010_dot_src 2/4 | Building BVH 0%
Fra:590 Mem:133.94M (Peak 249.14M) | Time:00:00.86 | Mem:8.44M, Peak:8.44M | Scene, ViewLayer | Updating Geometry BVH MOSS_PATCH_A.001 3/4 | Building BVH
Fra:590 Mem:133.94M (Peak 249.14M) | Time:00:00.86 | Mem:8.45M, Peak:8.46M | Scene, ViewLayer | Updating Geometry BVH MOSS_PATCH_B.001 4/4 | Building BVH
Fra:590 Mem:133.94M (Peak 249.14M) | Time:00:00.86 | Mem:8.48M, Peak:8.49M | Scene, ViewLayer | Updating Scene BVH | Building
Fra:590 Mem:133.97M (Peak 249.14M) | Time:00:00.86 | Mem:8.48M, Peak:8.49M | Scene, ViewLayer | Updating Scene BVH | Building BVH
Fra:590 Mem:133.97M (Peak 249.14M) | Time:00:01.11 | Mem:70.54M, Peak:70.54M | Scene, ViewLayer | Updating Scene BVH | Building BVH 36%
Fra:590 Mem:133.97M (Peak 249.14M) | Time:00:01.34 | Mem:80.79M, Peak:116.54M | Scene, ViewLayer | Updating Scene BVH | Copying BVH to device
Fra:590 Mem:133.97M (Peak 249.14M) | Time:00:01.34 | Mem:80.79M, Peak:116.54M | Scene, ViewLayer | Updating Mesh | Computing normals
Fra:590 Mem:167.35M (Peak 249.14M) | Time:00:01.37 | Mem:80.79M, Peak:116.54M | Scene, ViewLayer | Updating Mesh | Copying Mesh to device
Fra:590 Mem:167.35M (Peak 249.14M) | Time:00:01.37 | Mem:114.16M, Peak:116.54M | Scene, ViewLayer | Updating Objects Flags
Fra:590 Mem:167.35M (Peak 249.14M) | Time:00:01.37 | Mem:114.18M, Peak:116.54M | Scene, ViewLayer | Updating Primitive Offsets
Fra:590 Mem:167.36M (Peak 249.14M) | Time:00:01.37 | Mem:114.19M, Peak:116.54M | Scene, ViewLayer | Updating Images
Fra:590 Mem:167.36M (Peak 249.14M) | Time:00:01.37 | Mem:114.19M, Peak:116.54M | Scene, ViewLayer | Updating Camera Volume
Fra:590 Mem:167.36M (Peak 249.14M) | Time:00:01.37 | Mem:114.19M, Peak:116.54M | Scene, ViewLayer | Updating Lookup Tables
Fra:590 Mem:167.36M (Peak 249.14M) | Time:00:01.37 | Mem:114.27M, Peak:116.54M | Scene, ViewLayer | Updating Lights
Fra:590 Mem:167.36M (Peak 249.14M) | Time:00:01.38 | Mem:114.27M, Peak:116.54M | Scene, ViewLayer | Updating Lights | Computing tree
Fra:590 Mem:168.09M (Peak 249.14M) | Time:00:01.40 | Mem:115.00M, Peak:116.54M | Scene, ViewLayer | Updating Integrator
Fra:590 Mem:168.09M (Peak 249.14M) | Time:00:01.40 | Mem:115.00M, Peak:116.54M | Scene, ViewLayer | Updating Film
Fra:590 Mem:168.09M (Peak 249.14M) | Time:00:01.40 | Mem:114.92M, Peak:116.54M | Scene, ViewLayer | Updating Lookup Tables
Fra:590 Mem:168.09M (Peak 249.14M) | Time:00:01.40 | Mem:115.00M, Peak:116.54M | Scene, ViewLayer | Updating Baking
Fra:590 Mem:168.09M (Peak 249.14M) | Time:00:01.40 | Mem:115.00M, Peak:116.54M | Scene, ViewLayer | Updating Device | Writing constant memory
Fra:590 Mem:168.13M (Peak 249.14M) | Time:00:01.40 | Mem:115.00M, Peak:116.54M | Scene, ViewLayer | Loading denoising kernels (may take a few minutes the first time)
Fra:590 Mem:168.13M (Peak 249.14M) | Time:00:01.40 | Mem:115.00M, Peak:116.54M | Scene, ViewLayer | Sample 0/32
