Read blend: "/home/user/liuflexrobo/GLIMMER/blend/final/GLIMMER_master.blend"
Fra:590 Mem:135.32M (Peak 135.32M) | Time:00:00.21 | Mem:0.00M, Peak:0.00M | Scene, ViewLayer | Synchronizing object | FX_010_swarm
Fra:590 Mem:135.14M (Peak 135.32M) | Time:00:00.22 | Mem:0.00M, Peak:0.00M | Scene, ViewLayer | Synchronizing object | FX_001_abdomen
Fra:590 Mem:135.16M (Peak 135.32M) | Time:00:00.22 | Mem:0.00M, Peak:0.00M | Scene, ViewLayer | Synchronizing object | FX_001_body
Fra:590 Mem:135.18M (Peak 135.32M) | Time:00:00.22 | Mem:0.00M, Peak:0.00M | Scene, ViewLayer | Synchronizing object | FX_001_wing_L
Fra:590 Mem:135.18M (Peak 135.32M) | Time:00:00.22 | Mem:0.00M, Peak:0.00M | Scene, ViewLayer | Synchronizing object | FX_001_wing_R
Fra:590 Mem:135.18M (Peak 135.32M) | Time:00:00.22 | Mem:0.00M, Peak:0.00M | Scene, ViewLayer | Synchronizing object | FX_010_dot_src
Fra:590 Mem:135.18M (Peak 135.32M) | Time:00:00.22 | Mem:0.00M, Peak:0.00M | Scene, ViewLayer | Synchronizing object | FX_010_swarm
Fra:590 Mem:135.19M (Peak 135.32M) | Time:00:00.22 | Mem:0.00M, Peak:0.00M | Scene, ViewLayer | Synchronizing object | LIGHT_ff_practical
Fra:590 Mem:135.19M (Peak 135.32M) | Time:00:00.22 | Mem:0.00M, Peak:0.00M | Scene, ViewLayer | Synchronizing object | LIGHT_sun
Fra:590 Mem:135.19M (Peak 135.32M) | Time:00:00.22 | Mem:0.00M, Peak:0.00M | Scene, ViewLayer | Synchronizing object | LIGHT_moon
Fra:590 Mem:135.19M (Peak 135.32M) | Time:00:00.22 | Mem:0.00M, Peak:0.00M | Scene, ViewLayer | Synchronizing object | LIGHT_shaft_0
Fra:590 Mem:135.19M (Peak 135.32M) | Time:00:00.22 | Mem:0.00M, Peak:0.00M | Scene, ViewLayer | Synchronizing object | LIGHT_shaft_1
Fra:590 Mem:135.19M (Peak 135.32M) | Time:00:00.22 | Mem:0.00M, Peak:0.00M | Scene, ViewLayer | Synchronizing object | LIGHT_char_fill
Fra:590 Mem:135.19M (Peak 135.32M) | Time:00:00.22 | Mem:0.00M, Peak:0.00M | Scene, ViewLayer | Synchronizing object | LIGHT_night_rim
Fra:590 Mem:135.19M (Peak 135.32M) | Time:00:00.22 | Mem:0.00M, Peak:0.00M | Scene, ViewLayer | Synchronizing object | LIGHT_night_fill
Fra:590 Mem:135.19M (Peak 135.32M) | Time:00:00.22 | Mem:0.00M, Peak:0.00M | Scene, ViewLayer | Synchronizing object | LIGHT_robot_key
Fra:590 Mem:135.96M (Peak 135.96M) | Time:00:00.26 | Mem:0.00M, Peak:0.00M | Scene, ViewLayer | Synchronizing object | CHAR_001_antenna
Fra:590 Mem:136.93M (Peak 136.93M) | Time:00:00.27 | Mem:0.00M, Peak:0.00M | Scene, ViewLayer | Synchronizing object | CHAR_001_head
Fra:590 Mem:139.15M (Peak 139.15M) | Time:00:00.28 | Mem:0.00M, Peak:0.00M | Scene, ViewLayer | Synchronizing object | TWIG_A
Fra:590 Mem:139.19M (Peak 139.19M) | Time:00:00.28 | Mem:0.00M, Peak:0.00M | Scene, ViewLayer | Synchronizing object | TWIG_B
Fra:590 Mem:139.78M (Peak 139.78M) | Time:00:00.29 | Mem:0.00M, Peak:0.00M | Scene, ViewLayer | Synchronizing object | CHAR_001_head_hatch
Fra:590 Mem:139.80M (Peak 139.80M) | Time:00:00.29 | Mem:0.00M, Peak:0.00M | Scene, ViewLayer | Synchronizing object | CHAR_001_head_seam
Fra:590 Mem:139.80M (Peak 139.80M) | Time:00:00.29 | Mem:0.00M, Peak:0.00M | Scene, ViewLayer | Synchronizing object | CHAR_001_eye_rim_L
Fra:590 Mem:139.82M (Peak 139.82M) | Time:00:00.29 | Mem:0.00M, Peak:0.00M | Scene, ViewLayer | Synchronizing object | CHAR_001_eye_L
Fra:590 Mem:139.87M (Peak 139.87M) | Time:00:00.29 | Mem:0.00M, Peak:0.00M | Scene, ViewLayer | Synchronizing object | CHAR_001_iris_L
Fra:590 Mem:139.89M (Peak 139.89M) | Time:00:00.29 | Mem:0.00M, Peak:0.00M | Scene, ViewLayer | Synchronizing object | CHAR_001_eye_rim_R
Fra:590 Mem:139.91M (Peak 139.91M) | Time:00:00.29 | Mem:0.00M, Peak:0.00M | Scene, ViewLayer | Synchronizing object | CHAR_001_eye_R
Fra:590 Mem:139.96M (Peak 139.96M) | Time:00:00.29 | Mem:0.00M, Peak:0.00M | Scene, ViewLayer | Synchronizing object | CHAR_001_iris_R
Fra:590 Mem:139.98M (Peak 139.98M) | Time:00:00.29 | Mem:0.00M, Peak:0.00M | Scene, ViewLayer | Synchronizing object | CHAR_001_antenna_tip
Fra:590 Mem:139.99M (Peak 139.99M) | Time:00:00.29 | Mem:0.00M, Peak:0.00M | Scene, ViewLayer | Synchronizing object | CHAR_001_torso
Fra:590 Mem:140.00M (Peak 140.00M) | Time:00:00.29 | Mem:0.00M, Peak:0.00M | Scene, ViewLayer | Synchronizing object | CHAR_001_torso_panel
Fra:590 Mem:140.02M (Peak 140.02M) | Time:00:00.29 | Mem:0.00M, Peak:0.00M | Scene, ViewLayer | Synchronizing object | CHAR_001_rivets
Fra:590 Mem:140.06M (Peak 140.06M) | Time:00:00.29 | Mem:0.00M, Peak:0.00M | Scene, ViewLayer | Synchronizing object | CHAR_001_vents
Fra:590 Mem:140.07M (Peak 140.07M) | Time:00:00.29 | Mem:0.00M, Peak:0.00M | Scene, ViewLayer | Synchronizing object | CHAR_001_neck
Fra:590 Mem:140.07M (Peak 140.07M) | Time:00:00.29 | Mem:0.00M, Peak:0.00M | Scene, ViewLayer | Synchronizing object | CHAR_001_shoulder_L
Fra:590 Mem:140.10M (Peak 140.10M) | Time:00:00.29 | Mem:0.00M, Peak:0.00M | Scene, ViewLayer | Synchronizing object | CHAR_001_upperarm_L
Fra:590 Mem:140.11M (Peak 140.11M) | Time:00:00.29 | Mem:0.00M, Peak:0.00M | Scene, ViewLayer | Synchronizing object | CHAR_001_forearm_L
Fra:590 Mem:140.12M (Peak 140.12M) | Time:00:00.29 | Mem:0.00M, Peak:0.00M | Scene, ViewLayer | Synchronizing object | CHAR_001_hand_L
Fra:590 Mem:140.19M (Peak 140.19M) | Time:00:00.29 | Mem:0.00M, Peak:0.00M | Scene, ViewLayer | Synchronizing object | CHAR_001_shoulder_R
Fra:590 Mem:140.22M (Peak 140.22M) | Time:00:00.29 | Mem:0.00M, Peak:0.00M | Scene, ViewLayer | Synchronizing object | CHAR_001_upperarm_R
Fra:590 Mem:140.23M (Peak 140.23M) | Time:00:00.29 | Mem:0.00M, Peak:0.00M | Scene, ViewLayer | Synchronizing object | CHAR_001_forearm_R
Fra:590 Mem:140.24M (Peak 140.24M) | Time:00:00.29 | Mem:0.00M, Peak:0.00M | Scene, ViewLayer | Synchronizing object | CHAR_001_hand_R
Fra:590 Mem:140.29M (Peak 140.29M) | Time:00:00.29 | Mem:0.00M, Peak:0.00M | Scene, ViewLayer | Synchronizing object | CHAR_001_finger_R_index
Fra:590 Mem:140.49M (Peak 140.49M) | Time:00:00.29 | Mem:0.00M, Peak:0.00M | Scene, ViewLayer | Synchronizing object | CHAR_001_chassis
Fra:590 Mem:140.49M (Peak 140.49M) | Time:00:00.29 | Mem:0.00M, Peak:0.00M | Scene, ViewLayer | Synchronizing object | CHAR_001_track_plates_L
Fra:590 Mem:140.54M (Peak 140.54M) | Time:00:00.29 | Mem:0.00M, Peak:0.00M | Scene, ViewLayer | Synchronizing object | CHAR_001_wheel_L_0
Fra:590 Mem:140.55M (Peak 140.55M) | Time:00:00.29 | Mem:0.00M, Peak:0.00M | Scene, ViewLayer | Synchronizing object | CHAR_001_wheel_L_1
Fra:590 Mem:140.56M (Peak 140.56M) | Time:00:00.29 | Mem:0.00M, Peak:0.00M | Scene, ViewLayer | Synchronizing object | CHAR_001_wheel_L_2
Fra:590 Mem:140.56M (Peak 140.56M) | Time:00:00.29 | Mem:0.00M, Peak:0.00M | Scene, ViewLayer | Synchronizing object | CHAR_001_wheel_L_3
Fra:590 Mem:140.57M (Peak 140.57M) | Time:00:00.29 | Mem:0.00M, Peak:0.00M | Scene, ViewLayer | Synchronizing object | CHAR_001_wheel_L_4
Fra:590 Mem:140.58M (Peak 140.58M) | Time:00:00.29 | Mem:0.00M, Peak:0.00M | Scene, ViewLayer | Synchronizing object | CHAR_001_fender_L
Fra:590 Mem:140.59M (Peak 140.59M) | Time:00:00.29 | Mem:0.00M, Peak:0.00M | Scene, ViewLayer | Synchronizing object | CHAR_001_track_plates_R
Fra:590 Mem:140.63M (Peak 140.63M) | Time:00:00.29 | Mem:0.00M, Peak:0.00M | Scene, ViewLayer | Synchronizing object | CHAR_001_wheel_R_0
Fra:590 Mem:140.64M (Peak 140.64M) | Time:00:00.29 | Mem:0.00M, Peak:0.00M | Scene, ViewLayer | Synchronizing object | CHAR_001_wheel_R_1
Fra:590 Mem:140.65M (Peak 140.65M) | Time:00:00.29 | Mem:0.00M, Peak:0.00M | Scene, ViewLayer | Synchronizing object | CHAR_001_wheel_R_2
Fra:590 Mem:140.66M (Peak 140.66M) | Time:00:00.29 | Mem:0.00M, Peak:0.00M | Scene, ViewLayer | Synchronizing object | CHAR_001_wheel_R_3
Fra:590 Mem:141.85M (Peak 141.85M) | Time:00:00.30 | Mem:0.00M, Peak:0.00M | Scene, ViewLayer | Synchronizing object | CHAR_001_wheel_R_4
Fra:590 Mem:141.86M (Peak 141.86M) | Time:00:00.30 | Mem:0.00M, Peak:0.00M | Scene, ViewLayer | Synchronizing object | CHAR_001_fender_R
Fra:590 Mem:141.87M (Peak 141.87M) | Time:00:00.30 | Mem:0.00M, Peak:0.00M | Scene, ViewLayer | Synchronizing object | TREE_TRUNK_A
Fra:590 Mem:142.33M (Peak 142.90M) | Time:00:00.30 | Mem:0.00M, Peak:0.00M | Scene, ViewLayer | Synchronizing object | TREE_TRUNK_B
Fra:590 Mem:142.80M (Peak 143.37M) | Time:00:00.30 | Mem:0.00M, Peak:0.00M | Scene, ViewLayer | Synchronizing object | TREE_TRUNK_C
Fra:590 Mem:143.26M (Peak 143.83M) | Time:00:00.31 | Mem:0.00M, Peak:0.00M | Scene, ViewLayer | Synchronizing object | ROOT_A
Fra:590 Mem:143.28M (Peak 143.83M) | Time:00:00.31 | Mem:0.00M, Peak:0.00M | Scene, ViewLayer | Synchronizing object | ROOT_B
Fra:590 Mem:143.30M (Peak 143.83M) | Time:00:00.31 | Mem:0.00M, Peak:0.00M | Scene, ViewLayer | Synchronizing object | ROOT_C
Fra:590 Mem:143.32M (Peak 143.83M) | Time:00:00.31 | Mem:0.00M, Peak:0.00M | Scene, ViewLayer | Synchronizing object | FALLEN_LOG_HERO
Fra:590 Mem:143.44M (Peak 143.83M) | Time:00:00.31 | Mem:0.00M, Peak:0.00M | Scene, ViewLayer | Synchronizing object | FERN_A
Fra:590 Mem:143.84M (Peak 143.84M) | Time:00:00.31 | Mem:0.00M, Peak:0.00M | Scene, ViewLayer | Synchronizing object | FERN_B
Fra:590 Mem:144.36M (Peak 144.36M) | Time:00:00.31 | Mem:0.00M, Peak:0.00M | Scene, ViewLayer | Synchronizing object | FERN_C
Fra:590 Mem:146.18M (Peak 146.18M) | Time:00:00.32 | Mem:0.00M, Peak:0.00M | Scene, ViewLayer | Synchronizing object | MOSS_PATCH_A
Fra:590 Mem:146.20M (Peak 146.20M) | Time:00:00.32 | Mem:0.00M, Peak:0.00M | Scene, ViewLayer | Synchronizing object | MOSS_PATCH_B
Fra:590 Mem:146.22M (Peak 146.22M) | Time:00:00.32 | Mem:0.00M, Peak:0.00M | Scene, ViewLayer | Synchronizing object | GROUND_LEAF_A
Fra:590 Mem:146.22M (Peak 146.22M) | Time:00:00.32 | Mem:0.00M, Peak:0.00M | Scene, ViewLayer | Synchronizing object | GROUND_LEAF_B
Fra:590 Mem:146.22M (Peak 146.22M) | Time:00:00.32 | Mem:0.00M, Peak:0.00M | Scene, ViewLayer | Synchronizing object | GROUND_LEAF_C
Fra:590 Mem:146.23M (Peak 146.23M) | Time:00:00.32 | Mem:0.00M, Peak:0.00M | Scene, ViewLayer | Synchronizing object | ROCK_SMALL
Fra:590 Mem:146.24M (Peak 146.24M) | Time:00:00.32 | Mem:0.00M, Peak:0.00M | Scene, ViewLayer | Synchronizing object | BACKGROUND_TREE
Fra:590 Mem:146.82M (Peak 146.82M) | Time:00:00.32 | Mem:0.00M, Peak:0.00M | Scene, ViewLayer | Synchronizing object | ENV_ground
Fra:590 Mem:147.83M (Peak 147.83M) | Time:00:00.32 | Mem:0.00M, Peak:0.00M | Scene, ViewLayer | Synchronizing object | ENV_hero_tree
Fra:590 Mem:148.30M (Peak 148.87M) | Time:00:00.32 | Mem:0.00M, Peak:0.00M | Scene, ViewLayer | Synchronizing object | ENV_root_0
Fra:590 Mem:148.31M (Peak 148.87M) | Time:00:00.32 | Mem:0.00M, Peak:0.00M | Scene, ViewLayer | Synchronizing object | ENV_root_1
Fra:590 Mem:148.33M (Peak 148.87M) | Time:00:00.32 | Mem:0.00M, Peak:0.00M | Scene, ViewLayer | Synchronizing object | ENV_root_2
Fra:590 Mem:148.34M (Peak 148.87M) | Time:00:00.32 | Mem:0.00M, Peak:0.00M | Scene, ViewLayer | Synchronizing object | ENV_root_3
Fra:590 Mem:148.35M (Peak 148.87M) | Time:00:00.32 | Mem:0.00M, Peak:0.00M | Scene, ViewLayer | Synchronizing object | ENV_root_4
Fra:590 Mem:148.37M (Peak 148.87M) | Time:00:00.32 | Mem:0.00M, Peak:0.00M | Scene, ViewLayer | Synchronizing object | ENV_root_5
Fra:590 Mem:148.38M (Peak 148.87M) | Time:00:00.32 | Mem:0.00M, Peak:0.00M | Scene, ViewLayer | Synchronizing object | ENV_fallen_log
Fra:590 Mem:148.46M (Peak 148.87M) | Time:00:00.32 | Mem:0.00M, Peak:0.00M | Scene, ViewLayer | Synchronizing object | ENV_midtree_0
Fra:590 Mem:150.11M (Peak 150.11M) | Time:00:00.33 | Mem:0.00M, Peak:0.00M | Scene, ViewLayer | Synchronizing object | ENV_midtree_1
Fra:590 Mem:150.58M (Peak 151.14M) | Time:00:00.34 | Mem:0.00M, Peak:0.00M | Scene, ViewLayer | Synchronizing object | ENV_midtree_2
Fra:590 Mem:151.04M (Peak 151.61M) | Time:00:00.34 | Mem:0.00M, Peak:0.00M | Scene, ViewLayer | Synchronizing object | ENV_midtree_3
Fra:590 Mem:151.51M (Peak 152.07M) | Time:00:00.34 | Mem:0.00M, Peak:0.00M | Scene, ViewLayer | Synchronizing object | ENV_midtree_4
Fra:590 Mem:151.97M (Peak 152.54M) | Time:00:00.34 | Mem:0.00M, Peak:0.00M | Scene, ViewLayer | Synchronizing object | ENV_midtree_5
Fra:590 Mem:152.43M (Peak 153.00M) | Time:00:00.34 | Mem:0.00M, Peak:0.00M | Scene, ViewLayer | Synchronizing object | ENV_bgtree_0
Fra:590 Mem:153.02M (Peak 153.02M) | Time:00:00.34 | Mem:0.00M, Peak:0.00M | Scene, ViewLayer | Synchronizing object | ENV_bgtree_1
Fra:590 Mem:154.47M (Peak 154.47M) | Time:00:00.35 | Mem:0.00M, Peak:0.00M | Scene, ViewLayer | Synchronizing object | ENV_bgtree_2
Fra:590 Mem:155.05M (Peak 155.05M) | Time:00:00.35 | Mem:0.00M, Peak:0.00M | Scene, ViewLayer | Synchronizing object | ENV_bgtree_3
Fra:590 Mem:155.63M (Peak 155.63M) | Time:00:00.36 | Mem:0.00M, Peak:0.00M | Scene, ViewLayer | Synchronizing object | ENV_bgtree_4
Fra:590 Mem:156.22M (Peak 156.22M) | Time:00:00.36 | Mem:0.00M, Peak:0.00M | Scene, ViewLayer | Synchronizing object | ENV_bgtree_5
Fra:590 Mem:156.80M (Peak 156.80M) | Time:00:00.36 | Mem:0.00M, Peak:0.00M | Scene, ViewLayer | Synchronizing object | ENV_bgtree_6
Fra:590 Mem:157.38M (Peak 157.38M) | Time:00:00.36 | Mem:0.00M, Peak:0.00M | Scene, ViewLayer | Synchronizing object | ENV_bgtree_7
Fra:590 Mem:157.96M (Peak 157.96M) | Time:00:00.36 | Mem:0.00M, Peak:0.00M | Scene, ViewLayer | Synchronizing object | ENV_bgtree_8
Fra:590 Mem:158.54M (Peak 158.54M) | Time:00:00.36 | Mem:0.00M, Peak:0.00M | Scene, ViewLayer | Synchronizing object | ENV_bgtree_9
Fra:590 Mem:160.32M (Peak 160.32M) | Time:00:00.37 | Mem:0.00M, Peak:0.00M | Scene, ViewLayer | Synchronizing object | ENV_bgtree_10
Fra:590 Mem:160.91M (Peak 160.91M) | Time:00:00.37 | Mem:0.00M, Peak:0.00M | Scene, ViewLayer | Synchronizing object | ENV_bgtree_11
Fra:590 Mem:161.49M (Peak 161.49M) | Time:00:00.37 | Mem:0.00M, Peak:0.00M | Scene, ViewLayer | Synchronizing object | ENV_bgtree_12
Fra:590 Mem:162.07M (Peak 162.07M) | Time:00:00.37 | Mem:0.00M, Peak:0.00M | Scene, ViewLayer | Synchronizing object | ENV_bgtree_13
Fra:590 Mem:163.84M (Peak 163.84M) | Time:00:00.38 | Mem:0.00M, Peak:0.00M | Scene, ViewLayer | Synchronizing object | ENV_bgtree_14
Fra:590 Mem:164.42M (Peak 164.42M) | Time:00:00.38 | Mem:0.00M, Peak:0.00M | Scene, ViewLayer | Synchronizing object | ENV_bgtree_15
Fra:590 Mem:165.00M (Peak 165.00M) | Time:00:00.38 | Mem:0.00M, Peak:0.00M | Scene, ViewLayer | Synchronizing object | ENV_bgtree_16
Fra:590 Mem:166.48M (Peak 166.48M) | Time:00:00.39 | Mem:0.00M, Peak:0.00M | Scene, ViewLayer | Synchronizing object | ENV_bgtree_17
Fra:590 Mem:167.06M (Peak 167.06M) | Time:00:00.39 | Mem:0.00M, Peak:0.00M | Scene, ViewLayer | Synchronizing object | ENV_bgtree_18
Fra:590 Mem:167.64M (Peak 167.64M) | Time:00:00.39 | Mem:0.00M, Peak:0.00M | Scene, ViewLayer | Synchronizing object | ENV_bgtree_19
Fra:590 Mem:169.11M (Peak 169.11M) | Time:00:00.40 | Mem:0.00M, Peak:0.00M | Scene, ViewLayer | Synchronizing object | ENV_bgtree_20
Fra:590 Mem:169.69M (Peak 169.69M) | Time:00:00.41 | Mem:0.00M, Peak:0.00M | Scene, ViewLayer | Synchronizing object | ENV_bgtree_21
Fra:590 Mem:170.27M (Peak 170.27M) | Time:00:00.41 | Mem:0.00M, Peak:0.00M | Scene, ViewLayer | Synchronizing object | ENV_bgtree_22
Fra:590 Mem:171.74M (Peak 171.74M) | Time:00:00.42 | Mem:0.00M, Peak:0.00M | Scene, ViewLayer | Synchronizing object | ENV_bgtree_23
Fra:590 Mem:172.32M (Peak 172.32M) | Time:00:00.42 | Mem:0.00M, Peak:0.00M | Scene, ViewLayer | Synchronizing object | ENV_bgtree_24
Fra:590 Mem:172.91M (Peak 172.91M) | Time:00:00.42 | Mem:0.00M, Peak:0.00M | Scene, ViewLayer | Synchronizing object | ENV_bgtree_25
Fra:590 Mem:174.39M (Peak 174.39M) | Time:00:00.43 | Mem:0.00M, Peak:0.00M | Scene, ViewLayer | Synchronizing object | ENV_bgtree_26
Fra:590 Mem:174.97M (Peak 174.97M) | Time:00:00.43 | Mem:0.00M, Peak:0.00M | Scene, ViewLayer | Synchronizing object | ENV_bgtree_27
Fra:590 Mem:175.55M (Peak 175.55M) | Time:00:00.43 | Mem:0.00M, Peak:0.00M | Scene, ViewLayer | Synchronizing object | ENV_bgtree_28
Fra:590 Mem:176.72M (Peak 176.72M) | Time:00:00.44 | Mem:0.00M, Peak:0.00M | Scene, ViewLayer | Synchronizing object | ENV_bgtree_29
Fra:590 Mem:177.31M (Peak 177.31M) | Time:00:00.44 | Mem:0.00M, Peak:0.00M | Scene, ViewLayer | Synchronizing object | ENV_bgtree_30
Fra:590 Mem:179.07M (Peak 179.07M) | Time:00:00.45 | Mem:0.00M, Peak:0.00M | Scene, ViewLayer | Synchronizing object | ENV_bgtree_31
Fra:590 Mem:179.66M (Peak 179.66M) | Time:00:00.45 | Mem:0.00M, Peak:0.00M | Scene, ViewLayer | Synchronizing object | ENV_bgtree_32
Fra:590 Mem:180.24M (Peak 180.24M) | Time:00:00.45 | Mem:0.00M, Peak:0.00M | Scene, ViewLayer | Synchronizing object | ENV_bgtree_33
Fra:590 Mem:180.82M (Peak 180.82M) | Time:00:00.46 | Mem:0.00M, Peak:0.00M | Scene, ViewLayer | Synchronizing object | ENV_bgtree_34
Fra:590 Mem:181.99M (Peak 181.99M) | Time:00:00.46 | Mem:0.00M, Peak:0.00M | Scene, ViewLayer | Synchronizing object | ENV_bgtree_35
Fra:590 Mem:182.57M (Peak 182.57M) | Time:00:00.47 | Mem:0.00M, Peak:0.00M | Scene, ViewLayer | Synchronizing object | ENV_bgtree_36
Fra:590 Mem:183.15M (Peak 183.15M) | Time:00:00.47 | Mem:0.00M, Peak:0.00M | Scene, ViewLayer | Synchronizing object | ENV_bgtree_37
Fra:590 Mem:185.22M (Peak 185.22M) | Time:00:00.48 | Mem:0.00M, Peak:0.00M | Scene, ViewLayer | Synchronizing object | ENV_bgtree_38
Fra:590 Mem:185.80M (Peak 185.80M) | Time:00:00.48 | Mem:0.00M, Peak:0.00M | Scene, ViewLayer | Synchronizing object | ENV_bgtree_39
Fra:590 Mem:186.39M (Peak 186.39M) | Time:00:00.48 | Mem:0.00M, Peak:0.00M | Scene, ViewLayer | Synchronizing object | ENV_bgtree_40
Fra:590 Mem:186.97M (Peak 186.97M) | Time:00:00.48 | Mem:0.00M, Peak:0.00M | Scene, ViewLayer | Synchronizing object | ENV_bgtree_41
Fra:590 Mem:188.14M (Peak 188.14M) | Time:00:00.49 | Mem:0.00M, Peak:0.00M | Scene, ViewLayer | Synchronizing object | ENV_bgtree_42
Fra:590 Mem:188.72M (Peak 188.72M) | Time:00:00.49 | Mem:0.00M, Peak:0.00M | Scene, ViewLayer | Synchronizing object | ENV_bgtree_43
Fra:590 Mem:190.49M (Peak 190.49M) | Time:00:00.50 | Mem:0.00M, Peak:0.00M | Scene, ViewLayer | Synchronizing object | ENV_bgtree_44
Fra:590 Mem:191.07M (Peak 191.07M) | Time:00:00.51 | Mem:0.00M, Peak:0.00M | Scene, ViewLayer | Synchronizing object | ENV_bgtree_45
Fra:590 Mem:191.65M (Peak 191.65M) | Time:00:00.51 | Mem:0.00M, Peak:0.00M | Scene, ViewLayer | Synchronizing object | ENV_bgtree_46
Fra:590 Mem:192.23M (Peak 192.23M) | Time:00:00.51 | Mem:0.00M, Peak:0.00M | Scene, ViewLayer | Synchronizing object | ENV_bgtree_47
Fra:590 Mem:193.69M (Peak 193.69M) | Time:00:00.52 | Mem:0.00M, Peak:0.00M | Scene, ViewLayer | Synchronizing object | ENV_bgtree_48
Fra:590 Mem:194.27M (Peak 194.27M) | Time:00:00.52 | Mem:0.00M, Peak:0.00M | Scene, ViewLayer | Synchronizing object | ENV_bgtree_49
Fra:590 Mem:194.85M (Peak 194.85M) | Time:00:00.52 | Mem:0.00M, Peak:0.00M | Scene, ViewLayer | Synchronizing object | ENV_bgtree_50
Fra:590 Mem:195.43M (Peak 195.43M) | Time:00:00.52 | Mem:0.00M, Peak:0.00M | Scene, ViewLayer | Synchronizing object | ENV_bgtree_51
Fra:590 Mem:197.22M (Peak 197.22M) | Time:00:00.54 | Mem:0.00M, Peak:0.00M | Scene, ViewLayer | Synchronizing object | ENV_bgtree_52
Fra:590 Mem:197.80M (Peak 197.80M) | Time:00:00.54 | Mem:0.00M, Peak:0.00M | Scene, ViewLayer | Synchronizing object | ENV_bgtree_53
Fra:590 Mem:198.38M (Peak 198.38M) | Time:00:00.54 | Mem:0.00M, Peak:0.00M | Scene, ViewLayer | Synchronizing object | ENV_bgtree_54
Fra:590 Mem:198.96M (Peak 198.96M) | Time:00:00.54 | Mem:0.00M, Peak:0.00M | Scene, ViewLayer | Synchronizing object | ENV_bgtree_55
Fra:590 Mem:200.74M (Peak 200.74M) | Time:00:00.55 | Mem:0.00M, Peak:0.00M | Scene, ViewLayer | Synchronizing object | ENV_bgtree_56
Fra:590 Mem:201.32M (Peak 201.32M) | Time:00:00.55 | Mem:0.00M, Peak:0.00M | Scene, ViewLayer | Synchronizing object | ENV_bgtree_57
Fra:590 Mem:201.90M (Peak 201.90M) | Time:00:00.55 | Mem:0.00M, Peak:0.00M | Scene, ViewLayer | Synchronizing object | ENV_bgtree_58
Fra:590 Mem:202.48M (Peak 202.48M) | Time:00:00.56 | Mem:0.00M, Peak:0.00M | Scene, ViewLayer | Synchronizing object | ENV_bgtree_59
Fra:590 Mem:203.06M (Peak 203.06M) | Time:00:00.56 | Mem:0.00M, Peak:0.00M | Scene, ViewLayer | Synchronizing object | ENV_fern_0
Fra:590 Mem:203.46M (Peak 203.46M) | Time:00:00.56 | Mem:0.00M, Peak:0.00M | Scene, ViewLayer | Synchronizing object | ENV_fern_1
Fra:590 Mem:203.98M (Peak 203.98M) | Time:00:00.56 | Mem:0.00M, Peak:0.00M | Scene, ViewLayer | Synchronizing object | ENV_fern_2
Fra:590 Mem:204.62M (Peak 204.62M) | Time:00:00.56 | Mem:0.00M, Peak:0.00M | Scene, ViewLayer | Synchronizing object | ENV_fern_3
Fra:590 Mem:205.02M (Peak 205.02M) | Time:00:00.56 | Mem:0.00M, Peak:0.00M | Scene, ViewLayer | Synchronizing object | ENV_fern_4
Fra:590 Mem:205.54M (Peak 205.54M) | Time:00:00.56 | Mem:0.00M, Peak:0.00M | Scene, ViewLayer | Synchronizing object | ENV_fern_5
Fra:590 Mem:206.18M (Peak 206.18M) | Time:00:00.56 | Mem:0.00M, Peak:0.00M | Scene, ViewLayer | Synchronizing object | ENV_fern_6
Fra:590 Mem:206.58M (Peak 206.58M) | Time:00:00.56 | Mem:0.00M, Peak:0.00M | Scene, ViewLayer | Synchronizing object | ENV_fern_7
Fra:590 Mem:207.10M (Peak 207.10M) | Time:00:00.56 | Mem:0.00M, Peak:0.00M | Scene, ViewLayer | Synchronizing object | ENV_fern_8
Fra:590 Mem:207.75M (Peak 207.75M) | Time:00:00.56 | Mem:0.00M, Peak:0.00M | Scene, ViewLayer | Synchronizing object | ENV_fern_9
Fra:590 Mem:208.39M (Peak 208.39M) | Time:00:00.57 | Mem:0.00M, Peak:0.00M | Scene, ViewLayer | Synchronizing object | ENV_fern_10
Fra:590 Mem:208.91M (Peak 208.91M) | Time:00:00.57 | Mem:0.00M, Peak:0.00M | Scene, ViewLayer | Synchronizing object | ENV_fern_11
Fra:590 Mem:209.55M (Peak 209.55M) | Time:00:00.58 | Mem:0.00M, Peak:0.00M | Scene, ViewLayer | Synchronizing object | ENV_fern_12
Fra:590 Mem:209.95M (Peak 209.95M) | Time:00:00.58 | Mem:0.00M, Peak:0.00M | Scene, ViewLayer | Synchronizing object | ENV_fern_13
Fra:590 Mem:210.47M (Peak 210.47M) | Time:00:00.58 | Mem:0.00M, Peak:0.00M | Scene, ViewLayer | Synchronizing object | ENV_fern_14
Fra:590 Mem:211.11M (Peak 211.11M) | Time:00:00.58 | Mem:0.00M, Peak:0.00M | Scene, ViewLayer | Synchronizing object | ENV_fern_15
Fra:590 Mem:211.51M (Peak 211.51M) | Time:00:00.58 | Mem:0.00M, Peak:0.00M | Scene, ViewLayer | Synchronizing object | ENV_fern_16
Fra:590 Mem:212.03M (Peak 212.03M) | Time:00:00.58 | Mem:0.00M, Peak:0.00M | Scene, ViewLayer | Synchronizing object | ENV_fern_17
Fra:590 Mem:212.67M (Peak 212.67M) | Time:00:00.58 | Mem:0.00M, Peak:0.00M | Scene, ViewLayer | Synchronizing object | ENV_fern_18
Fra:590 Mem:212.97M (Peak 212.97M) | Time:00:00.58 | Mem:0.00M, Peak:0.00M | Scene, ViewLayer | Synchronizing object | ENV_twig_0
Fra:590 Mem:213.02M (Peak 213.02M) | Time:00:00.58 | Mem:0.00M, Peak:0.00M | Scene, ViewLayer | Synchronizing object | ENV_twig_1
Fra:590 Mem:213.06M (Peak 213.06M) | Time:00:00.58 | Mem:0.00M, Peak:0.00M | Scene, ViewLayer | Synchronizing object | ENV_twig_2
Fra:590 Mem:213.11M (Peak 213.11M) | Time:00:00.58 | Mem:0.00M, Peak:0.00M | Scene, ViewLayer | Synchronizing object | ENV_twig_3
Fra:590 Mem:213.15M (Peak 213.15M) | Time:00:00.58 | Mem:0.00M, Peak:0.00M | Scene, ViewLayer | Synchronizing object | ENV_twig_4
Fra:590 Mem:213.20M (Peak 213.20M) | Time:00:00.58 | Mem:0.00M, Peak:0.00M | Scene, ViewLayer | Synchronizing object | ENV_twig_5
Fra:590 Mem:213.25M (Peak 213.25M) | Time:00:00.58 | Mem:0.00M, Peak:0.00M | Scene, ViewLayer | Synchronizing object | ENV_twig_6
Fra:590 Mem:213.29M (Peak 213.29M) | Time:00:00.58 | Mem:0.00M, Peak:0.00M | Scene, ViewLayer | Synchronizing object | ENV_twig_7
Fra:590 Mem:213.34M (Peak 213.34M) | Time:00:00.58 | Mem:0.00M, Peak:0.00M | Scene, ViewLayer | Synchronizing object | ENV_twig_8
Fra:590 Mem:213.38M (Peak 213.38M) | Time:00:00.58 | Mem:0.00M, Peak:0.00M | Scene, ViewLayer | Synchronizing object | ENV_twig_9
Fra:590 Mem:213.43M (Peak 213.43M) | Time:00:00.58 | Mem:0.00M, Peak:0.00M | Scene, ViewLayer | Synchronizing object | ENV_twig_10
Fra:590 Mem:213.47M (Peak 213.47M) | Time:00:00.58 | Mem:0.00M, Peak:0.00M | Scene, ViewLayer | Synchronizing object | ENV_twig_11
Fra:590 Mem:213.52M (Peak 213.52M) | Time:00:00.58 | Mem:0.00M, Peak:0.00M | Scene, ViewLayer | Synchronizing object | ENV_twig_12
Fra:590 Mem:213.57M (Peak 213.57M) | Time:00:00.58 | Mem:0.00M, Peak:0.00M | Scene, ViewLayer | Synchronizing object | ENV_twig_13
Fra:590 Mem:213.61M (Peak 213.61M) | Time:00:00.58 | Mem:0.00M, Peak:0.00M | Scene, ViewLayer | Synchronizing object | ENV_twig_14
Fra:590 Mem:213.66M (Peak 213.66M) | Time:00:00.58 | Mem:0.00M, Peak:0.00M | Scene, ViewLayer | Synchronizing object | ENV_twig_15
Fra:590 Mem:213.70M (Peak 213.70M) | Time:00:00.58 | Mem:0.00M, Peak:0.00M | Scene, ViewLayer | Synchronizing object | ENV_twig_16
Fra:590 Mem:213.75M (Peak 213.75M) | Time:00:00.58 | Mem:0.00M, Peak:0.00M | Scene, ViewLayer | Synchronizing object | ENV_twig_17
Fra:590 Mem:213.79M (Peak 213.79M) | Time:00:00.58 | Mem:0.00M, Peak:0.00M | Scene, ViewLayer | Synchronizing object | ENV_twig_18
Fra:590 Mem:213.84M (Peak 213.84M) | Time:00:00.58 | Mem:0.00M, Peak:0.00M | Scene, ViewLayer | Synchronizing object | ENV_twig_19
Fra:590 Mem:213.89M (Peak 213.89M) | Time:00:00.58 | Mem:0.00M, Peak:0.00M | Scene, ViewLayer | Synchronizing object | ENV_twig_20
Fra:590 Mem:213.93M (Peak 213.93M) | Time:00:00.58 | Mem:0.00M, Peak:0.00M | Scene, ViewLayer | Synchronizing object | ENV_twig_21
Fra:590 Mem:213.98M (Peak 213.98M) | Time:00:00.58 | Mem:0.00M, Peak:0.00M | Scene, ViewLayer | Synchronizing object | ENV_twig_22
Fra:590 Mem:214.02M (Peak 214.02M) | Time:00:00.59 | Mem:0.00M, Peak:0.00M | Scene, ViewLayer | Synchronizing object | ENV_twig_23
Fra:590 Mem:214.07M (Peak 214.07M) | Time:00:00.59 | Mem:0.00M, Peak:0.00M | Scene, ViewLayer | Synchronizing object | ENV_twig_24
Fra:590 Mem:214.12M (Peak 214.12M) | Time:00:00.59 | Mem:0.00M, Peak:0.00M | Scene, ViewLayer | Synchronizing object | ENV_twig_25
Fra:590 Mem:214.17M (Peak 214.17M) | Time:00:00.59 | Mem:0.00M, Peak:0.00M | Scene, ViewLayer | Synchronizing object | PROP_twig_hero
Fra:590 Mem:214.18M (Peak 214.18M) | Time:00:00.59 | Mem:0.00M, Peak:0.00M | Scene, ViewLayer | Synchronizing object | ENV_mist
Fra:590 Mem:214.18M (Peak 214.18M) | Time:00:00.59 | Mem:0.00M, Peak:0.00M | Scene, ViewLayer | Synchronizing object | ENV_leaf_1099
Fra:590 Mem:214.18M (Peak 214.18M) | Time:00:00.59 | Mem:0.00M, Peak:0.00M | Scene, ViewLayer | Synchronizing object | ENV_leaf_1098
Fra:590 Mem:214.19M (Peak 214.19M) | Time:00:00.59 | Mem:0.00M, Peak:0.00M | Scene, ViewLayer | Synchronizing object | ENV_leaf_1097
Fra:590 Mem:214.19M (Peak 214.19M) | Time:00:00.59 | Mem:0.00M, Peak:0.00M | Scene, ViewLayer | Synchronizing object | ENV_leaf_1096
Fra:590 Mem:214.20M (Peak 214.20M) | Time:00:00.59 | Mem:0.00M, Peak:0.00M | Scene, ViewLayer | Synchronizing object | ENV_leaf_1095
Fra:590 Mem:214.20M (Peak 214.20M) | Time:00:00.59 | Mem:0.00M, Peak:0.00M | Scene, ViewLayer | Synchronizing object | ENV_leaf_1094
Fra:590 Mem:214.20M (Peak 214.20M) | Time:00:00.59 | Mem:0.00M, Peak:0.00M | Scene, ViewLayer | Synchronizing object | ENV_leaf_1093
Fra:590 Mem:214.21M (Peak 214.21M) | Time:00:00.59 | Mem:0.00M, Peak:0.00M | Scene, ViewLayer | Synchronizing object | ENV_leaf_1092
Fra:590 Mem:214.21M (Peak 214.21M) | Time:00:00.59 | Mem:0.00M, Peak:0.00M | Scene, ViewLayer | Synchronizing object | ENV_leaf_1091
Fra:590 Mem:214.22M (Peak 214.22M) | Time:00:00.59 | Mem:0.00M, Peak:0.00M | Scene, ViewLayer | Synchronizing object | ENV_leaf_1090
Fra:590 Mem:214.22M (Peak 214.22M) | Time:00:00.59 | Mem:0.00M, Peak:0.00M | Scene, ViewLayer | Synchronizing object | ENV_leaf_1089
Fra:590 Mem:214.22M (Peak 214.22M) | Time:00:00.59 | Mem:0.00M, Peak:0.00M | Scene, ViewLayer | Synchronizing object | ENV_leaf_1088
Fra:590 Mem:214.23M (Peak 214.23M) | Time:00:00.59 | Mem:0.00M, Peak:0.00M | Scene, ViewLayer | Synchronizing object | ENV_leaf_1087
Fra:590 Mem:214.23M (Peak 214.23M) | Time:00:00.59 | Mem:0.00M, Peak:0.00M | Scene, ViewLayer | Synchronizing object | ENV_leaf_1086
Fra:590 Mem:214.24M (Peak 214.24M) | Time:00:00.59 | Mem:0.00M, Peak:0.00M | Scene, ViewLayer | Synchronizing object | ENV_leaf_1085
Fra:590 Mem:214.24M (Peak 214.24M) | Time:00:00.59 | Mem:0.00M, Peak:0.00M | Scene, ViewLayer | Synchronizing object | ENV_leaf_1084
Fra:590 Mem:214.24M (Peak 214.24M) | Time:00:00.59 | Mem:0.00M, Peak:0.00M | Scene, ViewLayer | Synchronizing object | ENV_leaf_1083
Fra:590 Mem:214.25M (Peak 214.25M) | Time:00:00.59 | Mem:0.00M, Peak:0.00M | Scene, ViewLayer | Synchronizing object | ENV_leaf_1082
Fra:590 Mem:214.25M (Peak 214.25M) | Time:00:00.59 | Mem:0.00M, Peak:0.00M | Scene, ViewLayer | Synchronizing object | ENV_leaf_1081
Fra:590 Mem:214.26M (Peak 214.26M) | Time:00:00.59 | Mem:0.00M, Peak:0.00M | Scene, ViewLayer | Synchronizing object | ENV_leaf_1080
Fra:590 Mem:214.26M (Peak 214.26M) | Time:00:00.59 | Mem:0.00M, Peak:0.00M | Scene, ViewLayer | Synchronizing object | ENV_leaf_1079
Fra:590 Mem:214.26M (Peak 214.26M) | Time:00:00.59 | Mem:0.00M, Peak:0.00M | Scene, ViewLayer | Synchronizing object | ENV_leaf_1078
Fra:590 Mem:214.27M (Peak 214.27M) | Time:00:00.59 | Mem:0.00M, Peak:0.00M | Scene, ViewLayer | Synchronizing object | ENV_leaf_1077
Fra:590 Mem:214.27M (Peak 214.27M) | Time:00:00.59 | Mem:0.00M, Peak:0.00M | Scene, ViewLayer | Synchronizing object | ENV_leaf_1076
Fra:590 Mem:214.28M (Peak 214.28M) | Time:00:00.59 | Mem:0.00M, Peak:0.00M | Scene, ViewLayer | Synchronizing object | ENV_leaf_1075
Fra:590 Mem:214.28M (Peak 214.28M) | Time:00:00.59 | Mem:0.00M, Peak:0.00M | Scene, ViewLayer | Synchronizing object | ENV_leaf_1074
Fra:590 Mem:214.28M (Peak 214.28M) | Time:00:00.59 | Mem:0.00M, Peak:0.00M | Scene, ViewLayer | Synchronizing object | ENV_leaf_1073
Fra:590 Mem:214.29M (Peak 214.29M) | Time:00:00.59 | Mem:0.00M, Peak:0.00M | Scene, ViewLayer | Synchronizing object | ENV_leaf_1072
Fra:590 Mem:214.29M (Peak 214.29M) | Time:00:00.59 | Mem:0.00M, Peak:0.00M | Scene, ViewLayer | Synchronizing object | ENV_leaf_1071
Fra:590 Mem:214.30M (Peak 214.30M) | Time:00:00.59 | Mem:0.00M, Peak:0.00M | Scene, ViewLayer | Synchronizing object | ENV_leaf_1070
Fra:590 Mem:214.30M (Peak 214.30M) | Time:00:00.59 | Mem:0.00M, Peak:0.00M | Scene, ViewLayer | Synchronizing object | ENV_leaf_1069
Fra:590 Mem:214.30M (Peak 214.30M) | Time:00:00.59 | Mem:0.00M, Peak:0.00M | Scene, ViewLayer | Synchronizing object | ENV_leaf_1068
Fra:590 Mem:214.31M (Peak 214.31M) | Time:00:00.59 | Mem:0.00M, Peak:0.00M | Scene, ViewLayer | Synchronizing object | ENV_leaf_1067
Fra:590 Mem:214.31M (Peak 214.31M) | Time:00:00.59 | Mem:0.00M, Peak:0.00M | Scene, ViewLayer | Synchronizing object | ENV_leaf_1066
Fra:590 Mem:214.32M (Peak 214.32M) | Time:00:00.59 | Mem:0.00M, Peak:0.00M | Scene, ViewLayer | Synchronizing object | ENV_leaf_1065
Fra:590 Mem:214.32M (Peak 214.32M) | Time:00:00.59 | Mem:0.00M, Peak:0.00M | Scene, ViewLayer | Synchronizing object | ENV_leaf_1064
Fra:590 Mem:214.32M (Peak 214.32M) | Time:00:00.59 | Mem:0.00M, Peak:0.00M | Scene, ViewLayer | Synchronizing object | ENV_leaf_1063
Fra:590 Mem:214.33M (Peak 214.33M) | Time:00:00.59 | Mem:0.00M, Peak:0.00M | Scene, ViewLayer | Synchronizing object | ENV_leaf_1062
Fra:590 Mem:214.33M (Peak 214.33M) | Time:00:00.59 | Mem:0.00M, Peak:0.00M | Scene, ViewLayer | Synchronizing object | ENV_leaf_1061
Fra:590 Mem:214.34M (Peak 214.34M) | Time:00:00.59 | Mem:0.00M, Peak:0.00M | Scene, ViewLayer | Synchronizing object | ENV_leaf_1060
Fra:590 Mem:214.34M (Peak 214.34M) | Time:00:00.59 | Mem:0.00M, Peak:0.00M | Scene, ViewLayer | Synchronizing object | ENV_leaf_1059
Fra:590 Mem:214.34M (Peak 214.34M) | Time:00:00.59 | Mem:0.00M, Peak:0.00M | Scene, ViewLayer | Synchronizing object | ENV_leaf_1058
Fra:590 Mem:214.35M (Peak 214.35M) | Time:00:00.59 | Mem:0.00M, Peak:0.00M | Scene, ViewLayer | Synchronizing object | ENV_leaf_1057
Fra:590 Mem:214.35M (Peak 214.35M) | Time:00:00.59 | Mem:0.00M, Peak:0.00M | Scene, ViewLayer | Synchronizing object | ENV_leaf_1056
Fra:590 Mem:214.36M (Peak 214.36M) | Time:00:00.59 | Mem:0.00M, Peak:0.00M | Scene, ViewLayer | Synchronizing object | ENV_leaf_1055
Fra:590 Mem:214.36M (Peak 214.36M) | Time:00:00.59 | Mem:0.00M, Peak:0.00M | Scene, ViewLayer | Synchronizing object | ENV_leaf_1054
Fra:590 Mem:214.37M (Peak 214.37M) | Time:00:00.59 | Mem:0.00M, Peak:0.00M | Scene, ViewLayer | Synchronizing object | ENV_leaf_1053
Fra:590 Mem:214.37M (Peak 214.37M) | Time:00:00.59 | Mem:0.00M, Peak:0.00M | Scene, ViewLayer | Synchronizing object | ENV_leaf_1052
Fra:590 Mem:214.37M (Peak 214.37M) | Time:00:00.59 | Mem:0.00M, Peak:0.00M | Scene, ViewLayer | Synchronizing object | ENV_leaf_1051
Fra:590 Mem:214.38M (Peak 214.38M) | Time:00:00.59 | Mem:0.00M, Peak:0.00M | Scene, ViewLayer | Synchronizing object | ENV_leaf_1050
Fra:590 Mem:214.38M (Peak 214.38M) | Time:00:00.59 | Mem:0.00M, Peak:0.00M | Scene, ViewLayer | Synchronizing object | ENV_leaf_1049
Fra:590 Mem:214.39M (Peak 214.39M) | Time:00:00.59 | Mem:0.00M, Peak:0.00M | Scene, ViewLayer | Synchronizing object | ENV_leaf_1048
Fra:590 Mem:214.39M (Peak 214.39M) | Time:00:00.59 | Mem:0.00M, Peak:0.00M | Scene, ViewLayer | Synchronizing object | ENV_leaf_1047
Fra:590 Mem:214.39M (Peak 214.39M) | Time:00:00.59 | Mem:0.00M, Peak:0.00M | Scene, ViewLayer | Synchronizing object | ENV_leaf_1046
Fra:590 Mem:214.40M (Peak 214.40M) | Time:00:00.59 | Mem:0.00M, Peak:0.00M | Scene, ViewLayer | Synchronizing object | ENV_leaf_1045
Fra:590 Mem:214.40M (Peak 214.40M) | Time:00:00.59 | Mem:0.00M, Peak:0.00M | Scene, ViewLayer | Synchronizing object | ENV_leaf_1044
Fra:590 Mem:214.41M (Peak 214.41M) | Time:00:00.59 | Mem:0.00M, Peak:0.00M | Scene, ViewLayer | Synchronizing object | ENV_leaf_1043
Fra:590 Mem:214.41M (Peak 214.41M) | Time:00:00.59 | Mem:0.00M, Peak:0.00M | Scene, ViewLayer | Synchronizing object | ENV_leaf_1042
Fra:590 Mem:214.41M (Peak 214.41M) | Time:00:00.59 | Mem:0.00M, Peak:0.00M | Scene, ViewLayer | Synchronizing object | ENV_leaf_1041
Fra:590 Mem:214.42M (Peak 214.42M) | Time:00:00.59 | Mem:0.00M, Peak:0.00M | Scene, ViewLayer | Synchronizing object | ENV_leaf_1039
Fra:590 Mem:214.42M (Peak 214.42M) | Time:00:00.59 | Mem:0.00M, Peak:0.00M | Scene, ViewLayer | Synchronizing object | ENV_leaf_1038
Fra:590 Mem:214.43M (Peak 214.43M) | Time:00:00.59 | Mem:0.00M, Peak:0.00M | Scene, ViewLayer | Synchronizing object | ENV_leaf_1037
Fra:590 Mem:214.43M (Peak 214.43M) | Time:00:00.59 | Mem:0.00M, Peak:0.00M | Scene, ViewLayer | Synchronizing object | ENV_leaf_1036
Fra:590 Mem:214.43M (Peak 214.43M) | Time:00:00.59 | Mem:0.00M, Peak:0.00M | Scene, ViewLayer | Synchronizing object | ENV_leaf_1035
Fra:590 Mem:214.44M (Peak 214.44M) | Time:00:00.59 | Mem:0.00M, Peak:0.00M | Scene, ViewLayer | Synchronizing object | ENV_leaf_1034
Fra:590 Mem:214.44M (Peak 214.44M) | Time:00:00.59 | Mem:0.00M, Peak:0.00M | Scene, ViewLayer | Synchronizing object | ENV_leaf_1033
Fra:590 Mem:214.45M (Peak 214.45M) | Time:00:00.59 | Mem:0.00M, Peak:0.00M | Scene, ViewLayer | Synchronizing object | ENV_leaf_1032
Fra:590 Mem:214.45M (Peak 214.45M) | Time:00:00.59 | Mem:0.00M, Peak:0.00M | Scene, ViewLayer | Synchronizing object | ENV_leaf_1031
Fra:590 Mem:214.45M (Peak 214.45M) | Time:00:00.59 | Mem:0.00M, Peak:0.00M | Scene, ViewLayer | Synchronizing object | ENV_leaf_1030
Fra:590 Mem:214.46M (Peak 214.46M) | Time:00:00.59 | Mem:0.00M, Peak:0.00M | Scene, ViewLayer | Synchronizing object | ENV_leaf_1029
Fra:590 Mem:214.46M (Peak 214.46M) | Time:00:00.59 | Mem:0.00M, Peak:0.00M | Scene, ViewLayer | Synchronizing object | ENV_leaf_1028
Fra:590 Mem:214.47M (Peak 214.47M) | Time:00:00.59 | Mem:0.00M, Peak:0.00M | Scene, ViewLayer | Synchronizing object | ENV_leaf_1027
Fra:590 Mem:214.47M (Peak 214.47M) | Time:00:00.59 | Mem:0.00M, Peak:0.00M | Scene, ViewLayer | Synchronizing object | ENV_leaf_1026
Fra:590 Mem:214.47M (Peak 214.47M) | Time:00:00.59 | Mem:0.00M, Peak:0.00M | Scene, ViewLayer | Synchronizing object | ENV_leaf_1025
Fra:590 Mem:214.48M (Peak 214.48M) | Time:00:00.59 | Mem:0.00M, Peak:0.00M | Scene, ViewLayer | Synchronizing object | ENV_leaf_1024
Fra:590 Mem:214.48M (Peak 214.48M) | Time:00:00.59 | Mem:0.00M, Peak:0.00M | Scene, ViewLayer | Synchronizing object | ENV_leaf_1023
Fra:590 Mem:214.49M (Peak 214.49M) | Time:00:00.59 | Mem:0.00M, Peak:0.00M | Scene, ViewLayer | Synchronizing object | ENV_leaf_1022
Fra:590 Mem:214.49M (Peak 214.49M) | Time:00:00.59 | Mem:0.00M, Peak:0.00M | Scene, ViewLayer | Synchronizing object | ENV_leaf_1021
Fra:590 Mem:214.49M (Peak 214.49M) | Time:00:00.59 | Mem:0.00M, Peak:0.00M | Scene, ViewLayer | Synchronizing object | ENV_leaf_1020
Fra:590 Mem:214.50M (Peak 214.50M) | Time:00:00.59 | Mem:0.00M, Peak:0.00M | Scene, ViewLayer | Synchronizing object | ENV_leaf_1019
Fra:590 Mem:214.50M (Peak 214.50M) | Time:00:00.59 | Mem:0.00M, Peak:0.00M | Scene, ViewLayer | Synchronizing object | ENV_leaf_1018
Fra:590 Mem:214.51M (Peak 214.51M) | Time:00:00.59 | Mem:0.00M, Peak:0.00M | Scene, ViewLayer | Synchronizing object | ENV_leaf_1017
Fra:590 Mem:214.51M (Peak 214.51M) | Time:00:00.59 | Mem:0.00M, Peak:0.00M | Scene, ViewLayer | Synchronizing object | ENV_leaf_1016
Fra:590 Mem:214.51M (Peak 214.51M) | Time:00:00.59 | Mem:0.00M, Peak:0.00M | Scene, ViewLayer | Synchronizing object | ENV_leaf_1015
Fra:590 Mem:214.52M (Peak 214.52M) | Time:00:00.59 | Mem:0.00M, Peak:0.00M | Scene, ViewLayer | Synchronizing object | ENV_leaf_1014
Fra:590 Mem:214.52M (Peak 214.52M) | Time:00:00.59 | Mem:0.00M, Peak:0.00M | Scene, ViewLayer | Synchronizing object | ENV_leaf_1013
Fra:590 Mem:214.53M (Peak 214.53M) | Time:00:00.59 | Mem:0.00M, Peak:0.00M | Scene, ViewLayer | Synchronizing object | ENV_leaf_1012
Fra:590 Mem:214.53M (Peak 214.53M) | Time:00:00.59 | Mem:0.00M, Peak:0.00M | Scene, ViewLayer | Synchronizing object | ENV_leaf_1011
Fra:590 Mem:214.53M (Peak 214.53M) | Time:00:00.59 | Mem:0.00M, Peak:0.00M | Scene, ViewLayer | Synchronizing object | ENV_leaf_1009
Fra:590 Mem:214.54M (Peak 214.54M) | Time:00:00.59 | Mem:0.00M, Peak:0.00M | Scene, ViewLayer | Synchronizing object | ENV_leaf_1008
Fra:590 Mem:214.54M (Peak 214.54M) | Time:00:00.59 | Mem:0.00M, Peak:0.00M | Scene, ViewLayer | Synchronizing object | ENV_leaf_1007
Fra:590 Mem:214.55M (Peak 214.55M) | Time:00:00.59 | Mem:0.00M, Peak:0.00M | Scene, ViewLayer | Synchronizing object | ENV_leaf_1006
Fra:590 Mem:214.55M (Peak 214.55M) | Time:00:00.59 | Mem:0.00M, Peak:0.00M | Scene, ViewLayer | Synchronizing object | ENV_leaf_1005
Fra:590 Mem:214.56M (Peak 214.56M) | Time:00:00.59 | Mem:0.00M, Peak:0.00M | Scene, ViewLayer | Synchronizing object | ENV_leaf_1004
Fra:590 Mem:214.56M (Peak 214.56M) | Time:00:00.59 | Mem:0.00M, Peak:0.00M | Scene, ViewLayer | Synchronizing object | ENV_leaf_1003
Fra:590 Mem:214.56M (Peak 214.56M) | Time:00:00.59 | Mem:0.00M, Peak:0.00M | Scene, ViewLayer | Synchronizing object | ENV_leaf_1002
Fra:590 Mem:214.57M (Peak 214.57M) | Time:00:00.59 | Mem:0.00M, Peak:0.00M | Scene, ViewLayer | Synchronizing object | ENV_leaf_1001
Fra:590 Mem:214.57M (Peak 214.57M) | Time:00:00.59 | Mem:0.00M, Peak:0.00M | Scene, ViewLayer | Synchronizing object | ENV_leaf_1000
Fra:590 Mem:214.58M (Peak 214.58M) | Time:00:00.59 | Mem:0.00M, Peak:0.00M | Scene, ViewLayer | Synchronizing object | ENV_leaf_998
Fra:590 Mem:214.58M (Peak 214.58M) | Time:00:00.59 | Mem:0.00M, Peak:0.00M | Scene, ViewLayer | Synchronizing object | ENV_leaf_997
Fra:590 Mem:214.58M (Peak 214.58M) | Time:00:00.59 | Mem:0.00M, Peak:0.00M | Scene, ViewLayer | Synchronizing object | ENV_leaf_996
Fra:590 Mem:214.59M (Peak 214.59M) | Time:00:00.59 | Mem:0.00M, Peak:0.00M | Scene, ViewLayer | Synchronizing object | ENV_leaf_995
Fra:590 Mem:214.59M (Peak 214.59M) | Time:00:00.59 | Mem:0.00M, Peak:0.00M | Scene, ViewLayer | Synchronizing object | ENV_leaf_994
Fra:590 Mem:214.60M (Peak 214.60M) | Time:00:00.59 | Mem:0.00M, Peak:0.00M | Scene, ViewLayer | Synchronizing object | ENV_leaf_993
Fra:590 Mem:214.60M (Peak 214.60M) | Time:00:00.59 | Mem:0.00M, Peak:0.00M | Scene, ViewLayer | Synchronizing object | ENV_leaf_992
Fra:590 Mem:214.60M (Peak 214.60M) | Time:00:00.59 | Mem:0.00M, Peak:0.00M | Scene, ViewLayer | Synchronizing object | ENV_leaf_991
Fra:590 Mem:214.61M (Peak 214.61M) | Time:00:00.59 | Mem:0.00M, Peak:0.00M | Scene, ViewLayer | Synchronizing object | ENV_leaf_990
Fra:590 Mem:214.61M (Peak 214.61M) | Time:00:00.59 | Mem:0.00M, Peak:0.00M | Scene, ViewLayer | Synchronizing object | ENV_leaf_989
Fra:590 Mem:214.62M (Peak 214.62M) | Time:00:00.59 | Mem:0.00M, Peak:0.00M | Scene, ViewLayer | Synchronizing object | ENV_leaf_988
Fra:590 Mem:214.62M (Peak 214.62M) | Time:00:00.59 | Mem:0.00M, Peak:0.00M | Scene, ViewLayer | Synchronizing object | ENV_leaf_987
Fra:590 Mem:214.62M (Peak 214.62M) | Time:00:00.59 | Mem:0.00M, Peak:0.00M | Scene, ViewLayer | Synchronizing object | ENV_leaf_986
Fra:590 Mem:214.63M (Peak 214.63M) | Time:00:00.59 | Mem:0.00M, Peak:0.00M | Scene, ViewLayer | Synchronizing object | ENV_leaf_985
Fra:590 Mem:214.63M (Peak 214.63M) | Time:00:00.59 | Mem:0.00M, Peak:0.00M | Scene, ViewLayer | Synchronizing object | ENV_leaf_984
Fra:590 Mem:214.64M (Peak 214.64M) | Time:00:00.59 | Mem:0.00M, Peak:0.00M | Scene, ViewLayer | Synchronizing object | ENV_leaf_983
Fra:590 Mem:214.64M (Peak 214.64M) | Time:00:00.59 | Mem:0.00M, Peak:0.00M | Scene, ViewLayer | Synchronizing object | ENV_leaf_982
Fra:590 Mem:214.64M (Peak 214.64M) | Time:00:00.59 | Mem:0.00M, Peak:0.00M | Scene, ViewLayer | Synchronizing object | ENV_leaf_981
Fra:590 Mem:214.65M (Peak 214.65M) | Time:00:00.59 | Mem:0.00M, Peak:0.00M | Scene, ViewLayer | Synchronizing object | ENV_leaf_980
Fra:590 Mem:214.65M (Peak 214.65M) | Time:00:00.59 | Mem:0.00M, Peak:0.00M | Scene, ViewLayer | Synchronizing object | ENV_leaf_979
Fra:590 Mem:214.66M (Peak 214.66M) | Time:00:00.59 | Mem:0.00M, Peak:0.00M | Scene, ViewLayer | Synchronizing object | ENV_leaf_978
Fra:590 Mem:214.66M (Peak 214.66M) | Time:00:00.59 | Mem:0.00M, Peak:0.00M | Scene, ViewLayer | Synchronizing object | ENV_leaf_977
Fra:590 Mem:214.66M (Peak 214.66M) | Time:00:00.59 | Mem:0.00M, Peak:0.00M | Scene, ViewLayer | Synchronizing object | ENV_leaf_976
Fra:590 Mem:214.67M (Peak 214.67M) | Time:00:00.59 | Mem:0.00M, Peak:0.00M | Scene, ViewLayer | Synchronizing object | ENV_leaf_975
Fra:590 Mem:214.67M (Peak 214.67M) | Time:00:00.59 | Mem:0.00M, Peak:0.00M | Scene, ViewLayer | Synchronizing object | ENV_leaf_974
Fra:590 Mem:214.68M (Peak 214.68M) | Time:00:00.59 | Mem:0.00M, Peak:0.00M | Scene, ViewLayer | Synchronizing object | ENV_leaf_973
Fra:590 Mem:214.68M (Peak 214.68M) | Time:00:00.59 | Mem:0.00M, Peak:0.00M | Scene, ViewLayer | Synchronizing object | ENV_leaf_972
Fra:590 Mem:214.68M (Peak 214.68M) | Time:00:00.59 | Mem:0.00M, Peak:0.00M | Scene, ViewLayer | Synchronizing object | ENV_leaf_971
Fra:590 Mem:214.69M (Peak 214.69M) | Time:00:00.59 | Mem:0.00M, Peak:0.00M | Scene, ViewLayer | Synchronizing object | ENV_leaf_970
Fra:590 Mem:214.69M (Peak 214.69M) | Time:00:00.59 | Mem:0.00M, Peak:0.00M | Scene, ViewLayer | Synchronizing object | ENV_leaf_969
Fra:590 Mem:214.70M (Peak 214.70M) | Time:00:00.59 | Mem:0.00M, Peak:0.00M | Scene, ViewLayer | Synchronizing object | ENV_leaf_968
Fra:590 Mem:214.70M (Peak 214.70M) | Time:00:00.59 | Mem:0.00M, Peak:0.00M | Scene, ViewLayer | Synchronizing object | ENV_leaf_967
Fra:590 Mem:214.70M (Peak 214.70M) | Time:00:00.59 | Mem:0.00M, Peak:0.00M | Scene, ViewLayer | Synchronizing object | ENV_leaf_966
Fra:590 Mem:214.71M (Peak 214.71M) | Time:00:00.59 | Mem:0.00M, Peak:0.00M | Scene, ViewLayer | Synchronizing object | ENV_leaf_965
Fra:590 Mem:214.71M (Peak 214.71M) | Time:00:00.59 | Mem:0.00M, Peak:0.00M | Scene, ViewLayer | Synchronizing object | ENV_leaf_964
Fra:590 Mem:214.72M (Peak 214.72M) | Time:00:00.59 | Mem:0.00M, Peak:0.00M | Scene, ViewLayer | Synchronizing object | ENV_leaf_963
Fra:590 Mem:214.72M (Peak 214.72M) | Time:00:00.59 | Mem:0.00M, Peak:0.00M | Scene, ViewLayer | Synchronizing object | ENV_leaf_962
Fra:590 Mem:214.90M (Peak 214.90M) | Time:00:00.59 | Mem:0.00M, Peak:0.00M | Scene, ViewLayer | Synchronizing object | ENV_fern_19
Fra:590 Mem:215.42M (Peak 215.42M) | Time:00:00.59 | Mem:0.00M, Peak:0.00M | Scene, ViewLayer | Synchronizing object | ENV_fern_20
Fra:590 Mem:216.06M (Peak 216.06M) | Time:00:00.59 | Mem:0.00M, Peak:0.00M | Scene, ViewLayer | Synchronizing object | ENV_fern_21
Fra:590 Mem:216.46M (Peak 216.46M) | Time:00:00.59 | Mem:0.00M, Peak:0.00M | Scene, ViewLayer | Synchronizing object | ENV_fern_22
Fra:590 Mem:216.98M (Peak 216.98M) | Time:00:00.59 | Mem:0.00M, Peak:0.00M | Scene, ViewLayer | Synchronizing object | ENV_fern_23
Fra:590 Mem:217.62M (Peak 217.62M) | Time:00:00.59 | Mem:0.00M, Peak:0.00M | Scene, ViewLayer | Synchronizing object | ENV_fern_24
Fra:590 Mem:218.02M (Peak 218.02M) | Time:00:00.59 | Mem:0.00M, Peak:0.00M | Scene, ViewLayer | Synchronizing object | ENV_fern_25
Fra:590 Mem:218.54M (Peak 218.54M) | Time:00:00.60 | Mem:0.00M, Peak:0.00M | Scene, ViewLayer | Synchronizing object | ENV_fern_26
Fra:590 Mem:219.18M (Peak 219.18M) | Time:00:00.60 | Mem:0.00M, Peak:0.00M | Scene, ViewLayer | Synchronizing object | ENV_fern_27
Fra:590 Mem:219.52M (Peak 219.52M) | Time:00:00.60 | Mem:0.00M, Peak:0.00M | Scene, ViewLayer | Synchronizing object | ENV_leaf_961
Fra:590 Mem:219.52M (Peak 219.52M) | Time:00:00.60 | Mem:0.00M, Peak:0.00M | Scene, ViewLayer | Synchronizing object | ENV_leaf_960
Fra:590 Mem:219.53M (Peak 219.53M) | Time:00:00.60 | Mem:0.00M, Peak:0.00M | Scene, ViewLayer | Synchronizing object | ENV_leaf_959
Fra:590 Mem:219.53M (Peak 219.53M) | Time:00:00.60 | Mem:0.00M, Peak:0.00M | Scene, ViewLayer | Synchronizing object | ENV_leaf_958
Fra:590 Mem:219.53M (Peak 219.53M) | Time:00:00.60 | Mem:0.00M, Peak:0.00M | Scene, ViewLayer | Synchronizing object | ENV_leaf_957
Fra:590 Mem:219.54M (Peak 219.54M) | Time:00:00.60 | Mem:0.00M, Peak:0.00M | Scene, ViewLayer | Synchronizing object | ENV_leaf_956
Fra:590 Mem:219.54M (Peak 219.54M) | Time:00:00.60 | Mem:0.00M, Peak:0.00M | Scene, ViewLayer | Synchronizing object | ENV_leaf_955
Fra:590 Mem:219.55M (Peak 219.55M) | Time:00:00.60 | Mem:0.00M, Peak:0.00M | Scene, ViewLayer | Synchronizing object | ENV_leaf_954
Fra:590 Mem:219.55M (Peak 219.55M) | Time:00:00.60 | Mem:0.00M, Peak:0.00M | Scene, ViewLayer | Synchronizing object | ENV_leaf_953
Fra:590 Mem:219.55M (Peak 219.55M) | Time:00:00.60 | Mem:0.00M, Peak:0.00M | Scene, ViewLayer | Synchronizing object | ENV_leaf_952
Fra:590 Mem:219.56M (Peak 219.56M) | Time:00:00.60 | Mem:0.00M, Peak:0.00M | Scene, ViewLayer | Synchronizing object | ENV_leaf_951
Fra:590 Mem:219.56M (Peak 219.56M) | Time:00:00.60 | Mem:0.00M, Peak:0.00M | Scene, ViewLayer | Synchronizing object | ENV_leaf_950
Fra:590 Mem:219.57M (Peak 219.57M) | Time:00:00.60 | Mem:0.00M, Peak:0.00M | Scene, ViewLayer | Synchronizing object | ENV_leaf_949
Fra:590 Mem:219.57M (Peak 219.57M) | Time:00:00.60 | Mem:0.00M, Peak:0.00M | Scene, ViewLayer | Synchronizing object | ENV_leaf_948
Fra:590 Mem:219.57M (Peak 219.57M) | Time:00:00.60 | Mem:0.00M, Peak:0.00M | Scene, ViewLayer | Synchronizing object | ENV_leaf_947
Fra:590 Mem:219.58M (Peak 219.58M) | Time:00:00.60 | Mem:0.00M, Peak:0.00M | Scene, ViewLayer | Synchronizing object | ENV_leaf_946
Fra:590 Mem:219.58M (Peak 219.58M) | Time:00:00.60 | Mem:0.00M, Peak:0.00M | Scene, ViewLayer | Synchronizing object | ENV_leaf_945
Fra:590 Mem:219.59M (Peak 219.59M) | Time:00:00.60 | Mem:0.00M, Peak:0.00M | Scene, ViewLayer | Synchronizing object | ENV_leaf_944
Fra:590 Mem:219.59M (Peak 219.59M) | Time:00:00.60 | Mem:0.00M, Peak:0.00M | Scene, ViewLayer | Synchronizing object | ENV_leaf_943
Fra:590 Mem:219.59M (Peak 219.59M) | Time:00:00.60 | Mem:0.00M, Peak:0.00M | Scene, ViewLayer | Synchronizing object | ENV_leaf_942
Fra:590 Mem:219.60M (Peak 219.60M) | Time:00:00.60 | Mem:0.00M, Peak:0.00M | Scene, ViewLayer | Synchronizing object | ENV_leaf_941
Fra:590 Mem:219.60M (Peak 219.60M) | Time:00:00.60 | Mem:0.00M, Peak:0.00M | Scene, ViewLayer | Synchronizing object | ENV_leaf_940
Fra:590 Mem:219.61M (Peak 219.61M) | Time:00:00.60 | Mem:0.00M, Peak:0.00M | Scene, ViewLayer | Synchronizing object | ENV_leaf_939
Fra:590 Mem:219.61M (Peak 219.61M) | Time:00:00.60 | Mem:0.00M, Peak:0.00M | Scene, ViewLayer | Synchronizing object | ENV_leaf_938
Fra:590 Mem:219.61M (Peak 219.61M) | Time:00:00.60 | Mem:0.00M, Peak:0.00M | Scene, ViewLayer | Synchronizing object | ENV_leaf_937
Fra:590 Mem:219.62M (Peak 219.62M) | Time:00:00.60 | Mem:0.00M, Peak:0.00M | Scene, ViewLayer | Synchronizing object | ENV_leaf_936
Fra:590 Mem:219.62M (Peak 219.62M) | Time:00:00.60 | Mem:0.00M, Peak:0.00M | Scene, ViewLayer | Synchronizing object | ENV_leaf_935
Fra:590 Mem:219.63M (Peak 219.63M) | Time:00:00.60 | Mem:0.00M, Peak:0.00M | Scene, ViewLayer | Synchronizing object | ENV_leaf_934
Fra:590 Mem:219.63M (Peak 219.63M) | Time:00:00.60 | Mem:0.00M, Peak:0.00M | Scene, ViewLayer | Synchronizing object | ENV_leaf_933
Fra:590 Mem:219.63M (Peak 219.63M) | Time:00:00.60 | Mem:0.00M, Peak:0.00M | Scene, ViewLayer | Synchronizing object | ENV_leaf_932
Fra:590 Mem:219.64M (Peak 219.64M) | Time:00:00.60 | Mem:0.00M, Peak:0.00M | Scene, ViewLayer | Synchronizing object | ENV_leaf_931
Fra:590 Mem:219.64M (Peak 219.64M) | Time:00:00.60 | Mem:0.00M, Peak:0.00M | Scene, ViewLayer | Synchronizing object | ENV_leaf_930
Fra:590 Mem:219.65M (Peak 219.65M) | Time:00:00.60 | Mem:0.00M, Peak:0.00M | Scene, ViewLayer | Synchronizing object | ENV_leaf_929
Fra:590 Mem:219.65M (Peak 219.65M) | Time:00:00.60 | Mem:0.00M, Peak:0.00M | Scene, ViewLayer | Synchronizing object | ENV_leaf_928
Fra:590 Mem:219.65M (Peak 219.65M) | Time:00:00.60 | Mem:0.00M, Peak:0.00M | Scene, ViewLayer | Synchronizing object | ENV_leaf_927
Fra:590 Mem:219.66M (Peak 219.66M) | Time:00:00.60 | Mem:0.00M, Peak:0.00M | Scene, ViewLayer | Synchronizing object | ENV_leaf_926
Fra:590 Mem:219.66M (Peak 219.66M) | Time:00:00.60 | Mem:0.00M, Peak:0.00M | Scene, ViewLayer | Synchronizing object | ENV_leaf_925
Fra:590 Mem:219.67M (Peak 219.67M) | Time:00:00.60 | Mem:0.00M, Peak:0.00M | Scene, ViewLayer | Synchronizing object | ENV_leaf_924
Fra:590 Mem:219.67M (Peak 219.67M) | Time:00:00.60 | Mem:0.00M, Peak:0.00M | Scene, ViewLayer | Synchronizing object | ENV_leaf_923
Fra:590 Mem:219.68M (Peak 219.68M) | Time:00:00.60 | Mem:0.00M, Peak:0.00M | Scene, ViewLayer | Synchronizing object | ENV_leaf_922
Fra:590 Mem:219.68M (Peak 219.68M) | Time:00:00.60 | Mem:0.00M, Peak:0.00M | Scene, ViewLayer | Synchronizing object | ENV_leaf_921
Fra:590 Mem:219.68M (Peak 219.68M) | Time:00:00.60 | Mem:0.00M, Peak:0.00M | Scene, ViewLayer | Synchronizing object | ENV_leaf_920
Fra:590 Mem:219.69M (Peak 219.69M) | Time:00:00.60 | Mem:0.00M, Peak:0.00M | Scene, ViewLayer | Synchronizing object | ENV_leaf_919
Fra:590 Mem:219.69M (Peak 219.69M) | Time:00:00.60 | Mem:0.00M, Peak:0.00M | Scene, ViewLayer | Synchronizing object | ENV_leaf_918
Fra:590 Mem:219.70M (Peak 219.70M) | Time:00:00.60 | Mem:0.00M, Peak:0.00M | Scene, ViewLayer | Synchronizing object | ENV_leaf_917
Fra:590 Mem:219.70M (Peak 219.70M) | Time:00:00.60 | Mem:0.00M, Peak:0.00M | Scene, ViewLayer | Synchronizing object | ENV_leaf_916
Fra:590 Mem:219.70M (Peak 219.70M) | Time:00:00.60 | Mem:0.00M, Peak:0.00M | Scene, ViewLayer | Synchronizing object | ENV_leaf_915
Fra:590 Mem:219.71M (Peak 219.71M) | Time:00:00.60 | Mem:0.00M, Peak:0.00M | Scene, ViewLayer | Synchronizing object | ENV_leaf_914
Fra:590 Mem:219.71M (Peak 219.71M) | Time:00:00.60 | Mem:0.00M, Peak:0.00M | Scene, ViewLayer | Synchronizing object | ENV_leaf_913
Fra:590 Mem:219.72M (Peak 219.72M) | Time:00:00.60 | Mem:0.00M, Peak:0.00M | Scene, ViewLayer | Synchronizing object | ENV_leaf_912
Fra:590 Mem:219.72M (Peak 219.72M) | Time:00:00.60 | Mem:0.00M, Peak:0.00M | Scene, ViewLayer | Synchronizing object | ENV_leaf_911
Fra:590 Mem:219.72M (Peak 219.72M) | Time:00:00.60 | Mem:0.00M, Peak:0.00M | Scene, ViewLayer | Synchronizing object | ENV_leaf_910
Fra:590 Mem:219.73M (Peak 219.73M) | Time:00:00.60 | Mem:0.00M, Peak:0.00M | Scene, ViewLayer | Synchronizing object | ENV_leaf_909
Fra:590 Mem:219.73M (Peak 219.73M) | Time:00:00.60 | Mem:0.00M, Peak:0.00M | Scene, ViewLayer | Synchronizing object | ENV_leaf_908
Fra:590 Mem:219.74M (Peak 219.74M) | Time:00:00.60 | Mem:0.00M, Peak:0.00M | Scene, ViewLayer | Synchronizing object | ENV_leaf_907
Fra:590 Mem:219.74M (Peak 219.74M) | Time:00:00.60 | Mem:0.00M, Peak:0.00M | Scene, ViewLayer | Synchronizing object | ENV_leaf_906
Fra:590 Mem:219.74M (Peak 219.74M) | Time:00:00.60 | Mem:0.00M, Peak:0.00M | Scene, ViewLayer | Synchronizing object | ENV_leaf_905
Fra:590 Mem:219.75M (Peak 219.75M) | Time:00:00.60 | Mem:0.00M, Peak:0.00M | Scene, ViewLayer | Synchronizing object | ENV_leaf_904
Fra:590 Mem:219.75M (Peak 219.75M) | Time:00:00.60 | Mem:0.00M, Peak:0.00M | Scene, ViewLayer | Synchronizing object | ENV_leaf_903
Fra:590 Mem:219.76M (Peak 219.76M) | Time:00:00.60 | Mem:0.00M, Peak:0.00M | Scene, ViewLayer | Synchronizing object | ENV_leaf_902
Fra:590 Mem:219.76M (Peak 219.76M) | Time:00:00.60 | Mem:0.00M, Peak:0.00M | Scene, ViewLayer | Synchronizing object | ENV_leaf_901
Fra:590 Mem:219.76M (Peak 219.76M) | Time:00:00.60 | Mem:0.00M, Peak:0.00M | Scene, ViewLayer | Synchronizing object | ENV_leaf_900
Fra:590 Mem:219.77M (Peak 219.77M) | Time:00:00.60 | Mem:0.00M, Peak:0.00M | Scene, ViewLayer | Synchronizing object | ENV_leaf_899
Fra:590 Mem:219.77M (Peak 219.77M) | Time:00:00.60 | Mem:0.00M, Peak:0.00M | Scene, ViewLayer | Synchronizing object | ENV_leaf_898
Fra:590 Mem:219.78M (Peak 219.78M) | Time:00:00.60 | Mem:0.00M, Peak:0.00M | Scene, ViewLayer | Synchronizing object | ENV_leaf_897
Fra:590 Mem:219.78M (Peak 219.78M) | Time:00:00.60 | Mem:0.00M, Peak:0.00M | Scene, ViewLayer | Synchronizing object | ENV_leaf_896
Fra:590 Mem:219.78M (Peak 219.78M) | Time:00:00.60 | Mem:0.00M, Peak:0.00M | Scene, ViewLayer | Synchronizing object | ENV_leaf_895
Fra:590 Mem:219.79M (Peak 219.79M) | Time:00:00.60 | Mem:0.00M, Peak:0.00M | Scene, ViewLayer | Synchronizing object | ENV_leaf_894
Fra:590 Mem:219.79M (Peak 219.79M) | Time:00:00.60 | Mem:0.00M, Peak:0.00M | Scene, ViewLayer | Synchronizing object | ENV_leaf_893
Fra:590 Mem:219.80M (Peak 219.80M) | Time:00:00.60 | Mem:0.00M, Peak:0.00M | Scene, ViewLayer | Synchronizing object | ENV_leaf_892
Fra:590 Mem:219.80M (Peak 219.80M) | Time:00:00.60 | Mem:0.00M, Peak:0.00M | Scene, ViewLayer | Synchronizing object | ENV_leaf_891
Fra:590 Mem:219.80M (Peak 219.80M) | Time:00:00.60 | Mem:0.00M, Peak:0.00M | Scene, ViewLayer | Synchronizing object | ENV_leaf_890
Fra:590 Mem:219.81M (Peak 219.81M) | Time:00:00.60 | Mem:0.00M, Peak:0.00M | Scene, ViewLayer | Synchronizing object | ENV_leaf_889
Fra:590 Mem:219.81M (Peak 219.81M) | Time:00:00.60 | Mem:0.00M, Peak:0.00M | Scene, ViewLayer | Synchronizing object | ENV_leaf_888
Fra:590 Mem:219.82M (Peak 219.82M) | Time:00:00.60 | Mem:0.00M, Peak:0.00M | Scene, ViewLayer | Synchronizing object | ENV_leaf_887
Fra:590 Mem:219.82M (Peak 219.82M) | Time:00:00.60 | Mem:0.00M, Peak:0.00M | Scene, ViewLayer | Synchronizing object | ENV_leaf_886
Fra:590 Mem:219.82M (Peak 219.82M) | Time:00:00.60 | Mem:0.00M, Peak:0.00M | Scene, ViewLayer | Synchronizing object | ENV_leaf_885
Fra:590 Mem:219.83M (Peak 219.83M) | Time:00:00.60 | Mem:0.00M, Peak:0.00M | Scene, ViewLayer | Synchronizing object | ENV_leaf_884
Fra:590 Mem:219.83M (Peak 219.83M) | Time:00:00.60 | Mem:0.00M, Peak:0.00M | Scene, ViewLayer | Synchronizing object | ENV_leaf_883
Fra:590 Mem:219.84M (Peak 219.84M) | Time:00:00.60 | Mem:0.00M, Peak:0.00M | Scene, ViewLayer | Synchronizing object | ENV_leaf_882
Fra:590 Mem:219.84M (Peak 219.84M) | Time:00:00.60 | Mem:0.00M, Peak:0.00M | Scene, ViewLayer | Synchronizing object | ENV_leaf_881
Fra:590 Mem:219.84M (Peak 219.84M) | Time:00:00.60 | Mem:0.00M, Peak:0.00M | Scene, ViewLayer | Synchronizing object | ENV_leaf_880
Fra:590 Mem:219.85M (Peak 219.85M) | Time:00:00.60 | Mem:0.00M, Peak:0.00M | Scene, ViewLayer | Synchronizing object | ENV_leaf_879
Fra:590 Mem:219.85M (Peak 219.85M) | Time:00:00.60 | Mem:0.00M, Peak:0.00M | Scene, ViewLayer | Synchronizing object | ENV_leaf_878
Fra:590 Mem:219.86M (Peak 219.86M) | Time:00:00.60 | Mem:0.00M, Peak:0.00M | Scene, ViewLayer | Synchronizing object | ENV_leaf_877
Fra:590 Mem:219.86M (Peak 219.86M) | Time:00:00.60 | Mem:0.00M, Peak:0.00M | Scene, ViewLayer | Synchronizing object | ENV_leaf_876
Fra:590 Mem:219.87M (Peak 219.87M) | Time:00:00.60 | Mem:0.00M, Peak:0.00M | Scene, ViewLayer | Synchronizing object | ENV_leaf_875
Fra:590 Mem:219.87M (Peak 219.87M) | Time:00:00.60 | Mem:0.00M, Peak:0.00M | Scene, ViewLayer | Synchronizing object | ENV_leaf_874
Fra:590 Mem:219.87M (Peak 219.87M) | Time:00:00.60 | Mem:0.00M, Peak:0.00M | Scene, ViewLayer | Synchronizing object | ENV_leaf_873
Fra:590 Mem:219.88M (Peak 219.88M) | Time:00:00.60 | Mem:0.00M, Peak:0.00M | Scene, ViewLayer | Synchronizing object | ENV_leaf_872
Fra:590 Mem:219.88M (Peak 219.88M) | Time:00:00.60 | Mem:0.00M, Peak:0.00M | Scene, ViewLayer | Synchronizing object | ENV_leaf_871
Fra:590 Mem:219.89M (Peak 219.89M) | Time:00:00.60 | Mem:0.00M, Peak:0.00M | Scene, ViewLayer | Synchronizing object | ENV_leaf_870
Fra:590 Mem:219.89M (Peak 219.89M) | Time:00:00.60 | Mem:0.00M, Peak:0.00M | Scene, ViewLayer | Synchronizing object | ENV_leaf_869
Fra:590 Mem:219.89M (Peak 219.89M) | Time:00:00.60 | Mem:0.00M, Peak:0.00M | Scene, ViewLayer | Synchronizing object | ENV_leaf_868
Fra:590 Mem:219.90M (Peak 219.90M) | Time:00:00.60 | Mem:0.00M, Peak:0.00M | Scene, ViewLayer | Synchronizing object | ENV_leaf_867
Fra:590 Mem:219.90M (Peak 219.90M) | Time:00:00.60 | Mem:0.00M, Peak:0.00M | Scene, ViewLayer | Synchronizing object | ENV_leaf_866
Fra:590 Mem:219.91M (Peak 219.91M) | Time:00:00.60 | Mem:0.00M, Peak:0.00M | Scene, ViewLayer | Synchronizing object | ENV_leaf_865
Fra:590 Mem:219.91M (Peak 219.91M) | Time:00:00.60 | Mem:0.00M, Peak:0.00M | Scene, ViewLayer | Synchronizing object | ENV_leaf_864
Fra:590 Mem:219.91M (Peak 219.91M) | Time:00:00.60 | Mem:0.00M, Peak:0.00M | Scene, ViewLayer | Synchronizing object | ENV_leaf_863
Fra:590 Mem:219.92M (Peak 219.92M) | Time:00:00.60 | Mem:0.00M, Peak:0.00M | Scene, ViewLayer | Synchronizing object | ENV_leaf_862
Fra:590 Mem:219.92M (Peak 219.92M) | Time:00:00.60 | Mem:0.00M, Peak:0.00M | Scene, ViewLayer | Synchronizing object | ENV_leaf_861
Fra:590 Mem:219.93M (Peak 219.93M) | Time:00:00.60 | Mem:0.00M, Peak:0.00M | Scene, ViewLayer | Synchronizing object | ENV_leaf_860
Fra:590 Mem:219.93M (Peak 219.93M) | Time:00:00.60 | Mem:0.00M, Peak:0.00M | Scene, ViewLayer | Synchronizing object | ENV_leaf_859
Fra:590 Mem:219.93M (Peak 219.93M) | Time:00:00.60 | Mem:0.00M, Peak:0.00M | Scene, ViewLayer | Synchronizing object | ENV_leaf_858
Fra:590 Mem:219.94M (Peak 219.94M) | Time:00:00.60 | Mem:0.00M, Peak:0.00M | Scene, ViewLayer | Synchronizing object | ENV_leaf_857
Fra:590 Mem:219.94M (Peak 219.94M) | Time:00:00.60 | Mem:0.00M, Peak:0.00M | Scene, ViewLayer | Synchronizing object | ENV_leaf_856
Fra:590 Mem:219.95M (Peak 219.95M) | Time:00:00.60 | Mem:0.00M, Peak:0.00M | Scene, ViewLayer | Synchronizing object | ENV_leaf_855
Fra:590 Mem:219.95M (Peak 219.95M) | Time:00:00.60 | Mem:0.00M, Peak:0.00M | Scene, ViewLayer | Synchronizing object | ENV_leaf_854
Fra:590 Mem:219.95M (Peak 219.95M) | Time:00:00.60 | Mem:0.00M, Peak:0.00M | Scene, ViewLayer | Synchronizing object | ENV_leaf_853
Fra:590 Mem:219.96M (Peak 219.96M) | Time:00:00.60 | Mem:0.00M, Peak:0.00M | Scene, ViewLayer | Synchronizing object | ENV_leaf_852
Fra:590 Mem:219.96M (Peak 219.96M) | Time:00:00.60 | Mem:0.00M, Peak:0.00M | Scene, ViewLayer | Synchronizing object | ENV_leaf_851
Fra:590 Mem:219.97M (Peak 219.97M) | Time:00:00.60 | Mem:0.00M, Peak:0.00M | Scene, ViewLayer | Synchronizing object | ENV_leaf_850
Fra:590 Mem:219.97M (Peak 219.97M) | Time:00:00.60 | Mem:0.00M, Peak:0.00M | Scene, ViewLayer | Synchronizing object | ENV_leaf_849
Fra:590 Mem:219.97M (Peak 219.97M) | Time:00:00.60 | Mem:0.00M, Peak:0.00M | Scene, ViewLayer | Synchronizing object | ENV_leaf_848
Fra:590 Mem:219.98M (Peak 219.98M) | Time:00:00.60 | Mem:0.00M, Peak:0.00M | Scene, ViewLayer | Synchronizing object | ENV_leaf_847
Fra:590 Mem:219.98M (Peak 219.98M) | Time:00:00.60 | Mem:0.00M, Peak:0.00M | Scene, ViewLayer | Synchronizing object | ENV_leaf_846
Fra:590 Mem:219.99M (Peak 219.99M) | Time:00:00.60 | Mem:0.00M, Peak:0.00M | Scene, ViewLayer | Synchronizing object | ENV_leaf_845
Fra:590 Mem:219.99M (Peak 219.99M) | Time:00:00.60 | Mem:0.00M, Peak:0.00M | Scene, ViewLayer | Synchronizing object | ENV_leaf_844
Fra:590 Mem:219.99M (Peak 219.99M) | Time:00:00.60 | Mem:0.00M, Peak:0.00M | Scene, ViewLayer | Synchronizing object | ENV_leaf_843
Fra:590 Mem:220.00M (Peak 220.00M) | Time:00:00.60 | Mem:0.00M, Peak:0.00M | Scene, ViewLayer | Synchronizing object | ENV_leaf_842
Fra:590 Mem:220.00M (Peak 220.00M) | Time:00:00.60 | Mem:0.00M, Peak:0.00M | Scene, ViewLayer | Synchronizing object | ENV_leaf_841
Fra:590 Mem:220.01M (Peak 220.01M) | Time:00:00.60 | Mem:0.00M, Peak:0.00M | Scene, ViewLayer | Synchronizing object | ENV_leaf_840
Fra:590 Mem:220.01M (Peak 220.01M) | Time:00:00.60 | Mem:0.00M, Peak:0.00M | Scene, ViewLayer | Synchronizing object | ENV_leaf_839
Fra:590 Mem:220.01M (Peak 220.01M) | Time:00:00.60 | Mem:0.00M, Peak:0.00M | Scene, ViewLayer | Synchronizing object | ENV_leaf_838
Fra:590 Mem:220.02M (Peak 220.02M) | Time:00:00.60 | Mem:0.00M, Peak:0.00M | Scene, ViewLayer | Synchronizing object | ENV_leaf_837
Fra:590 Mem:220.02M (Peak 220.02M) | Time:00:00.60 | Mem:0.00M, Peak:0.00M | Scene, ViewLayer | Synchronizing object | ENV_leaf_836
Fra:590 Mem:220.03M (Peak 220.03M) | Time:00:00.60 | Mem:0.00M, Peak:0.00M | Scene, ViewLayer | Synchronizing object | ENV_leaf_835
Fra:590 Mem:220.03M (Peak 220.03M) | Time:00:00.60 | Mem:0.00M, Peak:0.00M | Scene, ViewLayer | Synchronizing object | ENV_leaf_834
Fra:590 Mem:220.03M (Peak 220.03M) | Time:00:00.60 | Mem:0.00M, Peak:0.00M | Scene, ViewLayer | Synchronizing object | ENV_leaf_833
Fra:590 Mem:220.04M (Peak 220.04M) | Time:00:00.60 | Mem:0.00M, Peak:0.00M | Scene, ViewLayer | Synchronizing object | ENV_leaf_832
Fra:590 Mem:220.04M (Peak 220.04M) | Time:00:00.60 | Mem:0.00M, Peak:0.00M | Scene, ViewLayer | Synchronizing object | ENV_leaf_831
Fra:590 Mem:220.05M (Peak 220.05M) | Time:00:00.60 | Mem:0.00M, Peak:0.00M | Scene, ViewLayer | Synchronizing object | ENV_leaf_830
Fra:590 Mem:220.05M (Peak 220.05M) | Time:00:00.60 | Mem:0.00M, Peak:0.00M | Scene, ViewLayer | Synchronizing object | ENV_leaf_829
Fra:590 Mem:220.06M (Peak 220.06M) | Time:00:00.60 | Mem:0.00M, Peak:0.00M | Scene, ViewLayer | Synchronizing object | ENV_leaf_828
Fra:590 Mem:220.06M (Peak 220.06M) | Time:00:00.60 | Mem:0.00M, Peak:0.00M | Scene, ViewLayer | Synchronizing object | ENV_leaf_827
Fra:590 Mem:220.06M (Peak 220.06M) | Time:00:00.60 | Mem:0.00M, Peak:0.00M | Scene, ViewLayer | Synchronizing object | ENV_leaf_826
Fra:590 Mem:220.07M (Peak 220.07M) | Time:00:00.60 | Mem:0.00M, Peak:0.00M | Scene, ViewLayer | Synchronizing object | ENV_leaf_825
Fra:590 Mem:220.07M (Peak 220.07M) | Time:00:00.60 | Mem:0.00M, Peak:0.00M | Scene, ViewLayer | Synchronizing object | ENV_leaf_824
Fra:590 Mem:220.08M (Peak 220.08M) | Time:00:00.60 | Mem:0.00M, Peak:0.00M | Scene, ViewLayer | Synchronizing object | ENV_leaf_823
Fra:590 Mem:220.08M (Peak 220.08M) | Time:00:00.60 | Mem:0.00M, Peak:0.00M | Scene, ViewLayer | Synchronizing object | ENV_leaf_822
Fra:590 Mem:220.08M (Peak 220.08M) | Time:00:00.60 | Mem:0.00M, Peak:0.00M | Scene, ViewLayer | Synchronizing object | ENV_leaf_821
Fra:590 Mem:220.09M (Peak 220.09M) | Time:00:00.60 | Mem:0.00M, Peak:0.00M | Scene, ViewLayer | Synchronizing object | ENV_leaf_820
Fra:590 Mem:220.09M (Peak 220.09M) | Time:00:00.60 | Mem:0.00M, Peak:0.00M | Scene, ViewLayer | Synchronizing object | ENV_leaf_819
Fra:590 Mem:220.10M (Peak 220.10M) | Time:00:00.60 | Mem:0.00M, Peak:0.00M | Scene, ViewLayer | Synchronizing object | ENV_leaf_818
Fra:590 Mem:220.10M (Peak 220.10M) | Time:00:00.60 | Mem:0.00M, Peak:0.00M | Scene, ViewLayer | Synchronizing object | ENV_leaf_817
Fra:590 Mem:220.10M (Peak 220.10M) | Time:00:00.60 | Mem:0.00M, Peak:0.00M | Scene, ViewLayer | Synchronizing object | ENV_leaf_816
Fra:590 Mem:220.11M (Peak 220.11M) | Time:00:00.60 | Mem:0.00M, Peak:0.00M | Scene, ViewLayer | Synchronizing object | ENV_leaf_815
Fra:590 Mem:220.11M (Peak 220.11M) | Time:00:00.60 | Mem:0.00M, Peak:0.00M | Scene, ViewLayer | Synchronizing object | ENV_leaf_814
Fra:590 Mem:220.12M (Peak 220.12M) | Time:00:00.60 | Mem:0.00M, Peak:0.00M | Scene, ViewLayer | Synchronizing object | ENV_leaf_813
Fra:590 Mem:220.12M (Peak 220.12M) | Time:00:00.60 | Mem:0.00M, Peak:0.00M | Scene, ViewLayer | Synchronizing object | ENV_leaf_812
Fra:590 Mem:220.12M (Peak 220.12M) | Time:00:00.60 | Mem:0.00M, Peak:0.00M | Scene, ViewLayer | Synchronizing object | ENV_leaf_811
Fra:590 Mem:220.13M (Peak 220.13M) | Time:00:00.60 | Mem:0.00M, Peak:0.00M | Scene, ViewLayer | Synchronizing object | ENV_leaf_810
Fra:590 Mem:220.13M (Peak 220.13M) | Time:00:00.60 | Mem:0.00M, Peak:0.00M | Scene, ViewLayer | Synchronizing object | ENV_leaf_809
Fra:590 Mem:220.14M (Peak 220.14M) | Time:00:00.60 | Mem:0.00M, Peak:0.00M | Scene, ViewLayer | Synchronizing object | ENV_leaf_808
Fra:590 Mem:220.14M (Peak 220.14M) | Time:00:00.60 | Mem:0.00M, Peak:0.00M | Scene, ViewLayer | Synchronizing object | ENV_leaf_807
Fra:590 Mem:220.14M (Peak 220.14M) | Time:00:00.60 | Mem:0.00M, Peak:0.00M | Scene, ViewLayer | Synchronizing object | ENV_leaf_806
Fra:590 Mem:220.15M (Peak 220.15M) | Time:00:00.60 | Mem:0.00M, Peak:0.00M | Scene, ViewLayer | Synchronizing object | ENV_leaf_805
Fra:590 Mem:220.15M (Peak 220.15M) | Time:00:00.60 | Mem:0.00M, Peak:0.00M | Scene, ViewLayer | Synchronizing object | ENV_leaf_804
Fra:590 Mem:220.16M (Peak 220.16M) | Time:00:00.60 | Mem:0.00M, Peak:0.00M | Scene, ViewLayer | Synchronizing object | ENV_leaf_803
Fra:590 Mem:220.16M (Peak 220.16M) | Time:00:00.60 | Mem:0.00M, Peak:0.00M | Scene, ViewLayer | Synchronizing object | ENV_leaf_802
Fra:590 Mem:220.16M (Peak 220.16M) | Time:00:00.60 | Mem:0.00M, Peak:0.00M | Scene, ViewLayer | Synchronizing object | ENV_leaf_801
Fra:590 Mem:220.17M (Peak 220.17M) | Time:00:00.60 | Mem:0.00M, Peak:0.00M | Scene, ViewLayer | Synchronizing object | ENV_leaf_800
Fra:590 Mem:220.17M (Peak 220.17M) | Time:00:00.60 | Mem:0.00M, Peak:0.00M | Scene, ViewLayer | Synchronizing object | ENV_leaf_799
Fra:590 Mem:220.18M (Peak 220.18M) | Time:00:00.60 | Mem:0.00M, Peak:0.00M | Scene, ViewLayer | Synchronizing object | ENV_leaf_798
Fra:590 Mem:220.18M (Peak 220.18M) | Time:00:00.60 | Mem:0.00M, Peak:0.00M | Scene, ViewLayer | Synchronizing object | ENV_leaf_797
Fra:590 Mem:220.18M (Peak 220.18M) | Time:00:00.60 | Mem:0.00M, Peak:0.00M | Scene, ViewLayer | Synchronizing object | ENV_leaf_796
Fra:590 Mem:220.19M (Peak 220.19M) | Time:00:00.60 | Mem:0.00M, Peak:0.00M | Scene, ViewLayer | Synchronizing object | ENV_leaf_795
Fra:590 Mem:220.19M (Peak 220.19M) | Time:00:00.60 | Mem:0.00M, Peak:0.00M | Scene, ViewLayer | Synchronizing object | ENV_leaf_794
Fra:590 Mem:220.20M (Peak 220.20M) | Time:00:00.60 | Mem:0.00M, Peak:0.00M | Scene, ViewLayer | Synchronizing object | ENV_leaf_793
Fra:590 Mem:220.20M (Peak 220.20M) | Time:00:00.60 | Mem:0.00M, Peak:0.00M | Scene, ViewLayer | Synchronizing object | ENV_leaf_792
Fra:590 Mem:220.20M (Peak 220.20M) | Time:00:00.60 | Mem:0.00M, Peak:0.00M | Scene, ViewLayer | Synchronizing object | ENV_leaf_791
Fra:590 Mem:220.21M (Peak 220.21M) | Time:00:00.60 | Mem:0.00M, Peak:0.00M | Scene, ViewLayer | Synchronizing object | ENV_leaf_790
Fra:590 Mem:220.21M (Peak 220.21M) | Time:00:00.60 | Mem:0.00M, Peak:0.00M | Scene, ViewLayer | Synchronizing object | ENV_leaf_789
Fra:590 Mem:220.22M (Peak 220.22M) | Time:00:00.60 | Mem:0.00M, Peak:0.00M | Scene, ViewLayer | Synchronizing object | ENV_leaf_788
Fra:590 Mem:220.22M (Peak 220.22M) | Time:00:00.60 | Mem:0.00M, Peak:0.00M | Scene, ViewLayer | Synchronizing object | ENV_leaf_787
Fra:590 Mem:220.23M (Peak 220.23M) | Time:00:00.60 | Mem:0.00M, Peak:0.00M | Scene, ViewLayer | Synchronizing object | ENV_leaf_786
Fra:590 Mem:220.23M (Peak 220.23M) | Time:00:00.60 | Mem:0.00M, Peak:0.00M | Scene, ViewLayer | Synchronizing object | ENV_leaf_785
Fra:590 Mem:220.23M (Peak 220.23M) | Time:00:00.60 | Mem:0.00M, Peak:0.00M | Scene, ViewLayer | Synchronizing object | ENV_leaf_784
Fra:590 Mem:220.24M (Peak 220.24M) | Time:00:00.60 | Mem:0.00M, Peak:0.00M | Scene, ViewLayer | Synchronizing object | ENV_leaf_783
Fra:590 Mem:220.24M (Peak 220.24M) | Time:00:00.60 | Mem:0.00M, Peak:0.00M | Scene, ViewLayer | Synchronizing object | ENV_leaf_782
Fra:590 Mem:220.25M (Peak 220.25M) | Time:00:00.60 | Mem:0.00M, Peak:0.00M | Scene, ViewLayer | Synchronizing object | ENV_leaf_781
Fra:590 Mem:220.25M (Peak 220.25M) | Time:00:00.60 | Mem:0.00M, Peak:0.00M | Scene, ViewLayer | Synchronizing object | ENV_leaf_780
Fra:590 Mem:220.25M (Peak 220.25M) | Time:00:00.60 | Mem:0.00M, Peak:0.00M | Scene, ViewLayer | Synchronizing object | ENV_leaf_779
Fra:590 Mem:220.26M (Peak 220.26M) | Time:00:00.60 | Mem:0.00M, Peak:0.00M | Scene, ViewLayer | Synchronizing object | ENV_leaf_778
Fra:590 Mem:220.26M (Peak 220.26M) | Time:00:00.60 | Mem:0.00M, Peak:0.00M | Scene, ViewLayer | Synchronizing object | ENV_leaf_777
Fra:590 Mem:220.27M (Peak 220.27M) | Time:00:00.60 | Mem:0.00M, Peak:0.00M | Scene, ViewLayer | Synchronizing object | ENV_leaf_776
Fra:590 Mem:220.27M (Peak 220.27M) | Time:00:00.60 | Mem:0.00M, Peak:0.00M | Scene, ViewLayer | Synchronizing object | ENV_leaf_775
Fra:590 Mem:220.27M (Peak 220.27M) | Time:00:00.60 | Mem:0.00M, Peak:0.00M | Scene, ViewLayer | Synchronizing object | ENV_leaf_774
Fra:590 Mem:220.28M (Peak 220.28M) | Time:00:00.60 | Mem:0.00M, Peak:0.00M | Scene, ViewLayer | Synchronizing object | ENV_leaf_773
Fra:590 Mem:220.28M (Peak 220.28M) | Time:00:00.60 | Mem:0.00M, Peak:0.00M | Scene, ViewLayer | Synchronizing object | ENV_leaf_772
Fra:590 Mem:220.29M (Peak 220.29M) | Time:00:00.60 | Mem:0.00M, Peak:0.00M | Scene, ViewLayer | Synchronizing object | ENV_leaf_771
Fra:590 Mem:220.29M (Peak 220.29M) | Time:00:00.60 | Mem:0.00M, Peak:0.00M | Scene, ViewLayer | Synchronizing object | ENV_leaf_770
Fra:590 Mem:220.29M (Peak 220.29M) | Time:00:00.60 | Mem:0.00M, Peak:0.00M | Scene, ViewLayer | Synchronizing object | ENV_leaf_769
Fra:590 Mem:220.30M (Peak 220.30M) | Time:00:00.60 | Mem:0.00M, Peak:0.00M | Scene, ViewLayer | Synchronizing object | ENV_leaf_768
Fra:590 Mem:220.30M (Peak 220.30M) | Time:00:00.60 | Mem:0.00M, Peak:0.00M | Scene, ViewLayer | Synchronizing object | ENV_leaf_767
Fra:590 Mem:220.31M (Peak 220.31M) | Time:00:00.60 | Mem:0.00M, Peak:0.00M | Scene, ViewLayer | Synchronizing object | ENV_leaf_766
Fra:590 Mem:220.31M (Peak 220.31M) | Time:00:00.60 | Mem:0.00M, Peak:0.00M | Scene, ViewLayer | Synchronizing object | ENV_leaf_765
Fra:590 Mem:220.31M (Peak 220.31M) | Time:00:00.60 | Mem:0.00M, Peak:0.00M | Scene, ViewLayer | Synchronizing object | ENV_leaf_764
Fra:590 Mem:220.32M (Peak 220.32M) | Time:00:00.60 | Mem:0.00M, Peak:0.00M | Scene, ViewLayer | Synchronizing object | ENV_leaf_763
Fra:590 Mem:220.32M (Peak 220.32M) | Time:00:00.60 | Mem:0.00M, Peak:0.00M | Scene, ViewLayer | Synchronizing object | ENV_leaf_762
Fra:590 Mem:220.33M (Peak 220.33M) | Time:00:00.60 | Mem:0.00M, Peak:0.00M | Scene, ViewLayer | Synchronizing object | ENV_leaf_761
Fra:590 Mem:220.33M (Peak 220.33M) | Time:00:00.60 | Mem:0.00M, Peak:0.00M | Scene, ViewLayer | Synchronizing object | ENV_leaf_760
Fra:590 Mem:220.33M (Peak 220.33M) | Time:00:00.60 | Mem:0.00M, Peak:0.00M | Scene, ViewLayer | Synchronizing object | ENV_leaf_759
Fra:590 Mem:220.34M (Peak 220.34M) | Time:00:00.60 | Mem:0.00M, Peak:0.00M | Scene, ViewLayer | Synchronizing object | ENV_leaf_758
Fra:590 Mem:220.34M (Peak 220.34M) | Time:00:00.60 | Mem:0.00M, Peak:0.00M | Scene, ViewLayer | Synchronizing object | ENV_leaf_757
Fra:590 Mem:220.35M (Peak 220.35M) | Time:00:00.60 | Mem:0.00M, Peak:0.00M | Scene, ViewLayer | Synchronizing object | ENV_leaf_756
Fra:590 Mem:220.35M (Peak 220.35M) | Time:00:00.60 | Mem:0.00M, Peak:0.00M | Scene, ViewLayer | Synchronizing object | ENV_leaf_755
Fra:590 Mem:220.35M (Peak 220.35M) | Time:00:00.60 | Mem:0.00M, Peak:0.00M | Scene, ViewLayer | Synchronizing object | ENV_leaf_754
Fra:590 Mem:220.36M (Peak 220.36M) | Time:00:00.60 | Mem:0.00M, Peak:0.00M | Scene, ViewLayer | Synchronizing object | ENV_leaf_753
Fra:590 Mem:220.36M (Peak 220.36M) | Time:00:00.60 | Mem:0.00M, Peak:0.00M | Scene, ViewLayer | Synchronizing object | ENV_leaf_752
Fra:590 Mem:220.37M (Peak 220.37M) | Time:00:00.60 | Mem:0.00M, Peak:0.00M | Scene, ViewLayer | Synchronizing object | ENV_leaf_751
Fra:590 Mem:220.37M (Peak 220.37M) | Time:00:00.60 | Mem:0.00M, Peak:0.00M | Scene, ViewLayer | Synchronizing object | ENV_leaf_750
Fra:590 Mem:220.37M (Peak 220.37M) | Time:00:00.60 | Mem:0.00M, Peak:0.00M | Scene, ViewLayer | Synchronizing object | ENV_leaf_749
Fra:590 Mem:220.38M (Peak 220.38M) | Time:00:00.60 | Mem:0.00M, Peak:0.00M | Scene, ViewLayer | Synchronizing object | ENV_leaf_748
Fra:590 Mem:220.38M (Peak 220.38M) | Time:00:00.60 | Mem:0.00M, Peak:0.00M | Scene, ViewLayer | Synchronizing object | ENV_leaf_747
Fra:590 Mem:220.39M (Peak 220.39M) | Time:00:00.60 | Mem:0.00M, Peak:0.00M | Scene, ViewLayer | Synchronizing object | ENV_leaf_746
Fra:590 Mem:220.39M (Peak 220.39M) | Time:00:00.60 | Mem:0.00M, Peak:0.00M | Scene, ViewLayer | Synchronizing object | ENV_leaf_745
Fra:590 Mem:220.39M (Peak 220.39M) | Time:00:00.60 | Mem:0.00M, Peak:0.00M | Scene, ViewLayer | Synchronizing object | ENV_leaf_744
Fra:590 Mem:220.40M (Peak 220.40M) | Time:00:00.60 | Mem:0.00M, Peak:0.00M | Scene, ViewLayer | Synchronizing object | ENV_leaf_743
Fra:590 Mem:220.40M (Peak 220.40M) | Time:00:00.60 | Mem:0.00M, Peak:0.00M | Scene, ViewLayer | Synchronizing object | ENV_leaf_742
Fra:590 Mem:220.41M (Peak 220.41M) | Time:00:00.60 | Mem:0.00M, Peak:0.00M | Scene, ViewLayer | Synchronizing object | ENV_leaf_741
Fra:590 Mem:220.41M (Peak 220.41M) | Time:00:00.60 | Mem:0.00M, Peak:0.00M | Scene, ViewLayer | Synchronizing object | ENV_leaf_740
Fra:590 Mem:220.42M (Peak 220.42M) | Time:00:00.60 | Mem:0.00M, Peak:0.00M | Scene, ViewLayer | Synchronizing object | ENV_leaf_739
Fra:590 Mem:220.42M (Peak 220.42M) | Time:00:00.60 | Mem:0.00M, Peak:0.00M | Scene, ViewLayer | Synchronizing object | ENV_leaf_738
Fra:590 Mem:220.42M (Peak 220.42M) | Time:00:00.60 | Mem:0.00M, Peak:0.00M | Scene, ViewLayer | Synchronizing object | ENV_leaf_737
Fra:590 Mem:220.43M (Peak 220.43M) | Time:00:00.60 | Mem:0.00M, Peak:0.00M | Scene, ViewLayer | Synchronizing object | ENV_leaf_736
Fra:590 Mem:220.43M (Peak 220.43M) | Time:00:00.60 | Mem:0.00M, Peak:0.00M | Scene, ViewLayer | Synchronizing object | ENV_leaf_735
Fra:590 Mem:220.44M (Peak 220.44M) | Time:00:00.60 | Mem:0.00M, Peak:0.00M | Scene, ViewLayer | Synchronizing object | ENV_leaf_734
Fra:590 Mem:220.44M (Peak 220.44M) | Time:00:00.60 | Mem:0.00M, Peak:0.00M | Scene, ViewLayer | Synchronizing object | ENV_leaf_733
Fra:590 Mem:220.44M (Peak 220.44M) | Time:00:00.60 | Mem:0.00M, Peak:0.00M | Scene, ViewLayer | Synchronizing object | ENV_leaf_732
Fra:590 Mem:220.45M (Peak 220.45M) | Time:00:00.60 | Mem:0.00M, Peak:0.00M | Scene, ViewLayer | Synchronizing object | ENV_leaf_731
Fra:590 Mem:220.45M (Peak 220.45M) | Time:00:00.60 | Mem:0.00M, Peak:0.00M | Scene, ViewLayer | Synchronizing object | ENV_leaf_730
Fra:590 Mem:220.46M (Peak 220.46M) | Time:00:00.60 | Mem:0.00M, Peak:0.00M | Scene, ViewLayer | Synchronizing object | ENV_leaf_729
Fra:590 Mem:220.46M (Peak 220.46M) | Time:00:00.60 | Mem:0.00M, Peak:0.00M | Scene, ViewLayer | Synchronizing object | ENV_leaf_727
Fra:590 Mem:220.46M (Peak 220.46M) | Time:00:00.60 | Mem:0.00M, Peak:0.00M | Scene, ViewLayer | Synchronizing object | ENV_leaf_726
Fra:590 Mem:220.47M (Peak 220.47M) | Time:00:00.60 | Mem:0.00M, Peak:0.00M | Scene, ViewLayer | Synchronizing object | ENV_leaf_725
Fra:590 Mem:220.47M (Peak 220.47M) | Time:00:00.60 | Mem:0.00M, Peak:0.00M | Scene, ViewLayer | Synchronizing object | ENV_leaf_723
Fra:590 Mem:220.48M (Peak 220.48M) | Time:00:00.60 | Mem:0.00M, Peak:0.00M | Scene, ViewLayer | Synchronizing object | ENV_leaf_722
Fra:590 Mem:220.48M (Peak 220.48M) | Time:00:00.60 | Mem:0.00M, Peak:0.00M | Scene, ViewLayer | Synchronizing object | ENV_leaf_721
Fra:590 Mem:220.48M (Peak 220.48M) | Time:00:00.60 | Mem:0.00M, Peak:0.00M | Scene, ViewLayer | Synchronizing object | ENV_leaf_720
Fra:590 Mem:220.49M (Peak 220.49M) | Time:00:00.60 | Mem:0.00M, Peak:0.00M | Scene, ViewLayer | Synchronizing object | ENV_leaf_719
Fra:590 Mem:220.49M (Peak 220.49M) | Time:00:00.60 | Mem:0.00M, Peak:0.00M | Scene, ViewLayer | Synchronizing object | ENV_leaf_718
Fra:590 Mem:220.50M (Peak 220.50M) | Time:00:00.60 | Mem:0.00M, Peak:0.00M | Scene, ViewLayer | Synchronizing object | ENV_leaf_717
Fra:590 Mem:220.50M (Peak 220.50M) | Time:00:00.60 | Mem:0.00M, Peak:0.00M | Scene, ViewLayer | Synchronizing object | ENV_leaf_715
Fra:590 Mem:220.50M (Peak 220.50M) | Time:00:00.60 | Mem:0.00M, Peak:0.00M | Scene, ViewLayer | Synchronizing object | ENV_leaf_714
Fra:590 Mem:220.51M (Peak 220.51M) | Time:00:00.60 | Mem:0.00M, Peak:0.00M | Scene, ViewLayer | Synchronizing object | ENV_leaf_713
Fra:590 Mem:220.51M (Peak 220.51M) | Time:00:00.60 | Mem:0.00M, Peak:0.00M | Scene, ViewLayer | Synchronizing object | ENV_leaf_712
Fra:590 Mem:220.52M (Peak 220.52M) | Time:00:00.60 | Mem:0.00M, Peak:0.00M | Scene, ViewLayer | Synchronizing object | ENV_leaf_711
Fra:590 Mem:220.52M (Peak 220.52M) | Time:00:00.60 | Mem:0.00M, Peak:0.00M | Scene, ViewLayer | Synchronizing object | ENV_leaf_710
Fra:590 Mem:220.52M (Peak 220.52M) | Time:00:00.60 | Mem:0.00M, Peak:0.00M | Scene, ViewLayer | Synchronizing object | ENV_leaf_709
Fra:590 Mem:220.53M (Peak 220.53M) | Time:00:00.60 | Mem:0.00M, Peak:0.00M | Scene, ViewLayer | Synchronizing object | ENV_leaf_708
Fra:590 Mem:220.53M (Peak 220.53M) | Time:00:00.60 | Mem:0.00M, Peak:0.00M | Scene, ViewLayer | Synchronizing object | ENV_leaf_707
Fra:590 Mem:220.54M (Peak 220.54M) | Time:00:00.60 | Mem:0.00M, Peak:0.00M | Scene, ViewLayer | Synchronizing object | ENV_leaf_706
Fra:590 Mem:220.54M (Peak 220.54M) | Time:00:00.60 | Mem:0.00M, Peak:0.00M | Scene, ViewLayer | Synchronizing object | ENV_leaf_705
Fra:590 Mem:220.54M (Peak 220.54M) | Time:00:00.60 | Mem:0.00M, Peak:0.00M | Scene, ViewLayer | Synchronizing object | ENV_leaf_704
Fra:590 Mem:220.55M (Peak 220.55M) | Time:00:00.60 | Mem:0.00M, Peak:0.00M | Scene, ViewLayer | Synchronizing object | ENV_leaf_703
Fra:590 Mem:220.55M (Peak 220.55M) | Time:00:00.60 | Mem:0.00M, Peak:0.00M | Scene, ViewLayer | Synchronizing object | ENV_leaf_702
Fra:590 Mem:220.56M (Peak 220.56M) | Time:00:00.60 | Mem:0.00M, Peak:0.00M | Scene, ViewLayer | Synchronizing object | ENV_leaf_701
Fra:590 Mem:220.56M (Peak 220.56M) | Time:00:00.60 | Mem:0.00M, Peak:0.00M | Scene, ViewLayer | Synchronizing object | ENV_leaf_700
Fra:590 Mem:220.56M (Peak 220.56M) | Time:00:00.60 | Mem:0.00M, Peak:0.00M | Scene, ViewLayer | Synchronizing object | ENV_leaf_699
Fra:590 Mem:220.57M (Peak 220.57M) | Time:00:00.60 | Mem:0.00M, Peak:0.00M | Scene, ViewLayer | Synchronizing object | ENV_leaf_698
Fra:590 Mem:220.57M (Peak 220.57M) | Time:00:00.60 | Mem:0.00M, Peak:0.00M | Scene, ViewLayer | Synchronizing object | ENV_leaf_697
Fra:590 Mem:220.58M (Peak 220.58M) | Time:00:00.60 | Mem:0.00M, Peak:0.00M | Scene, ViewLayer | Synchronizing object | ENV_leaf_696
Fra:590 Mem:220.58M (Peak 220.58M) | Time:00:00.60 | Mem:0.00M, Peak:0.00M | Scene, ViewLayer | Synchronizing object | ENV_leaf_695
Fra:590 Mem:220.58M (Peak 220.58M) | Time:00:00.60 | Mem:0.00M, Peak:0.00M | Scene, ViewLayer | Synchronizing object | ENV_leaf_694
Fra:590 Mem:220.59M (Peak 220.59M) | Time:00:00.60 | Mem:0.00M, Peak:0.00M | Scene, ViewLayer | Synchronizing object | ENV_leaf_693
Fra:590 Mem:220.59M (Peak 220.59M) | Time:00:00.60 | Mem:0.00M, Peak:0.00M | Scene, ViewLayer | Synchronizing object | ENV_leaf_692
Fra:590 Mem:220.60M (Peak 220.60M) | Time:00:00.60 | Mem:0.00M, Peak:0.00M | Scene, ViewLayer | Synchronizing object | ENV_leaf_691
Fra:590 Mem:220.60M (Peak 220.60M) | Time:00:00.60 | Mem:0.00M, Peak:0.00M | Scene, ViewLayer | Synchronizing object | ENV_leaf_690
Fra:590 Mem:220.61M (Peak 220.61M) | Time:00:00.60 | Mem:0.00M, Peak:0.00M | Scene, ViewLayer | Synchronizing object | ENV_leaf_689
Fra:590 Mem:220.61M (Peak 220.61M) | Time:00:00.60 | Mem:0.00M, Peak:0.00M | Scene, ViewLayer | Synchronizing object | ENV_leaf_688
Fra:590 Mem:220.61M (Peak 220.61M) | Time:00:00.60 | Mem:0.00M, Peak:0.00M | Scene, ViewLayer | Synchronizing object | ENV_leaf_687
Fra:590 Mem:220.62M (Peak 220.62M) | Time:00:00.60 | Mem:0.00M, Peak:0.00M | Scene, ViewLayer | Synchronizing object | ENV_leaf_686
Fra:590 Mem:220.62M (Peak 220.62M) | Time:00:00.60 | Mem:0.00M, Peak:0.00M | Scene, ViewLayer | Synchronizing object | ENV_leaf_685
Fra:590 Mem:220.63M (Peak 220.63M) | Time:00:00.60 | Mem:0.00M, Peak:0.00M | Scene, ViewLayer | Synchronizing object | ENV_leaf_684
Fra:590 Mem:220.63M (Peak 220.63M) | Time:00:00.60 | Mem:0.00M, Peak:0.00M | Scene, ViewLayer | Synchronizing object | ENV_leaf_683
Fra:590 Mem:220.63M (Peak 220.63M) | Time:00:00.60 | Mem:0.00M, Peak:0.00M | Scene, ViewLayer | Synchronizing object | ENV_leaf_682
Fra:590 Mem:220.64M (Peak 220.64M) | Time:00:00.60 | Mem:0.00M, Peak:0.00M | Scene, ViewLayer | Synchronizing object | ENV_leaf_681
Fra:590 Mem:220.64M (Peak 220.64M) | Time:00:00.60 | Mem:0.00M, Peak:0.00M | Scene, ViewLayer | Synchronizing object | ENV_leaf_680
Fra:590 Mem:220.65M (Peak 220.65M) | Time:00:00.60 | Mem:0.00M, Peak:0.00M | Scene, ViewLayer | Synchronizing object | ENV_leaf_679
Fra:590 Mem:220.65M (Peak 220.65M) | Time:00:00.60 | Mem:0.00M, Peak:0.00M | Scene, ViewLayer | Synchronizing object | ENV_leaf_678
Fra:590 Mem:220.65M (Peak 220.65M) | Time:00:00.60 | Mem:0.00M, Peak:0.00M | Scene, ViewLayer | Synchronizing object | ENV_leaf_677
Fra:590 Mem:220.66M (Peak 220.66M) | Time:00:00.60 | Mem:0.00M, Peak:0.00M | Scene, ViewLayer | Synchronizing object | ENV_leaf_676
Fra:590 Mem:220.66M (Peak 220.66M) | Time:00:00.60 | Mem:0.00M, Peak:0.00M | Scene, ViewLayer | Synchronizing object | ENV_leaf_675
Fra:590 Mem:220.67M (Peak 220.67M) | Time:00:00.60 | Mem:0.00M, Peak:0.00M | Scene, ViewLayer | Synchronizing object | ENV_leaf_674
Fra:590 Mem:220.67M (Peak 220.67M) | Time:00:00.60 | Mem:0.00M, Peak:0.00M | Scene, ViewLayer | Synchronizing object | ENV_leaf_673
Fra:590 Mem:220.67M (Peak 220.67M) | Time:00:00.60 | Mem:0.00M, Peak:0.00M | Scene, ViewLayer | Synchronizing object | ENV_leaf_672
Fra:590 Mem:220.68M (Peak 220.68M) | Time:00:00.60 | Mem:0.00M, Peak:0.00M | Scene, ViewLayer | Synchronizing object | ENV_leaf_671
Fra:590 Mem:220.68M (Peak 220.68M) | Time:00:00.60 | Mem:0.00M, Peak:0.00M | Scene, ViewLayer | Synchronizing object | ENV_leaf_670
Fra:590 Mem:220.69M (Peak 220.69M) | Time:00:00.60 | Mem:0.00M, Peak:0.00M | Scene, ViewLayer | Synchronizing object | ENV_leaf_669
Fra:590 Mem:220.69M (Peak 220.69M) | Time:00:00.60 | Mem:0.00M, Peak:0.00M | Scene, ViewLayer | Synchronizing object | ENV_leaf_668
Fra:590 Mem:220.69M (Peak 220.69M) | Time:00:00.60 | Mem:0.00M, Peak:0.00M | Scene, ViewLayer | Synchronizing object | ENV_leaf_667
Fra:590 Mem:220.70M (Peak 220.70M) | Time:00:00.60 | Mem:0.00M, Peak:0.00M | Scene, ViewLayer | Synchronizing object | ENV_leaf_666
Fra:590 Mem:220.70M (Peak 220.70M) | Time:00:00.60 | Mem:0.00M, Peak:0.00M | Scene, ViewLayer | Synchronizing object | ENV_leaf_665
Fra:590 Mem:220.71M (Peak 220.71M) | Time:00:00.60 | Mem:0.00M, Peak:0.00M | Scene, ViewLayer | Synchronizing object | ENV_leaf_664
Fra:590 Mem:220.71M (Peak 220.71M) | Time:00:00.60 | Mem:0.00M, Peak:0.00M | Scene, ViewLayer | Synchronizing object | ENV_leaf_663
Fra:590 Mem:220.71M (Peak 220.71M) | Time:00:00.60 | Mem:0.00M, Peak:0.00M | Scene, ViewLayer | Synchronizing object | ENV_leaf_662
Fra:590 Mem:220.72M (Peak 220.72M) | Time:00:00.60 | Mem:0.00M, Peak:0.00M | Scene, ViewLayer | Synchronizing object | ENV_leaf_661
Fra:590 Mem:220.72M (Peak 220.72M) | Time:00:00.60 | Mem:0.00M, Peak:0.00M | Scene, ViewLayer | Synchronizing object | ENV_leaf_660
Fra:590 Mem:220.73M (Peak 220.73M) | Time:00:00.60 | Mem:0.00M, Peak:0.00M | Scene, ViewLayer | Synchronizing object | ENV_leaf_659
Fra:590 Mem:220.73M (Peak 220.73M) | Time:00:00.60 | Mem:0.00M, Peak:0.00M | Scene, ViewLayer | Synchronizing object | ENV_leaf_658
Fra:590 Mem:220.73M (Peak 220.73M) | Time:00:00.60 | Mem:0.00M, Peak:0.00M | Scene, ViewLayer | Synchronizing object | ENV_leaf_657
Fra:590 Mem:220.74M (Peak 220.74M) | Time:00:00.60 | Mem:0.00M, Peak:0.00M | Scene, ViewLayer | Synchronizing object | ENV_leaf_656
Fra:590 Mem:220.74M (Peak 220.74M) | Time:00:00.60 | Mem:0.00M, Peak:0.00M | Scene, ViewLayer | Synchronizing object | ENV_leaf_655
Fra:590 Mem:220.75M (Peak 220.75M) | Time:00:00.60 | Mem:0.00M, Peak:0.00M | Scene, ViewLayer | Synchronizing object | ENV_leaf_654
Fra:590 Mem:220.75M (Peak 220.75M) | Time:00:00.60 | Mem:0.00M, Peak:0.00M | Scene, ViewLayer | Synchronizing object | ENV_leaf_653
Fra:590 Mem:220.75M (Peak 220.75M) | Time:00:00.60 | Mem:0.00M, Peak:0.00M | Scene, ViewLayer | Synchronizing object | ENV_leaf_652
Fra:590 Mem:220.76M (Peak 220.76M) | Time:00:00.60 | Mem:0.00M, Peak:0.00M | Scene, ViewLayer | Synchronizing object | ENV_leaf_651
Fra:590 Mem:220.76M (Peak 220.76M) | Time:00:00.60 | Mem:0.00M, Peak:0.00M | Scene, ViewLayer | Synchronizing object | ENV_leaf_650
Fra:590 Mem:220.77M (Peak 220.77M) | Time:00:00.60 | Mem:0.00M, Peak:0.00M | Scene, ViewLayer | Synchronizing object | ENV_leaf_649
Fra:590 Mem:220.77M (Peak 220.77M) | Time:00:00.60 | Mem:0.00M, Peak:0.00M | Scene, ViewLayer | Synchronizing object | ENV_leaf_648
Fra:590 Mem:220.77M (Peak 220.77M) | Time:00:00.60 | Mem:0.00M, Peak:0.00M | Scene, ViewLayer | Synchronizing object | ENV_leaf_647
Fra:590 Mem:220.78M (Peak 220.78M) | Time:00:00.60 | Mem:0.00M, Peak:0.00M | Scene, ViewLayer | Synchronizing object | ENV_leaf_646
Fra:590 Mem:220.78M (Peak 220.78M) | Time:00:00.60 | Mem:0.00M, Peak:0.00M | Scene, ViewLayer | Synchronizing object | ENV_leaf_645
Fra:590 Mem:220.79M (Peak 220.79M) | Time:00:00.60 | Mem:0.00M, Peak:0.00M | Scene, ViewLayer | Synchronizing object | ENV_leaf_644
Fra:590 Mem:220.79M (Peak 220.79M) | Time:00:00.60 | Mem:0.00M, Peak:0.00M | Scene, ViewLayer | Synchronizing object | ENV_leaf_643
Fra:590 Mem:220.80M (Peak 220.80M) | Time:00:00.60 | Mem:0.00M, Peak:0.00M | Scene, ViewLayer | Synchronizing object | ENV_leaf_642
Fra:590 Mem:220.80M (Peak 220.80M) | Time:00:00.60 | Mem:0.00M, Peak:0.00M | Scene, ViewLayer | Synchronizing object | ENV_leaf_641
Fra:590 Mem:220.80M (Peak 220.80M) | Time:00:00.60 | Mem:0.00M, Peak:0.00M | Scene, ViewLayer | Synchronizing object | ENV_leaf_640
Fra:590 Mem:220.81M (Peak 220.81M) | Time:00:00.60 | Mem:0.00M, Peak:0.00M | Scene, ViewLayer | Synchronizing object | ENV_leaf_639
Fra:590 Mem:220.81M (Peak 220.81M) | Time:00:00.60 | Mem:0.00M, Peak:0.00M | Scene, ViewLayer | Synchronizing object | ENV_leaf_638
Fra:590 Mem:220.82M (Peak 220.82M) | Time:00:00.60 | Mem:0.00M, Peak:0.00M | Scene, ViewLayer | Synchronizing object | ENV_leaf_637
Fra:590 Mem:220.82M (Peak 220.82M) | Time:00:00.60 | Mem:0.00M, Peak:0.00M | Scene, ViewLayer | Synchronizing object | ENV_leaf_636
Fra:590 Mem:220.82M (Peak 220.82M) | Time:00:00.60 | Mem:0.00M, Peak:0.00M | Scene, ViewLayer | Synchronizing object | ENV_leaf_635
Fra:590 Mem:220.83M (Peak 220.83M) | Time:00:00.60 | Mem:0.00M, Peak:0.00M | Scene, ViewLayer | Synchronizing object | ENV_leaf_634
Fra:590 Mem:220.83M (Peak 220.83M) | Time:00:00.60 | Mem:0.00M, Peak:0.00M | Scene, ViewLayer | Synchronizing object | ENV_leaf_633
Fra:590 Mem:220.84M (Peak 220.84M) | Time:00:00.60 | Mem:0.00M, Peak:0.00M | Scene, ViewLayer | Synchronizing object | ENV_leaf_632
Fra:590 Mem:220.84M (Peak 220.84M) | Time:00:00.60 | Mem:0.00M, Peak:0.00M | Scene, ViewLayer | Synchronizing object | ENV_leaf_631
Fra:590 Mem:220.84M (Peak 220.84M) | Time:00:00.60 | Mem:0.00M, Peak:0.00M | Scene, ViewLayer | Synchronizing object | ENV_leaf_630
Fra:590 Mem:220.85M (Peak 220.85M) | Time:00:00.60 | Mem:0.00M, Peak:0.00M | Scene, ViewLayer | Synchronizing object | ENV_leaf_629
Fra:590 Mem:220.85M (Peak 220.85M) | Time:00:00.60 | Mem:0.00M, Peak:0.00M | Scene, ViewLayer | Synchronizing object | ENV_leaf_628
Fra:590 Mem:220.86M (Peak 220.86M) | Time:00:00.60 | Mem:0.00M, Peak:0.00M | Scene, ViewLayer | Synchronizing object | ENV_leaf_627
Fra:590 Mem:220.86M (Peak 220.86M) | Time:00:00.60 | Mem:0.00M, Peak:0.00M | Scene, ViewLayer | Synchronizing object | ENV_leaf_626
Fra:590 Mem:220.86M (Peak 220.86M) | Time:00:00.60 | Mem:0.00M, Peak:0.00M | Scene, ViewLayer | Synchronizing object | ENV_leaf_625
Fra:590 Mem:220.87M (Peak 220.87M) | Time:00:00.60 | Mem:0.00M, Peak:0.00M | Scene, ViewLayer | Synchronizing object | ENV_leaf_624
Fra:590 Mem:220.87M (Peak 220.87M) | Time:00:00.60 | Mem:0.00M, Peak:0.00M | Scene, ViewLayer | Synchronizing object | ENV_leaf_623
Fra:590 Mem:220.88M (Peak 220.88M) | Time:00:00.60 | Mem:0.00M, Peak:0.00M | Scene, ViewLayer | Synchronizing object | ENV_leaf_622
Fra:590 Mem:220.88M (Peak 220.88M) | Time:00:00.60 | Mem:0.00M, Peak:0.00M | Scene, ViewLayer | Synchronizing object | ENV_leaf_621
Fra:590 Mem:220.88M (Peak 220.88M) | Time:00:00.60 | Mem:0.00M, Peak:0.00M | Scene, ViewLayer | Synchronizing object | ENV_leaf_620
Fra:590 Mem:220.89M (Peak 220.89M) | Time:00:00.60 | Mem:0.00M, Peak:0.00M | Scene, ViewLayer | Synchronizing object | ENV_leaf_619
Fra:590 Mem:220.89M (Peak 220.89M) | Time:00:00.60 | Mem:0.00M, Peak:0.00M | Scene, ViewLayer | Synchronizing object | ENV_leaf_618
Fra:590 Mem:220.90M (Peak 220.90M) | Time:00:00.60 | Mem:0.00M, Peak:0.00M | Scene, ViewLayer | Synchronizing object | ENV_leaf_617
Fra:590 Mem:220.90M (Peak 220.90M) | Time:00:00.60 | Mem:0.00M, Peak:0.00M | Scene, ViewLayer | Synchronizing object | ENV_leaf_616
Fra:590 Mem:220.90M (Peak 220.90M) | Time:00:00.60 | Mem:0.00M, Peak:0.00M | Scene, ViewLayer | Synchronizing object | ENV_leaf_615
Fra:590 Mem:220.91M (Peak 220.91M) | Time:00:00.60 | Mem:0.00M, Peak:0.00M | Scene, ViewLayer | Synchronizing object | ENV_leaf_614
Fra:590 Mem:220.91M (Peak 220.91M) | Time:00:00.60 | Mem:0.00M, Peak:0.00M | Scene, ViewLayer | Synchronizing object | ENV_leaf_613
Fra:590 Mem:220.92M (Peak 220.92M) | Time:00:00.60 | Mem:0.00M, Peak:0.00M | Scene, ViewLayer | Synchronizing object | ENV_leaf_612
Fra:590 Mem:220.92M (Peak 220.92M) | Time:00:00.60 | Mem:0.00M, Peak:0.00M | Scene, ViewLayer | Synchronizing object | ENV_leaf_611
Fra:590 Mem:220.92M (Peak 220.92M) | Time:00:00.60 | Mem:0.00M, Peak:0.00M | Scene, ViewLayer | Synchronizing object | ENV_leaf_610
Fra:590 Mem:220.93M (Peak 220.93M) | Time:00:00.60 | Mem:0.00M, Peak:0.00M | Scene, ViewLayer | Synchronizing object | ENV_leaf_609
Fra:590 Mem:220.93M (Peak 220.93M) | Time:00:00.60 | Mem:0.00M, Peak:0.00M | Scene, ViewLayer | Synchronizing object | ENV_leaf_608
Fra:590 Mem:220.94M (Peak 220.94M) | Time:00:00.60 | Mem:0.00M, Peak:0.00M | Scene, ViewLayer | Synchronizing object | ENV_leaf_607
Fra:590 Mem:220.94M (Peak 220.94M) | Time:00:00.60 | Mem:0.00M, Peak:0.00M | Scene, ViewLayer | Synchronizing object | ENV_leaf_606
Fra:590 Mem:220.94M (Peak 220.94M) | Time:00:00.60 | Mem:0.00M, Peak:0.00M | Scene, ViewLayer | Synchronizing object | ENV_leaf_605
Fra:590 Mem:220.95M (Peak 220.95M) | Time:00:00.60 | Mem:0.00M, Peak:0.00M | Scene, ViewLayer | Synchronizing object | ENV_leaf_604
Fra:590 Mem:220.95M (Peak 220.95M) | Time:00:00.60 | Mem:0.00M, Peak:0.00M | Scene, ViewLayer | Synchronizing object | ENV_leaf_602
Fra:590 Mem:220.96M (Peak 220.96M) | Time:00:00.60 | Mem:0.00M, Peak:0.00M | Scene, ViewLayer | Synchronizing object | ENV_leaf_601
Fra:590 Mem:220.96M (Peak 220.96M) | Time:00:00.60 | Mem:0.00M, Peak:0.00M | Scene, ViewLayer | Synchronizing object | ENV_leaf_600
Fra:590 Mem:220.96M (Peak 220.96M) | Time:00:00.60 | Mem:0.00M, Peak:0.00M | Scene, ViewLayer | Synchronizing object | ENV_leaf_599
Fra:590 Mem:220.97M (Peak 220.97M) | Time:00:00.60 | Mem:0.00M, Peak:0.00M | Scene, ViewLayer | Synchronizing object | ENV_leaf_598
Fra:590 Mem:220.97M (Peak 220.97M) | Time:00:00.60 | Mem:0.00M, Peak:0.00M | Scene, ViewLayer | Synchronizing object | ENV_leaf_597
Fra:590 Mem:220.98M (Peak 220.98M) | Time:00:00.60 | Mem:0.00M, Peak:0.00M | Scene, ViewLayer | Synchronizing object | ENV_leaf_596
Fra:590 Mem:220.98M (Peak 220.98M) | Time:00:00.60 | Mem:0.00M, Peak:0.00M | Scene, ViewLayer | Synchronizing object | ENV_leaf_595
Fra:590 Mem:220.99M (Peak 220.99M) | Time:00:00.60 | Mem:0.00M, Peak:0.00M | Scene, ViewLayer | Synchronizing object | ENV_leaf_594
Fra:590 Mem:221.05M (Peak 221.05M) | Time:00:00.61 | Mem:0.00M, Peak:0.00M | Scene, ViewLayer | Synchronizing object | ENV_fern_28
Fra:590 Mem:221.57M (Peak 221.57M) | Time:00:00.61 | Mem:0.00M, Peak:0.00M | Scene, ViewLayer | Synchronizing object | ENV_fern_29
Fra:590 Mem:222.21M (Peak 222.21M) | Time:00:00.61 | Mem:0.00M, Peak:0.00M | Scene, ViewLayer | Synchronizing object | ENV_fern_30
Fra:590 Mem:222.61M (Peak 222.61M) | Time:00:00.61 | Mem:0.00M, Peak:0.00M | Scene, ViewLayer | Synchronizing object | ENV_fern_31
Fra:590 Mem:223.13M (Peak 223.13M) | Time:00:00.61 | Mem:0.00M, Peak:0.00M | Scene, ViewLayer | Synchronizing object | ENV_fern_32
Fra:590 Mem:223.77M (Peak 223.77M) | Time:00:00.61 | Mem:0.00M, Peak:0.00M | Scene, ViewLayer | Synchronizing object | ENV_fern_33
Fra:590 Mem:224.17M (Peak 224.17M) | Time:00:00.61 | Mem:0.00M, Peak:0.00M | Scene, ViewLayer | Synchronizing object | ENV_fern_34
Fra:590 Mem:224.55M (Peak 224.55M) | Time:00:00.61 | Mem:0.00M, Peak:0.00M | Scene, ViewLayer | Synchronizing object | ENV_leaf_593
Fra:590 Mem:224.55M (Peak 224.55M) | Time:00:00.61 | Mem:0.00M, Peak:0.00M | Scene, ViewLayer | Synchronizing object | ENV_leaf_592
Fra:590 Mem:224.56M (Peak 224.56M) | Time:00:00.61 | Mem:0.00M, Peak:0.00M | Scene, ViewLayer | Synchronizing object | ENV_leaf_591
Fra:590 Mem:224.56M (Peak 224.56M) | Time:00:00.61 | Mem:0.00M, Peak:0.00M | Scene, ViewLayer | Synchronizing object | ENV_leaf_590
Fra:590 Mem:224.57M (Peak 224.57M) | Time:00:00.61 | Mem:0.00M, Peak:0.00M | Scene, ViewLayer | Synchronizing object | ENV_leaf_589
Fra:590 Mem:224.57M (Peak 224.57M) | Time:00:00.61 | Mem:0.00M, Peak:0.00M | Scene, ViewLayer | Synchronizing object | ENV_leaf_588
Fra:590 Mem:224.57M (Peak 224.57M) | Time:00:00.61 | Mem:0.00M, Peak:0.00M | Scene, ViewLayer | Synchronizing object | ENV_leaf_587
Fra:590 Mem:224.58M (Peak 224.58M) | Time:00:00.61 | Mem:0.00M, Peak:0.00M | Scene, ViewLayer | Synchronizing object | ENV_leaf_586
Fra:590 Mem:224.58M (Peak 224.58M) | Time:00:00.61 | Mem:0.00M, Peak:0.00M | Scene, ViewLayer | Synchronizing object | ENV_leaf_585
Fra:590 Mem:224.59M (Peak 224.59M) | Time:00:00.61 | Mem:0.00M, Peak:0.00M | Scene, ViewLayer | Synchronizing object | ENV_leaf_584
Fra:590 Mem:224.59M (Peak 224.59M) | Time:00:00.61 | Mem:0.00M, Peak:0.00M | Scene, ViewLayer | Synchronizing object | ENV_leaf_583
Fra:590 Mem:224.59M (Peak 224.59M) | Time:00:00.61 | Mem:0.00M, Peak:0.00M | Scene, ViewLayer | Synchronizing object | ENV_leaf_582
Fra:590 Mem:224.60M (Peak 224.60M) | Time:00:00.61 | Mem:0.00M, Peak:0.00M | Scene, ViewLayer | Synchronizing object | ENV_leaf_581
Fra:590 Mem:224.60M (Peak 224.60M) | Time:00:00.61 | Mem:0.00M, Peak:0.00M | Scene, ViewLayer | Synchronizing object | ENV_leaf_580
Fra:590 Mem:224.61M (Peak 224.61M) | Time:00:00.61 | Mem:0.00M, Peak:0.00M | Scene, ViewLayer | Synchronizing object | ENV_leaf_579
Fra:590 Mem:224.61M (Peak 224.61M) | Time:00:00.61 | Mem:0.00M, Peak:0.00M | Scene, ViewLayer | Synchronizing object | ENV_leaf_578
Fra:590 Mem:224.61M (Peak 224.61M) | Time:00:00.61 | Mem:0.00M, Peak:0.00M | Scene, ViewLayer | Synchronizing object | ENV_leaf_577
Fra:590 Mem:224.62M (Peak 224.62M) | Time:00:00.61 | Mem:0.00M, Peak:0.00M | Scene, ViewLayer | Synchronizing object | ENV_leaf_576
Fra:590 Mem:224.62M (Peak 224.62M) | Time:00:00.61 | Mem:0.00M, Peak:0.00M | Scene, ViewLayer | Synchronizing object | ENV_leaf_575
Fra:590 Mem:224.63M (Peak 224.63M) | Time:00:00.61 | Mem:0.00M, Peak:0.00M | Scene, ViewLayer | Synchronizing object | ENV_leaf_574
Fra:590 Mem:224.63M (Peak 224.63M) | Time:00:00.61 | Mem:0.00M, Peak:0.00M | Scene, ViewLayer | Synchronizing object | ENV_leaf_573
Fra:590 Mem:224.63M (Peak 224.63M) | Time:00:00.61 | Mem:0.00M, Peak:0.00M | Scene, ViewLayer | Synchronizing object | ENV_leaf_572
Fra:590 Mem:224.64M (Peak 224.64M) | Time:00:00.61 | Mem:0.00M, Peak:0.00M | Scene, ViewLayer | Synchronizing object | ENV_leaf_571
Fra:590 Mem:224.64M (Peak 224.64M) | Time:00:00.61 | Mem:0.00M, Peak:0.00M | Scene, ViewLayer | Synchronizing object | ENV_leaf_570
Fra:590 Mem:224.65M (Peak 224.65M) | Time:00:00.61 | Mem:0.00M, Peak:0.00M | Scene, ViewLayer | Synchronizing object | ENV_leaf_569
Fra:590 Mem:224.65M (Peak 224.65M) | Time:00:00.61 | Mem:0.00M, Peak:0.00M | Scene, ViewLayer | Synchronizing object | ENV_leaf_568
Fra:590 Mem:224.65M (Peak 224.65M) | Time:00:00.61 | Mem:0.00M, Peak:0.00M | Scene, ViewLayer | Synchronizing object | ENV_leaf_567
Fra:590 Mem:224.66M (Peak 224.66M) | Time:00:00.61 | Mem:0.00M, Peak:0.00M | Scene, ViewLayer | Synchronizing object | ENV_leaf_566
Fra:590 Mem:224.66M (Peak 224.66M) | Time:00:00.61 | Mem:0.00M, Peak:0.00M | Scene, ViewLayer | Synchronizing object | ENV_leaf_565
Fra:590 Mem:224.67M (Peak 224.67M) | Time:00:00.61 | Mem:0.00M, Peak:0.00M | Scene, ViewLayer | Synchronizing object | ENV_leaf_564
Fra:590 Mem:224.67M (Peak 224.67M) | Time:00:00.61 | Mem:0.00M, Peak:0.00M | Scene, ViewLayer | Synchronizing object | ENV_leaf_563
Fra:590 Mem:224.67M (Peak 224.67M) | Time:00:00.61 | Mem:0.00M, Peak:0.00M | Scene, ViewLayer | Synchronizing object | ENV_leaf_562
Fra:590 Mem:224.68M (Peak 224.68M) | Time:00:00.61 | Mem:0.00M, Peak:0.00M | Scene, ViewLayer | Synchronizing object | ENV_leaf_561
Fra:590 Mem:224.68M (Peak 224.68M) | Time:00:00.61 | Mem:0.00M, Peak:0.00M | Scene, ViewLayer | Synchronizing object | ENV_leaf_560
Fra:590 Mem:224.69M (Peak 224.69M) | Time:00:00.61 | Mem:0.00M, Peak:0.00M | Scene, ViewLayer | Synchronizing object | ENV_leaf_559
Fra:590 Mem:224.69M (Peak 224.69M) | Time:00:00.61 | Mem:0.00M, Peak:0.00M | Scene, ViewLayer | Synchronizing object | ENV_leaf_558
Fra:590 Mem:224.70M (Peak 224.70M) | Time:00:00.61 | Mem:0.00M, Peak:0.00M | Scene, ViewLayer | Synchronizing object | ENV_leaf_557
Fra:590 Mem:224.70M (Peak 224.70M) | Time:00:00.61 | Mem:0.00M, Peak:0.00M | Scene, ViewLayer | Synchronizing object | ENV_leaf_556
Fra:590 Mem:224.70M (Peak 224.70M) | Time:00:00.61 | Mem:0.00M, Peak:0.00M | Scene, ViewLayer | Synchronizing object | ENV_leaf_555
Fra:590 Mem:224.71M (Peak 224.71M) | Time:00:00.61 | Mem:0.00M, Peak:0.00M | Scene, ViewLayer | Synchronizing object | ENV_leaf_554
Fra:590 Mem:224.71M (Peak 224.71M) | Time:00:00.61 | Mem:0.00M, Peak:0.00M | Scene, ViewLayer | Synchronizing object | ENV_leaf_553
Fra:590 Mem:224.72M (Peak 224.72M) | Time:00:00.61 | Mem:0.00M, Peak:0.00M | Scene, ViewLayer | Synchronizing object | ENV_leaf_552
Fra:590 Mem:224.72M (Peak 224.72M) | Time:00:00.61 | Mem:0.00M, Peak:0.00M | Scene, ViewLayer | Synchronizing object | ENV_leaf_551
Fra:590 Mem:224.72M (Peak 224.72M) | Time:00:00.61 | Mem:0.00M, Peak:0.00M | Scene, ViewLayer | Synchronizing object | ENV_leaf_550
Fra:590 Mem:224.73M (Peak 224.73M) | Time:00:00.61 | Mem:0.00M, Peak:0.00M | Scene, ViewLayer | Synchronizing object | ENV_leaf_549
Fra:590 Mem:224.73M (Peak 224.73M) | Time:00:00.61 | Mem:0.00M, Peak:0.00M | Scene, ViewLayer | Synchronizing object | ENV_leaf_548
Fra:590 Mem:224.74M (Peak 224.74M) | Time:00:00.61 | Mem:0.00M, Peak:0.00M | Scene, ViewLayer | Synchronizing object | ENV_leaf_547
Fra:590 Mem:224.74M (Peak 224.74M) | Time:00:00.61 | Mem:0.00M, Peak:0.00M | Scene, ViewLayer | Synchronizing object | ENV_leaf_546
Fra:590 Mem:224.74M (Peak 224.74M) | Time:00:00.61 | Mem:0.00M, Peak:0.00M | Scene, ViewLayer | Synchronizing object | ENV_leaf_545
Fra:590 Mem:224.75M (Peak 224.75M) | Time:00:00.61 | Mem:0.00M, Peak:0.00M | Scene, ViewLayer | Synchronizing object | ENV_leaf_544
Fra:590 Mem:224.75M (Peak 224.75M) | Time:00:00.61 | Mem:0.00M, Peak:0.00M | Scene, ViewLayer | Synchronizing object | ENV_leaf_543
Fra:590 Mem:224.76M (Peak 224.76M) | Time:00:00.61 | Mem:0.00M, Peak:0.00M | Scene, ViewLayer | Synchronizing object | ENV_leaf_542
Fra:590 Mem:224.76M (Peak 224.76M) | Time:00:00.61 | Mem:0.00M, Peak:0.00M | Scene, ViewLayer | Synchronizing object | ENV_leaf_541
Fra:590 Mem:224.76M (Peak 224.76M) | Time:00:00.61 | Mem:0.00M, Peak:0.00M | Scene, ViewLayer | Synchronizing object | ENV_leaf_540
Fra:590 Mem:224.77M (Peak 224.77M) | Time:00:00.61 | Mem:0.00M, Peak:0.00M | Scene, ViewLayer | Synchronizing object | ENV_leaf_539
Fra:590 Mem:224.77M (Peak 224.77M) | Time:00:00.61 | Mem:0.00M, Peak:0.00M | Scene, ViewLayer | Synchronizing object | ENV_leaf_538
Fra:590 Mem:224.78M (Peak 224.78M) | Time:00:00.61 | Mem:0.00M, Peak:0.00M | Scene, ViewLayer | Synchronizing object | ENV_leaf_537
Fra:590 Mem:224.78M (Peak 224.78M) | Time:00:00.61 | Mem:0.00M, Peak:0.00M | Scene, ViewLayer | Synchronizing object | ENV_leaf_536
Fra:590 Mem:224.78M (Peak 224.78M) | Time:00:00.61 | Mem:0.00M, Peak:0.00M | Scene, ViewLayer | Synchronizing object | ENV_leaf_535
Fra:590 Mem:224.79M (Peak 224.79M) | Time:00:00.61 | Mem:0.00M, Peak:0.00M | Scene, ViewLayer | Synchronizing object | ENV_leaf_534
Fra:590 Mem:224.79M (Peak 224.79M) | Time:00:00.61 | Mem:0.00M, Peak:0.00M | Scene, ViewLayer | Synchronizing object | ENV_leaf_533
Fra:590 Mem:224.80M (Peak 224.80M) | Time:00:00.61 | Mem:0.00M, Peak:0.00M | Scene, ViewLayer | Synchronizing object | ENV_leaf_532
Fra:590 Mem:224.80M (Peak 224.80M) | Time:00:00.61 | Mem:0.00M, Peak:0.00M | Scene, ViewLayer | Synchronizing object | ENV_leaf_531
Fra:590 Mem:224.80M (Peak 224.80M) | Time:00:00.61 | Mem:0.00M, Peak:0.00M | Scene, ViewLayer | Synchronizing object | ENV_leaf_530
Fra:590 Mem:224.81M (Peak 224.81M) | Time:00:00.61 | Mem:0.00M, Peak:0.00M | Scene, ViewLayer | Synchronizing object | ENV_leaf_529
Fra:590 Mem:224.81M (Peak 224.81M) | Time:00:00.61 | Mem:0.00M, Peak:0.00M | Scene, ViewLayer | Synchronizing object | ENV_leaf_528
Fra:590 Mem:224.82M (Peak 224.82M) | Time:00:00.61 | Mem:0.00M, Peak:0.00M | Scene, ViewLayer | Synchronizing object | ENV_leaf_527
Fra:590 Mem:224.82M (Peak 224.82M) | Time:00:00.61 | Mem:0.00M, Peak:0.00M | Scene, ViewLayer | Synchronizing object | ENV_leaf_525
Fra:590 Mem:224.82M (Peak 224.82M) | Time:00:00.61 | Mem:0.00M, Peak:0.00M | Scene, ViewLayer | Synchronizing object | ENV_leaf_524
Fra:590 Mem:224.83M (Peak 224.83M) | Time:00:00.61 | Mem:0.00M, Peak:0.00M | Scene, ViewLayer | Synchronizing object | ENV_leaf_523
Fra:590 Mem:224.83M (Peak 224.83M) | Time:00:00.61 | Mem:0.00M, Peak:0.00M | Scene, ViewLayer | Synchronizing object | ENV_leaf_522
Fra:590 Mem:224.84M (Peak 224.84M) | Time:00:00.61 | Mem:0.00M, Peak:0.00M | Scene, ViewLayer | Synchronizing object | ENV_leaf_521
Fra:590 Mem:224.84M (Peak 224.84M) | Time:00:00.61 | Mem:0.00M, Peak:0.00M | Scene, ViewLayer | Synchronizing object | ENV_leaf_520
Fra:590 Mem:224.84M (Peak 224.84M) | Time:00:00.61 | Mem:0.00M, Peak:0.00M | Scene, ViewLayer | Synchronizing object | ENV_leaf_519
Fra:590 Mem:224.85M (Peak 224.85M) | Time:00:00.61 | Mem:0.00M, Peak:0.00M | Scene, ViewLayer | Synchronizing object | ENV_leaf_518
Fra:590 Mem:224.85M (Peak 224.85M) | Time:00:00.61 | Mem:0.00M, Peak:0.00M | Scene, ViewLayer | Synchronizing object | ENV_leaf_517
Fra:590 Mem:224.86M (Peak 224.86M) | Time:00:00.61 | Mem:0.00M, Peak:0.00M | Scene, ViewLayer | Synchronizing object | ENV_leaf_516
Fra:590 Mem:224.86M (Peak 224.86M) | Time:00:00.61 | Mem:0.00M, Peak:0.00M | Scene, ViewLayer | Synchronizing object | ENV_leaf_515
Fra:590 Mem:224.86M (Peak 224.86M) | Time:00:00.61 | Mem:0.00M, Peak:0.00M | Scene, ViewLayer | Synchronizing object | ENV_leaf_514
Fra:590 Mem:224.87M (Peak 224.87M) | Time:00:00.61 | Mem:0.00M, Peak:0.00M | Scene, ViewLayer | Synchronizing object | ENV_leaf_513
Fra:590 Mem:224.87M (Peak 224.87M) | Time:00:00.61 | Mem:0.00M, Peak:0.00M | Scene, ViewLayer | Synchronizing object | ENV_leaf_512
Fra:590 Mem:224.88M (Peak 224.88M) | Time:00:00.61 | Mem:0.00M, Peak:0.00M | Scene, ViewLayer | Synchronizing object | ENV_leaf_511
Fra:590 Mem:224.88M (Peak 224.88M) | Time:00:00.61 | Mem:0.00M, Peak:0.00M | Scene, ViewLayer | Synchronizing object | ENV_leaf_510
Fra:590 Mem:224.89M (Peak 224.89M) | Time:00:00.61 | Mem:0.00M, Peak:0.00M | Scene, ViewLayer | Synchronizing object | ENV_leaf_509
Fra:590 Mem:224.89M (Peak 224.89M) | Time:00:00.61 | Mem:0.00M, Peak:0.00M | Scene, ViewLayer | Synchronizing object | ENV_leaf_508
Fra:590 Mem:224.89M (Peak 224.89M) | Time:00:00.61 | Mem:0.00M, Peak:0.00M | Scene, ViewLayer | Synchronizing object | ENV_leaf_507
Fra:590 Mem:224.90M (Peak 224.90M) | Time:00:00.61 | Mem:0.00M, Peak:0.00M | Scene, ViewLayer | Synchronizing object | ENV_leaf_506
Fra:590 Mem:224.90M (Peak 224.90M) | Time:00:00.61 | Mem:0.00M, Peak:0.00M | Scene, ViewLayer | Synchronizing object | ENV_leaf_505
Fra:590 Mem:224.91M (Peak 224.91M) | Time:00:00.61 | Mem:0.00M, Peak:0.00M | Scene, ViewLayer | Synchronizing object | ENV_leaf_504
Fra:590 Mem:224.91M (Peak 224.91M) | Time:00:00.61 | Mem:0.00M, Peak:0.00M | Scene, ViewLayer | Synchronizing object | ENV_leaf_503
Fra:590 Mem:224.91M (Peak 224.91M) | Time:00:00.61 | Mem:0.00M, Peak:0.00M | Scene, ViewLayer | Synchronizing object | ENV_leaf_502
Fra:590 Mem:224.92M (Peak 224.92M) | Time:00:00.61 | Mem:0.00M, Peak:0.00M | Scene, ViewLayer | Synchronizing object | ENV_leaf_501
Fra:590 Mem:224.92M (Peak 224.92M) | Time:00:00.61 | Mem:0.00M, Peak:0.00M | Scene, ViewLayer | Synchronizing object | ENV_leaf_500
Fra:590 Mem:224.93M (Peak 224.93M) | Time:00:00.61 | Mem:0.00M, Peak:0.00M | Scene, ViewLayer | Synchronizing object | ENV_leaf_499
Fra:590 Mem:224.93M (Peak 224.93M) | Time:00:00.61 | Mem:0.00M, Peak:0.00M | Scene, ViewLayer | Synchronizing object | ENV_leaf_498
Fra:590 Mem:224.93M (Peak 224.93M) | Time:00:00.61 | Mem:0.00M, Peak:0.00M | Scene, ViewLayer | Synchronizing object | ENV_leaf_497
Fra:590 Mem:224.94M (Peak 224.94M) | Time:00:00.61 | Mem:0.00M, Peak:0.00M | Scene, ViewLayer | Synchronizing object | ENV_leaf_496
Fra:590 Mem:224.94M (Peak 224.94M) | Time:00:00.61 | Mem:0.00M, Peak:0.00M | Scene, ViewLayer | Synchronizing object | ENV_leaf_495
Fra:590 Mem:224.95M (Peak 224.95M) | Time:00:00.61 | Mem:0.00M, Peak:0.00M | Scene, ViewLayer | Synchronizing object | ENV_leaf_494
Fra:590 Mem:224.95M (Peak 224.95M) | Time:00:00.61 | Mem:0.00M, Peak:0.00M | Scene, ViewLayer | Synchronizing object | ENV_leaf_493
Fra:590 Mem:224.95M (Peak 224.95M) | Time:00:00.61 | Mem:0.00M, Peak:0.00M | Scene, ViewLayer | Synchronizing object | ENV_leaf_492
Fra:590 Mem:224.96M (Peak 224.96M) | Time:00:00.61 | Mem:0.00M, Peak:0.00M | Scene, ViewLayer | Synchronizing object | ENV_leaf_491
Fra:590 Mem:224.96M (Peak 224.96M) | Time:00:00.61 | Mem:0.00M, Peak:0.00M | Scene, ViewLayer | Synchronizing object | ENV_leaf_490
Fra:590 Mem:224.97M (Peak 224.97M) | Time:00:00.61 | Mem:0.00M, Peak:0.00M | Scene, ViewLayer | Synchronizing object | ENV_leaf_489
Fra:590 Mem:224.97M (Peak 224.97M) | Time:00:00.61 | Mem:0.00M, Peak:0.00M | Scene, ViewLayer | Synchronizing object | ENV_leaf_488
Fra:590 Mem:224.97M (Peak 224.97M) | Time:00:00.61 | Mem:0.00M, Peak:0.00M | Scene, ViewLayer | Synchronizing object | ENV_leaf_487
Fra:590 Mem:224.98M (Peak 224.98M) | Time:00:00.61 | Mem:0.00M, Peak:0.00M | Scene, ViewLayer | Synchronizing object | ENV_leaf_486
Fra:590 Mem:224.98M (Peak 224.98M) | Time:00:00.61 | Mem:0.00M, Peak:0.00M | Scene, ViewLayer | Synchronizing object | ENV_leaf_485
Fra:590 Mem:224.99M (Peak 224.99M) | Time:00:00.61 | Mem:0.00M, Peak:0.00M | Scene, ViewLayer | Synchronizing object | ENV_leaf_484
Fra:590 Mem:224.99M (Peak 224.99M) | Time:00:00.61 | Mem:0.00M, Peak:0.00M | Scene, ViewLayer | Synchronizing object | ENV_leaf_483
Fra:590 Mem:224.99M (Peak 224.99M) | Time:00:00.61 | Mem:0.00M, Peak:0.00M | Scene, ViewLayer | Synchronizing object | ENV_leaf_482
Fra:590 Mem:225.00M (Peak 225.00M) | Time:00:00.61 | Mem:0.00M, Peak:0.00M | Scene, ViewLayer | Synchronizing object | ENV_leaf_481
Fra:590 Mem:225.00M (Peak 225.00M) | Time:00:00.61 | Mem:0.00M, Peak:0.00M | Scene, ViewLayer | Synchronizing object | ENV_leaf_480
Fra:590 Mem:225.01M (Peak 225.01M) | Time:00:00.61 | Mem:0.00M, Peak:0.00M | Scene, ViewLayer | Synchronizing object | ENV_leaf_479
Fra:590 Mem:225.01M (Peak 225.01M) | Time:00:00.61 | Mem:0.00M, Peak:0.00M | Scene, ViewLayer | Synchronizing object | ENV_leaf_478
Fra:590 Mem:225.01M (Peak 225.01M) | Time:00:00.62 | Mem:0.00M, Peak:0.00M | Scene, ViewLayer | Synchronizing object | ENV_leaf_477
Fra:590 Mem:225.02M (Peak 225.02M) | Time:00:00.62 | Mem:0.00M, Peak:0.00M | Scene, ViewLayer | Synchronizing object | ENV_leaf_476
Fra:590 Mem:225.02M (Peak 225.02M) | Time:00:00.62 | Mem:0.00M, Peak:0.00M | Scene, ViewLayer | Synchronizing object | ENV_leaf_475
Fra:590 Mem:225.03M (Peak 225.03M) | Time:00:00.62 | Mem:0.00M, Peak:0.00M | Scene, ViewLayer | Synchronizing object | ENV_leaf_474
Fra:590 Mem:225.03M (Peak 225.03M) | Time:00:00.62 | Mem:0.00M, Peak:0.00M | Scene, ViewLayer | Synchronizing object | ENV_leaf_473
Fra:590 Mem:225.03M (Peak 225.03M) | Time:00:00.62 | Mem:0.00M, Peak:0.00M | Scene, ViewLayer | Synchronizing object | ENV_leaf_472
Fra:590 Mem:225.04M (Peak 225.04M) | Time:00:00.62 | Mem:0.00M, Peak:0.00M | Scene, ViewLayer | Synchronizing object | ENV_leaf_471
Fra:590 Mem:225.04M (Peak 225.04M) | Time:00:00.62 | Mem:0.00M, Peak:0.00M | Scene, ViewLayer | Synchronizing object | ENV_leaf_470
Fra:590 Mem:225.05M (Peak 225.05M) | Time:00:00.62 | Mem:0.00M, Peak:0.00M | Scene, ViewLayer | Synchronizing object | ENV_leaf_468
Fra:590 Mem:225.05M (Peak 225.05M) | Time:00:00.62 | Mem:0.00M, Peak:0.00M | Scene, ViewLayer | Synchronizing object | ENV_leaf_467
Fra:590 Mem:225.06M (Peak 225.06M) | Time:00:00.62 | Mem:0.00M, Peak:0.00M | Scene, ViewLayer | Synchronizing object | ENV_leaf_466
Fra:590 Mem:225.06M (Peak 225.06M) | Time:00:00.62 | Mem:0.00M, Peak:0.00M | Scene, ViewLayer | Synchronizing object | ENV_leaf_465
Fra:590 Mem:225.06M (Peak 225.06M) | Time:00:00.62 | Mem:0.00M, Peak:0.00M | Scene, ViewLayer | Synchronizing object | ENV_leaf_464
Fra:590 Mem:225.07M (Peak 225.07M) | Time:00:00.62 | Mem:0.00M, Peak:0.00M | Scene, ViewLayer | Synchronizing object | ENV_leaf_463
Fra:590 Mem:225.07M (Peak 225.07M) | Time:00:00.62 | Mem:0.00M, Peak:0.00M | Scene, ViewLayer | Synchronizing object | ENV_leaf_462
Fra:590 Mem:225.08M (Peak 225.08M) | Time:00:00.62 | Mem:0.00M, Peak:0.00M | Scene, ViewLayer | Synchronizing object | ENV_leaf_461
Fra:590 Mem:225.08M (Peak 225.08M) | Time:00:00.62 | Mem:0.00M, Peak:0.00M | Scene, ViewLayer | Synchronizing object | ENV_leaf_460
Fra:590 Mem:225.08M (Peak 225.08M) | Time:00:00.62 | Mem:0.00M, Peak:0.00M | Scene, ViewLayer | Synchronizing object | ENV_leaf_459
Fra:590 Mem:225.09M (Peak 225.09M) | Time:00:00.62 | Mem:0.00M, Peak:0.00M | Scene, ViewLayer | Synchronizing object | ENV_leaf_458
Fra:590 Mem:225.09M (Peak 225.09M) | Time:00:00.62 | Mem:0.00M, Peak:0.00M | Scene, ViewLayer | Synchronizing object | ENV_leaf_457
Fra:590 Mem:225.10M (Peak 225.10M) | Time:00:00.62 | Mem:0.00M, Peak:0.00M | Scene, ViewLayer | Synchronizing object | ENV_leaf_456
Fra:590 Mem:225.10M (Peak 225.10M) | Time:00:00.62 | Mem:0.00M, Peak:0.00M | Scene, ViewLayer | Synchronizing object | ENV_leaf_455
Fra:590 Mem:225.10M (Peak 225.10M) | Time:00:00.62 | Mem:0.00M, Peak:0.00M | Scene, ViewLayer | Synchronizing object | ENV_leaf_454
Fra:590 Mem:225.11M (Peak 225.11M) | Time:00:00.62 | Mem:0.00M, Peak:0.00M | Scene, ViewLayer | Synchronizing object | ENV_leaf_453
Fra:590 Mem:225.11M (Peak 225.11M) | Time:00:00.62 | Mem:0.00M, Peak:0.00M | Scene, ViewLayer | Synchronizing object | ENV_leaf_452
Fra:590 Mem:225.12M (Peak 225.12M) | Time:00:00.62 | Mem:0.00M, Peak:0.00M | Scene, ViewLayer | Synchronizing object | ENV_leaf_451
Fra:590 Mem:225.12M (Peak 225.12M) | Time:00:00.62 | Mem:0.00M, Peak:0.00M | Scene, ViewLayer | Synchronizing object | ENV_leaf_450
Fra:590 Mem:225.12M (Peak 225.12M) | Time:00:00.62 | Mem:0.00M, Peak:0.00M | Scene, ViewLayer | Synchronizing object | ENV_leaf_449
Fra:590 Mem:225.13M (Peak 225.13M) | Time:00:00.62 | Mem:0.00M, Peak:0.00M | Scene, ViewLayer | Synchronizing object | ENV_leaf_448
Fra:590 Mem:225.13M (Peak 225.13M) | Time:00:00.62 | Mem:0.00M, Peak:0.00M | Scene, ViewLayer | Synchronizing object | ENV_leaf_447
Fra:590 Mem:225.14M (Peak 225.14M) | Time:00:00.62 | Mem:0.00M, Peak:0.00M | Scene, ViewLayer | Synchronizing object | ENV_leaf_446
Fra:590 Mem:225.14M (Peak 225.14M) | Time:00:00.62 | Mem:0.00M, Peak:0.00M | Scene, ViewLayer | Synchronizing object | ENV_leaf_445
Fra:590 Mem:225.14M (Peak 225.14M) | Time:00:00.62 | Mem:0.00M, Peak:0.00M | Scene, ViewLayer | Synchronizing object | ENV_leaf_444
Fra:590 Mem:225.15M (Peak 225.15M) | Time:00:00.62 | Mem:0.00M, Peak:0.00M | Scene, ViewLayer | Synchronizing object | ENV_leaf_443
Fra:590 Mem:225.15M (Peak 225.15M) | Time:00:00.62 | Mem:0.00M, Peak:0.00M | Scene, ViewLayer | Synchronizing object | ENV_leaf_442
Fra:590 Mem:225.16M (Peak 225.16M) | Time:00:00.62 | Mem:0.00M, Peak:0.00M | Scene, ViewLayer | Synchronizing object | ENV_leaf_441
Fra:590 Mem:225.16M (Peak 225.16M) | Time:00:00.62 | Mem:0.00M, Peak:0.00M | Scene, ViewLayer | Synchronizing object | ENV_leaf_440
Fra:590 Mem:225.16M (Peak 225.16M) | Time:00:00.62 | Mem:0.00M, Peak:0.00M | Scene, ViewLayer | Synchronizing object | ENV_leaf_439
Fra:590 Mem:225.17M (Peak 225.17M) | Time:00:00.62 | Mem:0.00M, Peak:0.00M | Scene, ViewLayer | Synchronizing object | ENV_leaf_438
Fra:590 Mem:225.17M (Peak 225.17M) | Time:00:00.62 | Mem:0.00M, Peak:0.00M | Scene, ViewLayer | Synchronizing object | ENV_leaf_437
Fra:590 Mem:225.18M (Peak 225.18M) | Time:00:00.62 | Mem:0.00M, Peak:0.00M | Scene, ViewLayer | Synchronizing object | ENV_leaf_436
Fra:590 Mem:225.18M (Peak 225.18M) | Time:00:00.62 | Mem:0.00M, Peak:0.00M | Scene, ViewLayer | Synchronizing object | ENV_leaf_435
Fra:590 Mem:225.18M (Peak 225.18M) | Time:00:00.62 | Mem:0.00M, Peak:0.00M | Scene, ViewLayer | Synchronizing object | ENV_leaf_434
Fra:590 Mem:225.19M (Peak 225.19M) | Time:00:00.62 | Mem:0.00M, Peak:0.00M | Scene, ViewLayer | Synchronizing object | ENV_leaf_433
Fra:590 Mem:225.19M (Peak 225.19M) | Time:00:00.62 | Mem:0.00M, Peak:0.00M | Scene, ViewLayer | Synchronizing object | ENV_leaf_432
Fra:590 Mem:225.20M (Peak 225.20M) | Time:00:00.62 | Mem:0.00M, Peak:0.00M | Scene, ViewLayer | Synchronizing object | ENV_leaf_431
Fra:590 Mem:225.20M (Peak 225.20M) | Time:00:00.62 | Mem:0.00M, Peak:0.00M | Scene, ViewLayer | Synchronizing object | ENV_leaf_430
Fra:590 Mem:225.20M (Peak 225.20M) | Time:00:00.62 | Mem:0.00M, Peak:0.00M | Scene, ViewLayer | Synchronizing object | ENV_leaf_429
Fra:590 Mem:225.21M (Peak 225.21M) | Time:00:00.62 | Mem:0.00M, Peak:0.00M | Scene, ViewLayer | Synchronizing object | ENV_leaf_428
Fra:590 Mem:225.21M (Peak 225.21M) | Time:00:00.62 | Mem:0.00M, Peak:0.00M | Scene, ViewLayer | Synchronizing object | ENV_leaf_427
Fra:590 Mem:225.22M (Peak 225.22M) | Time:00:00.62 | Mem:0.00M, Peak:0.00M | Scene, ViewLayer | Synchronizing object | ENV_leaf_426
Fra:590 Mem:225.22M (Peak 225.22M) | Time:00:00.62 | Mem:0.00M, Peak:0.00M | Scene, ViewLayer | Synchronizing object | ENV_leaf_425
Fra:590 Mem:225.22M (Peak 225.22M) | Time:00:00.62 | Mem:0.00M, Peak:0.00M | Scene, ViewLayer | Synchronizing object | ENV_leaf_424
Fra:590 Mem:225.23M (Peak 225.23M) | Time:00:00.62 | Mem:0.00M, Peak:0.00M | Scene, ViewLayer | Synchronizing object | ENV_leaf_423
Fra:590 Mem:225.23M (Peak 225.23M) | Time:00:00.62 | Mem:0.00M, Peak:0.00M | Scene, ViewLayer | Synchronizing object | ENV_leaf_422
Fra:590 Mem:225.24M (Peak 225.24M) | Time:00:00.62 | Mem:0.00M, Peak:0.00M | Scene, ViewLayer | Synchronizing object | ENV_leaf_421
Fra:590 Mem:225.24M (Peak 225.24M) | Time:00:00.62 | Mem:0.00M, Peak:0.00M | Scene, ViewLayer | Synchronizing object | ENV_leaf_420
Fra:590 Mem:225.25M (Peak 225.25M) | Time:00:00.62 | Mem:0.00M, Peak:0.00M | Scene, ViewLayer | Synchronizing object | ENV_leaf_419
Fra:590 Mem:225.25M (Peak 225.25M) | Time:00:00.62 | Mem:0.00M, Peak:0.00M | Scene, ViewLayer | Synchronizing object | ENV_leaf_418
Fra:590 Mem:225.25M (Peak 225.25M) | Time:00:00.62 | Mem:0.00M, Peak:0.00M | Scene, ViewLayer | Synchronizing object | ENV_leaf_417
Fra:590 Mem:225.26M (Peak 225.26M) | Time:00:00.62 | Mem:0.00M, Peak:0.00M | Scene, ViewLayer | Synchronizing object | ENV_leaf_416
Fra:590 Mem:225.26M (Peak 225.26M) | Time:00:00.62 | Mem:0.00M, Peak:0.00M | Scene, ViewLayer | Synchronizing object | ENV_leaf_415
Fra:590 Mem:225.27M (Peak 225.27M) | Time:00:00.62 | Mem:0.00M, Peak:0.00M | Scene, ViewLayer | Synchronizing object | ENV_leaf_414
Fra:590 Mem:225.27M (Peak 225.27M) | Time:00:00.62 | Mem:0.00M, Peak:0.00M | Scene, ViewLayer | Synchronizing object | ENV_leaf_413
Fra:590 Mem:225.27M (Peak 225.27M) | Time:00:00.62 | Mem:0.00M, Peak:0.00M | Scene, ViewLayer | Synchronizing object | ENV_leaf_412
Fra:590 Mem:225.28M (Peak 225.28M) | Time:00:00.62 | Mem:0.00M, Peak:0.00M | Scene, ViewLayer | Synchronizing object | ENV_leaf_411
Fra:590 Mem:225.28M (Peak 225.28M) | Time:00:00.62 | Mem:0.00M, Peak:0.00M | Scene, ViewLayer | Synchronizing object | ENV_leaf_410
Fra:590 Mem:225.29M (Peak 225.29M) | Time:00:00.62 | Mem:0.00M, Peak:0.00M | Scene, ViewLayer | Synchronizing object | ENV_leaf_409
Fra:590 Mem:225.29M (Peak 225.29M) | Time:00:00.62 | Mem:0.00M, Peak:0.00M | Scene, ViewLayer | Synchronizing object | ENV_leaf_407
Fra:590 Mem:225.29M (Peak 225.29M) | Time:00:00.62 | Mem:0.00M, Peak:0.00M | Scene, ViewLayer | Synchronizing object | ENV_leaf_406
Fra:590 Mem:225.30M (Peak 225.30M) | Time:00:00.62 | Mem:0.00M, Peak:0.00M | Scene, ViewLayer | Synchronizing object | ENV_leaf_405
Fra:590 Mem:225.30M (Peak 225.30M) | Time:00:00.62 | Mem:0.00M, Peak:0.00M | Scene, ViewLayer | Synchronizing object | ENV_leaf_404
Fra:590 Mem:225.31M (Peak 225.31M) | Time:00:00.62 | Mem:0.00M, Peak:0.00M | Scene, ViewLayer | Synchronizing object | ENV_leaf_403
Fra:590 Mem:225.31M (Peak 225.31M) | Time:00:00.62 | Mem:0.00M, Peak:0.00M | Scene, ViewLayer | Synchronizing object | ENV_leaf_402
Fra:590 Mem:225.31M (Peak 225.31M) | Time:00:00.62 | Mem:0.00M, Peak:0.00M | Scene, ViewLayer | Synchronizing object | ENV_leaf_401
Fra:590 Mem:225.32M (Peak 225.32M) | Time:00:00.62 | Mem:0.00M, Peak:0.00M | Scene, ViewLayer | Synchronizing object | ENV_leaf_400
Fra:590 Mem:225.32M (Peak 225.32M) | Time:00:00.62 | Mem:0.00M, Peak:0.00M | Scene, ViewLayer | Synchronizing object | ENV_leaf_399
Fra:590 Mem:225.33M (Peak 225.33M) | Time:00:00.62 | Mem:0.00M, Peak:0.00M | Scene, ViewLayer | Synchronizing object | ENV_leaf_398
Fra:590 Mem:225.33M (Peak 225.33M) | Time:00:00.62 | Mem:0.00M, Peak:0.00M | Scene, ViewLayer | Synchronizing object | ENV_leaf_397
Fra:590 Mem:225.33M (Peak 225.33M) | Time:00:00.62 | Mem:0.00M, Peak:0.00M | Scene, ViewLayer | Synchronizing object | ENV_leaf_396
Fra:590 Mem:225.34M (Peak 225.34M) | Time:00:00.62 | Mem:0.00M, Peak:0.00M | Scene, ViewLayer | Synchronizing object | ENV_leaf_395
Fra:590 Mem:225.34M (Peak 225.34M) | Time:00:00.62 | Mem:0.00M, Peak:0.00M | Scene, ViewLayer | Synchronizing object | ENV_leaf_394
Fra:590 Mem:225.35M (Peak 225.35M) | Time:00:00.62 | Mem:0.00M, Peak:0.00M | Scene, ViewLayer | Synchronizing object | ENV_leaf_393
Fra:590 Mem:225.35M (Peak 225.35M) | Time:00:00.62 | Mem:0.00M, Peak:0.00M | Scene, ViewLayer | Synchronizing object | ENV_leaf_392
Fra:590 Mem:225.35M (Peak 225.35M) | Time:00:00.62 | Mem:0.00M, Peak:0.00M | Scene, ViewLayer | Synchronizing object | ENV_leaf_391
Fra:590 Mem:225.36M (Peak 225.36M) | Time:00:00.62 | Mem:0.00M, Peak:0.00M | Scene, ViewLayer | Synchronizing object | ENV_leaf_390
Fra:590 Mem:225.36M (Peak 225.36M) | Time:00:00.62 | Mem:0.00M, Peak:0.00M | Scene, ViewLayer | Synchronizing object | ENV_leaf_389
Fra:590 Mem:225.37M (Peak 225.37M) | Time:00:00.62 | Mem:0.00M, Peak:0.00M | Scene, ViewLayer | Synchronizing object | ENV_leaf_388
Fra:590 Mem:225.37M (Peak 225.37M) | Time:00:00.62 | Mem:0.00M, Peak:0.00M | Scene, ViewLayer | Synchronizing object | ENV_leaf_387
Fra:590 Mem:225.37M (Peak 225.37M) | Time:00:00.62 | Mem:0.00M, Peak:0.00M | Scene, ViewLayer | Synchronizing object | ENV_leaf_386
Fra:590 Mem:225.38M (Peak 225.38M) | Time:00:00.62 | Mem:0.00M, Peak:0.00M | Scene, ViewLayer | Synchronizing object | ENV_leaf_385
Fra:590 Mem:225.38M (Peak 225.38M) | Time:00:00.62 | Mem:0.00M, Peak:0.00M | Scene, ViewLayer | Synchronizing object | ENV_leaf_384
Fra:590 Mem:225.39M (Peak 225.39M) | Time:00:00.62 | Mem:0.00M, Peak:0.00M | Scene, ViewLayer | Synchronizing object | ENV_leaf_383
Fra:590 Mem:225.39M (Peak 225.39M) | Time:00:00.62 | Mem:0.00M, Peak:0.00M | Scene, ViewLayer | Synchronizing object | ENV_leaf_382
Fra:590 Mem:225.39M (Peak 225.39M) | Time:00:00.62 | Mem:0.00M, Peak:0.00M | Scene, ViewLayer | Synchronizing object | ENV_leaf_381
Fra:590 Mem:225.40M (Peak 225.40M) | Time:00:00.62 | Mem:0.00M, Peak:0.00M | Scene, ViewLayer | Synchronizing object | ENV_leaf_380
Fra:590 Mem:225.40M (Peak 225.40M) | Time:00:00.62 | Mem:0.00M, Peak:0.00M | Scene, ViewLayer | Synchronizing object | ENV_leaf_379
Fra:590 Mem:225.41M (Peak 225.41M) | Time:00:00.62 | Mem:0.00M, Peak:0.00M | Scene, ViewLayer | Synchronizing object | ENV_leaf_378
Fra:590 Mem:225.41M (Peak 225.41M) | Time:00:00.62 | Mem:0.00M, Peak:0.00M | Scene, ViewLayer | Synchronizing object | ENV_leaf_377
Fra:590 Mem:225.41M (Peak 225.41M) | Time:00:00.62 | Mem:0.00M, Peak:0.00M | Scene, ViewLayer | Synchronizing object | ENV_leaf_376
Fra:590 Mem:225.42M (Peak 225.42M) | Time:00:00.62 | Mem:0.00M, Peak:0.00M | Scene, ViewLayer | Synchronizing object | ENV_leaf_375
Fra:590 Mem:225.42M (Peak 225.42M) | Time:00:00.62 | Mem:0.00M, Peak:0.00M | Scene, ViewLayer | Synchronizing object | ENV_leaf_374
Fra:590 Mem:225.43M (Peak 225.43M) | Time:00:00.62 | Mem:0.00M, Peak:0.00M | Scene, ViewLayer | Synchronizing object | ENV_leaf_373
Fra:590 Mem:225.43M (Peak 225.43M) | Time:00:00.62 | Mem:0.00M, Peak:0.00M | Scene, ViewLayer | Synchronizing object | ENV_leaf_372
Fra:590 Mem:225.44M (Peak 225.44M) | Time:00:00.62 | Mem:0.00M, Peak:0.00M | Scene, ViewLayer | Synchronizing object | ENV_leaf_371
Fra:590 Mem:225.44M (Peak 225.44M) | Time:00:00.62 | Mem:0.00M, Peak:0.00M | Scene, ViewLayer | Synchronizing object | ENV_leaf_370
Fra:590 Mem:225.44M (Peak 225.44M) | Time:00:00.62 | Mem:0.00M, Peak:0.00M | Scene, ViewLayer | Synchronizing object | ENV_leaf_369
Fra:590 Mem:225.45M (Peak 225.45M) | Time:00:00.62 | Mem:0.00M, Peak:0.00M | Scene, ViewLayer | Synchronizing object | ENV_leaf_368
Fra:590 Mem:225.45M (Peak 225.45M) | Time:00:00.62 | Mem:0.00M, Peak:0.00M | Scene, ViewLayer | Synchronizing object | ENV_leaf_367
Fra:590 Mem:225.46M (Peak 225.46M) | Time:00:00.62 | Mem:0.00M, Peak:0.00M | Scene, ViewLayer | Synchronizing object | ENV_leaf_366
Fra:590 Mem:225.46M (Peak 225.46M) | Time:00:00.62 | Mem:0.00M, Peak:0.00M | Scene, ViewLayer | Synchronizing object | ENV_leaf_365
Fra:590 Mem:225.46M (Peak 225.46M) | Time:00:00.62 | Mem:0.00M, Peak:0.00M | Scene, ViewLayer | Synchronizing object | ENV_leaf_364
Fra:590 Mem:225.47M (Peak 225.47M) | Time:00:00.62 | Mem:0.00M, Peak:0.00M | Scene, ViewLayer | Synchronizing object | ENV_leaf_363
Fra:590 Mem:225.47M (Peak 225.47M) | Time:00:00.62 | Mem:0.00M, Peak:0.00M | Scene, ViewLayer | Synchronizing object | ENV_leaf_362
Fra:590 Mem:225.48M (Peak 225.48M) | Time:00:00.62 | Mem:0.00M, Peak:0.00M | Scene, ViewLayer | Synchronizing object | ENV_leaf_361
Fra:590 Mem:225.48M (Peak 225.48M) | Time:00:00.62 | Mem:0.00M, Peak:0.00M | Scene, ViewLayer | Synchronizing object | ENV_leaf_360
Fra:590 Mem:225.48M (Peak 225.48M) | Time:00:00.62 | Mem:0.00M, Peak:0.00M | Scene, ViewLayer | Synchronizing object | ENV_leaf_359
Fra:590 Mem:225.49M (Peak 225.49M) | Time:00:00.62 | Mem:0.00M, Peak:0.00M | Scene, ViewLayer | Synchronizing object | ENV_leaf_358
Fra:590 Mem:225.49M (Peak 225.49M) | Time:00:00.62 | Mem:0.00M, Peak:0.00M | Scene, ViewLayer | Synchronizing object | ENV_leaf_357
Fra:590 Mem:225.50M (Peak 225.50M) | Time:00:00.62 | Mem:0.00M, Peak:0.00M | Scene, ViewLayer | Synchronizing object | ENV_leaf_356
Fra:590 Mem:225.50M (Peak 225.50M) | Time:00:00.62 | Mem:0.00M, Peak:0.00M | Scene, ViewLayer | Synchronizing object | ENV_leaf_355
Fra:590 Mem:225.50M (Peak 225.50M) | Time:00:00.62 | Mem:0.00M, Peak:0.00M | Scene, ViewLayer | Synchronizing object | ENV_leaf_354
Fra:590 Mem:225.51M (Peak 225.51M) | Time:00:00.62 | Mem:0.00M, Peak:0.00M | Scene, ViewLayer | Synchronizing object | ENV_leaf_353
Fra:590 Mem:225.51M (Peak 225.51M) | Time:00:00.62 | Mem:0.00M, Peak:0.00M | Scene, ViewLayer | Synchronizing object | ENV_leaf_352
Fra:590 Mem:225.52M (Peak 225.52M) | Time:00:00.62 | Mem:0.00M, Peak:0.00M | Scene, ViewLayer | Synchronizing object | ENV_leaf_351
Fra:590 Mem:225.52M (Peak 225.52M) | Time:00:00.62 | Mem:0.00M, Peak:0.00M | Scene, ViewLayer | Synchronizing object | ENV_leaf_350
Fra:590 Mem:225.52M (Peak 225.52M) | Time:00:00.62 | Mem:0.00M, Peak:0.00M | Scene, ViewLayer | Synchronizing object | ENV_leaf_349
Fra:590 Mem:225.53M (Peak 225.53M) | Time:00:00.62 | Mem:0.00M, Peak:0.00M | Scene, ViewLayer | Synchronizing object | ENV_leaf_348
Fra:590 Mem:225.53M (Peak 225.53M) | Time:00:00.62 | Mem:0.00M, Peak:0.00M | Scene, ViewLayer | Synchronizing object | ENV_leaf_347
Fra:590 Mem:225.54M (Peak 225.54M) | Time:00:00.62 | Mem:0.00M, Peak:0.00M | Scene, ViewLayer | Synchronizing object | ENV_leaf_346
Fra:590 Mem:225.54M (Peak 225.54M) | Time:00:00.62 | Mem:0.00M, Peak:0.00M | Scene, ViewLayer | Synchronizing object | ENV_leaf_345
Fra:590 Mem:225.54M (Peak 225.54M) | Time:00:00.62 | Mem:0.00M, Peak:0.00M | Scene, ViewLayer | Synchronizing object | ENV_leaf_344
Fra:590 Mem:225.55M (Peak 225.55M) | Time:00:00.62 | Mem:0.00M, Peak:0.00M | Scene, ViewLayer | Synchronizing object | ENV_leaf_343
Fra:590 Mem:225.55M (Peak 225.55M) | Time:00:00.62 | Mem:0.00M, Peak:0.00M | Scene, ViewLayer | Synchronizing object | ENV_leaf_342
Fra:590 Mem:225.56M (Peak 225.56M) | Time:00:00.62 | Mem:0.00M, Peak:0.00M | Scene, ViewLayer | Synchronizing object | ENV_leaf_341
Fra:590 Mem:225.56M (Peak 225.56M) | Time:00:00.62 | Mem:0.00M, Peak:0.00M | Scene, ViewLayer | Synchronizing object | ENV_leaf_340
Fra:590 Mem:225.56M (Peak 225.56M) | Time:00:00.62 | Mem:0.00M, Peak:0.00M | Scene, ViewLayer | Synchronizing object | ENV_leaf_339
Fra:590 Mem:225.57M (Peak 225.57M) | Time:00:00.62 | Mem:0.00M, Peak:0.00M | Scene, ViewLayer | Synchronizing object | ENV_leaf_338
Fra:590 Mem:225.57M (Peak 225.57M) | Time:00:00.62 | Mem:0.00M, Peak:0.00M | Scene, ViewLayer | Synchronizing object | ENV_leaf_337
Fra:590 Mem:225.58M (Peak 225.58M) | Time:00:00.62 | Mem:0.00M, Peak:0.00M | Scene, ViewLayer | Synchronizing object | ENV_leaf_336
Fra:590 Mem:225.58M (Peak 225.58M) | Time:00:00.62 | Mem:0.00M, Peak:0.00M | Scene, ViewLayer | Synchronizing object | ENV_leaf_335
Fra:590 Mem:225.58M (Peak 225.58M) | Time:00:00.62 | Mem:0.00M, Peak:0.00M | Scene, ViewLayer | Synchronizing object | ENV_leaf_334
Fra:590 Mem:225.59M (Peak 225.59M) | Time:00:00.62 | Mem:0.00M, Peak:0.00M | Scene, ViewLayer | Synchronizing object | ENV_leaf_333
Fra:590 Mem:225.59M (Peak 225.59M) | Time:00:00.62 | Mem:0.00M, Peak:0.00M | Scene, ViewLayer | Synchronizing object | ENV_leaf_332
Fra:590 Mem:225.60M (Peak 225.60M) | Time:00:00.62 | Mem:0.00M, Peak:0.00M | Scene, ViewLayer | Synchronizing object | ENV_leaf_331
Fra:590 Mem:225.60M (Peak 225.60M) | Time:00:00.62 | Mem:0.00M, Peak:0.00M | Scene, ViewLayer | Synchronizing object | ENV_leaf_330
Fra:590 Mem:225.60M (Peak 225.60M) | Time:00:00.62 | Mem:0.00M, Peak:0.00M | Scene, ViewLayer | Synchronizing object | ENV_leaf_329
Fra:590 Mem:225.61M (Peak 225.61M) | Time:00:00.62 | Mem:0.00M, Peak:0.00M | Scene, ViewLayer | Synchronizing object | ENV_leaf_328
Fra:590 Mem:225.61M (Peak 225.61M) | Time:00:00.62 | Mem:0.00M, Peak:0.00M | Scene, ViewLayer | Synchronizing object | ENV_leaf_327
Fra:590 Mem:225.62M (Peak 225.62M) | Time:00:00.62 | Mem:0.00M, Peak:0.00M | Scene, ViewLayer | Synchronizing object | ENV_leaf_326
Fra:590 Mem:225.62M (Peak 225.62M) | Time:00:00.62 | Mem:0.00M, Peak:0.00M | Scene, ViewLayer | Synchronizing object | ENV_leaf_325
Fra:590 Mem:225.63M (Peak 225.63M) | Time:00:00.62 | Mem:0.00M, Peak:0.00M | Scene, ViewLayer | Synchronizing object | ENV_leaf_324
Fra:590 Mem:225.63M (Peak 225.63M) | Time:00:00.62 | Mem:0.00M, Peak:0.00M | Scene, ViewLayer | Synchronizing object | ENV_leaf_323
Fra:590 Mem:225.63M (Peak 225.63M) | Time:00:00.62 | Mem:0.00M, Peak:0.00M | Scene, ViewLayer | Synchronizing object | ENV_leaf_322
Fra:590 Mem:225.64M (Peak 225.64M) | Time:00:00.62 | Mem:0.00M, Peak:0.00M | Scene, ViewLayer | Synchronizing object | ENV_leaf_321
Fra:590 Mem:225.64M (Peak 225.64M) | Time:00:00.62 | Mem:0.00M, Peak:0.00M | Scene, ViewLayer | Synchronizing object | ENV_leaf_320
Fra:590 Mem:225.65M (Peak 225.65M) | Time:00:00.62 | Mem:0.00M, Peak:0.00M | Scene, ViewLayer | Synchronizing object | ENV_leaf_319
Fra:590 Mem:225.65M (Peak 225.65M) | Time:00:00.62 | Mem:0.00M, Peak:0.00M | Scene, ViewLayer | Synchronizing object | ENV_leaf_318
Fra:590 Mem:225.65M (Peak 225.65M) | Time:00:00.62 | Mem:0.00M, Peak:0.00M | Scene, ViewLayer | Synchronizing object | ENV_leaf_317
Fra:590 Mem:225.66M (Peak 225.66M) | Time:00:00.62 | Mem:0.00M, Peak:0.00M | Scene, ViewLayer | Synchronizing object | ENV_leaf_316
Fra:590 Mem:225.66M (Peak 225.66M) | Time:00:00.62 | Mem:0.00M, Peak:0.00M | Scene, ViewLayer | Synchronizing object | ENV_leaf_315
Fra:590 Mem:225.67M (Peak 225.67M) | Time:00:00.62 | Mem:0.00M, Peak:0.00M | Scene, ViewLayer | Synchronizing object | ENV_leaf_314
Fra:590 Mem:225.67M (Peak 225.67M) | Time:00:00.62 | Mem:0.00M, Peak:0.00M | Scene, ViewLayer | Synchronizing object | ENV_leaf_313
Fra:590 Mem:225.67M (Peak 225.67M) | Time:00:00.62 | Mem:0.00M, Peak:0.00M | Scene, ViewLayer | Synchronizing object | ENV_leaf_312
Fra:590 Mem:225.68M (Peak 225.68M) | Time:00:00.62 | Mem:0.00M, Peak:0.00M | Scene, ViewLayer | Synchronizing object | ENV_leaf_311
Fra:590 Mem:225.68M (Peak 225.68M) | Time:00:00.62 | Mem:0.00M, Peak:0.00M | Scene, ViewLayer | Synchronizing object | ENV_leaf_310
Fra:590 Mem:225.69M (Peak 225.69M) | Time:00:00.62 | Mem:0.00M, Peak:0.00M | Scene, ViewLayer | Synchronizing object | ENV_leaf_309
Fra:590 Mem:225.69M (Peak 225.69M) | Time:00:00.62 | Mem:0.00M, Peak:0.00M | Scene, ViewLayer | Synchronizing object | ENV_leaf_308
Fra:590 Mem:225.69M (Peak 225.69M) | Time:00:00.62 | Mem:0.00M, Peak:0.00M | Scene, ViewLayer | Synchronizing object | ENV_leaf_307
Fra:590 Mem:225.70M (Peak 225.70M) | Time:00:00.62 | Mem:0.00M, Peak:0.00M | Scene, ViewLayer | Synchronizing object | ENV_leaf_306
Fra:590 Mem:225.70M (Peak 225.70M) | Time:00:00.62 | Mem:0.00M, Peak:0.00M | Scene, ViewLayer | Synchronizing object | ENV_leaf_305
Fra:590 Mem:225.71M (Peak 225.71M) | Time:00:00.62 | Mem:0.00M, Peak:0.00M | Scene, ViewLayer | Synchronizing object | ENV_leaf_304
Fra:590 Mem:225.71M (Peak 225.71M) | Time:00:00.62 | Mem:0.00M, Peak:0.00M | Scene, ViewLayer | Synchronizing object | ENV_leaf_303
Fra:590 Mem:225.71M (Peak 225.71M) | Time:00:00.62 | Mem:0.00M, Peak:0.00M | Scene, ViewLayer | Synchronizing object | ENV_leaf_302
Fra:590 Mem:225.72M (Peak 225.72M) | Time:00:00.62 | Mem:0.00M, Peak:0.00M | Scene, ViewLayer | Synchronizing object | ENV_leaf_301
Fra:590 Mem:225.72M (Peak 225.72M) | Time:00:00.62 | Mem:0.00M, Peak:0.00M | Scene, ViewLayer | Synchronizing object | ENV_leaf_300
Fra:590 Mem:225.73M (Peak 225.73M) | Time:00:00.62 | Mem:0.00M, Peak:0.00M | Scene, ViewLayer | Synchronizing object | ENV_leaf_299
Fra:590 Mem:225.73M (Peak 225.73M) | Time:00:00.62 | Mem:0.00M, Peak:0.00M | Scene, ViewLayer | Synchronizing object | ENV_leaf_298
Fra:590 Mem:225.73M (Peak 225.73M) | Time:00:00.62 | Mem:0.00M, Peak:0.00M | Scene, ViewLayer | Synchronizing object | ENV_leaf_297
Fra:590 Mem:225.74M (Peak 225.74M) | Time:00:00.62 | Mem:0.00M, Peak:0.00M | Scene, ViewLayer | Synchronizing object | ENV_leaf_296
Fra:590 Mem:225.74M (Peak 225.74M) | Time:00:00.62 | Mem:0.00M, Peak:0.00M | Scene, ViewLayer | Synchronizing object | ENV_leaf_295
Fra:590 Mem:225.75M (Peak 225.75M) | Time:00:00.62 | Mem:0.00M, Peak:0.00M | Scene, ViewLayer | Synchronizing object | ENV_leaf_294
Fra:590 Mem:225.75M (Peak 225.75M) | Time:00:00.62 | Mem:0.00M, Peak:0.00M | Scene, ViewLayer | Synchronizing object | ENV_leaf_292
Fra:590 Mem:225.75M (Peak 225.75M) | Time:00:00.62 | Mem:0.00M, Peak:0.00M | Scene, ViewLayer | Synchronizing object | ENV_leaf_291
Fra:590 Mem:225.76M (Peak 225.76M) | Time:00:00.62 | Mem:0.00M, Peak:0.00M | Scene, ViewLayer | Synchronizing object | ENV_leaf_290
Fra:590 Mem:225.76M (Peak 225.76M) | Time:00:00.62 | Mem:0.00M, Peak:0.00M | Scene, ViewLayer | Synchronizing object | ENV_leaf_289
Fra:590 Mem:225.77M (Peak 225.77M) | Time:00:00.62 | Mem:0.00M, Peak:0.00M | Scene, ViewLayer | Synchronizing object | ENV_leaf_288
Fra:590 Mem:225.77M (Peak 225.77M) | Time:00:00.62 | Mem:0.00M, Peak:0.00M | Scene, ViewLayer | Synchronizing object | ENV_leaf_287
Fra:590 Mem:225.77M (Peak 225.77M) | Time:00:00.62 | Mem:0.00M, Peak:0.00M | Scene, ViewLayer | Synchronizing object | ENV_leaf_286
Fra:590 Mem:225.78M (Peak 225.78M) | Time:00:00.62 | Mem:0.00M, Peak:0.00M | Scene, ViewLayer | Synchronizing object | ENV_leaf_285
Fra:590 Mem:225.78M (Peak 225.78M) | Time:00:00.62 | Mem:0.00M, Peak:0.00M | Scene, ViewLayer | Synchronizing object | ENV_leaf_284
Fra:590 Mem:225.79M (Peak 225.79M) | Time:00:00.62 | Mem:0.00M, Peak:0.00M | Scene, ViewLayer | Synchronizing object | ENV_leaf_283
Fra:590 Mem:225.79M (Peak 225.79M) | Time:00:00.62 | Mem:0.00M, Peak:0.00M | Scene, ViewLayer | Synchronizing object | ENV_leaf_282
Fra:590 Mem:225.79M (Peak 225.79M) | Time:00:00.62 | Mem:0.00M, Peak:0.00M | Scene, ViewLayer | Synchronizing object | ENV_leaf_281
Fra:590 Mem:225.80M (Peak 225.80M) | Time:00:00.62 | Mem:0.00M, Peak:0.00M | Scene, ViewLayer | Synchronizing object | ENV_leaf_280
Fra:590 Mem:225.80M (Peak 225.80M) | Time:00:00.62 | Mem:0.00M, Peak:0.00M | Scene, ViewLayer | Synchronizing object | ENV_leaf_279
Fra:590 Mem:225.81M (Peak 225.81M) | Time:00:00.62 | Mem:0.00M, Peak:0.00M | Scene, ViewLayer | Synchronizing object | ENV_leaf_278
Fra:590 Mem:225.81M (Peak 225.81M) | Time:00:00.62 | Mem:0.00M, Peak:0.00M | Scene, ViewLayer | Synchronizing object | ENV_leaf_277
Fra:590 Mem:225.82M (Peak 225.82M) | Time:00:00.62 | Mem:0.00M, Peak:0.00M | Scene, ViewLayer | Synchronizing object | ENV_leaf_276
Fra:590 Mem:225.82M (Peak 225.82M) | Time:00:00.62 | Mem:0.00M, Peak:0.00M | Scene, ViewLayer | Synchronizing object | ENV_leaf_275
Fra:590 Mem:225.82M (Peak 225.82M) | Time:00:00.62 | Mem:0.00M, Peak:0.00M | Scene, ViewLayer | Synchronizing object | ENV_leaf_274
Fra:590 Mem:225.83M (Peak 225.83M) | Time:00:00.62 | Mem:0.00M, Peak:0.00M | Scene, ViewLayer | Synchronizing object | ENV_leaf_273
Fra:590 Mem:225.83M (Peak 225.83M) | Time:00:00.62 | Mem:0.00M, Peak:0.00M | Scene, ViewLayer | Synchronizing object | ENV_leaf_272
Fra:590 Mem:225.84M (Peak 225.84M) | Time:00:00.62 | Mem:0.00M, Peak:0.00M | Scene, ViewLayer | Synchronizing object | ENV_leaf_271
Fra:590 Mem:225.84M (Peak 225.84M) | Time:00:00.62 | Mem:0.00M, Peak:0.00M | Scene, ViewLayer | Synchronizing object | ENV_leaf_270
Fra:590 Mem:225.84M (Peak 225.84M) | Time:00:00.62 | Mem:0.00M, Peak:0.00M | Scene, ViewLayer | Synchronizing object | ENV_leaf_269
Fra:590 Mem:225.85M (Peak 225.85M) | Time:00:00.62 | Mem:0.00M, Peak:0.00M | Scene, ViewLayer | Synchronizing object | ENV_leaf_268
Fra:590 Mem:225.85M (Peak 225.85M) | Time:00:00.62 | Mem:0.00M, Peak:0.00M | Scene, ViewLayer | Synchronizing object | ENV_leaf_267
Fra:590 Mem:225.86M (Peak 225.86M) | Time:00:00.62 | Mem:0.00M, Peak:0.00M | Scene, ViewLayer | Synchronizing object | ENV_leaf_266
Fra:590 Mem:225.86M (Peak 225.86M) | Time:00:00.62 | Mem:0.00M, Peak:0.00M | Scene, ViewLayer | Synchronizing object | ENV_leaf_265
Fra:590 Mem:225.86M (Peak 225.86M) | Time:00:00.62 | Mem:0.00M, Peak:0.00M | Scene, ViewLayer | Synchronizing object | ENV_leaf_264
Fra:590 Mem:225.87M (Peak 225.87M) | Time:00:00.62 | Mem:0.00M, Peak:0.00M | Scene, ViewLayer | Synchronizing object | ENV_leaf_263
Fra:590 Mem:225.87M (Peak 225.87M) | Time:00:00.62 | Mem:0.00M, Peak:0.00M | Scene, ViewLayer | Synchronizing object | ENV_leaf_262
Fra:590 Mem:225.88M (Peak 225.88M) | Time:00:00.62 | Mem:0.00M, Peak:0.00M | Scene, ViewLayer | Synchronizing object | ENV_leaf_261
Fra:590 Mem:225.88M (Peak 225.88M) | Time:00:00.62 | Mem:0.00M, Peak:0.00M | Scene, ViewLayer | Synchronizing object | ENV_leaf_260
Fra:590 Mem:225.88M (Peak 225.88M) | Time:00:00.62 | Mem:0.00M, Peak:0.00M | Scene, ViewLayer | Synchronizing object | ENV_leaf_259
Fra:590 Mem:225.89M (Peak 225.89M) | Time:00:00.62 | Mem:0.00M, Peak:0.00M | Scene, ViewLayer | Synchronizing object | ENV_leaf_258
Fra:590 Mem:225.89M (Peak 225.89M) | Time:00:00.62 | Mem:0.00M, Peak:0.00M | Scene, ViewLayer | Synchronizing object | ENV_leaf_257
Fra:590 Mem:225.90M (Peak 225.90M) | Time:00:00.62 | Mem:0.00M, Peak:0.00M | Scene, ViewLayer | Synchronizing object | ENV_leaf_256
Fra:590 Mem:225.90M (Peak 225.90M) | Time:00:00.62 | Mem:0.00M, Peak:0.00M | Scene, ViewLayer | Synchronizing object | ENV_leaf_255
Fra:590 Mem:225.90M (Peak 225.90M) | Time:00:00.62 | Mem:0.00M, Peak:0.00M | Scene, ViewLayer | Synchronizing object | ENV_leaf_254
Fra:590 Mem:225.91M (Peak 225.91M) | Time:00:00.62 | Mem:0.00M, Peak:0.00M | Scene, ViewLayer | Synchronizing object | ENV_leaf_253
Fra:590 Mem:225.91M (Peak 225.91M) | Time:00:00.62 | Mem:0.00M, Peak:0.00M | Scene, ViewLayer | Synchronizing object | ENV_leaf_252
Fra:590 Mem:225.92M (Peak 225.92M) | Time:00:00.62 | Mem:0.00M, Peak:0.00M | Scene, ViewLayer | Synchronizing object | ENV_leaf_251
Fra:590 Mem:225.92M (Peak 225.92M) | Time:00:00.62 | Mem:0.00M, Peak:0.00M | Scene, ViewLayer | Synchronizing object | ENV_leaf_250
Fra:590 Mem:225.92M (Peak 225.92M) | Time:00:00.62 | Mem:0.00M, Peak:0.00M | Scene, ViewLayer | Synchronizing object | ENV_leaf_249
Fra:590 Mem:225.93M (Peak 225.93M) | Time:00:00.62 | Mem:0.00M, Peak:0.00M | Scene, ViewLayer | Synchronizing object | ENV_leaf_248
Fra:590 Mem:225.93M (Peak 225.93M) | Time:00:00.62 | Mem:0.00M, Peak:0.00M | Scene, ViewLayer | Synchronizing object | ENV_leaf_247
Fra:590 Mem:225.94M (Peak 225.94M) | Time:00:00.62 | Mem:0.00M, Peak:0.00M | Scene, ViewLayer | Synchronizing object | ENV_leaf_246
Fra:590 Mem:225.94M (Peak 225.94M) | Time:00:00.62 | Mem:0.00M, Peak:0.00M | Scene, ViewLayer | Synchronizing object | ENV_leaf_245
Fra:590 Mem:225.94M (Peak 225.94M) | Time:00:00.62 | Mem:0.00M, Peak:0.00M | Scene, ViewLayer | Synchronizing object | ENV_leaf_244
Fra:590 Mem:225.95M (Peak 225.95M) | Time:00:00.62 | Mem:0.00M, Peak:0.00M | Scene, ViewLayer | Synchronizing object | ENV_leaf_243
Fra:590 Mem:225.95M (Peak 225.95M) | Time:00:00.62 | Mem:0.00M, Peak:0.00M | Scene, ViewLayer | Synchronizing object | ENV_leaf_242
Fra:590 Mem:225.96M (Peak 225.96M) | Time:00:00.62 | Mem:0.00M, Peak:0.00M | Scene, ViewLayer | Synchronizing object | ENV_leaf_241
Fra:590 Mem:225.96M (Peak 225.96M) | Time:00:00.62 | Mem:0.00M, Peak:0.00M | Scene, ViewLayer | Synchronizing object | ENV_leaf_240
Fra:590 Mem:225.96M (Peak 225.96M) | Time:00:00.62 | Mem:0.00M, Peak:0.00M | Scene, ViewLayer | Synchronizing object | ENV_leaf_239
Fra:590 Mem:225.97M (Peak 225.97M) | Time:00:00.62 | Mem:0.00M, Peak:0.00M | Scene, ViewLayer | Synchronizing object | ENV_leaf_238
Fra:590 Mem:225.97M (Peak 225.97M) | Time:00:00.62 | Mem:0.00M, Peak:0.00M | Scene, ViewLayer | Synchronizing object | ENV_leaf_237
Fra:590 Mem:225.98M (Peak 225.98M) | Time:00:00.62 | Mem:0.00M, Peak:0.00M | Scene, ViewLayer | Synchronizing object | ENV_leaf_236
Fra:590 Mem:225.98M (Peak 225.98M) | Time:00:00.62 | Mem:0.00M, Peak:0.00M | Scene, ViewLayer | Synchronizing object | ENV_leaf_235
Fra:590 Mem:225.99M (Peak 225.99M) | Time:00:00.62 | Mem:0.00M, Peak:0.00M | Scene, ViewLayer | Synchronizing object | ENV_leaf_234
Fra:590 Mem:225.99M (Peak 225.99M) | Time:00:00.62 | Mem:0.00M, Peak:0.00M | Scene, ViewLayer | Synchronizing object | ENV_leaf_233
Fra:590 Mem:225.99M (Peak 225.99M) | Time:00:00.62 | Mem:0.00M, Peak:0.00M | Scene, ViewLayer | Synchronizing object | ENV_leaf_232
Fra:590 Mem:226.00M (Peak 226.00M) | Time:00:00.62 | Mem:0.00M, Peak:0.00M | Scene, ViewLayer | Synchronizing object | ENV_leaf_231
Fra:590 Mem:226.00M (Peak 226.00M) | Time:00:00.62 | Mem:0.00M, Peak:0.00M | Scene, ViewLayer | Synchronizing object | ENV_leaf_230
Fra:590 Mem:226.01M (Peak 226.01M) | Time:00:00.62 | Mem:0.00M, Peak:0.00M | Scene, ViewLayer | Synchronizing object | ENV_leaf_229
Fra:590 Mem:226.01M (Peak 226.01M) | Time:00:00.62 | Mem:0.00M, Peak:0.00M | Scene, ViewLayer | Synchronizing object | ENV_leaf_228
Fra:590 Mem:226.01M (Peak 226.01M) | Time:00:00.62 | Mem:0.00M, Peak:0.00M | Scene, ViewLayer | Synchronizing object | ENV_leaf_227
Fra:590 Mem:226.02M (Peak 226.02M) | Time:00:00.62 | Mem:0.00M, Peak:0.00M | Scene, ViewLayer | Synchronizing object | ENV_leaf_226
Fra:590 Mem:226.02M (Peak 226.02M) | Time:00:00.62 | Mem:0.00M, Peak:0.00M | Scene, ViewLayer | Synchronizing object | ENV_leaf_225
Fra:590 Mem:226.03M (Peak 226.03M) | Time:00:00.62 | Mem:0.00M, Peak:0.00M | Scene, ViewLayer | Synchronizing object | ENV_leaf_224
Fra:590 Mem:226.03M (Peak 226.03M) | Time:00:00.62 | Mem:0.00M, Peak:0.00M | Scene, ViewLayer | Synchronizing object | ENV_leaf_223
Fra:590 Mem:226.03M (Peak 226.03M) | Time:00:00.62 | Mem:0.00M, Peak:0.00M | Scene, ViewLayer | Synchronizing object | ENV_leaf_222
Fra:590 Mem:226.04M (Peak 226.04M) | Time:00:00.62 | Mem:0.00M, Peak:0.00M | Scene, ViewLayer | Synchronizing object | ENV_leaf_221
Fra:590 Mem:226.04M (Peak 226.04M) | Time:00:00.62 | Mem:0.00M, Peak:0.00M | Scene, ViewLayer | Synchronizing object | ENV_leaf_220
Fra:590 Mem:226.05M (Peak 226.05M) | Time:00:00.62 | Mem:0.00M, Peak:0.00M | Scene, ViewLayer | Synchronizing object | ENV_leaf_219
Fra:590 Mem:226.05M (Peak 226.05M) | Time:00:00.62 | Mem:0.00M, Peak:0.00M | Scene, ViewLayer | Synchronizing object | ENV_leaf_218
Fra:590 Mem:226.05M (Peak 226.05M) | Time:00:00.62 | Mem:0.00M, Peak:0.00M | Scene, ViewLayer | Synchronizing object | ENV_leaf_217
Fra:590 Mem:226.06M (Peak 226.06M) | Time:00:00.62 | Mem:0.00M, Peak:0.00M | Scene, ViewLayer | Synchronizing object | ENV_leaf_216
Fra:590 Mem:226.06M (Peak 226.06M) | Time:00:00.62 | Mem:0.00M, Peak:0.00M | Scene, ViewLayer | Synchronizing object | ENV_leaf_215
Fra:590 Mem:226.07M (Peak 226.07M) | Time:00:00.62 | Mem:0.00M, Peak:0.00M | Scene, ViewLayer | Synchronizing object | ENV_leaf_214
Fra:590 Mem:226.07M (Peak 226.07M) | Time:00:00.62 | Mem:0.00M, Peak:0.00M | Scene, ViewLayer | Synchronizing object | ENV_leaf_213
Fra:590 Mem:226.07M (Peak 226.07M) | Time:00:00.62 | Mem:0.00M, Peak:0.00M | Scene, ViewLayer | Synchronizing object | ENV_leaf_212
Fra:590 Mem:226.08M (Peak 226.08M) | Time:00:00.62 | Mem:0.00M, Peak:0.00M | Scene, ViewLayer | Synchronizing object | ENV_leaf_211
Fra:590 Mem:226.08M (Peak 226.08M) | Time:00:00.62 | Mem:0.00M, Peak:0.00M | Scene, ViewLayer | Synchronizing object | ENV_leaf_210
Fra:590 Mem:226.09M (Peak 226.09M) | Time:00:00.62 | Mem:0.00M, Peak:0.00M | Scene, ViewLayer | Synchronizing object | ENV_leaf_209
Fra:590 Mem:226.09M (Peak 226.09M) | Time:00:00.62 | Mem:0.00M, Peak:0.00M | Scene, ViewLayer | Synchronizing object | ENV_leaf_208
Fra:590 Mem:226.09M (Peak 226.09M) | Time:00:00.62 | Mem:0.00M, Peak:0.00M | Scene, ViewLayer | Synchronizing object | ENV_leaf_207
Fra:590 Mem:226.10M (Peak 226.10M) | Time:00:00.62 | Mem:0.00M, Peak:0.00M | Scene, ViewLayer | Synchronizing object | ENV_leaf_206
Fra:590 Mem:226.10M (Peak 226.10M) | Time:00:00.62 | Mem:0.00M, Peak:0.00M | Scene, ViewLayer | Synchronizing object | ENV_leaf_205
Fra:590 Mem:226.25M (Peak 226.25M) | Time:00:00.62 | Mem:0.00M, Peak:0.00M | Scene, ViewLayer | Synchronizing object | ENV_fern_35
Fra:590 Mem:226.89M (Peak 226.89M) | Time:00:00.62 | Mem:0.00M, Peak:0.00M | Scene, ViewLayer | Synchronizing object | ENV_fern_36
Fra:590 Mem:227.29M (Peak 227.29M) | Time:00:00.62 | Mem:0.00M, Peak:0.00M | Scene, ViewLayer | Synchronizing object | ENV_fern_37
Fra:590 Mem:227.81M (Peak 227.81M) | Time:00:00.62 | Mem:0.00M, Peak:0.00M | Scene, ViewLayer | Synchronizing object | ENV_fern_38
Fra:590 Mem:228.45M (Peak 228.45M) | Time:00:00.63 | Mem:0.00M, Peak:0.00M | Scene, ViewLayer | Synchronizing object | ENV_fern_39
Fra:590 Mem:228.85M (Peak 228.85M) | Time:00:00.63 | Mem:0.00M, Peak:0.00M | Scene, ViewLayer | Synchronizing object | ENV_fern_40
Fra:590 Mem:229.37M (Peak 229.37M) | Time:00:00.63 | Mem:0.00M, Peak:0.00M | Scene, ViewLayer | Synchronizing object | ENV_fern_41
Fra:590 Mem:230.02M (Peak 230.02M) | Time:00:00.63 | Mem:0.00M, Peak:0.00M | Scene, ViewLayer | Synchronizing object | ENV_fern_42
Fra:590 Mem:230.42M (Peak 230.42M) | Time:00:00.63 | Mem:0.00M, Peak:0.00M | Scene, ViewLayer | Synchronizing object | ENV_fern_43
Fra:590 Mem:230.94M (Peak 230.94M) | Time:00:00.63 | Mem:0.00M, Peak:0.00M | Scene, ViewLayer | Synchronizing object | ENV_fern_44
Fra:590 Mem:231.58M (Peak 231.58M) | Time:00:00.63 | Mem:0.00M, Peak:0.00M | Scene, ViewLayer | Synchronizing object | ENV_fern_45
Fra:590 Mem:231.98M (Peak 231.98M) | Time:00:00.63 | Mem:0.00M, Peak:0.00M | Scene, ViewLayer | Synchronizing object | ENV_fern_46
Fra:590 Mem:232.50M (Peak 232.50M) | Time:00:00.63 | Mem:0.00M, Peak:0.00M | Scene, ViewLayer | Synchronizing object | ENV_fern_47
Fra:590 Mem:233.03M (Peak 233.03M) | Time:00:00.63 | Mem:0.00M, Peak:0.00M | Scene, ViewLayer | Synchronizing object | ENV_leaf_204
Fra:590 Mem:233.04M (Peak 233.04M) | Time:00:00.63 | Mem:0.00M, Peak:0.00M | Scene, ViewLayer | Synchronizing object | ENV_leaf_203
Fra:590 Mem:233.04M (Peak 233.04M) | Time:00:00.63 | Mem:0.00M, Peak:0.00M | Scene, ViewLayer | Synchronizing object | ENV_leaf_202
Fra:590 Mem:233.04M (Peak 233.04M) | Time:00:00.63 | Mem:0.00M, Peak:0.00M | Scene, ViewLayer | Synchronizing object | ENV_leaf_201
Fra:590 Mem:233.05M (Peak 233.05M) | Time:00:00.63 | Mem:0.00M, Peak:0.00M | Scene, ViewLayer | Synchronizing object | ENV_leaf_200
Fra:590 Mem:233.05M (Peak 233.05M) | Time:00:00.63 | Mem:0.00M, Peak:0.00M | Scene, ViewLayer | Synchronizing object | ENV_leaf_199
Fra:590 Mem:233.06M (Peak 233.06M) | Time:00:00.63 | Mem:0.00M, Peak:0.00M | Scene, ViewLayer | Synchronizing object | ENV_leaf_198
Fra:590 Mem:233.06M (Peak 233.06M) | Time:00:00.63 | Mem:0.00M, Peak:0.00M | Scene, ViewLayer | Synchronizing object | ENV_leaf_197
Fra:590 Mem:233.06M (Peak 233.06M) | Time:00:00.63 | Mem:0.00M, Peak:0.00M | Scene, ViewLayer | Synchronizing object | ENV_leaf_196
Fra:590 Mem:233.07M (Peak 233.07M) | Time:00:00.63 | Mem:0.00M, Peak:0.00M | Scene, ViewLayer | Synchronizing object | ENV_leaf_195
Fra:590 Mem:233.07M (Peak 233.07M) | Time:00:00.63 | Mem:0.00M, Peak:0.00M | Scene, ViewLayer | Synchronizing object | ENV_leaf_194
Fra:590 Mem:233.08M (Peak 233.08M) | Time:00:00.63 | Mem:0.00M, Peak:0.00M | Scene, ViewLayer | Synchronizing object | ENV_leaf_193
Fra:590 Mem:233.08M (Peak 233.08M) | Time:00:00.63 | Mem:0.00M, Peak:0.00M | Scene, ViewLayer | Synchronizing object | ENV_leaf_192
Fra:590 Mem:233.08M (Peak 233.08M) | Time:00:00.63 | Mem:0.00M, Peak:0.00M | Scene, ViewLayer | Synchronizing object | ENV_leaf_191
Fra:590 Mem:233.09M (Peak 233.09M) | Time:00:00.63 | Mem:0.00M, Peak:0.00M | Scene, ViewLayer | Synchronizing object | ENV_leaf_190
Fra:590 Mem:233.09M (Peak 233.09M) | Time:00:00.63 | Mem:0.00M, Peak:0.00M | Scene, ViewLayer | Synchronizing object | ENV_leaf_189
Fra:590 Mem:233.10M (Peak 233.10M) | Time:00:00.63 | Mem:0.00M, Peak:0.00M | Scene, ViewLayer | Synchronizing object | ENV_leaf_188
Fra:590 Mem:233.10M (Peak 233.10M) | Time:00:00.63 | Mem:0.00M, Peak:0.00M | Scene, ViewLayer | Synchronizing object | ENV_leaf_187
Fra:590 Mem:233.10M (Peak 233.10M) | Time:00:00.63 | Mem:0.00M, Peak:0.00M | Scene, ViewLayer | Synchronizing object | ENV_leaf_186
Fra:590 Mem:233.11M (Peak 233.11M) | Time:00:00.63 | Mem:0.00M, Peak:0.00M | Scene, ViewLayer | Synchronizing object | ENV_leaf_185
Fra:590 Mem:233.11M (Peak 233.11M) | Time:00:00.63 | Mem:0.00M, Peak:0.00M | Scene, ViewLayer | Synchronizing object | ENV_leaf_184
Fra:590 Mem:233.12M (Peak 233.12M) | Time:00:00.63 | Mem:0.00M, Peak:0.00M | Scene, ViewLayer | Synchronizing object | ENV_leaf_183
Fra:590 Mem:233.12M (Peak 233.12M) | Time:00:00.63 | Mem:0.00M, Peak:0.00M | Scene, ViewLayer | Synchronizing object | ENV_leaf_182
Fra:590 Mem:233.13M (Peak 233.13M) | Time:00:00.63 | Mem:0.00M, Peak:0.00M | Scene, ViewLayer | Synchronizing object | ENV_leaf_181
Fra:590 Mem:233.13M (Peak 233.13M) | Time:00:00.63 | Mem:0.00M, Peak:0.00M | Scene, ViewLayer | Synchronizing object | ENV_leaf_180
Fra:590 Mem:233.13M (Peak 233.13M) | Time:00:00.63 | Mem:0.00M, Peak:0.00M | Scene, ViewLayer | Synchronizing object | ENV_leaf_179
Fra:590 Mem:233.14M (Peak 233.14M) | Time:00:00.63 | Mem:0.00M, Peak:0.00M | Scene, ViewLayer | Synchronizing object | ENV_leaf_178
Fra:590 Mem:233.14M (Peak 233.14M) | Time:00:00.63 | Mem:0.00M, Peak:0.00M | Scene, ViewLayer | Synchronizing object | ENV_leaf_177
Fra:590 Mem:233.15M (Peak 233.15M) | Time:00:00.63 | Mem:0.00M, Peak:0.00M | Scene, ViewLayer | Synchronizing object | ENV_leaf_176
Fra:590 Mem:233.15M (Peak 233.15M) | Time:00:00.63 | Mem:0.00M, Peak:0.00M | Scene, ViewLayer | Synchronizing object | ENV_leaf_175
Fra:590 Mem:233.15M (Peak 233.15M) | Time:00:00.63 | Mem:0.00M, Peak:0.00M | Scene, ViewLayer | Synchronizing object | ENV_leaf_174
Fra:590 Mem:233.16M (Peak 233.16M) | Time:00:00.63 | Mem:0.00M, Peak:0.00M | Scene, ViewLayer | Synchronizing object | ENV_leaf_173
Fra:590 Mem:233.16M (Peak 233.16M) | Time:00:00.63 | Mem:0.00M, Peak:0.00M | Scene, ViewLayer | Synchronizing object | ENV_leaf_172
Fra:590 Mem:233.17M (Peak 233.17M) | Time:00:00.63 | Mem:0.00M, Peak:0.00M | Scene, ViewLayer | Synchronizing object | ENV_leaf_171
Fra:590 Mem:233.17M (Peak 233.17M) | Time:00:00.63 | Mem:0.00M, Peak:0.00M | Scene, ViewLayer | Synchronizing object | ENV_leaf_170
Fra:590 Mem:233.17M (Peak 233.17M) | Time:00:00.63 | Mem:0.00M, Peak:0.00M | Scene, ViewLayer | Synchronizing object | ENV_leaf_169
Fra:590 Mem:233.18M (Peak 233.18M) | Time:00:00.63 | Mem:0.00M, Peak:0.00M | Scene, ViewLayer | Synchronizing object | ENV_leaf_168
Fra:590 Mem:233.18M (Peak 233.18M) | Time:00:00.63 | Mem:0.00M, Peak:0.00M | Scene, ViewLayer | Synchronizing object | ENV_leaf_167
Fra:590 Mem:233.19M (Peak 233.19M) | Time:00:00.63 | Mem:0.00M, Peak:0.00M | Scene, ViewLayer | Synchronizing object | ENV_leaf_166
Fra:590 Mem:233.19M (Peak 233.19M) | Time:00:00.63 | Mem:0.00M, Peak:0.00M | Scene, ViewLayer | Synchronizing object | ENV_leaf_165
Fra:590 Mem:233.19M (Peak 233.19M) | Time:00:00.63 | Mem:0.00M, Peak:0.00M | Scene, ViewLayer | Synchronizing object | ENV_leaf_164
Fra:590 Mem:233.20M (Peak 233.20M) | Time:00:00.63 | Mem:0.00M, Peak:0.00M | Scene, ViewLayer | Synchronizing object | ENV_leaf_163
Fra:590 Mem:233.20M (Peak 233.20M) | Time:00:00.63 | Mem:0.00M, Peak:0.00M | Scene, ViewLayer | Synchronizing object | ENV_leaf_162
Fra:590 Mem:233.21M (Peak 233.21M) | Time:00:00.63 | Mem:0.00M, Peak:0.00M | Scene, ViewLayer | Synchronizing object | ENV_leaf_161
Fra:590 Mem:233.21M (Peak 233.21M) | Time:00:00.63 | Mem:0.00M, Peak:0.00M | Scene, ViewLayer | Synchronizing object | ENV_leaf_160
Fra:590 Mem:233.21M (Peak 233.21M) | Time:00:00.63 | Mem:0.00M, Peak:0.00M | Scene, ViewLayer | Synchronizing object | ENV_leaf_159
Fra:590 Mem:233.22M (Peak 233.22M) | Time:00:00.63 | Mem:0.00M, Peak:0.00M | Scene, ViewLayer | Synchronizing object | ENV_leaf_158
Fra:590 Mem:233.22M (Peak 233.22M) | Time:00:00.63 | Mem:0.00M, Peak:0.00M | Scene, ViewLayer | Synchronizing object | ENV_leaf_157
Fra:590 Mem:233.23M (Peak 233.23M) | Time:00:00.63 | Mem:0.00M, Peak:0.00M | Scene, ViewLayer | Synchronizing object | ENV_leaf_156
Fra:590 Mem:233.23M (Peak 233.23M) | Time:00:00.63 | Mem:0.00M, Peak:0.00M | Scene, ViewLayer | Synchronizing object | ENV_leaf_155
Fra:590 Mem:233.23M (Peak 233.23M) | Time:00:00.63 | Mem:0.00M, Peak:0.00M | Scene, ViewLayer | Synchronizing object | ENV_leaf_154
Fra:590 Mem:233.24M (Peak 233.24M) | Time:00:00.63 | Mem:0.00M, Peak:0.00M | Scene, ViewLayer | Synchronizing object | ENV_leaf_153
Fra:590 Mem:233.24M (Peak 233.24M) | Time:00:00.63 | Mem:0.00M, Peak:0.00M | Scene, ViewLayer | Synchronizing object | ENV_leaf_152
Fra:590 Mem:233.25M (Peak 233.25M) | Time:00:00.63 | Mem:0.00M, Peak:0.00M | Scene, ViewLayer | Synchronizing object | ENV_leaf_151
Fra:590 Mem:233.25M (Peak 233.25M) | Time:00:00.63 | Mem:0.00M, Peak:0.00M | Scene, ViewLayer | Synchronizing object | ENV_leaf_150
Fra:590 Mem:233.25M (Peak 233.25M) | Time:00:00.63 | Mem:0.00M, Peak:0.00M | Scene, ViewLayer | Synchronizing object | ENV_leaf_149
Fra:590 Mem:233.26M (Peak 233.26M) | Time:00:00.63 | Mem:0.00M, Peak:0.00M | Scene, ViewLayer | Synchronizing object | ENV_leaf_148
Fra:590 Mem:233.26M (Peak 233.26M) | Time:00:00.63 | Mem:0.00M, Peak:0.00M | Scene, ViewLayer | Synchronizing object | ENV_leaf_147
Fra:590 Mem:233.27M (Peak 233.27M) | Time:00:00.63 | Mem:0.00M, Peak:0.00M | Scene, ViewLayer | Synchronizing object | ENV_leaf_146
Fra:590 Mem:233.27M (Peak 233.27M) | Time:00:00.63 | Mem:0.00M, Peak:0.00M | Scene, ViewLayer | Synchronizing object | ENV_leaf_145
Fra:590 Mem:233.27M (Peak 233.27M) | Time:00:00.63 | Mem:0.00M, Peak:0.00M | Scene, ViewLayer | Synchronizing object | ENV_leaf_144
Fra:590 Mem:233.28M (Peak 233.28M) | Time:00:00.63 | Mem:0.00M, Peak:0.00M | Scene, ViewLayer | Synchronizing object | ENV_leaf_143
Fra:590 Mem:233.28M (Peak 233.28M) | Time:00:00.63 | Mem:0.00M, Peak:0.00M | Scene, ViewLayer | Synchronizing object | ENV_leaf_142
Fra:590 Mem:233.29M (Peak 233.29M) | Time:00:00.63 | Mem:0.00M, Peak:0.00M | Scene, ViewLayer | Synchronizing object | ENV_leaf_141
Fra:590 Mem:233.29M (Peak 233.29M) | Time:00:00.63 | Mem:0.00M, Peak:0.00M | Scene, ViewLayer | Synchronizing object | ENV_leaf_140
Fra:590 Mem:233.29M (Peak 233.29M) | Time:00:00.63 | Mem:0.00M, Peak:0.00M | Scene, ViewLayer | Synchronizing object | ENV_leaf_139
Fra:590 Mem:233.30M (Peak 233.30M) | Time:00:00.63 | Mem:0.00M, Peak:0.00M | Scene, ViewLayer | Synchronizing object | ENV_leaf_138
Fra:590 Mem:233.30M (Peak 233.30M) | Time:00:00.63 | Mem:0.00M, Peak:0.00M | Scene, ViewLayer | Synchronizing object | ENV_leaf_137
Fra:590 Mem:233.31M (Peak 233.31M) | Time:00:00.63 | Mem:0.00M, Peak:0.00M | Scene, ViewLayer | Synchronizing object | ENV_leaf_136
Fra:590 Mem:233.31M (Peak 233.31M) | Time:00:00.63 | Mem:0.00M, Peak:0.00M | Scene, ViewLayer | Synchronizing object | ENV_leaf_135
Fra:590 Mem:233.32M (Peak 233.32M) | Time:00:00.63 | Mem:0.00M, Peak:0.00M | Scene, ViewLayer | Synchronizing object | ENV_leaf_134
Fra:590 Mem:233.32M (Peak 233.32M) | Time:00:00.63 | Mem:0.00M, Peak:0.00M | Scene, ViewLayer | Synchronizing object | ENV_leaf_133
Fra:590 Mem:233.32M (Peak 233.32M) | Time:00:00.63 | Mem:0.00M, Peak:0.00M | Scene, ViewLayer | Synchronizing object | ENV_leaf_132
Fra:590 Mem:233.33M (Peak 233.33M) | Time:00:00.63 | Mem:0.00M, Peak:0.00M | Scene, ViewLayer | Synchronizing object | ENV_leaf_131
Fra:590 Mem:233.33M (Peak 233.33M) | Time:00:00.63 | Mem:0.00M, Peak:0.00M | Scene, ViewLayer | Synchronizing object | ENV_leaf_130
Fra:590 Mem:233.34M (Peak 233.34M) | Time:00:00.63 | Mem:0.00M, Peak:0.00M | Scene, ViewLayer | Synchronizing object | ENV_leaf_129
Fra:590 Mem:233.34M (Peak 233.34M) | Time:00:00.63 | Mem:0.00M, Peak:0.00M | Scene, ViewLayer | Synchronizing object | ENV_leaf_128
Fra:590 Mem:233.34M (Peak 233.34M) | Time:00:00.63 | Mem:0.00M, Peak:0.00M | Scene, ViewLayer | Synchronizing object | ENV_leaf_127
Fra:590 Mem:233.35M (Peak 233.35M) | Time:00:00.63 | Mem:0.00M, Peak:0.00M | Scene, ViewLayer | Synchronizing object | ENV_leaf_126
Fra:590 Mem:233.35M (Peak 233.35M) | Time:00:00.63 | Mem:0.00M, Peak:0.00M | Scene, ViewLayer | Synchronizing object | ENV_leaf_125
Fra:590 Mem:233.36M (Peak 233.36M) | Time:00:00.63 | Mem:0.00M, Peak:0.00M | Scene, ViewLayer | Synchronizing object | ENV_leaf_124
Fra:590 Mem:233.36M (Peak 233.36M) | Time:00:00.63 | Mem:0.00M, Peak:0.00M | Scene, ViewLayer | Synchronizing object | ENV_leaf_123
Fra:590 Mem:233.36M (Peak 233.36M) | Time:00:00.63 | Mem:0.00M, Peak:0.00M | Scene, ViewLayer | Synchronizing object | ENV_leaf_122
Fra:590 Mem:233.37M (Peak 233.37M) | Time:00:00.63 | Mem:0.00M, Peak:0.00M | Scene, ViewLayer | Synchronizing object | ENV_leaf_121
Fra:590 Mem:233.37M (Peak 233.37M) | Time:00:00.63 | Mem:0.00M, Peak:0.00M | Scene, ViewLayer | Synchronizing object | ENV_leaf_120
Fra:590 Mem:233.38M (Peak 233.38M) | Time:00:00.63 | Mem:0.00M, Peak:0.00M | Scene, ViewLayer | Synchronizing object | ENV_leaf_119
Fra:590 Mem:233.38M (Peak 233.38M) | Time:00:00.63 | Mem:0.00M, Peak:0.00M | Scene, ViewLayer | Synchronizing object | ENV_leaf_118
Fra:590 Mem:233.38M (Peak 233.38M) | Time:00:00.63 | Mem:0.00M, Peak:0.00M | Scene, ViewLayer | Synchronizing object | ENV_leaf_117
Fra:590 Mem:233.39M (Peak 233.39M) | Time:00:00.63 | Mem:0.00M, Peak:0.00M | Scene, ViewLayer | Synchronizing object | ENV_leaf_116
Fra:590 Mem:233.39M (Peak 233.39M) | Time:00:00.63 | Mem:0.00M, Peak:0.00M | Scene, ViewLayer | Synchronizing object | ENV_leaf_115
Fra:590 Mem:233.40M (Peak 233.40M) | Time:00:00.63 | Mem:0.00M, Peak:0.00M | Scene, ViewLayer | Synchronizing object | ENV_leaf_114
Fra:590 Mem:233.40M (Peak 233.40M) | Time:00:00.63 | Mem:0.00M, Peak:0.00M | Scene, ViewLayer | Synchronizing object | ENV_leaf_113
Fra:590 Mem:233.40M (Peak 233.40M) | Time:00:00.63 | Mem:0.00M, Peak:0.00M | Scene, ViewLayer | Synchronizing object | ENV_leaf_112
Fra:590 Mem:233.41M (Peak 233.41M) | Time:00:00.63 | Mem:0.00M, Peak:0.00M | Scene, ViewLayer | Synchronizing object | ENV_leaf_111
Fra:590 Mem:233.41M (Peak 233.41M) | Time:00:00.63 | Mem:0.00M, Peak:0.00M | Scene, ViewLayer | Synchronizing object | ENV_leaf_110
Fra:590 Mem:233.42M (Peak 233.42M) | Time:00:00.63 | Mem:0.00M, Peak:0.00M | Scene, ViewLayer | Synchronizing object | ENV_leaf_109
Fra:590 Mem:233.42M (Peak 233.42M) | Time:00:00.63 | Mem:0.00M, Peak:0.00M | Scene, ViewLayer | Synchronizing object | ENV_leaf_108
Fra:590 Mem:233.42M (Peak 233.42M) | Time:00:00.63 | Mem:0.00M, Peak:0.00M | Scene, ViewLayer | Synchronizing object | ENV_leaf_107
Fra:590 Mem:233.43M (Peak 233.43M) | Time:00:00.63 | Mem:0.00M, Peak:0.00M | Scene, ViewLayer | Synchronizing object | ENV_leaf_106
Fra:590 Mem:233.43M (Peak 233.43M) | Time:00:00.63 | Mem:0.00M, Peak:0.00M | Scene, ViewLayer | Synchronizing object | ENV_leaf_105
Fra:590 Mem:233.44M (Peak 233.44M) | Time:00:00.63 | Mem:0.00M, Peak:0.00M | Scene, ViewLayer | Synchronizing object | ENV_leaf_104
Fra:590 Mem:233.44M (Peak 233.44M) | Time:00:00.63 | Mem:0.00M, Peak:0.00M | Scene, ViewLayer | Synchronizing object | ENV_leaf_103
Fra:590 Mem:233.44M (Peak 233.44M) | Time:00:00.63 | Mem:0.00M, Peak:0.00M | Scene, ViewLayer | Synchronizing object | ENV_leaf_102
Fra:590 Mem:233.45M (Peak 233.45M) | Time:00:00.63 | Mem:0.00M, Peak:0.00M | Scene, ViewLayer | Synchronizing object | ENV_leaf_101
Fra:590 Mem:233.45M (Peak 233.45M) | Time:00:00.63 | Mem:0.00M, Peak:0.00M | Scene, ViewLayer | Synchronizing object | ENV_leaf_100
Fra:590 Mem:233.46M (Peak 233.46M) | Time:00:00.63 | Mem:0.00M, Peak:0.00M | Scene, ViewLayer | Synchronizing object | ENV_leaf_99
Fra:590 Mem:233.46M (Peak 233.46M) | Time:00:00.63 | Mem:0.00M, Peak:0.00M | Scene, ViewLayer | Synchronizing object | ENV_leaf_98
Fra:590 Mem:233.46M (Peak 233.46M) | Time:00:00.63 | Mem:0.00M, Peak:0.00M | Scene, ViewLayer | Synchronizing object | ENV_leaf_97
Fra:590 Mem:233.47M (Peak 233.47M) | Time:00:00.63 | Mem:0.00M, Peak:0.00M | Scene, ViewLayer | Synchronizing object | ENV_leaf_96
Fra:590 Mem:233.47M (Peak 233.47M) | Time:00:00.63 | Mem:0.00M, Peak:0.00M | Scene, ViewLayer | Synchronizing object | ENV_leaf_95
Fra:590 Mem:233.48M (Peak 233.48M) | Time:00:00.63 | Mem:0.00M, Peak:0.00M | Scene, ViewLayer | Synchronizing object | ENV_leaf_94
Fra:590 Mem:233.48M (Peak 233.48M) | Time:00:00.63 | Mem:0.00M, Peak:0.00M | Scene, ViewLayer | Synchronizing object | ENV_leaf_93
Fra:590 Mem:233.48M (Peak 233.48M) | Time:00:00.63 | Mem:0.00M, Peak:0.00M | Scene, ViewLayer | Synchronizing object | ENV_leaf_92
Fra:590 Mem:233.49M (Peak 233.49M) | Time:00:00.63 | Mem:0.00M, Peak:0.00M | Scene, ViewLayer | Synchronizing object | ENV_leaf_91
Fra:590 Mem:233.49M (Peak 233.49M) | Time:00:00.63 | Mem:0.00M, Peak:0.00M | Scene, ViewLayer | Synchronizing object | ENV_leaf_90
Fra:590 Mem:233.50M (Peak 233.50M) | Time:00:00.63 | Mem:0.00M, Peak:0.00M | Scene, ViewLayer | Synchronizing object | ENV_leaf_89
Fra:590 Mem:233.50M (Peak 233.50M) | Time:00:00.63 | Mem:0.00M, Peak:0.00M | Scene, ViewLayer | Synchronizing object | ENV_leaf_88
Fra:590 Mem:233.51M (Peak 233.51M) | Time:00:00.63 | Mem:0.00M, Peak:0.00M | Scene, ViewLayer | Synchronizing object | ENV_leaf_87
Fra:590 Mem:233.51M (Peak 233.51M) | Time:00:00.63 | Mem:0.00M, Peak:0.00M | Scene, ViewLayer | Synchronizing object | ENV_leaf_86
Fra:590 Mem:233.51M (Peak 233.51M) | Time:00:00.64 | Mem:0.00M, Peak:0.00M | Scene, ViewLayer | Synchronizing object | ENV_leaf_85
Fra:590 Mem:233.52M (Peak 233.52M) | Time:00:00.64 | Mem:0.00M, Peak:0.00M | Scene, ViewLayer | Synchronizing object | ENV_leaf_84
Fra:590 Mem:233.52M (Peak 233.52M) | Time:00:00.64 | Mem:0.00M, Peak:0.00M | Scene, ViewLayer | Synchronizing object | ENV_leaf_83
Fra:590 Mem:233.53M (Peak 233.53M) | Time:00:00.64 | Mem:0.00M, Peak:0.00M | Scene, ViewLayer | Synchronizing object | ENV_leaf_82
Fra:590 Mem:233.53M (Peak 233.53M) | Time:00:00.64 | Mem:0.00M, Peak:0.00M | Scene, ViewLayer | Synchronizing object | ENV_leaf_81
Fra:590 Mem:233.53M (Peak 233.53M) | Time:00:00.64 | Mem:0.00M, Peak:0.00M | Scene, ViewLayer | Synchronizing object | ENV_leaf_80
Fra:590 Mem:233.54M (Peak 233.54M) | Time:00:00.64 | Mem:0.00M, Peak:0.00M | Scene, ViewLayer | Synchronizing object | ENV_leaf_79
Fra:590 Mem:233.54M (Peak 233.54M) | Time:00:00.64 | Mem:0.00M, Peak:0.00M | Scene, ViewLayer | Synchronizing object | ENV_leaf_78
Fra:590 Mem:233.55M (Peak 233.55M) | Time:00:00.64 | Mem:0.00M, Peak:0.00M | Scene, ViewLayer | Synchronizing object | ENV_leaf_77
Fra:590 Mem:233.55M (Peak 233.55M) | Time:00:00.64 | Mem:0.00M, Peak:0.00M | Scene, ViewLayer | Synchronizing object | ENV_leaf_76
Fra:590 Mem:233.55M (Peak 233.55M) | Time:00:00.64 | Mem:0.00M, Peak:0.00M | Scene, ViewLayer | Synchronizing object | ENV_leaf_75
Fra:590 Mem:233.56M (Peak 233.56M) | Time:00:00.64 | Mem:0.00M, Peak:0.00M | Scene, ViewLayer | Synchronizing object | ENV_leaf_74
Fra:590 Mem:233.56M (Peak 233.56M) | Time:00:00.64 | Mem:0.00M, Peak:0.00M | Scene, ViewLayer | Synchronizing object | ENV_leaf_73
Fra:590 Mem:233.57M (Peak 233.57M) | Time:00:00.64 | Mem:0.00M, Peak:0.00M | Scene, ViewLayer | Synchronizing object | ENV_leaf_72
Fra:590 Mem:233.57M (Peak 233.57M) | Time:00:00.64 | Mem:0.00M, Peak:0.00M | Scene, ViewLayer | Synchronizing object | ENV_leaf_71
Fra:590 Mem:233.57M (Peak 233.57M) | Time:00:00.64 | Mem:0.00M, Peak:0.00M | Scene, ViewLayer | Synchronizing object | ENV_leaf_70
Fra:590 Mem:233.58M (Peak 233.58M) | Time:00:00.64 | Mem:0.00M, Peak:0.00M | Scene, ViewLayer | Synchronizing object | ENV_leaf_69
Fra:590 Mem:233.58M (Peak 233.58M) | Time:00:00.64 | Mem:0.00M, Peak:0.00M | Scene, ViewLayer | Synchronizing object | ENV_leaf_68
Fra:590 Mem:233.59M (Peak 233.59M) | Time:00:00.64 | Mem:0.00M, Peak:0.00M | Scene, ViewLayer | Synchronizing object | ENV_leaf_67
Fra:590 Mem:233.59M (Peak 233.59M) | Time:00:00.64 | Mem:0.00M, Peak:0.00M | Scene, ViewLayer | Synchronizing object | ENV_leaf_66
Fra:590 Mem:233.59M (Peak 233.59M) | Time:00:00.64 | Mem:0.00M, Peak:0.00M | Scene, ViewLayer | Synchronizing object | ENV_leaf_65
Fra:590 Mem:233.60M (Peak 233.60M) | Time:00:00.64 | Mem:0.00M, Peak:0.00M | Scene, ViewLayer | Synchronizing object | ENV_leaf_64
Fra:590 Mem:233.60M (Peak 233.60M) | Time:00:00.64 | Mem:0.00M, Peak:0.00M | Scene, ViewLayer | Synchronizing object | ENV_leaf_63
Fra:590 Mem:233.61M (Peak 233.61M) | Time:00:00.64 | Mem:0.00M, Peak:0.00M | Scene, ViewLayer | Synchronizing object | ENV_leaf_62
Fra:590 Mem:233.61M (Peak 233.61M) | Time:00:00.64 | Mem:0.00M, Peak:0.00M | Scene, ViewLayer | Synchronizing object | ENV_leaf_61
Fra:590 Mem:233.61M (Peak 233.61M) | Time:00:00.64 | Mem:0.00M, Peak:0.00M | Scene, ViewLayer | Synchronizing object | ENV_leaf_60
Fra:590 Mem:233.62M (Peak 233.62M) | Time:00:00.64 | Mem:0.00M, Peak:0.00M | Scene, ViewLayer | Synchronizing object | ENV_leaf_59
Fra:590 Mem:233.62M (Peak 233.62M) | Time:00:00.64 | Mem:0.00M, Peak:0.00M | Scene, ViewLayer | Synchronizing object | ENV_leaf_58
Fra:590 Mem:233.63M (Peak 233.63M) | Time:00:00.64 | Mem:0.00M, Peak:0.00M | Scene, ViewLayer | Synchronizing object | ENV_leaf_57
Fra:590 Mem:233.63M (Peak 233.63M) | Time:00:00.64 | Mem:0.00M, Peak:0.00M | Scene, ViewLayer | Synchronizing object | ENV_leaf_56
Fra:590 Mem:233.63M (Peak 233.63M) | Time:00:00.64 | Mem:0.00M, Peak:0.00M | Scene, ViewLayer | Synchronizing object | ENV_leaf_55
Fra:590 Mem:233.64M (Peak 233.64M) | Time:00:00.64 | Mem:0.00M, Peak:0.00M | Scene, ViewLayer | Synchronizing object | ENV_leaf_54
Fra:590 Mem:233.64M (Peak 233.64M) | Time:00:00.64 | Mem:0.00M, Peak:0.00M | Scene, ViewLayer | Synchronizing object | ENV_leaf_53
Fra:590 Mem:233.65M (Peak 233.65M) | Time:00:00.64 | Mem:0.00M, Peak:0.00M | Scene, ViewLayer | Synchronizing object | ENV_leaf_52
Fra:590 Mem:233.65M (Peak 233.65M) | Time:00:00.64 | Mem:0.00M, Peak:0.00M | Scene, ViewLayer | Synchronizing object | ENV_leaf_51
Fra:590 Mem:233.65M (Peak 233.65M) | Time:00:00.64 | Mem:0.00M, Peak:0.00M | Scene, ViewLayer | Synchronizing object | ENV_leaf_50
Fra:590 Mem:233.66M (Peak 233.66M) | Time:00:00.64 | Mem:0.00M, Peak:0.00M | Scene, ViewLayer | Synchronizing object | ENV_leaf_49
Fra:590 Mem:233.66M (Peak 233.66M) | Time:00:00.64 | Mem:0.00M, Peak:0.00M | Scene, ViewLayer | Synchronizing object | ENV_leaf_48
Fra:590 Mem:233.67M (Peak 233.67M) | Time:00:00.64 | Mem:0.00M, Peak:0.00M | Scene, ViewLayer | Synchronizing object | ENV_leaf_47
Fra:590 Mem:233.67M (Peak 233.67M) | Time:00:00.64 | Mem:0.00M, Peak:0.00M | Scene, ViewLayer | Synchronizing object | ENV_leaf_46
Fra:590 Mem:233.68M (Peak 233.68M) | Time:00:00.64 | Mem:0.00M, Peak:0.00M | Scene, ViewLayer | Synchronizing object | ENV_leaf_45
Fra:590 Mem:233.68M (Peak 233.68M) | Time:00:00.64 | Mem:0.00M, Peak:0.00M | Scene, ViewLayer | Synchronizing object | ENV_leaf_44
Fra:590 Mem:233.68M (Peak 233.68M) | Time:00:00.64 | Mem:0.00M, Peak:0.00M | Scene, ViewLayer | Synchronizing object | ENV_leaf_43
Fra:590 Mem:233.69M (Peak 233.69M) | Time:00:00.64 | Mem:0.00M, Peak:0.00M | Scene, ViewLayer | Synchronizing object | ENV_leaf_42
Fra:590 Mem:233.69M (Peak 233.69M) | Time:00:00.64 | Mem:0.00M, Peak:0.00M | Scene, ViewLayer | Synchronizing object | ENV_leaf_41
Fra:590 Mem:233.70M (Peak 233.70M) | Time:00:00.64 | Mem:0.00M, Peak:0.00M | Scene, ViewLayer | Synchronizing object | ENV_leaf_40
Fra:590 Mem:233.70M (Peak 233.70M) | Time:00:00.64 | Mem:0.00M, Peak:0.00M | Scene, ViewLayer | Synchronizing object | ENV_leaf_39
Fra:590 Mem:233.70M (Peak 233.70M) | Time:00:00.64 | Mem:0.00M, Peak:0.00M | Scene, ViewLayer | Synchronizing object | ENV_leaf_38
Fra:590 Mem:233.71M (Peak 233.71M) | Time:00:00.64 | Mem:0.00M, Peak:0.00M | Scene, ViewLayer | Synchronizing object | ENV_leaf_37
Fra:590 Mem:233.71M (Peak 233.71M) | Time:00:00.64 | Mem:0.00M, Peak:0.00M | Scene, ViewLayer | Synchronizing object | ENV_leaf_36
Fra:590 Mem:233.72M (Peak 233.72M) | Time:00:00.64 | Mem:0.00M, Peak:0.00M | Scene, ViewLayer | Synchronizing object | ENV_leaf_35
Fra:590 Mem:233.72M (Peak 233.72M) | Time:00:00.64 | Mem:0.00M, Peak:0.00M | Scene, ViewLayer | Synchronizing object | ENV_leaf_34
Fra:590 Mem:233.72M (Peak 233.72M) | Time:00:00.64 | Mem:0.00M, Peak:0.00M | Scene, ViewLayer | Synchronizing object | ENV_leaf_33
Fra:590 Mem:233.73M (Peak 233.73M) | Time:00:00.64 | Mem:0.00M, Peak:0.00M | Scene, ViewLayer | Synchronizing object | ENV_leaf_32
Fra:590 Mem:233.73M (Peak 233.73M) | Time:00:00.64 | Mem:0.00M, Peak:0.00M | Scene, ViewLayer | Synchronizing object | ENV_leaf_31
Fra:590 Mem:233.74M (Peak 233.74M) | Time:00:00.64 | Mem:0.00M, Peak:0.00M | Scene, ViewLayer | Synchronizing object | ENV_leaf_30
Fra:590 Mem:233.74M (Peak 233.74M) | Time:00:00.64 | Mem:0.00M, Peak:0.00M | Scene, ViewLayer | Synchronizing object | ENV_leaf_29
Fra:590 Mem:233.74M (Peak 233.74M) | Time:00:00.64 | Mem:0.00M, Peak:0.00M | Scene, ViewLayer | Synchronizing object | ENV_leaf_28
Fra:590 Mem:233.75M (Peak 233.75M) | Time:00:00.64 | Mem:0.00M, Peak:0.00M | Scene, ViewLayer | Synchronizing object | ENV_leaf_27
Fra:590 Mem:233.75M (Peak 233.75M) | Time:00:00.64 | Mem:0.00M, Peak:0.00M | Scene, ViewLayer | Synchronizing object | ENV_leaf_26
Fra:590 Mem:233.76M (Peak 233.76M) | Time:00:00.64 | Mem:0.00M, Peak:0.00M | Scene, ViewLayer | Synchronizing object | ENV_leaf_25
Fra:590 Mem:233.76M (Peak 233.76M) | Time:00:00.64 | Mem:0.00M, Peak:0.00M | Scene, ViewLayer | Synchronizing object | ENV_leaf_24
Fra:590 Mem:233.76M (Peak 233.76M) | Time:00:00.64 | Mem:0.00M, Peak:0.00M | Scene, ViewLayer | Synchronizing object | ENV_leaf_23
Fra:590 Mem:233.77M (Peak 233.77M) | Time:00:00.64 | Mem:0.00M, Peak:0.00M | Scene, ViewLayer | Synchronizing object | ENV_leaf_22
Fra:590 Mem:233.77M (Peak 233.77M) | Time:00:00.64 | Mem:0.00M, Peak:0.00M | Scene, ViewLayer | Synchronizing object | ENV_leaf_21
Fra:590 Mem:233.78M (Peak 233.78M) | Time:00:00.64 | Mem:0.00M, Peak:0.00M | Scene, ViewLayer | Synchronizing object | ENV_leaf_20
Fra:590 Mem:233.78M (Peak 233.78M) | Time:00:00.64 | Mem:0.00M, Peak:0.00M | Scene, ViewLayer | Synchronizing object | ENV_leaf_19
Fra:590 Mem:233.78M (Peak 233.78M) | Time:00:00.64 | Mem:0.00M, Peak:0.00M | Scene, ViewLayer | Synchronizing object | ENV_leaf_18
Fra:590 Mem:233.79M (Peak 233.79M) | Time:00:00.64 | Mem:0.00M, Peak:0.00M | Scene, ViewLayer | Synchronizing object | ENV_leaf_17
Fra:590 Mem:233.79M (Peak 233.79M) | Time:00:00.64 | Mem:0.00M, Peak:0.00M | Scene, ViewLayer | Synchronizing object | ENV_leaf_16
Fra:590 Mem:233.80M (Peak 233.80M) | Time:00:00.64 | Mem:0.00M, Peak:0.00M | Scene, ViewLayer | Synchronizing object | ENV_leaf_15
Fra:590 Mem:233.80M (Peak 233.80M) | Time:00:00.64 | Mem:0.00M, Peak:0.00M | Scene, ViewLayer | Synchronizing object | ENV_leaf_14
Fra:590 Mem:233.80M (Peak 233.80M) | Time:00:00.64 | Mem:0.00M, Peak:0.00M | Scene, ViewLayer | Synchronizing object | ENV_leaf_13
Fra:590 Mem:233.81M (Peak 233.81M) | Time:00:00.64 | Mem:0.00M, Peak:0.00M | Scene, ViewLayer | Synchronizing object | ENV_leaf_12
Fra:590 Mem:233.81M (Peak 233.81M) | Time:00:00.64 | Mem:0.00M, Peak:0.00M | Scene, ViewLayer | Synchronizing object | ENV_leaf_11
Fra:590 Mem:233.82M (Peak 233.82M) | Time:00:00.64 | Mem:0.00M, Peak:0.00M | Scene, ViewLayer | Synchronizing object | ENV_leaf_10
Fra:590 Mem:233.82M (Peak 233.82M) | Time:00:00.64 | Mem:0.00M, Peak:0.00M | Scene, ViewLayer | Synchronizing object | ENV_leaf_9
Fra:590 Mem:233.82M (Peak 233.82M) | Time:00:00.64 | Mem:0.00M, Peak:0.00M | Scene, ViewLayer | Synchronizing object | ENV_leaf_8
Fra:590 Mem:233.83M (Peak 233.83M) | Time:00:00.64 | Mem:0.00M, Peak:0.00M | Scene, ViewLayer | Synchronizing object | ENV_leaf_7
Fra:590 Mem:233.83M (Peak 233.83M) | Time:00:00.64 | Mem:0.00M, Peak:0.00M | Scene, ViewLayer | Synchronizing object | ENV_leaf_6
Fra:590 Mem:233.84M (Peak 233.84M) | Time:00:00.64 | Mem:0.00M, Peak:0.00M | Scene, ViewLayer | Synchronizing object | ENV_leaf_5
Fra:590 Mem:233.84M (Peak 233.84M) | Time:00:00.64 | Mem:0.00M, Peak:0.00M | Scene, ViewLayer | Synchronizing object | ENV_leaf_4
Fra:590 Mem:233.84M (Peak 233.84M) | Time:00:00.64 | Mem:0.00M, Peak:0.00M | Scene, ViewLayer | Synchronizing object | ENV_leaf_3
Fra:590 Mem:233.85M (Peak 233.85M) | Time:00:00.64 | Mem:0.00M, Peak:0.00M | Scene, ViewLayer | Synchronizing object | ENV_leaf_2
Fra:590 Mem:233.85M (Peak 233.85M) | Time:00:00.64 | Mem:0.00M, Peak:0.00M | Scene, ViewLayer | Synchronizing object | ENV_leaf_1
Fra:590 Mem:233.86M (Peak 233.86M) | Time:00:00.64 | Mem:0.00M, Peak:0.00M | Scene, ViewLayer | Synchronizing object | ENV_leaf_0
Fra:590 Mem:233.86M (Peak 233.86M) | Time:00:00.64 | Mem:0.00M, Peak:0.00M | Scene, ViewLayer | Synchronizing object | ENV_fern_77
Fra:590 Mem:234.50M (Peak 234.50M) | Time:00:00.64 | Mem:0.00M, Peak:0.00M | Scene, ViewLayer | Synchronizing object | ENV_fern_76
Fra:590 Mem:235.02M (Peak 235.02M) | Time:00:00.64 | Mem:0.00M, Peak:0.00M | Scene, ViewLayer | Synchronizing object | ENV_fern_75
Fra:590 Mem:235.42M (Peak 235.42M) | Time:00:00.64 | Mem:0.00M, Peak:0.00M | Scene, ViewLayer | Synchronizing object | ENV_fern_74
Fra:590 Mem:236.06M (Peak 236.06M) | Time:00:00.64 | Mem:0.00M, Peak:0.00M | Scene, ViewLayer | Synchronizing object | ENV_fern_73
Fra:590 Mem:236.54M (Peak 236.54M) | Time:00:00.64 | Mem:0.00M, Peak:0.00M | Scene, ViewLayer | Synchronizing object | ENV_fern_48
Fra:590 Mem:236.94M (Peak 236.94M) | Time:00:00.64 | Mem:0.00M, Peak:0.00M | Scene, ViewLayer | Synchronizing object | ENV_fern_49
Fra:590 Mem:237.46M (Peak 237.46M) | Time:00:00.64 | Mem:0.00M, Peak:0.00M | Scene, ViewLayer | Synchronizing object | ENV_fern_50
Fra:590 Mem:238.10M (Peak 238.10M) | Time:00:00.64 | Mem:0.00M, Peak:0.00M | Scene, ViewLayer | Synchronizing object | ENV_fern_51
Fra:590 Mem:238.50M (Peak 238.50M) | Time:00:00.64 | Mem:0.00M, Peak:0.00M | Scene, ViewLayer | Synchronizing object | ENV_fern_52
Fra:590 Mem:239.02M (Peak 239.02M) | Time:00:00.65 | Mem:0.00M, Peak:0.00M | Scene, ViewLayer | Synchronizing object | ENV_fern_53
Fra:590 Mem:239.66M (Peak 239.66M) | Time:00:00.65 | Mem:0.00M, Peak:0.00M | Scene, ViewLayer | Synchronizing object | ENV_fern_54
Fra:590 Mem:240.06M (Peak 240.06M) | Time:00:00.65 | Mem:0.00M, Peak:0.00M | Scene, ViewLayer | Synchronizing object | ENV_fern_55
Fra:590 Mem:240.58M (Peak 240.58M) | Time:00:00.65 | Mem:0.00M, Peak:0.00M | Scene, ViewLayer | Synchronizing object | ENV_fern_56
Fra:590 Mem:241.37M (Peak 241.37M) | Time:00:00.65 | Mem:0.00M, Peak:0.00M | Scene, ViewLayer | Synchronizing object | ENV_fern_72
Fra:590 Mem:241.77M (Peak 241.77M) | Time:00:00.65 | Mem:0.00M, Peak:0.00M | Scene, ViewLayer | Synchronizing object | ENV_fern_71
Fra:590 Mem:242.41M (Peak 242.41M) | Time:00:00.65 | Mem:0.00M, Peak:0.00M | Scene, ViewLayer | Synchronizing object | ENV_fern_70
Fra:590 Mem:242.93M (Peak 242.93M) | Time:00:00.65 | Mem:0.00M, Peak:0.00M | Scene, ViewLayer | Synchronizing object | ENV_fern_69
Fra:590 Mem:243.33M (Peak 243.33M) | Time:00:00.65 | Mem:0.00M, Peak:0.00M | Scene, ViewLayer | Synchronizing object | ENV_fern_68
Fra:590 Mem:243.97M (Peak 243.97M) | Time:00:00.65 | Mem:0.00M, Peak:0.00M | Scene, ViewLayer | Synchronizing object | ENV_fern_67
Fra:590 Mem:244.49M (Peak 244.49M) | Time:00:00.65 | Mem:0.00M, Peak:0.00M | Scene, ViewLayer | Synchronizing object | ENV_fern_66
Fra:590 Mem:244.89M (Peak 244.89M) | Time:00:00.66 | Mem:0.00M, Peak:0.00M | Scene, ViewLayer | Synchronizing object | ENV_fern_65
Fra:590 Mem:245.53M (Peak 245.53M) | Time:00:00.66 | Mem:0.00M, Peak:0.00M | Scene, ViewLayer | Synchronizing object | ENV_fern_64
Fra:590 Mem:245.97M (Peak 245.97M) | Time:00:00.66 | Mem:0.00M, Peak:0.00M | Scene, ViewLayer | Synchronizing object | ENV_fern_57
Fra:590 Mem:246.37M (Peak 246.37M) | Time:00:00.66 | Mem:0.00M, Peak:0.00M | Scene, ViewLayer | Synchronizing object | ENV_fern_58
Fra:590 Mem:246.89M (Peak 246.89M) | Time:00:00.66 | Mem:0.00M, Peak:0.00M | Scene, ViewLayer | Synchronizing object | ENV_fern_59
Fra:590 Mem:247.53M (Peak 247.53M) | Time:00:00.66 | Mem:0.00M, Peak:0.00M | Scene, ViewLayer | Synchronizing object | ENV_fern_60
Fra:590 Mem:247.93M (Peak 247.93M) | Time:00:00.66 | Mem:0.00M, Peak:0.00M | Scene, ViewLayer | Synchronizing object | ENV_fern_61
Fra:590 Mem:248.45M (Peak 248.45M) | Time:00:00.66 | Mem:0.00M, Peak:0.00M | Scene, ViewLayer | Synchronizing object | ENV_fern_62
Fra:590 Mem:249.09M (Peak 249.09M) | Time:00:00.66 | Mem:0.00M, Peak:0.00M | Scene, ViewLayer | Synchronizing object | ENV_fern_63
Fra:590 Mem:249.57M (Peak 249.57M) | Time:00:00.66 | Mem:0.00M, Peak:0.00M | Scene, ViewLayer | Initializing
Fra:590 Mem:125.69M (Peak 249.57M) | Time:00:00.70 | Mem:0.00M, Peak:0.00M | Scene, ViewLayer | Waiting for render to start
Fra:590 Mem:125.69M (Peak 249.57M) | Time:00:00.70 | Mem:0.00M, Peak:0.00M | Scene, ViewLayer | Updating Scene
Fra:590 Mem:125.69M (Peak 249.57M) | Time:00:00.70 | Mem:0.00M, Peak:0.00M | Scene, ViewLayer | Updating Shaders
Fra:590 Mem:125.70M (Peak 249.57M) | Time:00:00.70 | Mem:0.00M, Peak:0.00M | Scene, ViewLayer | Loading render kernels (may take a few minutes the first time)
Fra:590 Mem:125.82M (Peak 249.57M) | Time:00:00.70 | Mem:0.05M, Peak:0.05M | Scene, ViewLayer | Updating Procedurals
Fra:590 Mem:125.82M (Peak 249.57M) | Time:00:00.70 | Mem:0.05M, Peak:0.05M | Scene, ViewLayer | Updating Background
Fra:590 Mem:125.82M (Peak 249.57M) | Time:00:00.70 | Mem:0.05M, Peak:0.05M | Scene, ViewLayer | Updating Camera
Fra:590 Mem:125.82M (Peak 249.57M) | Time:00:00.70 | Mem:0.05M, Peak:0.05M | Scene, ViewLayer | Updating Meshes Flags
Fra:590 Mem:125.82M (Peak 249.57M) | Time:00:00.70 | Mem:0.05M, Peak:0.05M | Scene, ViewLayer | Updating Objects
Fra:590 Mem:125.82M (Peak 249.57M) | Time:00:00.70 | Mem:0.05M, Peak:0.05M | Scene, ViewLayer | Updating Objects | Copying Transformations to device
Fra:590 Mem:126.36M (Peak 249.57M) | Time:00:00.70 | Mem:0.57M, Peak:0.57M | Scene, ViewLayer | Updating Particle Systems
Fra:590 Mem:126.36M (Peak 249.57M) | Time:00:00.70 | Mem:0.57M, Peak:0.57M | Scene, ViewLayer | Updating Particle Systems | Copying Particles to device
Fra:590 Mem:126.36M (Peak 249.57M) | Time:00:00.70 | Mem:0.57M, Peak:0.57M | Scene, ViewLayer | Updating Meshes
Fra:590 Mem:126.36M (Peak 249.57M) | Time:00:00.70 | Mem:0.57M, Peak:0.57M | Scene, ViewLayer | Updating Objects | Applying Static Transformations
Fra:590 Mem:126.36M (Peak 249.57M) | Time:00:00.71 | Mem:0.57M, Peak:0.57M | Scene, ViewLayer | Updating Mesh | Computing attributes
Fra:590 Mem:134.46M (Peak 249.57M) | Time:00:00.71 | Mem:0.65M, Peak:0.65M | Scene, ViewLayer | Updating Mesh | Copying Attributes to device
Fra:590 Mem:134.24M (Peak 249.57M) | Time:00:00.72 | Mem:8.44M, Peak:8.44M | Scene, ViewLayer | Updating Geometry BVH ROCK_SMALL.001 5/4 | Building BVH
Fra:590 Mem:134.24M (Peak 249.57M) | Time:00:00.72 | Mem:8.45M, Peak:8.45M | Scene, ViewLayer | Updating Geometry BVH ROCK_SMALL.001 5/4 | Building BVH 0%
Fra:590 Mem:134.24M (Peak 249.57M) | Time:00:00.72 | Mem:8.46M, Peak:8.46M | Scene, ViewLayer | Updating Geometry BVH MOSS_PATCH_B.001 4/4 | Building BVH
Fra:590 Mem:134.24M (Peak 249.57M) | Time:00:00.72 | Mem:8.47M, Peak:8.48M | Scene, ViewLayer | Updating Geometry BVH MOSS_PATCH_A.001 3/4 | Building BVH
Fra:590 Mem:134.24M (Peak 249.57M) | Time:00:00.72 | Mem:8.49M, Peak:8.49M | Scene, ViewLayer | Updating Geometry BVH FX_010_dot_src 2/4 | Building BVH
Fra:590 Mem:134.24M (Peak 249.57M) | Time:00:00.72 | Mem:8.49M, Peak:8.50M | Scene, ViewLayer | Updating Scene BVH | Building
Fra:590 Mem:134.26M (Peak 249.57M) | Time:00:00.72 | Mem:8.49M, Peak:8.50M | Scene, ViewLayer | Updating Scene BVH | Building BVH
Fra:590 Mem:134.26M (Peak 249.57M) | Time:00:00.97 | Mem:68.62M, Peak:68.62M | Scene, ViewLayer | Updating Scene BVH | Building BVH 32%
Fra:590 Mem:134.26M (Peak 249.57M) | Time:00:01.22 | Mem:116.62M, Peak:116.62M | Scene, ViewLayer | Updating Scene BVH | Building BVH 100%
Fra:590 Mem:134.26M (Peak 249.57M) | Time:00:01.22 | Mem:80.80M, Peak:116.62M | Scene, ViewLayer | Updating Scene BVH | Copying BVH to device
Fra:590 Mem:134.26M (Peak 249.57M) | Time:00:01.22 | Mem:80.80M, Peak:116.62M | Scene, ViewLayer | Updating Mesh | Computing normals
Fra:590 Mem:167.70M (Peak 249.57M) | Time:00:01.24 | Mem:80.80M, Peak:116.62M | Scene, ViewLayer | Updating Mesh | Copying Mesh to device
Fra:590 Mem:167.70M (Peak 249.57M) | Time:00:01.24 | Mem:114.24M, Peak:116.62M | Scene, ViewLayer | Updating Objects Flags
Fra:590 Mem:167.70M (Peak 249.57M) | Time:00:01.24 | Mem:114.25M, Peak:116.62M | Scene, ViewLayer | Updating Primitive Offsets
Fra:590 Mem:167.71M (Peak 249.57M) | Time:00:01.24 | Mem:114.26M, Peak:116.62M | Scene, ViewLayer | Updating Images
Fra:590 Mem:167.71M (Peak 249.57M) | Time:00:01.24 | Mem:114.26M, Peak:116.62M | Scene, ViewLayer | Updating Camera Volume
Fra:590 Mem:167.71M (Peak 249.57M) | Time:00:01.25 | Mem:114.26M, Peak:116.62M | Scene, ViewLayer | Updating Lookup Tables
Fra:590 Mem:167.71M (Peak 249.57M) | Time:00:01.25 | Mem:114.34M, Peak:116.62M | Scene, ViewLayer | Updating Lights
Fra:590 Mem:167.71M (Peak 249.57M) | Time:00:01.25 | Mem:114.34M, Peak:116.62M | Scene, ViewLayer | Updating Lights | Computing tree
Fra:590 Mem:168.44M (Peak 249.57M) | Time:00:01.28 | Mem:115.07M, Peak:116.62M | Scene, ViewLayer | Updating Integrator
Fra:590 Mem:168.44M (Peak 249.57M) | Time:00:01.28 | Mem:115.07M, Peak:116.62M | Scene, ViewLayer | Updating Film
Fra:590 Mem:168.44M (Peak 249.57M) | Time:00:01.28 | Mem:114.99M, Peak:116.62M | Scene, ViewLayer | Updating Lookup Tables
Fra:590 Mem:168.44M (Peak 249.57M) | Time:00:01.28 | Mem:115.08M, Peak:116.62M | Scene, ViewLayer | Updating Baking
Fra:590 Mem:168.44M (Peak 249.57M) | Time:00:01.28 | Mem:115.08M, Peak:116.62M | Scene, ViewLayer | Updating Device | Writing constant memory
Fra:590 Mem:168.48M (Peak 249.57M) | Time:00:01.28 | Mem:115.08M, Peak:116.62M | Scene, ViewLayer | Loading denoising kernels (may take a few minutes the first time)
Fra:590 Mem:168.48M (Peak 249.57M) | Time:00:01.28 | Mem:115.08M, Peak:116.62M | Scene, ViewLayer | Sample 0/32
Fra:590 Mem:318.79M (Peak 318.79M) | Time:00:35.63 | Remaining:17:45.03 | Mem:265.37M, Peak:265.37M | Scene, ViewLayer | Sample 1/32
Fra:590 Mem:318.79M (Peak 318.79M) | Time:01:09.76 | Remaining:17:07.30 | Mem:265.37M, Peak:265.37M | Scene, ViewLayer | Sample 2/32
Fra:590 Mem:318.79M (Peak 318.79M) | Time:01:44.00 | Remaining:16:32.99 | Mem:265.37M, Peak:265.37M | Scene, ViewLayer | Sample 3/32
Fra:590 Mem:318.79M (Peak 318.79M) | Time:02:19.57 | Remaining:16:08.05 | Mem:265.37M, Peak:265.37M | Scene, ViewLayer | Sample 4/32
Fra:590 Mem:318.79M (Peak 318.79M) | Time:02:38.78 | Remaining:14:10.51 | Mem:265.37M, Peak:265.37M | Scene, ViewLayer | Sample 5/32
Fra:590 Mem:318.79M (Peak 318.79M) | Time:02:56.62 | Remaining:12:39.82 | Mem:265.37M, Peak:265.37M | Scene, ViewLayer | Sample 6/32
Fra:590 Mem:318.79M (Peak 318.79M) | Time:03:14.32 | Remaining:11:29.46 | Mem:265.37M, Peak:265.37M | Scene, ViewLayer | Sample 7/32
Fra:590 Mem:318.79M (Peak 318.79M) | Time:03:31.44 | Remaining:10:30.50 | Mem:265.37M, Peak:265.37M | Scene, ViewLayer | Sample 8/32
Fra:590 Mem:318.79M (Peak 318.79M) | Time:03:49.73 | Remaining:09:43.82 | Mem:265.37M, Peak:265.37M | Scene, ViewLayer | Sample 9/32
Fra:590 Mem:318.79M (Peak 318.79M) | Time:04:09.01 | Remaining:09:05.01 | Mem:265.37M, Peak:265.37M | Scene, ViewLayer | Sample 10/32
Fra:590 Mem:318.79M (Peak 318.79M) | Time:04:27.35 | Remaining:08:27.95 | Mem:265.37M, Peak:265.37M | Scene, ViewLayer | Sample 11/32
Fra:590 Mem:318.79M (Peak 318.79M) | Time:04:45.51 | Remaining:07:53.73 | Mem:265.37M, Peak:265.37M | Scene, ViewLayer | Sample 12/32
Fra:590 Mem:318.79M (Peak 318.79M) | Time:05:04.64 | Remaining:07:23.38 | Mem:265.37M, Peak:265.37M | Scene, ViewLayer | Sample 13/32
Fra:590 Mem:318.79M (Peak 318.79M) | Time:05:23.50 | Remaining:06:54.28 | Mem:265.37M, Peak:265.37M | Scene, ViewLayer | Sample 14/32
Fra:590 Mem:318.79M (Peak 318.79M) | Time:05:41.57 | Remaining:06:25.66 | Mem:265.37M, Peak:265.37M | Scene, ViewLayer | Sample 15/32
Fra:590 Mem:318.79M (Peak 318.79M) | Time:05:58.98 | Remaining:05:57.70 | Mem:265.37M, Peak:265.37M | Scene, ViewLayer | Sample 16/32
Fra:590 Mem:318.79M (Peak 318.79M) | Time:06:15.65 | Remaining:05:30.32 | Mem:265.37M, Peak:265.37M | Scene, ViewLayer | Sample 17/32
Fra:590 Mem:318.79M (Peak 318.79M) | Time:06:33.87 | Remaining:05:05.35 | Mem:265.37M, Peak:265.37M | Scene, ViewLayer | Sample 18/32
Fra:590 Mem:318.79M (Peak 318.79M) | Time:06:51.68 | Remaining:04:40.80 | Mem:265.37M, Peak:265.37M | Scene, ViewLayer | Sample 19/32
Fra:590 Mem:318.79M (Peak 318.79M) | Time:07:09.55 | Remaining:04:16.96 | Mem:265.37M, Peak:265.37M | Scene, ViewLayer | Sample 20/32
Fra:590 Mem:318.79M (Peak 318.79M) | Time:07:27.27 | Remaining:03:53.61 | Mem:265.37M, Peak:265.37M | Scene, ViewLayer | Sample 21/32
Fra:590 Mem:318.79M (Peak 318.79M) | Time:07:44.14 | Remaining:03:30.39 | Mem:265.37M, Peak:265.37M | Scene, ViewLayer | Sample 22/32
Fra:590 Mem:318.79M (Peak 318.79M) | Time:08:01.50 | Remaining:03:07.91 | Mem:265.37M, Peak:265.37M | Scene, ViewLayer | Sample 23/32
Fra:590 Mem:318.79M (Peak 318.79M) | Time:08:18.53 | Remaining:02:45.75 | Mem:265.37M, Peak:265.37M | Scene, ViewLayer | Sample 24/32
Fra:590 Mem:318.79M (Peak 318.79M) | Time:08:36.36 | Remaining:02:24.22 | Mem:265.37M, Peak:265.37M | Scene, ViewLayer | Sample 25/32
Fra:590 Mem:318.79M (Peak 318.79M) | Time:08:54.44 | Remaining:02:03.03 | Mem:265.37M, Peak:265.37M | Scene, ViewLayer | Sample 26/32
Fra:590 Mem:318.79M (Peak 318.79M) | Time:09:11.90 | Remaining:01:41.96 | Mem:265.37M, Peak:265.37M | Scene, ViewLayer | Sample 27/32
Fra:590 Mem:318.79M (Peak 318.79M) | Time:09:29.21 | Remaining:01:21.13 | Mem:265.37M, Peak:265.37M | Scene, ViewLayer | Sample 28/32
Fra:590 Mem:318.79M (Peak 318.79M) | Time:09:47.23 | Remaining:01:00.61 | Mem:265.37M, Peak:265.37M | Scene, ViewLayer | Sample 29/32
Fra:590 Mem:318.79M (Peak 318.79M) | Time:10:04.52 | Remaining:00:40.21 | Mem:265.37M, Peak:265.37M | Scene, ViewLayer | Sample 30/32
Fra:590 Mem:318.79M (Peak 318.79M) | Time:10:21.92 | Remaining:00:20.02 | Mem:265.37M, Peak:265.37M | Scene, ViewLayer | Sample 31/32
Fra:590 Mem:382.08M (Peak 477.00M) | Time:10:55.86 | Mem:265.37M, Peak:265.37M | Scene, ViewLayer | Sample 32/32
Fra:590 Mem:382.08M (Peak 477.00M) | Time:10:55.86 | Mem:265.37M, Peak:265.37M | Scene, ViewLayer | Finished
Saved: 'renders/final/SHOT_009/frame_0590.jpg'
Time: 10:56.12 (Saving: 00:00.23)

REP4_DONE
