Read blend: "/home/user/liuflexrobo/GLIMMER/blend/final/GLIMMER_master.blend"
Fra:36 Mem:134.87M (Peak 134.87M) | Time:00:00.16 | Mem:0.00M, Peak:0.00M | Scene, ViewLayer | Synchronizing object | FX_001_abdomen
Fra:36 Mem:134.93M (Peak 134.93M) | Time:00:00.16 | Mem:0.00M, Peak:0.00M | Scene, ViewLayer | Synchronizing object | FX_001_body
Fra:36 Mem:134.99M (Peak 134.99M) | Time:00:00.16 | Mem:0.00M, Peak:0.00M | Scene, ViewLayer | Synchronizing object | FX_001_wing_L
Fra:36 Mem:135.00M (Peak 135.00M) | Time:00:00.16 | Mem:0.00M, Peak:0.00M | Scene, ViewLayer | Synchronizing object | FX_001_wing_R
Fra:36 Mem:135.01M (Peak 135.01M) | Time:00:00.16 | Mem:0.00M, Peak:0.00M | Scene, ViewLayer | Synchronizing object | FX_010_dot_src
Fra:36 Mem:135.12M (Peak 135.12M) | Time:00:00.16 | Mem:0.00M, Peak:0.00M | Scene, ViewLayer | Synchronizing object | FX_010_swarm
Fra:36 Mem:134.93M (Peak 135.12M) | Time:00:00.16 | Mem:0.00M, Peak:0.00M | Scene, ViewLayer | Synchronizing object | LIGHT_ff_practical
Fra:36 Mem:134.93M (Peak 135.12M) | Time:00:00.16 | Mem:0.00M, Peak:0.00M | Scene, ViewLayer | Synchronizing object | LIGHT_sun
Fra:36 Mem:134.93M (Peak 135.12M) | Time:00:00.16 | Mem:0.00M, Peak:0.00M | Scene, ViewLayer | Synchronizing object | LIGHT_moon
Fra:36 Mem:134.93M (Peak 135.12M) | Time:00:00.16 | Mem:0.00M, Peak:0.00M | Scene, ViewLayer | Synchronizing object | LIGHT_shaft_0
Fra:36 Mem:134.93M (Peak 135.12M) | Time:00:00.16 | Mem:0.00M, Peak:0.00M | Scene, ViewLayer | Synchronizing object | LIGHT_shaft_1
Fra:36 Mem:134.93M (Peak 135.12M) | Time:00:00.16 | Mem:0.00M, Peak:0.00M | Scene, ViewLayer | Synchronizing object | LIGHT_char_fill
Fra:36 Mem:134.93M (Peak 135.12M) | Time:00:00.16 | Mem:0.00M, Peak:0.00M | Scene, ViewLayer | Synchronizing object | LIGHT_night_rim
Fra:36 Mem:134.93M (Peak 135.12M) | Time:00:00.16 | Mem:0.00M, Peak:0.00M | Scene, ViewLayer | Synchronizing object | LIGHT_night_fill
Fra:36 Mem:134.93M (Peak 135.12M) | Time:00:00.16 | Mem:0.00M, Peak:0.00M | Scene, ViewLayer | Synchronizing object | LIGHT_robot_key
Fra:36 Mem:135.70M (Peak 135.70M) | Time:00:00.20 | Mem:0.00M, Peak:0.00M | Scene, ViewLayer | Synchronizing object | CHAR_001_head
Fra:36 Mem:135.98M (Peak 135.98M) | Time:00:00.20 | Mem:0.00M, Peak:0.00M | Scene, ViewLayer | Synchronizing object | CHAR_001_antenna
Fra:36 Mem:138.89M (Peak 138.89M) | Time:00:00.21 | Mem:0.00M, Peak:0.00M | Scene, ViewLayer | Synchronizing object | TWIG_A
Fra:36 Mem:138.93M (Peak 138.93M) | Time:00:00.21 | Mem:0.00M, Peak:0.00M | Scene, ViewLayer | Synchronizing object | TWIG_B
Fra:36 Mem:139.53M (Peak 139.53M) | Time:00:00.22 | Mem:0.00M, Peak:0.00M | Scene, ViewLayer | Synchronizing object | CHAR_001_head_hatch
Fra:36 Mem:139.54M (Peak 139.54M) | Time:00:00.22 | Mem:0.00M, Peak:0.00M | Scene, ViewLayer | Synchronizing object | CHAR_001_head_seam
Fra:36 Mem:139.54M (Peak 139.54M) | Time:00:00.22 | Mem:0.00M, Peak:0.00M | Scene, ViewLayer | Synchronizing object | CHAR_001_eye_rim_L
Fra:36 Mem:139.56M (Peak 139.56M) | Time:00:00.22 | Mem:0.00M, Peak:0.00M | Scene, ViewLayer | Synchronizing object | CHAR_001_eye_L
Fra:36 Mem:139.61M (Peak 139.61M) | Time:00:00.22 | Mem:0.00M, Peak:0.00M | Scene, ViewLayer | Synchronizing object | CHAR_001_iris_L
Fra:36 Mem:139.63M (Peak 139.63M) | Time:00:00.22 | Mem:0.00M, Peak:0.00M | Scene, ViewLayer | Synchronizing object | CHAR_001_eye_rim_R
Fra:36 Mem:139.65M (Peak 139.65M) | Time:00:00.22 | Mem:0.00M, Peak:0.00M | Scene, ViewLayer | Synchronizing object | CHAR_001_eye_R
Fra:36 Mem:139.70M (Peak 139.70M) | Time:00:00.22 | Mem:0.00M, Peak:0.00M | Scene, ViewLayer | Synchronizing object | CHAR_001_iris_R
Fra:36 Mem:139.70M (Peak 139.70M) | Time:00:00.22 | Mem:0.00M, Peak:0.00M | Scene, ViewLayer | Synchronizing object | CHAR_001_antenna_tip
Fra:36 Mem:139.71M (Peak 139.71M) | Time:00:00.22 | Mem:0.00M, Peak:0.00M | Scene, ViewLayer | Synchronizing object | CHAR_001_torso
Fra:36 Mem:140.04M (Peak 140.04M) | Time:00:00.22 | Mem:0.00M, Peak:0.00M | Scene, ViewLayer | Synchronizing object | CHAR_001_torso_panel
Fra:36 Mem:140.06M (Peak 140.06M) | Time:00:00.22 | Mem:0.00M, Peak:0.00M | Scene, ViewLayer | Synchronizing object | CHAR_001_rivets
Fra:36 Mem:140.10M (Peak 140.10M) | Time:00:00.22 | Mem:0.00M, Peak:0.00M | Scene, ViewLayer | Synchronizing object | CHAR_001_vents
Fra:36 Mem:140.11M (Peak 140.11M) | Time:00:00.22 | Mem:0.00M, Peak:0.00M | Scene, ViewLayer | Synchronizing object | CHAR_001_neck
Fra:36 Mem:140.11M (Peak 140.11M) | Time:00:00.22 | Mem:0.00M, Peak:0.00M | Scene, ViewLayer | Synchronizing object | CHAR_001_shoulder_L
Fra:36 Mem:140.14M (Peak 140.14M) | Time:00:00.22 | Mem:0.00M, Peak:0.00M | Scene, ViewLayer | Synchronizing object | CHAR_001_upperarm_L
Fra:36 Mem:140.15M (Peak 140.15M) | Time:00:00.22 | Mem:0.00M, Peak:0.00M | Scene, ViewLayer | Synchronizing object | CHAR_001_forearm_L
Fra:36 Mem:140.16M (Peak 140.16M) | Time:00:00.22 | Mem:0.00M, Peak:0.00M | Scene, ViewLayer | Synchronizing object | CHAR_001_hand_L
Fra:36 Mem:140.23M (Peak 140.23M) | Time:00:00.22 | Mem:0.00M, Peak:0.00M | Scene, ViewLayer | Synchronizing object | CHAR_001_shoulder_R
Fra:36 Mem:140.26M (Peak 140.26M) | Time:00:00.22 | Mem:0.00M, Peak:0.00M | Scene, ViewLayer | Synchronizing object | CHAR_001_upperarm_R
Fra:36 Mem:140.27M (Peak 140.27M) | Time:00:00.22 | Mem:0.00M, Peak:0.00M | Scene, ViewLayer | Synchronizing object | CHAR_001_forearm_R
Fra:36 Mem:140.28M (Peak 140.28M) | Time:00:00.22 | Mem:0.00M, Peak:0.00M | Scene, ViewLayer | Synchronizing object | CHAR_001_hand_R
Fra:36 Mem:140.33M (Peak 140.33M) | Time:00:00.22 | Mem:0.00M, Peak:0.00M | Scene, ViewLayer | Synchronizing object | CHAR_001_finger_R_index
Fra:36 Mem:140.36M (Peak 140.36M) | Time:00:00.22 | Mem:0.00M, Peak:0.00M | Scene, ViewLayer | Synchronizing object | CHAR_001_chassis
Fra:36 Mem:140.37M (Peak 140.37M) | Time:00:00.22 | Mem:0.00M, Peak:0.00M | Scene, ViewLayer | Synchronizing object | CHAR_001_track_plates_L
Fra:36 Mem:140.41M (Peak 140.41M) | Time:00:00.22 | Mem:0.00M, Peak:0.00M | Scene, ViewLayer | Synchronizing object | CHAR_001_wheel_L_0
Fra:36 Mem:140.42M (Peak 140.42M) | Time:00:00.22 | Mem:0.00M, Peak:0.00M | Scene, ViewLayer | Synchronizing object | CHAR_001_wheel_L_1
Fra:36 Mem:140.43M (Peak 140.43M) | Time:00:00.22 | Mem:0.00M, Peak:0.00M | Scene, ViewLayer | Synchronizing object | CHAR_001_wheel_L_2
Fra:36 Mem:140.43M (Peak 140.43M) | Time:00:00.22 | Mem:0.00M, Peak:0.00M | Scene, ViewLayer | Synchronizing object | CHAR_001_wheel_L_3
Fra:36 Mem:140.44M (Peak 140.44M) | Time:00:00.22 | Mem:0.00M, Peak:0.00M | Scene, ViewLayer | Synchronizing object | CHAR_001_wheel_L_4
Fra:36 Mem:140.45M (Peak 140.45M) | Time:00:00.22 | Mem:0.00M, Peak:0.00M | Scene, ViewLayer | Synchronizing object | CHAR_001_fender_L
Fra:36 Mem:140.46M (Peak 140.46M) | Time:00:00.22 | Mem:0.00M, Peak:0.00M | Scene, ViewLayer | Synchronizing object | CHAR_001_track_plates_R
Fra:36 Mem:140.50M (Peak 140.50M) | Time:00:00.22 | Mem:0.00M, Peak:0.00M | Scene, ViewLayer | Synchronizing object | CHAR_001_wheel_R_0
Fra:36 Mem:140.51M (Peak 140.51M) | Time:00:00.22 | Mem:0.00M, Peak:0.00M | Scene, ViewLayer | Synchronizing object | CHAR_001_wheel_R_1
Fra:36 Mem:140.52M (Peak 140.52M) | Time:00:00.22 | Mem:0.00M, Peak:0.00M | Scene, ViewLayer | Synchronizing object | CHAR_001_wheel_R_2
Fra:36 Mem:140.51M (Peak 140.52M) | Time:00:00.22 | Mem:0.00M, Peak:0.00M | Scene, ViewLayer | Synchronizing object | CHAR_001_wheel_R_3
Fra:36 Mem:140.52M (Peak 140.52M) | Time:00:00.22 | Mem:0.00M, Peak:0.00M | Scene, ViewLayer | Synchronizing object | CHAR_001_wheel_R_4
Fra:36 Mem:140.53M (Peak 140.53M) | Time:00:00.22 | Mem:0.00M, Peak:0.00M | Scene, ViewLayer | Synchronizing object | CHAR_001_fender_R
Fra:36 Mem:140.55M (Peak 140.55M) | Time:00:00.22 | Mem:0.00M, Peak:0.00M | Scene, ViewLayer | Synchronizing object | TREE_TRUNK_A
Fra:36 Mem:141.30M (Peak 141.88M) | Time:00:00.22 | Mem:0.00M, Peak:0.00M | Scene, ViewLayer | Synchronizing object | TREE_TRUNK_B
Fra:36 Mem:142.07M (Peak 142.65M) | Time:00:00.22 | Mem:0.00M, Peak:0.00M | Scene, ViewLayer | Synchronizing object | TREE_TRUNK_C
Fra:36 Mem:142.84M (Peak 143.41M) | Time:00:00.23 | Mem:0.00M, Peak:0.00M | Scene, ViewLayer | Synchronizing object | ROOT_A
Fra:36 Mem:142.86M (Peak 143.41M) | Time:00:00.23 | Mem:0.00M, Peak:0.00M | Scene, ViewLayer | Synchronizing object | ROOT_B
Fra:36 Mem:142.88M (Peak 143.41M) | Time:00:00.23 | Mem:0.00M, Peak:0.00M | Scene, ViewLayer | Synchronizing object | ROOT_C
Fra:36 Mem:142.90M (Peak 143.41M) | Time:00:00.23 | Mem:0.00M, Peak:0.00M | Scene, ViewLayer | Synchronizing object | FALLEN_LOG_HERO
Fra:36 Mem:143.31M (Peak 143.41M) | Time:00:00.23 | Mem:0.00M, Peak:0.00M | Scene, ViewLayer | Synchronizing object | FERN_A
Fra:36 Mem:143.71M (Peak 143.71M) | Time:00:00.23 | Mem:0.00M, Peak:0.00M | Scene, ViewLayer | Synchronizing object | FERN_B
Fra:36 Mem:144.22M (Peak 144.22M) | Time:00:00.23 | Mem:0.00M, Peak:0.00M | Scene, ViewLayer | Synchronizing object | FERN_C
Fra:36 Mem:145.16M (Peak 145.16M) | Time:00:00.23 | Mem:0.00M, Peak:0.00M | Scene, ViewLayer | Synchronizing object | MOSS_PATCH_A
Fra:36 Mem:145.18M (Peak 145.18M) | Time:00:00.23 | Mem:0.00M, Peak:0.00M | Scene, ViewLayer | Synchronizing object | MOSS_PATCH_B
Fra:36 Mem:145.20M (Peak 145.20M) | Time:00:00.23 | Mem:0.00M, Peak:0.00M | Scene, ViewLayer | Synchronizing object | GROUND_LEAF_A
Fra:36 Mem:145.20M (Peak 145.20M) | Time:00:00.23 | Mem:0.00M, Peak:0.00M | Scene, ViewLayer | Synchronizing object | GROUND_LEAF_B
Fra:36 Mem:145.20M (Peak 145.20M) | Time:00:00.23 | Mem:0.00M, Peak:0.00M | Scene, ViewLayer | Synchronizing object | GROUND_LEAF_C
Fra:36 Mem:145.21M (Peak 145.21M) | Time:00:00.23 | Mem:0.00M, Peak:0.00M | Scene, ViewLayer | Synchronizing object | ROCK_SMALL
Fra:36 Mem:145.22M (Peak 145.22M) | Time:00:00.23 | Mem:0.00M, Peak:0.00M | Scene, ViewLayer | Synchronizing object | BACKGROUND_TREE
Fra:36 Mem:145.78M (Peak 145.78M) | Time:00:00.23 | Mem:0.00M, Peak:0.00M | Scene, ViewLayer | Synchronizing object | ENV_ground
Fra:36 Mem:147.09M (Peak 147.11M) | Time:00:00.23 | Mem:0.00M, Peak:0.00M | Scene, ViewLayer | Synchronizing object | ENV_hero_tree
Fra:36 Mem:147.85M (Peak 148.44M) | Time:00:00.24 | Mem:0.00M, Peak:0.00M | Scene, ViewLayer | Synchronizing object | ENV_root_0
Fra:36 Mem:148.18M (Peak 148.44M) | Time:00:00.24 | Mem:0.00M, Peak:0.00M | Scene, ViewLayer | Synchronizing object | ENV_root_1
Fra:36 Mem:148.20M (Peak 148.44M) | Time:00:00.24 | Mem:0.00M, Peak:0.00M | Scene, ViewLayer | Synchronizing object | ENV_root_2
Fra:36 Mem:148.21M (Peak 148.44M) | Time:00:00.24 | Mem:0.00M, Peak:0.00M | Scene, ViewLayer | Synchronizing object | ENV_root_3
Fra:36 Mem:148.23M (Peak 148.44M) | Time:00:00.24 | Mem:0.00M, Peak:0.00M | Scene, ViewLayer | Synchronizing object | ENV_root_4
Fra:36 Mem:148.24M (Peak 148.44M) | Time:00:00.24 | Mem:0.00M, Peak:0.00M | Scene, ViewLayer | Synchronizing object | ENV_root_5
Fra:36 Mem:148.25M (Peak 148.44M) | Time:00:00.24 | Mem:0.00M, Peak:0.00M | Scene, ViewLayer | Synchronizing object | ENV_fallen_log
Fra:36 Mem:148.33M (Peak 148.44M) | Time:00:00.24 | Mem:0.00M, Peak:0.00M | Scene, ViewLayer | Synchronizing object | ENV_midtree_0
Fra:36 Mem:149.09M (Peak 149.66M) | Time:00:00.24 | Mem:0.00M, Peak:0.00M | Scene, ViewLayer | Synchronizing object | ENV_midtree_1
Fra:36 Mem:149.85M (Peak 150.42M) | Time:00:00.24 | Mem:0.00M, Peak:0.00M | Scene, ViewLayer | Synchronizing object | ENV_midtree_2
Fra:36 Mem:150.61M (Peak 150.99M) | Time:00:00.24 | Mem:0.00M, Peak:0.00M | Scene, ViewLayer | Synchronizing object | ENV_midtree_3
Fra:36 Mem:151.06M (Peak 151.65M) | Time:00:00.24 | Mem:0.00M, Peak:0.00M | Scene, ViewLayer | Synchronizing object | ENV_midtree_4
Fra:36 Mem:151.84M (Peak 152.41M) | Time:00:00.25 | Mem:0.00M, Peak:0.00M | Scene, ViewLayer | Synchronizing object | ENV_midtree_5
Fra:36 Mem:152.60M (Peak 153.17M) | Time:00:00.25 | Mem:0.00M, Peak:0.00M | Scene, ViewLayer | Synchronizing object | ENV_bgtree_0
Fra:36 Mem:153.48M (Peak 153.48M) | Time:00:00.25 | Mem:0.00M, Peak:0.00M | Scene, ViewLayer | Synchronizing object | ENV_bgtree_1
Fra:36 Mem:154.06M (Peak 154.06M) | Time:00:00.25 | Mem:0.00M, Peak:0.00M | Scene, ViewLayer | Synchronizing object | ENV_bgtree_2
Fra:36 Mem:154.94M (Peak 154.94M) | Time:00:00.25 | Mem:0.00M, Peak:0.00M | Scene, ViewLayer | Synchronizing object | ENV_bgtree_3
Fra:36 Mem:155.52M (Peak 155.52M) | Time:00:00.25 | Mem:0.00M, Peak:0.00M | Scene, ViewLayer | Synchronizing object | ENV_bgtree_4
Fra:36 Mem:156.40M (Peak 156.40M) | Time:00:00.25 | Mem:0.00M, Peak:0.00M | Scene, ViewLayer | Synchronizing object | ENV_bgtree_5
Fra:36 Mem:156.98M (Peak 156.98M) | Time:00:00.25 | Mem:0.00M, Peak:0.00M | Scene, ViewLayer | Synchronizing object | ENV_bgtree_6
Fra:36 Mem:157.86M (Peak 157.86M) | Time:00:00.25 | Mem:0.00M, Peak:0.00M | Scene, ViewLayer | Synchronizing object | ENV_bgtree_7
Fra:36 Mem:158.42M (Peak 158.42M) | Time:00:00.26 | Mem:0.00M, Peak:0.00M | Scene, ViewLayer | Synchronizing object | ENV_bgtree_8
Fra:36 Mem:159.32M (Peak 159.32M) | Time:00:00.26 | Mem:0.00M, Peak:0.00M | Scene, ViewLayer | Synchronizing object | ENV_bgtree_9
Fra:36 Mem:159.90M (Peak 159.90M) | Time:00:00.26 | Mem:0.00M, Peak:0.00M | Scene, ViewLayer | Synchronizing object | ENV_bgtree_10
Fra:36 Mem:160.78M (Peak 160.78M) | Time:00:00.26 | Mem:0.00M, Peak:0.00M | Scene, ViewLayer | Synchronizing object | ENV_bgtree_11
Fra:36 Mem:161.36M (Peak 161.36M) | Time:00:00.26 | Mem:0.00M, Peak:0.00M | Scene, ViewLayer | Synchronizing object | ENV_bgtree_12
Fra:36 Mem:162.24M (Peak 162.24M) | Time:00:00.26 | Mem:0.00M, Peak:0.00M | Scene, ViewLayer | Synchronizing object | ENV_bgtree_13
Fra:36 Mem:162.80M (Peak 162.80M) | Time:00:00.26 | Mem:0.00M, Peak:0.00M | Scene, ViewLayer | Synchronizing object | ENV_bgtree_14
Fra:36 Mem:163.70M (Peak 163.70M) | Time:00:00.26 | Mem:0.00M, Peak:0.00M | Scene, ViewLayer | Synchronizing object | ENV_bgtree_15
Fra:36 Mem:164.26M (Peak 164.26M) | Time:00:00.27 | Mem:0.00M, Peak:0.00M | Scene, ViewLayer | Synchronizing object | ENV_bgtree_16
Fra:36 Mem:165.14M (Peak 165.14M) | Time:00:00.27 | Mem:0.00M, Peak:0.00M | Scene, ViewLayer | Synchronizing object | ENV_bgtree_17
Fra:36 Mem:166.02M (Peak 166.02M) | Time:00:00.27 | Mem:0.00M, Peak:0.00M | Scene, ViewLayer | Synchronizing object | ENV_bgtree_18
Fra:36 Mem:166.90M (Peak 166.90M) | Time:00:00.27 | Mem:0.00M, Peak:0.00M | Scene, ViewLayer | Synchronizing object | ENV_bgtree_19
Fra:36 Mem:167.78M (Peak 167.78M) | Time:00:00.27 | Mem:0.00M, Peak:0.00M | Scene, ViewLayer | Synchronizing object | ENV_bgtree_20
Fra:36 Mem:168.65M (Peak 168.65M) | Time:00:00.27 | Mem:0.00M, Peak:0.00M | Scene, ViewLayer | Synchronizing object | ENV_bgtree_21
Fra:36 Mem:169.53M (Peak 169.53M) | Time:00:00.28 | Mem:0.00M, Peak:0.00M | Scene, ViewLayer | Synchronizing object | ENV_bgtree_22
Fra:36 Mem:170.41M (Peak 170.41M) | Time:00:00.28 | Mem:0.00M, Peak:0.00M | Scene, ViewLayer | Synchronizing object | ENV_bgtree_23
Fra:36 Mem:171.29M (Peak 171.29M) | Time:00:00.28 | Mem:0.00M, Peak:0.00M | Scene, ViewLayer | Synchronizing object | ENV_bgtree_24
Fra:36 Mem:172.17M (Peak 172.17M) | Time:00:00.28 | Mem:0.00M, Peak:0.00M | Scene, ViewLayer | Synchronizing object | ENV_bgtree_25
Fra:36 Mem:173.05M (Peak 173.05M) | Time:00:00.28 | Mem:0.00M, Peak:0.00M | Scene, ViewLayer | Synchronizing object | ENV_bgtree_26
Fra:36 Mem:173.93M (Peak 173.93M) | Time:00:00.29 | Mem:0.00M, Peak:0.00M | Scene, ViewLayer | Synchronizing object | ENV_bgtree_27
Fra:36 Mem:174.81M (Peak 174.81M) | Time:00:00.29 | Mem:0.00M, Peak:0.00M | Scene, ViewLayer | Synchronizing object | ENV_bgtree_28
Fra:36 Mem:175.69M (Peak 175.69M) | Time:00:00.29 | Mem:0.00M, Peak:0.00M | Scene, ViewLayer | Synchronizing object | ENV_bgtree_29
Fra:36 Mem:176.57M (Peak 176.57M) | Time:00:00.29 | Mem:0.00M, Peak:0.00M | Scene, ViewLayer | Synchronizing object | ENV_bgtree_30
Fra:36 Mem:177.44M (Peak 177.44M) | Time:00:00.29 | Mem:0.00M, Peak:0.00M | Scene, ViewLayer | Synchronizing object | ENV_bgtree_31
Fra:36 Mem:178.32M (Peak 178.32M) | Time:00:00.29 | Mem:0.00M, Peak:0.00M | Scene, ViewLayer | Synchronizing object | ENV_bgtree_32
Fra:36 Mem:179.20M (Peak 179.20M) | Time:00:00.30 | Mem:0.00M, Peak:0.00M | Scene, ViewLayer | Synchronizing object | ENV_bgtree_33
Fra:36 Mem:180.08M (Peak 180.08M) | Time:00:00.30 | Mem:0.00M, Peak:0.00M | Scene, ViewLayer | Synchronizing object | ENV_bgtree_34
Fra:36 Mem:180.96M (Peak 180.96M) | Time:00:00.30 | Mem:0.00M, Peak:0.00M | Scene, ViewLayer | Synchronizing object | ENV_bgtree_35
Fra:36 Mem:181.83M (Peak 181.83M) | Time:00:00.30 | Mem:0.00M, Peak:0.00M | Scene, ViewLayer | Synchronizing object | ENV_bgtree_36
Fra:36 Mem:182.71M (Peak 182.71M) | Time:00:00.30 | Mem:0.00M, Peak:0.00M | Scene, ViewLayer | Synchronizing object | ENV_bgtree_37
Fra:36 Mem:183.59M (Peak 183.59M) | Time:00:00.31 | Mem:0.00M, Peak:0.00M | Scene, ViewLayer | Synchronizing object | ENV_bgtree_38
Fra:36 Mem:184.47M (Peak 184.47M) | Time:00:00.31 | Mem:0.00M, Peak:0.00M | Scene, ViewLayer | Synchronizing object | ENV_bgtree_39
Fra:36 Mem:185.35M (Peak 185.35M) | Time:00:00.31 | Mem:0.00M, Peak:0.00M | Scene, ViewLayer | Synchronizing object | ENV_bgtree_40
Fra:36 Mem:186.23M (Peak 186.23M) | Time:00:00.31 | Mem:0.00M, Peak:0.00M | Scene, ViewLayer | Synchronizing object | ENV_bgtree_41
Fra:36 Mem:187.10M (Peak 187.10M) | Time:00:00.31 | Mem:0.00M, Peak:0.00M | Scene, ViewLayer | Synchronizing object | ENV_bgtree_42
Fra:36 Mem:187.98M (Peak 187.98M) | Time:00:00.31 | Mem:0.00M, Peak:0.00M | Scene, ViewLayer | Synchronizing object | ENV_bgtree_43
Fra:36 Mem:188.86M (Peak 188.86M) | Time:00:00.32 | Mem:0.00M, Peak:0.00M | Scene, ViewLayer | Synchronizing object | ENV_bgtree_44
Fra:36 Mem:189.74M (Peak 189.74M) | Time:00:00.32 | Mem:0.00M, Peak:0.00M | Scene, ViewLayer | Synchronizing object | ENV_bgtree_45
Fra:36 Mem:190.62M (Peak 190.62M) | Time:00:00.32 | Mem:0.00M, Peak:0.00M | Scene, ViewLayer | Synchronizing object | ENV_bgtree_46
Fra:36 Mem:191.51M (Peak 191.51M) | Time:00:00.32 | Mem:0.00M, Peak:0.00M | Scene, ViewLayer | Synchronizing object | ENV_bgtree_47
Fra:36 Mem:192.37M (Peak 192.37M) | Time:00:00.32 | Mem:0.00M, Peak:0.00M | Scene, ViewLayer | Synchronizing object | ENV_bgtree_48
Fra:36 Mem:193.25M (Peak 193.25M) | Time:00:00.33 | Mem:0.00M, Peak:0.00M | Scene, ViewLayer | Synchronizing object | ENV_bgtree_49
Fra:36 Mem:194.13M (Peak 194.13M) | Time:00:00.33 | Mem:0.00M, Peak:0.00M | Scene, ViewLayer | Synchronizing object | ENV_bgtree_50
Fra:36 Mem:195.01M (Peak 195.01M) | Time:00:00.33 | Mem:0.00M, Peak:0.00M | Scene, ViewLayer | Synchronizing object | ENV_bgtree_51
Fra:36 Mem:195.89M (Peak 195.89M) | Time:00:00.33 | Mem:0.00M, Peak:0.00M | Scene, ViewLayer | Synchronizing object | ENV_bgtree_52
Fra:36 Mem:196.76M (Peak 196.76M) | Time:00:00.33 | Mem:0.00M, Peak:0.00M | Scene, ViewLayer | Synchronizing object | ENV_bgtree_53
Fra:36 Mem:197.64M (Peak 197.64M) | Time:00:00.34 | Mem:0.00M, Peak:0.00M | Scene, ViewLayer | Synchronizing object | ENV_bgtree_54
Fra:36 Mem:198.52M (Peak 198.52M) | Time:00:00.34 | Mem:0.00M, Peak:0.00M | Scene, ViewLayer | Synchronizing object | ENV_bgtree_55
Fra:36 Mem:199.40M (Peak 199.40M) | Time:00:00.34 | Mem:0.00M, Peak:0.00M | Scene, ViewLayer | Synchronizing object | ENV_bgtree_56
Fra:36 Mem:200.28M (Peak 200.28M) | Time:00:00.34 | Mem:0.00M, Peak:0.00M | Scene, ViewLayer | Synchronizing object | ENV_bgtree_57
Fra:36 Mem:201.15M (Peak 201.15M) | Time:00:00.34 | Mem:0.00M, Peak:0.00M | Scene, ViewLayer | Synchronizing object | ENV_bgtree_58
Fra:36 Mem:202.03M (Peak 202.03M) | Time:00:00.35 | Mem:0.00M, Peak:0.00M | Scene, ViewLayer | Synchronizing object | ENV_bgtree_59
Fra:36 Mem:202.64M (Peak 202.64M) | Time:00:00.35 | Mem:0.00M, Peak:0.00M | Scene, ViewLayer | Synchronizing object | ENV_fern_0
Fra:36 Mem:203.07M (Peak 203.07M) | Time:00:00.35 | Mem:0.00M, Peak:0.00M | Scene, ViewLayer | Synchronizing object | ENV_fern_1
Fra:36 Mem:203.61M (Peak 203.61M) | Time:00:00.35 | Mem:0.00M, Peak:0.00M | Scene, ViewLayer | Synchronizing object | ENV_fern_2
Fra:36 Mem:204.28M (Peak 204.28M) | Time:00:00.35 | Mem:0.00M, Peak:0.00M | Scene, ViewLayer | Synchronizing object | ENV_fern_3
Fra:36 Mem:204.70M (Peak 204.70M) | Time:00:00.35 | Mem:0.00M, Peak:0.00M | Scene, ViewLayer | Synchronizing object | ENV_fern_4
Fra:36 Mem:205.25M (Peak 205.25M) | Time:00:00.35 | Mem:0.00M, Peak:0.00M | Scene, ViewLayer | Synchronizing object | ENV_fern_5
Fra:36 Mem:205.92M (Peak 205.92M) | Time:00:00.35 | Mem:0.00M, Peak:0.00M | Scene, ViewLayer | Synchronizing object | ENV_fern_6
Fra:36 Mem:206.33M (Peak 206.33M) | Time:00:00.35 | Mem:0.00M, Peak:0.00M | Scene, ViewLayer | Synchronizing object | ENV_fern_7
Fra:36 Mem:206.88M (Peak 206.88M) | Time:00:00.35 | Mem:0.00M, Peak:0.00M | Scene, ViewLayer | Synchronizing object | ENV_fern_8
Fra:36 Mem:207.56M (Peak 207.56M) | Time:00:00.36 | Mem:0.00M, Peak:0.00M | Scene, ViewLayer | Synchronizing object | ENV_fern_9
Fra:36 Mem:207.99M (Peak 207.99M) | Time:00:00.36 | Mem:0.00M, Peak:0.00M | Scene, ViewLayer | Synchronizing object | ENV_fern_10
Fra:36 Mem:208.54M (Peak 208.54M) | Time:00:00.36 | Mem:0.00M, Peak:0.00M | Scene, ViewLayer | Synchronizing object | ENV_fern_11
Fra:36 Mem:209.09M (Peak 209.09M) | Time:00:00.36 | Mem:0.00M, Peak:0.00M | Scene, ViewLayer | Synchronizing object | ENV_twig_0
Fra:36 Mem:209.24M (Peak 209.24M) | Time:00:00.36 | Mem:0.00M, Peak:0.00M | Scene, ViewLayer | Synchronizing object | ENV_twig_1
Fra:36 Mem:209.29M (Peak 209.29M) | Time:00:00.36 | Mem:0.00M, Peak:0.00M | Scene, ViewLayer | Synchronizing object | ENV_fern_12
Fra:36 Mem:209.34M (Peak 209.34M) | Time:00:00.36 | Mem:0.00M, Peak:0.00M | Scene, ViewLayer | Synchronizing object | ENV_twig_2
Fra:36 Mem:209.51M (Peak 209.51M) | Time:00:00.36 | Mem:0.00M, Peak:0.00M | Scene, ViewLayer | Synchronizing object | ENV_twig_3
Fra:36 Mem:209.68M (Peak 209.68M) | Time:00:00.36 | Mem:0.00M, Peak:0.00M | Scene, ViewLayer | Synchronizing object | ENV_twig_4
Fra:36 Mem:209.77M (Peak 209.77M) | Time:00:00.36 | Mem:0.00M, Peak:0.00M | Scene, ViewLayer | Synchronizing object | ENV_twig_5
Fra:36 Mem:209.81M (Peak 209.81M) | Time:00:00.36 | Mem:0.00M, Peak:0.00M | Scene, ViewLayer | Synchronizing object | ENV_twig_6
Fra:36 Mem:209.85M (Peak 209.85M) | Time:00:00.36 | Mem:0.00M, Peak:0.00M | Scene, ViewLayer | Synchronizing object | ENV_twig_7
Fra:36 Mem:210.01M (Peak 210.01M) | Time:00:00.36 | Mem:0.00M, Peak:0.00M | Scene, ViewLayer | Synchronizing object | ENV_twig_8
Fra:36 Mem:209.97M (Peak 210.01M) | Time:00:00.36 | Mem:0.00M, Peak:0.00M | Scene, ViewLayer | Synchronizing object | ENV_fern_13
Fra:36 Mem:210.24M (Peak 210.24M) | Time:00:00.36 | Mem:0.00M, Peak:0.00M | Scene, ViewLayer | Synchronizing object | ENV_twig_9
Fra:36 Mem:210.43M (Peak 210.43M) | Time:00:00.36 | Mem:0.00M, Peak:0.00M | Scene, ViewLayer | Synchronizing object | ENV_twig_10
Fra:36 Mem:210.55M (Peak 210.55M) | Time:00:00.36 | Mem:0.00M, Peak:0.00M | Scene, ViewLayer | Synchronizing object | ENV_twig_11
Fra:36 Mem:210.58M (Peak 210.58M) | Time:00:00.36 | Mem:0.00M, Peak:0.00M | Scene, ViewLayer | Synchronizing object | ENV_twig_12
Fra:36 Mem:210.63M (Peak 210.63M) | Time:00:00.36 | Mem:0.00M, Peak:0.00M | Scene, ViewLayer | Synchronizing object | ENV_twig_13
Fra:36 Mem:210.68M (Peak 210.68M) | Time:00:00.36 | Mem:0.00M, Peak:0.00M | Scene, ViewLayer | Synchronizing object | ENV_twig_14
Fra:36 Mem:210.78M (Peak 210.78M) | Time:00:00.36 | Mem:0.00M, Peak:0.00M | Scene, ViewLayer | Synchronizing object | ENV_twig_15
Fra:36 Mem:210.91M (Peak 210.91M) | Time:00:00.36 | Mem:0.00M, Peak:0.00M | Scene, ViewLayer | Synchronizing object | ENV_twig_16
Fra:36 Mem:210.89M (Peak 210.91M) | Time:00:00.36 | Mem:0.00M, Peak:0.00M | Scene, ViewLayer | Synchronizing object | ENV_fern_14
Fra:36 Mem:210.98M (Peak 210.98M) | Time:00:00.36 | Mem:0.00M, Peak:0.00M | Scene, ViewLayer | Synchronizing object | ENV_twig_17
Fra:36 Mem:211.30M (Peak 211.30M) | Time:00:00.36 | Mem:0.00M, Peak:0.00M | Scene, ViewLayer | Synchronizing object | ENV_twig_18
Fra:36 Mem:211.45M (Peak 211.45M) | Time:00:00.36 | Mem:0.00M, Peak:0.00M | Scene, ViewLayer | Synchronizing object | ENV_twig_19
Fra:36 Mem:211.59M (Peak 211.59M) | Time:00:00.36 | Mem:0.00M, Peak:0.00M | Scene, ViewLayer | Synchronizing object | ENV_twig_20
Fra:36 Mem:211.64M (Peak 211.64M) | Time:00:00.36 | Mem:0.00M, Peak:0.00M | Scene, ViewLayer | Synchronizing object | ENV_twig_21
Fra:36 Mem:211.66M (Peak 211.66M) | Time:00:00.36 | Mem:0.00M, Peak:0.00M | Scene, ViewLayer | Synchronizing object | ENV_twig_22
Fra:36 Mem:211.71M (Peak 211.71M) | Time:00:00.36 | Mem:0.00M, Peak:0.00M | Scene, ViewLayer | Synchronizing object | ENV_twig_23
Fra:36 Mem:211.75M (Peak 211.75M) | Time:00:00.36 | Mem:0.00M, Peak:0.00M | Scene, ViewLayer | Synchronizing object | ENV_twig_24
Fra:36 Mem:211.88M (Peak 211.88M) | Time:00:00.36 | Mem:0.00M, Peak:0.00M | Scene, ViewLayer | Synchronizing object | ENV_twig_25
Fra:36 Mem:211.95M (Peak 211.95M) | Time:00:00.36 | Mem:0.00M, Peak:0.00M | Scene, ViewLayer | Synchronizing object | ENV_fern_15
Fra:36 Mem:212.24M (Peak 212.24M) | Time:00:00.36 | Mem:0.00M, Peak:0.00M | Scene, ViewLayer | Synchronizing object | PROP_twig_hero
Fra:36 Mem:212.27M (Peak 212.27M) | Time:00:00.36 | Mem:0.00M, Peak:0.00M | Scene, ViewLayer | Synchronizing object | ENV_mist
Fra:36 Mem:212.31M (Peak 212.31M) | Time:00:00.36 | Mem:0.00M, Peak:0.00M | Scene, ViewLayer | Synchronizing object | ENV_leaf_1099
Fra:36 Mem:212.32M (Peak 212.32M) | Time:00:00.36 | Mem:0.00M, Peak:0.00M | Scene, ViewLayer | Synchronizing object | ENV_leaf_1098
Fra:36 Mem:212.32M (Peak 212.32M) | Time:00:00.36 | Mem:0.00M, Peak:0.00M | Scene, ViewLayer | Synchronizing object | ENV_leaf_1097
Fra:36 Mem:212.33M (Peak 212.33M) | Time:00:00.36 | Mem:0.00M, Peak:0.00M | Scene, ViewLayer | Synchronizing object | ENV_leaf_1096
Fra:36 Mem:212.32M (Peak 212.33M) | Time:00:00.36 | Mem:0.00M, Peak:0.00M | Scene, ViewLayer | Synchronizing object | ENV_leaf_1095
Fra:36 Mem:212.32M (Peak 212.33M) | Time:00:00.36 | Mem:0.00M, Peak:0.00M | Scene, ViewLayer | Synchronizing object | ENV_leaf_1094
Fra:36 Mem:212.33M (Peak 212.33M) | Time:00:00.36 | Mem:0.00M, Peak:0.00M | Scene, ViewLayer | Synchronizing object | ENV_leaf_1093
Fra:36 Mem:212.33M (Peak 212.33M) | Time:00:00.36 | Mem:0.00M, Peak:0.00M | Scene, ViewLayer | Synchronizing object | ENV_leaf_1092
Fra:36 Mem:212.33M (Peak 212.33M) | Time:00:00.36 | Mem:0.00M, Peak:0.00M | Scene, ViewLayer | Synchronizing object | ENV_leaf_1091
Fra:36 Mem:212.34M (Peak 212.34M) | Time:00:00.36 | Mem:0.00M, Peak:0.00M | Scene, ViewLayer | Synchronizing object | ENV_leaf_1090
Fra:36 Mem:212.34M (Peak 212.34M) | Time:00:00.36 | Mem:0.00M, Peak:0.00M | Scene, ViewLayer | Synchronizing object | ENV_leaf_1089
Fra:36 Mem:212.35M (Peak 212.35M) | Time:00:00.36 | Mem:0.00M, Peak:0.00M | Scene, ViewLayer | Synchronizing object | ENV_leaf_1088
Fra:36 Mem:212.35M (Peak 212.35M) | Time:00:00.36 | Mem:0.00M, Peak:0.00M | Scene, ViewLayer | Synchronizing object | ENV_leaf_1087
Fra:36 Mem:212.35M (Peak 212.35M) | Time:00:00.36 | Mem:0.00M, Peak:0.00M | Scene, ViewLayer | Synchronizing object | ENV_leaf_1086
Fra:36 Mem:212.36M (Peak 212.36M) | Time:00:00.36 | Mem:0.00M, Peak:0.00M | Scene, ViewLayer | Synchronizing object | ENV_leaf_1085
Fra:36 Mem:212.41M (Peak 212.41M) | Time:00:00.36 | Mem:0.00M, Peak:0.00M | Scene, ViewLayer | Synchronizing object | ENV_leaf_1084
Fra:36 Mem:212.41M (Peak 212.41M) | Time:00:00.36 | Mem:0.00M, Peak:0.00M | Scene, ViewLayer | Synchronizing object | ENV_leaf_1083
Fra:36 Mem:212.42M (Peak 212.42M) | Time:00:00.36 | Mem:0.00M, Peak:0.00M | Scene, ViewLayer | Synchronizing object | ENV_leaf_1082
Fra:36 Mem:212.42M (Peak 212.42M) | Time:00:00.36 | Mem:0.00M, Peak:0.00M | Scene, ViewLayer | Synchronizing object | ENV_leaf_1081
Fra:36 Mem:212.44M (Peak 212.44M) | Time:00:00.36 | Mem:0.00M, Peak:0.00M | Scene, ViewLayer | Synchronizing object | ENV_leaf_1080
Fra:36 Mem:212.45M (Peak 212.45M) | Time:00:00.36 | Mem:0.00M, Peak:0.00M | Scene, ViewLayer | Synchronizing object | ENV_leaf_1079
Fra:36 Mem:212.50M (Peak 212.50M) | Time:00:00.36 | Mem:0.00M, Peak:0.00M | Scene, ViewLayer | Synchronizing object | ENV_leaf_1078
Fra:36 Mem:212.50M (Peak 212.50M) | Time:00:00.36 | Mem:0.00M, Peak:0.00M | Scene, ViewLayer | Synchronizing object | ENV_leaf_1077
Fra:36 Mem:212.46M (Peak 212.50M) | Time:00:00.36 | Mem:0.00M, Peak:0.00M | Scene, ViewLayer | Synchronizing object | ENV_fern_16
Fra:36 Mem:212.53M (Peak 212.53M) | Time:00:00.36 | Mem:0.00M, Peak:0.00M | Scene, ViewLayer | Synchronizing object | ENV_leaf_1076
Fra:36 Mem:212.53M (Peak 212.53M) | Time:00:00.36 | Mem:0.00M, Peak:0.00M | Scene, ViewLayer | Synchronizing object | ENV_leaf_1075
Fra:36 Mem:212.60M (Peak 212.60M) | Time:00:00.36 | Mem:0.00M, Peak:0.00M | Scene, ViewLayer | Synchronizing object | ENV_leaf_1074
Fra:36 Mem:212.70M (Peak 212.70M) | Time:00:00.36 | Mem:0.00M, Peak:0.00M | Scene, ViewLayer | Synchronizing object | ENV_leaf_1073
Fra:36 Mem:212.77M (Peak 212.77M) | Time:00:00.36 | Mem:0.00M, Peak:0.00M | Scene, ViewLayer | Synchronizing object | ENV_leaf_1072
Fra:36 Mem:212.77M (Peak 212.77M) | Time:00:00.36 | Mem:0.00M, Peak:0.00M | Scene, ViewLayer | Synchronizing object | ENV_leaf_1071
Fra:36 Mem:212.86M (Peak 212.86M) | Time:00:00.36 | Mem:0.00M, Peak:0.00M | Scene, ViewLayer | Synchronizing object | ENV_leaf_1070
Fra:36 Mem:212.86M (Peak 212.86M) | Time:00:00.36 | Mem:0.00M, Peak:0.00M | Scene, ViewLayer | Synchronizing object | ENV_leaf_1069
Fra:36 Mem:212.87M (Peak 212.87M) | Time:00:00.36 | Mem:0.00M, Peak:0.00M | Scene, ViewLayer | Synchronizing object | ENV_leaf_1068
Fra:36 Mem:212.89M (Peak 212.89M) | Time:00:00.36 | Mem:0.00M, Peak:0.00M | Scene, ViewLayer | Synchronizing object | ENV_leaf_1067
Fra:36 Mem:212.95M (Peak 212.95M) | Time:00:00.36 | Mem:0.00M, Peak:0.00M | Scene, ViewLayer | Synchronizing object | ENV_leaf_1066
Fra:36 Mem:212.96M (Peak 212.96M) | Time:00:00.36 | Mem:0.00M, Peak:0.00M | Scene, ViewLayer | Synchronizing object | ENV_leaf_1065
Fra:36 Mem:212.96M (Peak 212.96M) | Time:00:00.36 | Mem:0.00M, Peak:0.00M | Scene, ViewLayer | Synchronizing object | ENV_leaf_1064
Fra:36 Mem:212.96M (Peak 212.96M) | Time:00:00.36 | Mem:0.00M, Peak:0.00M | Scene, ViewLayer | Synchronizing object | ENV_leaf_1063
Fra:36 Mem:212.97M (Peak 212.97M) | Time:00:00.36 | Mem:0.00M, Peak:0.00M | Scene, ViewLayer | Synchronizing object | ENV_leaf_1062
Fra:36 Mem:212.97M (Peak 212.97M) | Time:00:00.36 | Mem:0.00M, Peak:0.00M | Scene, ViewLayer | Synchronizing object | ENV_leaf_1061
Fra:36 Mem:212.96M (Peak 212.97M) | Time:00:00.36 | Mem:0.00M, Peak:0.00M | Scene, ViewLayer | Synchronizing object | ENV_leaf_1060
Fra:36 Mem:212.96M (Peak 212.97M) | Time:00:00.36 | Mem:0.00M, Peak:0.00M | Scene, ViewLayer | Synchronizing object | ENV_leaf_1059
Fra:36 Mem:212.97M (Peak 212.97M) | Time:00:00.36 | Mem:0.00M, Peak:0.00M | Scene, ViewLayer | Synchronizing object | ENV_leaf_1058
Fra:36 Mem:212.97M (Peak 212.97M) | Time:00:00.36 | Mem:0.00M, Peak:0.00M | Scene, ViewLayer | Synchronizing object | ENV_leaf_1057
Fra:36 Mem:212.98M (Peak 212.98M) | Time:00:00.36 | Mem:0.00M, Peak:0.00M | Scene, ViewLayer | Synchronizing object | ENV_leaf_1056
Fra:36 Mem:212.98M (Peak 212.98M) | Time:00:00.36 | Mem:0.00M, Peak:0.00M | Scene, ViewLayer | Synchronizing object | ENV_leaf_1055
Fra:36 Mem:212.99M (Peak 212.99M) | Time:00:00.36 | Mem:0.00M, Peak:0.00M | Scene, ViewLayer | Synchronizing object | ENV_leaf_1054
Fra:36 Mem:212.99M (Peak 212.99M) | Time:00:00.36 | Mem:0.00M, Peak:0.00M | Scene, ViewLayer | Synchronizing object | ENV_leaf_1053
Fra:36 Mem:212.99M (Peak 212.99M) | Time:00:00.36 | Mem:0.00M, Peak:0.00M | Scene, ViewLayer | Synchronizing object | ENV_leaf_1052
Fra:36 Mem:213.00M (Peak 213.00M) | Time:00:00.36 | Mem:0.00M, Peak:0.00M | Scene, ViewLayer | Synchronizing object | ENV_leaf_1051
Fra:36 Mem:213.00M (Peak 213.00M) | Time:00:00.36 | Mem:0.00M, Peak:0.00M | Scene, ViewLayer | Synchronizing object | ENV_leaf_1050
Fra:36 Mem:213.01M (Peak 213.01M) | Time:00:00.36 | Mem:0.00M, Peak:0.00M | Scene, ViewLayer | Synchronizing object | ENV_leaf_1049
Fra:36 Mem:213.01M (Peak 213.01M) | Time:00:00.36 | Mem:0.00M, Peak:0.00M | Scene, ViewLayer | Synchronizing object | ENV_leaf_1048
Fra:36 Mem:213.01M (Peak 213.01M) | Time:00:00.36 | Mem:0.00M, Peak:0.00M | Scene, ViewLayer | Synchronizing object | ENV_leaf_1047
Fra:36 Mem:213.08M (Peak 213.08M) | Time:00:00.36 | Mem:0.00M, Peak:0.00M | Scene, ViewLayer | Synchronizing object | ENV_leaf_1046
Fra:36 Mem:213.08M (Peak 213.08M) | Time:00:00.36 | Mem:0.00M, Peak:0.00M | Scene, ViewLayer | Synchronizing object | ENV_leaf_1045
Fra:36 Mem:213.09M (Peak 213.09M) | Time:00:00.36 | Mem:0.00M, Peak:0.00M | Scene, ViewLayer | Synchronizing object | ENV_leaf_1044
Fra:36 Mem:213.11M (Peak 213.11M) | Time:00:00.36 | Mem:0.00M, Peak:0.00M | Scene, ViewLayer | Synchronizing object | ENV_leaf_1043
Fra:36 Mem:213.12M (Peak 213.12M) | Time:00:00.36 | Mem:0.00M, Peak:0.00M | Scene, ViewLayer | Synchronizing object | ENV_leaf_1042
Fra:36 Mem:213.18M (Peak 213.18M) | Time:00:00.36 | Mem:0.00M, Peak:0.00M | Scene, ViewLayer | Synchronizing object | ENV_leaf_1041
Fra:36 Mem:213.19M (Peak 213.19M) | Time:00:00.36 | Mem:0.00M, Peak:0.00M | Scene, ViewLayer | Synchronizing object | ENV_leaf_1039
Fra:36 Mem:213.13M (Peak 213.19M) | Time:00:00.36 | Mem:0.00M, Peak:0.00M | Scene, ViewLayer | Synchronizing object | ENV_fern_17
Fra:36 Mem:213.22M (Peak 213.22M) | Time:00:00.36 | Mem:0.00M, Peak:0.00M | Scene, ViewLayer | Synchronizing object | ENV_leaf_1038
Fra:36 Mem:213.22M (Peak 213.22M) | Time:00:00.36 | Mem:0.00M, Peak:0.00M | Scene, ViewLayer | Synchronizing object | ENV_leaf_1037
Fra:36 Mem:213.30M (Peak 213.30M) | Time:00:00.36 | Mem:0.00M, Peak:0.00M | Scene, ViewLayer | Synchronizing object | ENV_leaf_1036
Fra:36 Mem:213.43M (Peak 213.43M) | Time:00:00.36 | Mem:0.00M, Peak:0.00M | Scene, ViewLayer | Synchronizing object | ENV_leaf_1035
Fra:36 Mem:213.51M (Peak 213.51M) | Time:00:00.36 | Mem:0.00M, Peak:0.00M | Scene, ViewLayer | Synchronizing object | ENV_leaf_1034
Fra:36 Mem:213.51M (Peak 213.51M) | Time:00:00.36 | Mem:0.00M, Peak:0.00M | Scene, ViewLayer | Synchronizing object | ENV_leaf_1033
Fra:36 Mem:213.61M (Peak 213.61M) | Time:00:00.36 | Mem:0.00M, Peak:0.00M | Scene, ViewLayer | Synchronizing object | ENV_leaf_1032
Fra:36 Mem:213.62M (Peak 213.62M) | Time:00:00.36 | Mem:0.00M, Peak:0.00M | Scene, ViewLayer | Synchronizing object | ENV_leaf_1031
Fra:36 Mem:213.62M (Peak 213.62M) | Time:00:00.36 | Mem:0.00M, Peak:0.00M | Scene, ViewLayer | Synchronizing object | ENV_leaf_1030
Fra:36 Mem:213.63M (Peak 213.63M) | Time:00:00.36 | Mem:0.00M, Peak:0.00M | Scene, ViewLayer | Synchronizing object | ENV_leaf_1029
Fra:36 Mem:213.65M (Peak 213.65M) | Time:00:00.36 | Mem:0.00M, Peak:0.00M | Scene, ViewLayer | Synchronizing object | ENV_leaf_1028
Fra:36 Mem:213.73M (Peak 213.73M) | Time:00:00.36 | Mem:0.00M, Peak:0.00M | Scene, ViewLayer | Synchronizing object | ENV_leaf_1027
Fra:36 Mem:213.73M (Peak 213.73M) | Time:00:00.36 | Mem:0.00M, Peak:0.00M | Scene, ViewLayer | Synchronizing object | ENV_leaf_1026
Fra:36 Mem:213.74M (Peak 213.74M) | Time:00:00.36 | Mem:0.00M, Peak:0.00M | Scene, ViewLayer | Synchronizing object | ENV_leaf_1025
Fra:36 Mem:213.74M (Peak 213.74M) | Time:00:00.36 | Mem:0.00M, Peak:0.00M | Scene, ViewLayer | Synchronizing object | ENV_leaf_1024
Fra:36 Mem:213.75M (Peak 213.75M) | Time:00:00.36 | Mem:0.00M, Peak:0.00M | Scene, ViewLayer | Synchronizing object | ENV_leaf_1023
Fra:36 Mem:213.75M (Peak 213.75M) | Time:00:00.36 | Mem:0.00M, Peak:0.00M | Scene, ViewLayer | Synchronizing object | ENV_leaf_1022
Fra:36 Mem:213.75M (Peak 213.75M) | Time:00:00.36 | Mem:0.00M, Peak:0.00M | Scene, ViewLayer | Synchronizing object | ENV_leaf_1021
Fra:36 Mem:213.76M (Peak 213.76M) | Time:00:00.36 | Mem:0.00M, Peak:0.00M | Scene, ViewLayer | Synchronizing object | ENV_leaf_1020
Fra:36 Mem:213.74M (Peak 213.76M) | Time:00:00.36 | Mem:0.00M, Peak:0.00M | Scene, ViewLayer | Synchronizing object | ENV_leaf_1019
Fra:36 Mem:213.75M (Peak 213.76M) | Time:00:00.36 | Mem:0.00M, Peak:0.00M | Scene, ViewLayer | Synchronizing object | ENV_leaf_1018
Fra:36 Mem:213.75M (Peak 213.76M) | Time:00:00.36 | Mem:0.00M, Peak:0.00M | Scene, ViewLayer | Synchronizing object | ENV_leaf_1017
Fra:36 Mem:213.76M (Peak 213.76M) | Time:00:00.36 | Mem:0.00M, Peak:0.00M | Scene, ViewLayer | Synchronizing object | ENV_leaf_1016
Fra:36 Mem:213.76M (Peak 213.76M) | Time:00:00.36 | Mem:0.00M, Peak:0.00M | Scene, ViewLayer | Synchronizing object | ENV_leaf_1015
Fra:36 Mem:213.76M (Peak 213.76M) | Time:00:00.36 | Mem:0.00M, Peak:0.00M | Scene, ViewLayer | Synchronizing object | ENV_leaf_1014
Fra:36 Mem:213.77M (Peak 213.77M) | Time:00:00.36 | Mem:0.00M, Peak:0.00M | Scene, ViewLayer | Synchronizing object | ENV_leaf_1013
Fra:36 Mem:213.77M (Peak 213.77M) | Time:00:00.36 | Mem:0.00M, Peak:0.00M | Scene, ViewLayer | Synchronizing object | ENV_leaf_1012
Fra:36 Mem:213.78M (Peak 213.78M) | Time:00:00.36 | Mem:0.00M, Peak:0.00M | Scene, ViewLayer | Synchronizing object | ENV_leaf_1011
Fra:36 Mem:213.78M (Peak 213.78M) | Time:00:00.36 | Mem:0.00M, Peak:0.00M | Scene, ViewLayer | Synchronizing object | ENV_leaf_1009
Fra:36 Mem:213.78M (Peak 213.78M) | Time:00:00.36 | Mem:0.00M, Peak:0.00M | Scene, ViewLayer | Synchronizing object | ENV_leaf_1008
Fra:36 Mem:213.79M (Peak 213.79M) | Time:00:00.36 | Mem:0.00M, Peak:0.00M | Scene, ViewLayer | Synchronizing object | ENV_leaf_1007
Fra:36 Mem:213.79M (Peak 213.79M) | Time:00:00.36 | Mem:0.00M, Peak:0.00M | Scene, ViewLayer | Synchronizing object | ENV_leaf_1006
Fra:36 Mem:213.80M (Peak 213.80M) | Time:00:00.36 | Mem:0.00M, Peak:0.00M | Scene, ViewLayer | Synchronizing object | ENV_leaf_1005
Fra:36 Mem:213.80M (Peak 213.80M) | Time:00:00.36 | Mem:0.00M, Peak:0.00M | Scene, ViewLayer | Synchronizing object | ENV_leaf_1004
Fra:36 Mem:213.80M (Peak 213.80M) | Time:00:00.36 | Mem:0.00M, Peak:0.00M | Scene, ViewLayer | Synchronizing object | ENV_leaf_1003
Fra:36 Mem:213.81M (Peak 213.81M) | Time:00:00.36 | Mem:0.00M, Peak:0.00M | Scene, ViewLayer | Synchronizing object | ENV_leaf_1002
Fra:36 Mem:213.81M (Peak 213.81M) | Time:00:00.36 | Mem:0.00M, Peak:0.00M | Scene, ViewLayer | Synchronizing object | ENV_leaf_1001
Fra:36 Mem:213.89M (Peak 213.89M) | Time:00:00.36 | Mem:0.00M, Peak:0.00M | Scene, ViewLayer | Synchronizing object | ENV_leaf_1000
Fra:36 Mem:213.90M (Peak 213.90M) | Time:00:00.36 | Mem:0.00M, Peak:0.00M | Scene, ViewLayer | Synchronizing object | ENV_leaf_998
Fra:36 Mem:213.90M (Peak 213.90M) | Time:00:00.36 | Mem:0.00M, Peak:0.00M | Scene, ViewLayer | Synchronizing object | ENV_leaf_997
Fra:36 Mem:213.90M (Peak 213.90M) | Time:00:00.36 | Mem:0.00M, Peak:0.00M | Scene, ViewLayer | Synchronizing object | ENV_leaf_996
Fra:36 Mem:213.94M (Peak 213.94M) | Time:00:00.36 | Mem:0.00M, Peak:0.00M | Scene, ViewLayer | Synchronizing object | ENV_leaf_995
Fra:36 Mem:213.94M (Peak 213.94M) | Time:00:00.36 | Mem:0.00M, Peak:0.00M | Scene, ViewLayer | Synchronizing object | ENV_leaf_994
Fra:36 Mem:214.02M (Peak 214.02M) | Time:00:00.36 | Mem:0.00M, Peak:0.00M | Scene, ViewLayer | Synchronizing object | ENV_leaf_993
Fra:36 Mem:214.03M (Peak 214.03M) | Time:00:00.36 | Mem:0.00M, Peak:0.00M | Scene, ViewLayer | Synchronizing object | ENV_leaf_992
Fra:36 Mem:214.03M (Peak 214.03M) | Time:00:00.36 | Mem:0.00M, Peak:0.00M | Scene, ViewLayer | Synchronizing object | ENV_leaf_991
Fra:36 Mem:214.03M (Peak 214.03M) | Time:00:00.36 | Mem:0.00M, Peak:0.00M | Scene, ViewLayer | Synchronizing object | ENV_leaf_990
Fra:36 Mem:214.04M (Peak 214.04M) | Time:00:00.36 | Mem:0.00M, Peak:0.00M | Scene, ViewLayer | Synchronizing object | ENV_leaf_989
Fra:36 Mem:213.97M (Peak 214.04M) | Time:00:00.36 | Mem:0.00M, Peak:0.00M | Scene, ViewLayer | Synchronizing object | ENV_fern_18
Fra:36 Mem:214.02M (Peak 214.04M) | Time:00:00.36 | Mem:0.00M, Peak:0.00M | Scene, ViewLayer | Synchronizing object | ENV_leaf_988
Fra:36 Mem:214.14M (Peak 214.14M) | Time:00:00.36 | Mem:0.00M, Peak:0.00M | Scene, ViewLayer | Synchronizing object | ENV_leaf_987
Fra:36 Mem:214.20M (Peak 214.20M) | Time:00:00.36 | Mem:0.00M, Peak:0.00M | Scene, ViewLayer | Synchronizing object | ENV_leaf_986
Fra:36 Mem:214.20M (Peak 214.20M) | Time:00:00.36 | Mem:0.00M, Peak:0.00M | Scene, ViewLayer | Synchronizing object | ENV_leaf_985
Fra:36 Mem:214.27M (Peak 214.27M) | Time:00:00.36 | Mem:0.00M, Peak:0.00M | Scene, ViewLayer | Synchronizing object | ENV_leaf_984
Fra:36 Mem:214.27M (Peak 214.27M) | Time:00:00.36 | Mem:0.00M, Peak:0.00M | Scene, ViewLayer | Synchronizing object | ENV_leaf_983
Fra:36 Mem:214.34M (Peak 214.34M) | Time:00:00.36 | Mem:0.00M, Peak:0.00M | Scene, ViewLayer | Synchronizing object | ENV_leaf_982
Fra:36 Mem:214.34M (Peak 214.34M) | Time:00:00.36 | Mem:0.00M, Peak:0.00M | Scene, ViewLayer | Synchronizing object | ENV_leaf_981
Fra:36 Mem:214.34M (Peak 214.34M) | Time:00:00.36 | Mem:0.00M, Peak:0.00M | Scene, ViewLayer | Synchronizing object | ENV_leaf_980
Fra:36 Mem:214.35M (Peak 214.35M) | Time:00:00.36 | Mem:0.00M, Peak:0.00M | Scene, ViewLayer | Synchronizing object | ENV_leaf_979
Fra:36 Mem:214.35M (Peak 214.35M) | Time:00:00.36 | Mem:0.00M, Peak:0.00M | Scene, ViewLayer | Synchronizing object | ENV_leaf_978
Fra:36 Mem:214.34M (Peak 214.35M) | Time:00:00.36 | Mem:0.00M, Peak:0.00M | Scene, ViewLayer | Synchronizing object | ENV_leaf_977
Fra:36 Mem:214.35M (Peak 214.35M) | Time:00:00.36 | Mem:0.00M, Peak:0.00M | Scene, ViewLayer | Synchronizing object | ENV_leaf_976
Fra:36 Mem:214.35M (Peak 214.35M) | Time:00:00.36 | Mem:0.00M, Peak:0.00M | Scene, ViewLayer | Synchronizing object | ENV_leaf_975
Fra:36 Mem:214.36M (Peak 214.36M) | Time:00:00.36 | Mem:0.00M, Peak:0.00M | Scene, ViewLayer | Synchronizing object | ENV_leaf_974
Fra:36 Mem:214.36M (Peak 214.36M) | Time:00:00.36 | Mem:0.00M, Peak:0.00M | Scene, ViewLayer | Synchronizing object | ENV_leaf_973
Fra:36 Mem:214.36M (Peak 214.36M) | Time:00:00.36 | Mem:0.00M, Peak:0.00M | Scene, ViewLayer | Synchronizing object | ENV_leaf_972
Fra:36 Mem:214.37M (Peak 214.37M) | Time:00:00.36 | Mem:0.00M, Peak:0.00M | Scene, ViewLayer | Synchronizing object | ENV_leaf_971
Fra:36 Mem:214.37M (Peak 214.37M) | Time:00:00.36 | Mem:0.00M, Peak:0.00M | Scene, ViewLayer | Synchronizing object | ENV_leaf_970
Fra:36 Mem:214.38M (Peak 214.38M) | Time:00:00.36 | Mem:0.00M, Peak:0.00M | Scene, ViewLayer | Synchronizing object | ENV_leaf_969
Fra:36 Mem:214.38M (Peak 214.38M) | Time:00:00.36 | Mem:0.00M, Peak:0.00M | Scene, ViewLayer | Synchronizing object | ENV_leaf_968
Fra:36 Mem:214.38M (Peak 214.38M) | Time:00:00.36 | Mem:0.00M, Peak:0.00M | Scene, ViewLayer | Synchronizing object | ENV_leaf_967
Fra:36 Mem:214.44M (Peak 214.44M) | Time:00:00.36 | Mem:0.00M, Peak:0.00M | Scene, ViewLayer | Synchronizing object | ENV_leaf_966
Fra:36 Mem:214.44M (Peak 214.44M) | Time:00:00.36 | Mem:0.00M, Peak:0.00M | Scene, ViewLayer | Synchronizing object | ENV_leaf_965
Fra:36 Mem:214.44M (Peak 214.44M) | Time:00:00.36 | Mem:0.00M, Peak:0.00M | Scene, ViewLayer | Synchronizing object | ENV_leaf_964
Fra:36 Mem:214.47M (Peak 214.47M) | Time:00:00.36 | Mem:0.00M, Peak:0.00M | Scene, ViewLayer | Synchronizing object | ENV_leaf_963
Fra:36 Mem:214.52M (Peak 214.52M) | Time:00:00.36 | Mem:0.00M, Peak:0.00M | Scene, ViewLayer | Synchronizing object | ENV_leaf_962
Fra:36 Mem:214.47M (Peak 214.52M) | Time:00:00.36 | Mem:0.00M, Peak:0.00M | Scene, ViewLayer | Synchronizing object | ENV_fern_19
Fra:36 Mem:214.54M (Peak 214.54M) | Time:00:00.36 | Mem:0.00M, Peak:0.00M | Scene, ViewLayer | Synchronizing object | ENV_leaf_961
Fra:36 Mem:214.55M (Peak 214.55M) | Time:00:00.36 | Mem:0.00M, Peak:0.00M | Scene, ViewLayer | Synchronizing object | ENV_leaf_960
Fra:36 Mem:214.68M (Peak 214.68M) | Time:00:00.36 | Mem:0.00M, Peak:0.00M | Scene, ViewLayer | Synchronizing object | ENV_leaf_959
Fra:36 Mem:214.72M (Peak 214.72M) | Time:00:00.36 | Mem:0.00M, Peak:0.00M | Scene, ViewLayer | Synchronizing object | ENV_leaf_958
Fra:36 Mem:214.78M (Peak 214.78M) | Time:00:00.36 | Mem:0.00M, Peak:0.00M | Scene, ViewLayer | Synchronizing object | ENV_leaf_957
Fra:36 Mem:214.79M (Peak 214.79M) | Time:00:00.36 | Mem:0.00M, Peak:0.00M | Scene, ViewLayer | Synchronizing object | ENV_leaf_956
Fra:36 Mem:214.87M (Peak 214.87M) | Time:00:00.36 | Mem:0.00M, Peak:0.00M | Scene, ViewLayer | Synchronizing object | ENV_leaf_955
Fra:36 Mem:214.88M (Peak 214.88M) | Time:00:00.36 | Mem:0.00M, Peak:0.00M | Scene, ViewLayer | Synchronizing object | ENV_leaf_954
Fra:36 Mem:214.88M (Peak 214.88M) | Time:00:00.36 | Mem:0.00M, Peak:0.00M | Scene, ViewLayer | Synchronizing object | ENV_leaf_953
Fra:36 Mem:214.90M (Peak 214.90M) | Time:00:00.36 | Mem:0.00M, Peak:0.00M | Scene, ViewLayer | Synchronizing object | ENV_leaf_952
Fra:36 Mem:214.97M (Peak 214.97M) | Time:00:00.36 | Mem:0.00M, Peak:0.00M | Scene, ViewLayer | Synchronizing object | ENV_leaf_951
Fra:36 Mem:214.97M (Peak 214.97M) | Time:00:00.36 | Mem:0.00M, Peak:0.00M | Scene, ViewLayer | Synchronizing object | ENV_leaf_950
Fra:36 Mem:214.97M (Peak 214.97M) | Time:00:00.36 | Mem:0.00M, Peak:0.00M | Scene, ViewLayer | Synchronizing object | ENV_leaf_949
Fra:36 Mem:214.98M (Peak 214.98M) | Time:00:00.36 | Mem:0.00M, Peak:0.00M | Scene, ViewLayer | Synchronizing object | ENV_leaf_948
Fra:36 Mem:214.98M (Peak 214.98M) | Time:00:00.36 | Mem:0.00M, Peak:0.00M | Scene, ViewLayer | Synchronizing object | ENV_leaf_947
Fra:36 Mem:214.99M (Peak 214.99M) | Time:00:00.36 | Mem:0.00M, Peak:0.00M | Scene, ViewLayer | Synchronizing object | ENV_leaf_946
Fra:36 Mem:214.97M (Peak 214.99M) | Time:00:00.36 | Mem:0.00M, Peak:0.00M | Scene, ViewLayer | Synchronizing object | ENV_leaf_945
Fra:36 Mem:214.98M (Peak 214.99M) | Time:00:00.36 | Mem:0.00M, Peak:0.00M | Scene, ViewLayer | Synchronizing object | ENV_leaf_944
Fra:36 Mem:214.98M (Peak 214.99M) | Time:00:00.36 | Mem:0.00M, Peak:0.00M | Scene, ViewLayer | Synchronizing object | ENV_leaf_943
Fra:36 Mem:214.99M (Peak 214.99M) | Time:00:00.36 | Mem:0.00M, Peak:0.00M | Scene, ViewLayer | Synchronizing object | ENV_leaf_942
Fra:36 Mem:214.99M (Peak 214.99M) | Time:00:00.36 | Mem:0.00M, Peak:0.00M | Scene, ViewLayer | Synchronizing object | ENV_leaf_941
Fra:36 Mem:214.99M (Peak 214.99M) | Time:00:00.36 | Mem:0.00M, Peak:0.00M | Scene, ViewLayer | Synchronizing object | ENV_leaf_940
Fra:36 Mem:215.00M (Peak 215.00M) | Time:00:00.36 | Mem:0.00M, Peak:0.00M | Scene, ViewLayer | Synchronizing object | ENV_leaf_939
Fra:36 Mem:215.00M (Peak 215.00M) | Time:00:00.36 | Mem:0.00M, Peak:0.00M | Scene, ViewLayer | Synchronizing object | ENV_leaf_938
Fra:36 Mem:215.01M (Peak 215.01M) | Time:00:00.36 | Mem:0.00M, Peak:0.00M | Scene, ViewLayer | Synchronizing object | ENV_leaf_937
Fra:36 Mem:215.01M (Peak 215.01M) | Time:00:00.37 | Mem:0.00M, Peak:0.00M | Scene, ViewLayer | Synchronizing object | ENV_leaf_936
Fra:36 Mem:215.01M (Peak 215.01M) | Time:00:00.37 | Mem:0.00M, Peak:0.00M | Scene, ViewLayer | Synchronizing object | ENV_leaf_935
Fra:36 Mem:215.02M (Peak 215.02M) | Time:00:00.37 | Mem:0.00M, Peak:0.00M | Scene, ViewLayer | Synchronizing object | ENV_leaf_934
Fra:36 Mem:215.02M (Peak 215.02M) | Time:00:00.37 | Mem:0.00M, Peak:0.00M | Scene, ViewLayer | Synchronizing object | ENV_leaf_933
Fra:36 Mem:215.03M (Peak 215.03M) | Time:00:00.37 | Mem:0.00M, Peak:0.00M | Scene, ViewLayer | Synchronizing object | ENV_leaf_932
Fra:36 Mem:215.03M (Peak 215.03M) | Time:00:00.37 | Mem:0.00M, Peak:0.00M | Scene, ViewLayer | Synchronizing object | ENV_leaf_931
Fra:36 Mem:215.10M (Peak 215.10M) | Time:00:00.37 | Mem:0.00M, Peak:0.00M | Scene, ViewLayer | Synchronizing object | ENV_leaf_930
Fra:36 Mem:215.10M (Peak 215.10M) | Time:00:00.37 | Mem:0.00M, Peak:0.00M | Scene, ViewLayer | Synchronizing object | ENV_leaf_929
Fra:36 Mem:215.11M (Peak 215.11M) | Time:00:00.37 | Mem:0.00M, Peak:0.00M | Scene, ViewLayer | Synchronizing object | ENV_leaf_928
Fra:36 Mem:215.11M (Peak 215.11M) | Time:00:00.37 | Mem:0.00M, Peak:0.00M | Scene, ViewLayer | Synchronizing object | ENV_leaf_927
Fra:36 Mem:215.14M (Peak 215.14M) | Time:00:00.37 | Mem:0.00M, Peak:0.00M | Scene, ViewLayer | Synchronizing object | ENV_leaf_926
Fra:36 Mem:215.14M (Peak 215.14M) | Time:00:00.37 | Mem:0.00M, Peak:0.00M | Scene, ViewLayer | Synchronizing object | ENV_leaf_925
Fra:36 Mem:215.21M (Peak 215.21M) | Time:00:00.37 | Mem:0.00M, Peak:0.00M | Scene, ViewLayer | Synchronizing object | ENV_leaf_924
Fra:36 Mem:215.21M (Peak 215.21M) | Time:00:00.37 | Mem:0.00M, Peak:0.00M | Scene, ViewLayer | Synchronizing object | ENV_leaf_923
Fra:36 Mem:215.21M (Peak 215.21M) | Time:00:00.37 | Mem:0.00M, Peak:0.00M | Scene, ViewLayer | Synchronizing object | ENV_leaf_922
Fra:36 Mem:215.16M (Peak 215.21M) | Time:00:00.37 | Mem:0.00M, Peak:0.00M | Scene, ViewLayer | Synchronizing object | ENV_fern_20
Fra:36 Mem:215.24M (Peak 215.24M) | Time:00:00.37 | Mem:0.00M, Peak:0.00M | Scene, ViewLayer | Synchronizing object | ENV_leaf_921
Fra:36 Mem:215.25M (Peak 215.25M) | Time:00:00.37 | Mem:0.00M, Peak:0.00M | Scene, ViewLayer | Synchronizing object | ENV_leaf_920
Fra:36 Mem:215.44M (Peak 215.44M) | Time:00:00.37 | Mem:0.00M, Peak:0.00M | Scene, ViewLayer | Synchronizing object | ENV_leaf_919
Fra:36 Mem:215.45M (Peak 215.45M) | Time:00:00.37 | Mem:0.00M, Peak:0.00M | Scene, ViewLayer | Synchronizing object | ENV_leaf_918
Fra:36 Mem:215.53M (Peak 215.53M) | Time:00:00.37 | Mem:0.00M, Peak:0.00M | Scene, ViewLayer | Synchronizing object | ENV_leaf_917
Fra:36 Mem:215.54M (Peak 215.54M) | Time:00:00.37 | Mem:0.00M, Peak:0.00M | Scene, ViewLayer | Synchronizing object | ENV_leaf_916
Fra:36 Mem:215.54M (Peak 215.54M) | Time:00:00.37 | Mem:0.00M, Peak:0.00M | Scene, ViewLayer | Synchronizing object | ENV_leaf_915
Fra:36 Mem:215.64M (Peak 215.64M) | Time:00:00.37 | Mem:0.00M, Peak:0.00M | Scene, ViewLayer | Synchronizing object | ENV_leaf_914
Fra:36 Mem:215.65M (Peak 215.65M) | Time:00:00.37 | Mem:0.00M, Peak:0.00M | Scene, ViewLayer | Synchronizing object | ENV_leaf_913
Fra:36 Mem:215.65M (Peak 215.65M) | Time:00:00.37 | Mem:0.00M, Peak:0.00M | Scene, ViewLayer | Synchronizing object | ENV_leaf_912
Fra:36 Mem:215.68M (Peak 215.68M) | Time:00:00.37 | Mem:0.00M, Peak:0.00M | Scene, ViewLayer | Synchronizing object | ENV_leaf_911
Fra:36 Mem:215.76M (Peak 215.76M) | Time:00:00.37 | Mem:0.00M, Peak:0.00M | Scene, ViewLayer | Synchronizing object | ENV_leaf_910
Fra:36 Mem:215.76M (Peak 215.76M) | Time:00:00.37 | Mem:0.00M, Peak:0.00M | Scene, ViewLayer | Synchronizing object | ENV_leaf_909
Fra:36 Mem:215.76M (Peak 215.76M) | Time:00:00.37 | Mem:0.00M, Peak:0.00M | Scene, ViewLayer | Synchronizing object | ENV_leaf_908
Fra:36 Mem:215.77M (Peak 215.77M) | Time:00:00.37 | Mem:0.00M, Peak:0.00M | Scene, ViewLayer | Synchronizing object | ENV_leaf_907
Fra:36 Mem:215.77M (Peak 215.77M) | Time:00:00.37 | Mem:0.00M, Peak:0.00M | Scene, ViewLayer | Synchronizing object | ENV_leaf_906
Fra:36 Mem:215.78M (Peak 215.78M) | Time:00:00.37 | Mem:0.00M, Peak:0.00M | Scene, ViewLayer | Synchronizing object | ENV_leaf_905
Fra:36 Mem:215.78M (Peak 215.78M) | Time:00:00.37 | Mem:0.00M, Peak:0.00M | Scene, ViewLayer | Synchronizing object | ENV_leaf_904
Fra:36 Mem:215.76M (Peak 215.78M) | Time:00:00.37 | Mem:0.00M, Peak:0.00M | Scene, ViewLayer | Synchronizing object | ENV_leaf_903
Fra:36 Mem:215.77M (Peak 215.78M) | Time:00:00.37 | Mem:0.00M, Peak:0.00M | Scene, ViewLayer | Synchronizing object | ENV_leaf_902
Fra:36 Mem:215.77M (Peak 215.78M) | Time:00:00.37 | Mem:0.00M, Peak:0.00M | Scene, ViewLayer | Synchronizing object | ENV_leaf_901
Fra:36 Mem:215.78M (Peak 215.78M) | Time:00:00.37 | Mem:0.00M, Peak:0.00M | Scene, ViewLayer | Synchronizing object | ENV_leaf_900
Fra:36 Mem:215.78M (Peak 215.78M) | Time:00:00.37 | Mem:0.00M, Peak:0.00M | Scene, ViewLayer | Synchronizing object | ENV_leaf_899
Fra:36 Mem:215.79M (Peak 215.79M) | Time:00:00.37 | Mem:0.00M, Peak:0.00M | Scene, ViewLayer | Synchronizing object | ENV_leaf_898
Fra:36 Mem:215.79M (Peak 215.79M) | Time:00:00.37 | Mem:0.00M, Peak:0.00M | Scene, ViewLayer | Synchronizing object | ENV_leaf_897
Fra:36 Mem:215.79M (Peak 215.79M) | Time:00:00.37 | Mem:0.00M, Peak:0.00M | Scene, ViewLayer | Synchronizing object | ENV_leaf_896
Fra:36 Mem:215.80M (Peak 215.80M) | Time:00:00.37 | Mem:0.00M, Peak:0.00M | Scene, ViewLayer | Synchronizing object | ENV_leaf_895
Fra:36 Mem:215.80M (Peak 215.80M) | Time:00:00.37 | Mem:0.00M, Peak:0.00M | Scene, ViewLayer | Synchronizing object | ENV_leaf_894
Fra:36 Mem:215.81M (Peak 215.81M) | Time:00:00.37 | Mem:0.00M, Peak:0.00M | Scene, ViewLayer | Synchronizing object | ENV_leaf_893
Fra:36 Mem:215.81M (Peak 215.81M) | Time:00:00.37 | Mem:0.00M, Peak:0.00M | Scene, ViewLayer | Synchronizing object | ENV_leaf_892
Fra:36 Mem:215.81M (Peak 215.81M) | Time:00:00.37 | Mem:0.00M, Peak:0.00M | Scene, ViewLayer | Synchronizing object | ENV_leaf_891
Fra:36 Mem:215.82M (Peak 215.82M) | Time:00:00.37 | Mem:0.00M, Peak:0.00M | Scene, ViewLayer | Synchronizing object | ENV_leaf_890
Fra:36 Mem:215.82M (Peak 215.82M) | Time:00:00.37 | Mem:0.00M, Peak:0.00M | Scene, ViewLayer | Synchronizing object | ENV_leaf_889
Fra:36 Mem:215.83M (Peak 215.83M) | Time:00:00.37 | Mem:0.00M, Peak:0.00M | Scene, ViewLayer | Synchronizing object | ENV_leaf_888
Fra:36 Mem:215.83M (Peak 215.83M) | Time:00:00.37 | Mem:0.00M, Peak:0.00M | Scene, ViewLayer | Synchronizing object | ENV_leaf_887
Fra:36 Mem:215.83M (Peak 215.83M) | Time:00:00.37 | Mem:0.00M, Peak:0.00M | Scene, ViewLayer | Synchronizing object | ENV_leaf_886
Fra:36 Mem:215.84M (Peak 215.84M) | Time:00:00.37 | Mem:0.00M, Peak:0.00M | Scene, ViewLayer | Synchronizing object | ENV_leaf_885
Fra:36 Mem:215.92M (Peak 215.92M) | Time:00:00.37 | Mem:0.00M, Peak:0.00M | Scene, ViewLayer | Synchronizing object | ENV_leaf_884
Fra:36 Mem:215.92M (Peak 215.92M) | Time:00:00.37 | Mem:0.00M, Peak:0.00M | Scene, ViewLayer | Synchronizing object | ENV_leaf_883
Fra:36 Mem:215.93M (Peak 215.93M) | Time:00:00.37 | Mem:0.00M, Peak:0.00M | Scene, ViewLayer | Synchronizing object | ENV_leaf_882
Fra:36 Mem:215.93M (Peak 215.93M) | Time:00:00.37 | Mem:0.00M, Peak:0.00M | Scene, ViewLayer | Synchronizing object | ENV_leaf_881
Fra:36 Mem:215.96M (Peak 215.96M) | Time:00:00.37 | Mem:0.00M, Peak:0.00M | Scene, ViewLayer | Synchronizing object | ENV_leaf_880
Fra:36 Mem:215.97M (Peak 215.97M) | Time:00:00.37 | Mem:0.00M, Peak:0.00M | Scene, ViewLayer | Synchronizing object | ENV_leaf_879
Fra:36 Mem:216.05M (Peak 216.05M) | Time:00:00.37 | Mem:0.00M, Peak:0.00M | Scene, ViewLayer | Synchronizing object | ENV_leaf_878
Fra:36 Mem:216.05M (Peak 216.05M) | Time:00:00.37 | Mem:0.00M, Peak:0.00M | Scene, ViewLayer | Synchronizing object | ENV_leaf_877
Fra:36 Mem:216.06M (Peak 216.06M) | Time:00:00.37 | Mem:0.00M, Peak:0.00M | Scene, ViewLayer | Synchronizing object | ENV_leaf_876
Fra:36 Mem:216.06M (Peak 216.06M) | Time:00:00.37 | Mem:0.00M, Peak:0.00M | Scene, ViewLayer | Synchronizing object | ENV_leaf_875
Fra:36 Mem:215.99M (Peak 216.06M) | Time:00:00.37 | Mem:0.00M, Peak:0.00M | Scene, ViewLayer | Synchronizing object | ENV_fern_21
Fra:36 Mem:216.04M (Peak 216.06M) | Time:00:00.37 | Mem:0.00M, Peak:0.00M | Scene, ViewLayer | Synchronizing object | ENV_leaf_874
Fra:36 Mem:216.16M (Peak 216.16M) | Time:00:00.37 | Mem:0.00M, Peak:0.00M | Scene, ViewLayer | Synchronizing object | ENV_leaf_873
Fra:36 Mem:216.22M (Peak 216.22M) | Time:00:00.37 | Mem:0.00M, Peak:0.00M | Scene, ViewLayer | Synchronizing object | ENV_leaf_872
Fra:36 Mem:216.22M (Peak 216.22M) | Time:00:00.37 | Mem:0.00M, Peak:0.00M | Scene, ViewLayer | Synchronizing object | ENV_leaf_871
Fra:36 Mem:216.29M (Peak 216.29M) | Time:00:00.37 | Mem:0.00M, Peak:0.00M | Scene, ViewLayer | Synchronizing object | ENV_leaf_870
Fra:36 Mem:216.29M (Peak 216.29M) | Time:00:00.37 | Mem:0.00M, Peak:0.00M | Scene, ViewLayer | Synchronizing object | ENV_leaf_869
Fra:36 Mem:216.36M (Peak 216.36M) | Time:00:00.37 | Mem:0.00M, Peak:0.00M | Scene, ViewLayer | Synchronizing object | ENV_leaf_868
Fra:36 Mem:216.36M (Peak 216.36M) | Time:00:00.37 | Mem:0.00M, Peak:0.00M | Scene, ViewLayer | Synchronizing object | ENV_leaf_867
Fra:36 Mem:216.37M (Peak 216.37M) | Time:00:00.37 | Mem:0.00M, Peak:0.00M | Scene, ViewLayer | Synchronizing object | ENV_leaf_866
Fra:36 Mem:216.37M (Peak 216.37M) | Time:00:00.37 | Mem:0.00M, Peak:0.00M | Scene, ViewLayer | Synchronizing object | ENV_leaf_865
Fra:36 Mem:216.37M (Peak 216.37M) | Time:00:00.37 | Mem:0.00M, Peak:0.00M | Scene, ViewLayer | Synchronizing object | ENV_leaf_864
Fra:36 Mem:216.37M (Peak 216.37M) | Time:00:00.37 | Mem:0.00M, Peak:0.00M | Scene, ViewLayer | Synchronizing object | ENV_leaf_863
Fra:36 Mem:216.37M (Peak 216.37M) | Time:00:00.37 | Mem:0.00M, Peak:0.00M | Scene, ViewLayer | Synchronizing object | ENV_leaf_862
Fra:36 Mem:216.37M (Peak 216.37M) | Time:00:00.37 | Mem:0.00M, Peak:0.00M | Scene, ViewLayer | Synchronizing object | ENV_leaf_861
Fra:36 Mem:216.38M (Peak 216.38M) | Time:00:00.37 | Mem:0.00M, Peak:0.00M | Scene, ViewLayer | Synchronizing object | ENV_leaf_860
Fra:36 Mem:216.38M (Peak 216.38M) | Time:00:00.37 | Mem:0.00M, Peak:0.00M | Scene, ViewLayer | Synchronizing object | ENV_leaf_859
Fra:36 Mem:216.39M (Peak 216.39M) | Time:00:00.37 | Mem:0.00M, Peak:0.00M | Scene, ViewLayer | Synchronizing object | ENV_leaf_858
Fra:36 Mem:216.39M (Peak 216.39M) | Time:00:00.37 | Mem:0.00M, Peak:0.00M | Scene, ViewLayer | Synchronizing object | ENV_leaf_857
Fra:36 Mem:216.39M (Peak 216.39M) | Time:00:00.37 | Mem:0.00M, Peak:0.00M | Scene, ViewLayer | Synchronizing object | ENV_leaf_856
Fra:36 Mem:216.40M (Peak 216.40M) | Time:00:00.37 | Mem:0.00M, Peak:0.00M | Scene, ViewLayer | Synchronizing object | ENV_leaf_855
Fra:36 Mem:216.40M (Peak 216.40M) | Time:00:00.37 | Mem:0.00M, Peak:0.00M | Scene, ViewLayer | Synchronizing object | ENV_leaf_854
Fra:36 Mem:216.41M (Peak 216.41M) | Time:00:00.37 | Mem:0.00M, Peak:0.00M | Scene, ViewLayer | Synchronizing object | ENV_leaf_853
Fra:36 Mem:216.41M (Peak 216.41M) | Time:00:00.37 | Mem:0.00M, Peak:0.00M | Scene, ViewLayer | Synchronizing object | ENV_leaf_852
Fra:36 Mem:216.46M (Peak 216.46M) | Time:00:00.37 | Mem:0.00M, Peak:0.00M | Scene, ViewLayer | Synchronizing object | ENV_leaf_851
Fra:36 Mem:216.47M (Peak 216.47M) | Time:00:00.37 | Mem:0.00M, Peak:0.00M | Scene, ViewLayer | Synchronizing object | ENV_leaf_850
Fra:36 Mem:216.47M (Peak 216.47M) | Time:00:00.37 | Mem:0.00M, Peak:0.00M | Scene, ViewLayer | Synchronizing object | ENV_leaf_849
Fra:36 Mem:216.49M (Peak 216.49M) | Time:00:00.37 | Mem:0.00M, Peak:0.00M | Scene, ViewLayer | Synchronizing object | ENV_leaf_848
Fra:36 Mem:216.54M (Peak 216.54M) | Time:00:00.37 | Mem:0.00M, Peak:0.00M | Scene, ViewLayer | Synchronizing object | ENV_leaf_847
Fra:36 Mem:216.55M (Peak 216.55M) | Time:00:00.37 | Mem:0.00M, Peak:0.00M | Scene, ViewLayer | Synchronizing object | ENV_leaf_846
Fra:36 Mem:216.50M (Peak 216.55M) | Time:00:00.37 | Mem:0.00M, Peak:0.00M | Scene, ViewLayer | Synchronizing object | ENV_fern_22
Fra:36 Mem:216.57M (Peak 216.57M) | Time:00:00.37 | Mem:0.00M, Peak:0.00M | Scene, ViewLayer | Synchronizing object | ENV_leaf_845
Fra:36 Mem:216.64M (Peak 216.64M) | Time:00:00.37 | Mem:0.00M, Peak:0.00M | Scene, ViewLayer | Synchronizing object | ENV_leaf_844
Fra:36 Mem:216.74M (Peak 216.74M) | Time:00:00.37 | Mem:0.00M, Peak:0.00M | Scene, ViewLayer | Synchronizing object | ENV_leaf_843
Fra:36 Mem:216.81M (Peak 216.81M) | Time:00:00.37 | Mem:0.00M, Peak:0.00M | Scene, ViewLayer | Synchronizing object | ENV_leaf_842
Fra:36 Mem:216.81M (Peak 216.81M) | Time:00:00.37 | Mem:0.00M, Peak:0.00M | Scene, ViewLayer | Synchronizing object | ENV_leaf_841
Fra:36 Mem:216.90M (Peak 216.90M) | Time:00:00.37 | Mem:0.00M, Peak:0.00M | Scene, ViewLayer | Synchronizing object | ENV_leaf_840
Fra:36 Mem:216.90M (Peak 216.90M) | Time:00:00.37 | Mem:0.00M, Peak:0.00M | Scene, ViewLayer | Synchronizing object | ENV_leaf_839
Fra:36 Mem:216.92M (Peak 216.92M) | Time:00:00.37 | Mem:0.00M, Peak:0.00M | Scene, ViewLayer | Synchronizing object | ENV_leaf_838
Fra:36 Mem:216.99M (Peak 216.99M) | Time:00:00.37 | Mem:0.00M, Peak:0.00M | Scene, ViewLayer | Synchronizing object | ENV_leaf_837
Fra:36 Mem:216.99M (Peak 216.99M) | Time:00:00.37 | Mem:0.00M, Peak:0.00M | Scene, ViewLayer | Synchronizing object | ENV_leaf_836
Fra:36 Mem:217.00M (Peak 217.00M) | Time:00:00.37 | Mem:0.00M, Peak:0.00M | Scene, ViewLayer | Synchronizing object | ENV_leaf_835
Fra:36 Mem:217.00M (Peak 217.00M) | Time:00:00.37 | Mem:0.00M, Peak:0.00M | Scene, ViewLayer | Synchronizing object | ENV_leaf_834
Fra:36 Mem:217.00M (Peak 217.00M) | Time:00:00.37 | Mem:0.00M, Peak:0.00M | Scene, ViewLayer | Synchronizing object | ENV_leaf_833
Fra:36 Mem:217.01M (Peak 217.01M) | Time:00:00.37 | Mem:0.00M, Peak:0.00M | Scene, ViewLayer | Synchronizing object | ENV_leaf_832
Fra:36 Mem:217.00M (Peak 217.01M) | Time:00:00.37 | Mem:0.00M, Peak:0.00M | Scene, ViewLayer | Synchronizing object | ENV_leaf_831
Fra:36 Mem:217.00M (Peak 217.01M) | Time:00:00.37 | Mem:0.00M, Peak:0.00M | Scene, ViewLayer | Synchronizing object | ENV_leaf_830
Fra:36 Mem:217.00M (Peak 217.01M) | Time:00:00.37 | Mem:0.00M, Peak:0.00M | Scene, ViewLayer | Synchronizing object | ENV_leaf_829
Fra:36 Mem:217.01M (Peak 217.01M) | Time:00:00.37 | Mem:0.00M, Peak:0.00M | Scene, ViewLayer | Synchronizing object | ENV_leaf_828
Fra:36 Mem:217.01M (Peak 217.01M) | Time:00:00.37 | Mem:0.00M, Peak:0.00M | Scene, ViewLayer | Synchronizing object | ENV_leaf_827
Fra:36 Mem:217.02M (Peak 217.02M) | Time:00:00.37 | Mem:0.00M, Peak:0.00M | Scene, ViewLayer | Synchronizing object | ENV_leaf_826
Fra:36 Mem:217.02M (Peak 217.02M) | Time:00:00.37 | Mem:0.00M, Peak:0.00M | Scene, ViewLayer | Synchronizing object | ENV_leaf_825
Fra:36 Mem:217.02M (Peak 217.02M) | Time:00:00.37 | Mem:0.00M, Peak:0.00M | Scene, ViewLayer | Synchronizing object | ENV_leaf_824
Fra:36 Mem:217.03M (Peak 217.03M) | Time:00:00.37 | Mem:0.00M, Peak:0.00M | Scene, ViewLayer | Synchronizing object | ENV_leaf_823
Fra:36 Mem:217.03M (Peak 217.03M) | Time:00:00.37 | Mem:0.00M, Peak:0.00M | Scene, ViewLayer | Synchronizing object | ENV_leaf_822
Fra:36 Mem:217.04M (Peak 217.04M) | Time:00:00.37 | Mem:0.00M, Peak:0.00M | Scene, ViewLayer | Synchronizing object | ENV_leaf_821
Fra:36 Mem:217.04M (Peak 217.04M) | Time:00:00.37 | Mem:0.00M, Peak:0.00M | Scene, ViewLayer | Synchronizing object | ENV_leaf_820
Fra:36 Mem:217.04M (Peak 217.04M) | Time:00:00.37 | Mem:0.00M, Peak:0.00M | Scene, ViewLayer | Synchronizing object | ENV_leaf_819
Fra:36 Mem:217.05M (Peak 217.05M) | Time:00:00.37 | Mem:0.00M, Peak:0.00M | Scene, ViewLayer | Synchronizing object | ENV_leaf_818
Fra:36 Mem:217.11M (Peak 217.11M) | Time:00:00.37 | Mem:0.00M, Peak:0.00M | Scene, ViewLayer | Synchronizing object | ENV_leaf_817
Fra:36 Mem:217.12M (Peak 217.12M) | Time:00:00.37 | Mem:0.00M, Peak:0.00M | Scene, ViewLayer | Synchronizing object | ENV_leaf_816
Fra:36 Mem:217.12M (Peak 217.12M) | Time:00:00.37 | Mem:0.00M, Peak:0.00M | Scene, ViewLayer | Synchronizing object | ENV_leaf_815
Fra:36 Mem:217.13M (Peak 217.13M) | Time:00:00.37 | Mem:0.00M, Peak:0.00M | Scene, ViewLayer | Synchronizing object | ENV_leaf_814
Fra:36 Mem:217.15M (Peak 217.15M) | Time:00:00.37 | Mem:0.00M, Peak:0.00M | Scene, ViewLayer | Synchronizing object | ENV_leaf_813
Fra:36 Mem:217.16M (Peak 217.16M) | Time:00:00.37 | Mem:0.00M, Peak:0.00M | Scene, ViewLayer | Synchronizing object | ENV_leaf_812
Fra:36 Mem:217.22M (Peak 217.22M) | Time:00:00.37 | Mem:0.00M, Peak:0.00M | Scene, ViewLayer | Synchronizing object | ENV_leaf_811
Fra:36 Mem:217.23M (Peak 217.23M) | Time:00:00.37 | Mem:0.00M, Peak:0.00M | Scene, ViewLayer | Synchronizing object | ENV_leaf_810
Fra:36 Mem:217.23M (Peak 217.23M) | Time:00:00.37 | Mem:0.00M, Peak:0.00M | Scene, ViewLayer | Synchronizing object | ENV_leaf_809
Fra:36 Mem:217.17M (Peak 217.23M) | Time:00:00.37 | Mem:0.00M, Peak:0.00M | Scene, ViewLayer | Synchronizing object | ENV_fern_23
Fra:36 Mem:217.26M (Peak 217.26M) | Time:00:00.37 | Mem:0.00M, Peak:0.00M | Scene, ViewLayer | Synchronizing object | ENV_leaf_808
Fra:36 Mem:217.26M (Peak 217.26M) | Time:00:00.37 | Mem:0.00M, Peak:0.00M | Scene, ViewLayer | Synchronizing object | ENV_leaf_807
Fra:36 Mem:217.34M (Peak 217.34M) | Time:00:00.37 | Mem:0.00M, Peak:0.00M | Scene, ViewLayer | Synchronizing object | ENV_leaf_806
Fra:36 Mem:217.47M (Peak 217.47M) | Time:00:00.37 | Mem:0.00M, Peak:0.00M | Scene, ViewLayer | Synchronizing object | ENV_leaf_805
Fra:36 Mem:217.47M (Peak 217.47M) | Time:00:00.37 | Mem:0.00M, Peak:0.00M | Scene, ViewLayer | Synchronizing object | ENV_leaf_804
Fra:36 Mem:217.48M (Peak 217.48M) | Time:00:00.37 | Mem:0.00M, Peak:0.00M | Scene, ViewLayer | Synchronizing object | ENV_leaf_803
Fra:36 Mem:217.56M (Peak 217.56M) | Time:00:00.37 | Mem:0.00M, Peak:0.00M | Scene, ViewLayer | Synchronizing object | ENV_leaf_802
Fra:36 Mem:217.56M (Peak 217.56M) | Time:00:00.37 | Mem:0.00M, Peak:0.00M | Scene, ViewLayer | Synchronizing object | ENV_leaf_801
Fra:36 Mem:217.67M (Peak 217.67M) | Time:00:00.37 | Mem:0.00M, Peak:0.00M | Scene, ViewLayer | Synchronizing object | ENV_leaf_800
Fra:36 Mem:217.67M (Peak 217.67M) | Time:00:00.37 | Mem:0.00M, Peak:0.00M | Scene, ViewLayer | Synchronizing object | ENV_leaf_799
Fra:36 Mem:217.67M (Peak 217.67M) | Time:00:00.37 | Mem:0.00M, Peak:0.00M | Scene, ViewLayer | Synchronizing object | ENV_leaf_798
Fra:36 Mem:217.70M (Peak 217.70M) | Time:00:00.37 | Mem:0.00M, Peak:0.00M | Scene, ViewLayer | Synchronizing object | ENV_leaf_797
Fra:36 Mem:217.78M (Peak 217.78M) | Time:00:00.37 | Mem:0.00M, Peak:0.00M | Scene, ViewLayer | Synchronizing object | ENV_leaf_796
Fra:36 Mem:217.78M (Peak 217.78M) | Time:00:00.37 | Mem:0.00M, Peak:0.00M | Scene, ViewLayer | Synchronizing object | ENV_leaf_795
Fra:36 Mem:217.79M (Peak 217.79M) | Time:00:00.37 | Mem:0.00M, Peak:0.00M | Scene, ViewLayer | Synchronizing object | ENV_leaf_794
Fra:36 Mem:217.79M (Peak 217.79M) | Time:00:00.37 | Mem:0.00M, Peak:0.00M | Scene, ViewLayer | Synchronizing object | ENV_leaf_793
Fra:36 Mem:217.79M (Peak 217.79M) | Time:00:00.37 | Mem:0.00M, Peak:0.00M | Scene, ViewLayer | Synchronizing object | ENV_leaf_792
Fra:36 Mem:217.80M (Peak 217.80M) | Time:00:00.37 | Mem:0.00M, Peak:0.00M | Scene, ViewLayer | Synchronizing object | ENV_leaf_791
Fra:36 Mem:217.80M (Peak 217.80M) | Time:00:00.37 | Mem:0.00M, Peak:0.00M | Scene, ViewLayer | Synchronizing object | ENV_leaf_790
Fra:36 Mem:217.81M (Peak 217.81M) | Time:00:00.37 | Mem:0.00M, Peak:0.00M | Scene, ViewLayer | Synchronizing object | ENV_leaf_789
Fra:36 Mem:217.79M (Peak 217.81M) | Time:00:00.37 | Mem:0.00M, Peak:0.00M | Scene, ViewLayer | Synchronizing object | ENV_leaf_788
Fra:36 Mem:217.79M (Peak 217.81M) | Time:00:00.37 | Mem:0.00M, Peak:0.00M | Scene, ViewLayer | Synchronizing object | ENV_leaf_787
Fra:36 Mem:217.80M (Peak 217.81M) | Time:00:00.37 | Mem:0.00M, Peak:0.00M | Scene, ViewLayer | Synchronizing object | ENV_leaf_786
Fra:36 Mem:217.80M (Peak 217.81M) | Time:00:00.37 | Mem:0.00M, Peak:0.00M | Scene, ViewLayer | Synchronizing object | ENV_leaf_785
Fra:36 Mem:217.81M (Peak 217.81M) | Time:00:00.37 | Mem:0.00M, Peak:0.00M | Scene, ViewLayer | Synchronizing object | ENV_leaf_784
Fra:36 Mem:217.81M (Peak 217.81M) | Time:00:00.37 | Mem:0.00M, Peak:0.00M | Scene, ViewLayer | Synchronizing object | ENV_leaf_783
Fra:36 Mem:217.81M (Peak 217.81M) | Time:00:00.37 | Mem:0.00M, Peak:0.00M | Scene, ViewLayer | Synchronizing object | ENV_leaf_782
Fra:36 Mem:217.82M (Peak 217.82M) | Time:00:00.37 | Mem:0.00M, Peak:0.00M | Scene, ViewLayer | Synchronizing object | ENV_leaf_781
Fra:36 Mem:217.82M (Peak 217.82M) | Time:00:00.37 | Mem:0.00M, Peak:0.00M | Scene, ViewLayer | Synchronizing object | ENV_leaf_780
Fra:36 Mem:217.83M (Peak 217.83M) | Time:00:00.37 | Mem:0.00M, Peak:0.00M | Scene, ViewLayer | Synchronizing object | ENV_leaf_779
Fra:36 Mem:217.83M (Peak 217.83M) | Time:00:00.37 | Mem:0.00M, Peak:0.00M | Scene, ViewLayer | Synchronizing object | ENV_leaf_778
Fra:36 Mem:217.84M (Peak 217.84M) | Time:00:00.37 | Mem:0.00M, Peak:0.00M | Scene, ViewLayer | Synchronizing object | ENV_leaf_777
Fra:36 Mem:217.84M (Peak 217.84M) | Time:00:00.37 | Mem:0.00M, Peak:0.00M | Scene, ViewLayer | Synchronizing object | ENV_leaf_776
Fra:36 Mem:217.84M (Peak 217.84M) | Time:00:00.37 | Mem:0.00M, Peak:0.00M | Scene, ViewLayer | Synchronizing object | ENV_leaf_775
Fra:36 Mem:217.85M (Peak 217.85M) | Time:00:00.37 | Mem:0.00M, Peak:0.00M | Scene, ViewLayer | Synchronizing object | ENV_leaf_774
Fra:36 Mem:217.85M (Peak 217.85M) | Time:00:00.37 | Mem:0.00M, Peak:0.00M | Scene, ViewLayer | Synchronizing object | ENV_leaf_773
Fra:36 Mem:217.86M (Peak 217.86M) | Time:00:00.37 | Mem:0.00M, Peak:0.00M | Scene, ViewLayer | Synchronizing object | ENV_leaf_772
Fra:36 Mem:217.86M (Peak 217.86M) | Time:00:00.37 | Mem:0.00M, Peak:0.00M | Scene, ViewLayer | Synchronizing object | ENV_leaf_771
Fra:36 Mem:217.94M (Peak 217.94M) | Time:00:00.37 | Mem:0.00M, Peak:0.00M | Scene, ViewLayer | Synchronizing object | ENV_leaf_770
Fra:36 Mem:217.94M (Peak 217.94M) | Time:00:00.37 | Mem:0.00M, Peak:0.00M | Scene, ViewLayer | Synchronizing object | ENV_leaf_769
Fra:36 Mem:217.95M (Peak 217.95M) | Time:00:00.37 | Mem:0.00M, Peak:0.00M | Scene, ViewLayer | Synchronizing object | ENV_leaf_768
Fra:36 Mem:217.95M (Peak 217.95M) | Time:00:00.37 | Mem:0.00M, Peak:0.00M | Scene, ViewLayer | Synchronizing object | ENV_leaf_767
Fra:36 Mem:217.98M (Peak 217.98M) | Time:00:00.37 | Mem:0.00M, Peak:0.00M | Scene, ViewLayer | Synchronizing object | ENV_leaf_766
Fra:36 Mem:217.99M (Peak 217.99M) | Time:00:00.37 | Mem:0.00M, Peak:0.00M | Scene, ViewLayer | Synchronizing object | ENV_leaf_765
Fra:36 Mem:217.99M (Peak 217.99M) | Time:00:00.37 | Mem:0.00M, Peak:0.00M | Scene, ViewLayer | Synchronizing object | ENV_leaf_764
Fra:36 Mem:218.07M (Peak 218.07M) | Time:00:00.37 | Mem:0.00M, Peak:0.00M | Scene, ViewLayer | Synchronizing object | ENV_leaf_763
Fra:36 Mem:218.08M (Peak 218.08M) | Time:00:00.37 | Mem:0.00M, Peak:0.00M | Scene, ViewLayer | Synchronizing object | ENV_leaf_762
Fra:36 Mem:218.08M (Peak 218.08M) | Time:00:00.37 | Mem:0.00M, Peak:0.00M | Scene, ViewLayer | Synchronizing object | ENV_leaf_761
Fra:36 Mem:218.01M (Peak 218.08M) | Time:00:00.37 | Mem:0.00M, Peak:0.00M | Scene, ViewLayer | Synchronizing object | ENV_leaf_760
Fra:36 Mem:218.01M (Peak 218.08M) | Time:00:00.37 | Mem:0.00M, Peak:0.00M | Scene, ViewLayer | Synchronizing object | ENV_leaf_759
Fra:36 Mem:218.07M (Peak 218.08M) | Time:00:00.37 | Mem:0.00M, Peak:0.00M | Scene, ViewLayer | Synchronizing object | ENV_leaf_758
Fra:36 Mem:218.07M (Peak 218.08M) | Time:00:00.37 | Mem:0.00M, Peak:0.00M | Scene, ViewLayer | Synchronizing object | ENV_leaf_757
Fra:36 Mem:218.20M (Peak 218.20M) | Time:00:00.37 | Mem:0.00M, Peak:0.00M | Scene, ViewLayer | Synchronizing object | ENV_leaf_756
Fra:36 Mem:218.25M (Peak 218.25M) | Time:00:00.37 | Mem:0.00M, Peak:0.00M | Scene, ViewLayer | Synchronizing object | ENV_leaf_755
Fra:36 Mem:218.26M (Peak 218.26M) | Time:00:00.37 | Mem:0.00M, Peak:0.00M | Scene, ViewLayer | Synchronizing object | ENV_leaf_754
Fra:36 Mem:218.32M (Peak 218.32M) | Time:00:00.37 | Mem:0.00M, Peak:0.00M | Scene, ViewLayer | Synchronizing object | ENV_leaf_753
Fra:36 Mem:218.33M (Peak 218.33M) | Time:00:00.37 | Mem:0.00M, Peak:0.00M | Scene, ViewLayer | Synchronizing object | ENV_leaf_752
Fra:36 Mem:218.34M (Peak 218.34M) | Time:00:00.37 | Mem:0.00M, Peak:0.00M | Scene, ViewLayer | Synchronizing object | ENV_leaf_751
Fra:36 Mem:218.40M (Peak 218.40M) | Time:00:00.37 | Mem:0.00M, Peak:0.00M | Scene, ViewLayer | Synchronizing object | ENV_leaf_750
Fra:36 Mem:218.40M (Peak 218.40M) | Time:00:00.37 | Mem:0.00M, Peak:0.00M | Scene, ViewLayer | Synchronizing object | ENV_leaf_749
Fra:36 Mem:218.40M (Peak 218.40M) | Time:00:00.37 | Mem:0.00M, Peak:0.00M | Scene, ViewLayer | Synchronizing object | ENV_leaf_748
Fra:36 Mem:218.41M (Peak 218.41M) | Time:00:00.37 | Mem:0.00M, Peak:0.00M | Scene, ViewLayer | Synchronizing object | ENV_leaf_747
Fra:36 Mem:218.41M (Peak 218.41M) | Time:00:00.37 | Mem:0.00M, Peak:0.00M | Scene, ViewLayer | Synchronizing object | ENV_leaf_746
Fra:36 Mem:218.40M (Peak 218.41M) | Time:00:00.37 | Mem:0.00M, Peak:0.00M | Scene, ViewLayer | Synchronizing object | ENV_leaf_745
Fra:36 Mem:218.41M (Peak 218.41M) | Time:00:00.37 | Mem:0.00M, Peak:0.00M | Scene, ViewLayer | Synchronizing object | ENV_leaf_744
Fra:36 Mem:218.41M (Peak 218.41M) | Time:00:00.37 | Mem:0.00M, Peak:0.00M | Scene, ViewLayer | Synchronizing object | ENV_leaf_743
Fra:36 Mem:218.42M (Peak 218.42M) | Time:00:00.37 | Mem:0.00M, Peak:0.00M | Scene, ViewLayer | Synchronizing object | ENV_leaf_742
Fra:36 Mem:218.42M (Peak 218.42M) | Time:00:00.37 | Mem:0.00M, Peak:0.00M | Scene, ViewLayer | Synchronizing object | ENV_leaf_741
Fra:36 Mem:218.42M (Peak 218.42M) | Time:00:00.37 | Mem:0.00M, Peak:0.00M | Scene, ViewLayer | Synchronizing object | ENV_leaf_740
Fra:36 Mem:218.43M (Peak 218.43M) | Time:00:00.37 | Mem:0.00M, Peak:0.00M | Scene, ViewLayer | Synchronizing object | ENV_leaf_739
Fra:36 Mem:218.43M (Peak 218.43M) | Time:00:00.37 | Mem:0.00M, Peak:0.00M | Scene, ViewLayer | Synchronizing object | ENV_leaf_738
Fra:36 Mem:218.44M (Peak 218.44M) | Time:00:00.37 | Mem:0.00M, Peak:0.00M | Scene, ViewLayer | Synchronizing object | ENV_leaf_737
Fra:36 Mem:218.44M (Peak 218.44M) | Time:00:00.37 | Mem:0.00M, Peak:0.00M | Scene, ViewLayer | Synchronizing object | ENV_leaf_736
Fra:36 Mem:218.49M (Peak 218.49M) | Time:00:00.37 | Mem:0.00M, Peak:0.00M | Scene, ViewLayer | Synchronizing object | ENV_leaf_735
Fra:36 Mem:218.50M (Peak 218.50M) | Time:00:00.37 | Mem:0.00M, Peak:0.00M | Scene, ViewLayer | Synchronizing object | ENV_leaf_734
Fra:36 Mem:218.50M (Peak 218.50M) | Time:00:00.37 | Mem:0.00M, Peak:0.00M | Scene, ViewLayer | Synchronizing object | ENV_leaf_733
Fra:36 Mem:218.52M (Peak 218.52M) | Time:00:00.37 | Mem:0.00M, Peak:0.00M | Scene, ViewLayer | Synchronizing object | ENV_leaf_732
Fra:36 Mem:218.57M (Peak 218.57M) | Time:00:00.37 | Mem:0.00M, Peak:0.00M | Scene, ViewLayer | Synchronizing object | ENV_leaf_731
Fra:36 Mem:218.58M (Peak 218.58M) | Time:00:00.37 | Mem:0.00M, Peak:0.00M | Scene, ViewLayer | Synchronizing object | ENV_leaf_730
Fra:36 Mem:218.53M (Peak 218.58M) | Time:00:00.37 | Mem:0.00M, Peak:0.00M | Scene, ViewLayer | Synchronizing object | ENV_fern_25
Fra:36 Mem:218.60M (Peak 218.60M) | Time:00:00.37 | Mem:0.00M, Peak:0.00M | Scene, ViewLayer | Synchronizing object | ENV_leaf_729
Fra:36 Mem:218.61M (Peak 218.61M) | Time:00:00.37 | Mem:0.00M, Peak:0.00M | Scene, ViewLayer | Synchronizing object | ENV_leaf_727
Fra:36 Mem:218.74M (Peak 218.74M) | Time:00:00.37 | Mem:0.00M, Peak:0.00M | Scene, ViewLayer | Synchronizing object | ENV_leaf_726
Fra:36 Mem:218.78M (Peak 218.78M) | Time:00:00.37 | Mem:0.00M, Peak:0.00M | Scene, ViewLayer | Synchronizing object | ENV_leaf_725
Fra:36 Mem:218.84M (Peak 218.84M) | Time:00:00.37 | Mem:0.00M, Peak:0.00M | Scene, ViewLayer | Synchronizing object | ENV_leaf_723
Fra:36 Mem:218.85M (Peak 218.85M) | Time:00:00.37 | Mem:0.00M, Peak:0.00M | Scene, ViewLayer | Synchronizing object | ENV_leaf_722
Fra:36 Mem:218.93M (Peak 218.93M) | Time:00:00.37 | Mem:0.00M, Peak:0.00M | Scene, ViewLayer | Synchronizing object | ENV_leaf_721
Fra:36 Mem:218.94M (Peak 218.94M) | Time:00:00.37 | Mem:0.00M, Peak:0.00M | Scene, ViewLayer | Synchronizing object | ENV_leaf_720
Fra:36 Mem:218.94M (Peak 218.94M) | Time:00:00.37 | Mem:0.00M, Peak:0.00M | Scene, ViewLayer | Synchronizing object | ENV_leaf_719
Fra:36 Mem:218.96M (Peak 218.96M) | Time:00:00.37 | Mem:0.00M, Peak:0.00M | Scene, ViewLayer | Synchronizing object | ENV_leaf_718
Fra:36 Mem:219.03M (Peak 219.03M) | Time:00:00.37 | Mem:0.00M, Peak:0.00M | Scene, ViewLayer | Synchronizing object | ENV_leaf_717
Fra:36 Mem:219.03M (Peak 219.03M) | Time:00:00.37 | Mem:0.00M, Peak:0.00M | Scene, ViewLayer | Synchronizing object | ENV_leaf_715
Fra:36 Mem:219.03M (Peak 219.03M) | Time:00:00.37 | Mem:0.00M, Peak:0.00M | Scene, ViewLayer | Synchronizing object | ENV_leaf_714
Fra:36 Mem:219.04M (Peak 219.04M) | Time:00:00.37 | Mem:0.00M, Peak:0.00M | Scene, ViewLayer | Synchronizing object | ENV_leaf_713
Fra:36 Mem:219.04M (Peak 219.04M) | Time:00:00.37 | Mem:0.00M, Peak:0.00M | Scene, ViewLayer | Synchronizing object | ENV_leaf_712
Fra:36 Mem:219.05M (Peak 219.05M) | Time:00:00.37 | Mem:0.00M, Peak:0.00M | Scene, ViewLayer | Synchronizing object | ENV_leaf_711
Fra:36 Mem:219.03M (Peak 219.05M) | Time:00:00.37 | Mem:0.00M, Peak:0.00M | Scene, ViewLayer | Synchronizing object | ENV_leaf_710
Fra:36 Mem:219.04M (Peak 219.05M) | Time:00:00.37 | Mem:0.00M, Peak:0.00M | Scene, ViewLayer | Synchronizing object | ENV_leaf_709
Fra:36 Mem:219.04M (Peak 219.05M) | Time:00:00.37 | Mem:0.00M, Peak:0.00M | Scene, ViewLayer | Synchronizing object | ENV_leaf_708
Fra:36 Mem:219.05M (Peak 219.05M) | Time:00:00.37 | Mem:0.00M, Peak:0.00M | Scene, ViewLayer | Synchronizing object | ENV_leaf_707
Fra:36 Mem:219.05M (Peak 219.05M) | Time:00:00.37 | Mem:0.00M, Peak:0.00M | Scene, ViewLayer | Synchronizing object | ENV_leaf_706
Fra:36 Mem:219.05M (Peak 219.05M) | Time:00:00.37 | Mem:0.00M, Peak:0.00M | Scene, ViewLayer | Synchronizing object | ENV_leaf_705
Fra:36 Mem:219.06M (Peak 219.06M) | Time:00:00.37 | Mem:0.00M, Peak:0.00M | Scene, ViewLayer | Synchronizing object | ENV_leaf_704
Fra:36 Mem:219.06M (Peak 219.06M) | Time:00:00.37 | Mem:0.00M, Peak:0.00M | Scene, ViewLayer | Synchronizing object | ENV_leaf_703
Fra:36 Mem:219.07M (Peak 219.07M) | Time:00:00.37 | Mem:0.00M, Peak:0.00M | Scene, ViewLayer | Synchronizing object | ENV_leaf_702
Fra:36 Mem:219.07M (Peak 219.07M) | Time:00:00.37 | Mem:0.00M, Peak:0.00M | Scene, ViewLayer | Synchronizing object | ENV_leaf_701
Fra:36 Mem:219.07M (Peak 219.07M) | Time:00:00.37 | Mem:0.00M, Peak:0.00M | Scene, ViewLayer | Synchronizing object | ENV_leaf_700
Fra:36 Mem:219.08M (Peak 219.08M) | Time:00:00.37 | Mem:0.00M, Peak:0.00M | Scene, ViewLayer | Synchronizing object | ENV_leaf_699
Fra:36 Mem:219.08M (Peak 219.08M) | Time:00:00.37 | Mem:0.00M, Peak:0.00M | Scene, ViewLayer | Synchronizing object | ENV_leaf_698
Fra:36 Mem:219.09M (Peak 219.09M) | Time:00:00.37 | Mem:0.00M, Peak:0.00M | Scene, ViewLayer | Synchronizing object | ENV_leaf_697
Fra:36 Mem:219.09M (Peak 219.09M) | Time:00:00.37 | Mem:0.00M, Peak:0.00M | Scene, ViewLayer | Synchronizing object | ENV_leaf_696
Fra:36 Mem:219.16M (Peak 219.16M) | Time:00:00.37 | Mem:0.00M, Peak:0.00M | Scene, ViewLayer | Synchronizing object | ENV_leaf_695
Fra:36 Mem:219.16M (Peak 219.16M) | Time:00:00.37 | Mem:0.00M, Peak:0.00M | Scene, ViewLayer | Synchronizing object | ENV_leaf_694
Fra:36 Mem:219.16M (Peak 219.16M) | Time:00:00.37 | Mem:0.00M, Peak:0.00M | Scene, ViewLayer | Synchronizing object | ENV_leaf_693
Fra:36 Mem:219.19M (Peak 219.19M) | Time:00:00.37 | Mem:0.00M, Peak:0.00M | Scene, ViewLayer | Synchronizing object | ENV_leaf_692
Fra:36 Mem:219.20M (Peak 219.20M) | Time:00:00.37 | Mem:0.00M, Peak:0.00M | Scene, ViewLayer | Synchronizing object | ENV_leaf_691
Fra:36 Mem:219.26M (Peak 219.26M) | Time:00:00.37 | Mem:0.00M, Peak:0.00M | Scene, ViewLayer | Synchronizing object | ENV_leaf_690
Fra:36 Mem:219.27M (Peak 219.27M) | Time:00:00.37 | Mem:0.00M, Peak:0.00M | Scene, ViewLayer | Synchronizing object | ENV_leaf_689
Fra:36 Mem:219.27M (Peak 219.27M) | Time:00:00.37 | Mem:0.00M, Peak:0.00M | Scene, ViewLayer | Synchronizing object | ENV_leaf_688
Fra:36 Mem:219.21M (Peak 219.27M) | Time:00:00.37 | Mem:0.00M, Peak:0.00M | Scene, ViewLayer | Synchronizing object | ENV_fern_26
Fra:36 Mem:219.30M (Peak 219.30M) | Time:00:00.37 | Mem:0.00M, Peak:0.00M | Scene, ViewLayer | Synchronizing object | ENV_leaf_687
Fra:36 Mem:219.30M (Peak 219.30M) | Time:00:00.37 | Mem:0.00M, Peak:0.00M | Scene, ViewLayer | Synchronizing object | ENV_leaf_686
Fra:36 Mem:219.47M (Peak 219.47M) | Time:00:00.37 | Mem:0.00M, Peak:0.00M | Scene, ViewLayer | Synchronizing object | ENV_leaf_685
Fra:36 Mem:219.51M (Peak 219.51M) | Time:00:00.37 | Mem:0.00M, Peak:0.00M | Scene, ViewLayer | Synchronizing object | ENV_leaf_684
Fra:36 Mem:219.59M (Peak 219.59M) | Time:00:00.37 | Mem:0.00M, Peak:0.00M | Scene, ViewLayer | Synchronizing object | ENV_leaf_683
Fra:36 Mem:219.59M (Peak 219.59M) | Time:00:00.37 | Mem:0.00M, Peak:0.00M | Scene, ViewLayer | Synchronizing object | ENV_leaf_682
Fra:36 Mem:219.60M (Peak 219.60M) | Time:00:00.37 | Mem:0.00M, Peak:0.00M | Scene, ViewLayer | Synchronizing object | ENV_leaf_681
Fra:36 Mem:219.70M (Peak 219.70M) | Time:00:00.37 | Mem:0.00M, Peak:0.00M | Scene, ViewLayer | Synchronizing object | ENV_leaf_680
Fra:36 Mem:219.70M (Peak 219.70M) | Time:00:00.37 | Mem:0.00M, Peak:0.00M | Scene, ViewLayer | Synchronizing object | ENV_leaf_679
Fra:36 Mem:219.71M (Peak 219.71M) | Time:00:00.37 | Mem:0.00M, Peak:0.00M | Scene, ViewLayer | Synchronizing object | ENV_leaf_678
Fra:36 Mem:219.71M (Peak 219.71M) | Time:00:00.37 | Mem:0.00M, Peak:0.00M | Scene, ViewLayer | Synchronizing object | ENV_leaf_677
Fra:36 Mem:219.74M (Peak 219.74M) | Time:00:00.37 | Mem:0.00M, Peak:0.00M | Scene, ViewLayer | Synchronizing object | ENV_leaf_676
Fra:36 Mem:219.82M (Peak 219.82M) | Time:00:00.37 | Mem:0.00M, Peak:0.00M | Scene, ViewLayer | Synchronizing object | ENV_leaf_675
Fra:36 Mem:219.82M (Peak 219.82M) | Time:00:00.37 | Mem:0.00M, Peak:0.00M | Scene, ViewLayer | Synchronizing object | ENV_leaf_674
Fra:36 Mem:219.82M (Peak 219.82M) | Time:00:00.37 | Mem:0.00M, Peak:0.00M | Scene, ViewLayer | Synchronizing object | ENV_leaf_673
Fra:36 Mem:219.83M (Peak 219.83M) | Time:00:00.37 | Mem:0.00M, Peak:0.00M | Scene, ViewLayer | Synchronizing object | ENV_leaf_672
Fra:36 Mem:219.83M (Peak 219.83M) | Time:00:00.37 | Mem:0.00M, Peak:0.00M | Scene, ViewLayer | Synchronizing object | ENV_leaf_671
Fra:36 Mem:219.84M (Peak 219.84M) | Time:00:00.37 | Mem:0.00M, Peak:0.00M | Scene, ViewLayer | Synchronizing object | ENV_leaf_670
Fra:36 Mem:219.84M (Peak 219.84M) | Time:00:00.37 | Mem:0.00M, Peak:0.00M | Scene, ViewLayer | Synchronizing object | ENV_leaf_669
Fra:36 Mem:219.84M (Peak 219.84M) | Time:00:00.37 | Mem:0.00M, Peak:0.00M | Scene, ViewLayer | Synchronizing object | ENV_leaf_668
Fra:36 Mem:219.83M (Peak 219.84M) | Time:00:00.37 | Mem:0.00M, Peak:0.00M | Scene, ViewLayer | Synchronizing object | ENV_leaf_667
Fra:36 Mem:219.83M (Peak 219.84M) | Time:00:00.37 | Mem:0.00M, Peak:0.00M | Scene, ViewLayer | Synchronizing object | ENV_leaf_666
Fra:36 Mem:219.84M (Peak 219.84M) | Time:00:00.37 | Mem:0.00M, Peak:0.00M | Scene, ViewLayer | Synchronizing object | ENV_leaf_665
Fra:36 Mem:219.84M (Peak 219.84M) | Time:00:00.37 | Mem:0.00M, Peak:0.00M | Scene, ViewLayer | Synchronizing object | ENV_leaf_664
Fra:36 Mem:219.84M (Peak 219.84M) | Time:00:00.37 | Mem:0.00M, Peak:0.00M | Scene, ViewLayer | Synchronizing object | ENV_leaf_663
Fra:36 Mem:219.85M (Peak 219.85M) | Time:00:00.37 | Mem:0.00M, Peak:0.00M | Scene, ViewLayer | Synchronizing object | ENV_leaf_662
Fra:36 Mem:219.85M (Peak 219.85M) | Time:00:00.37 | Mem:0.00M, Peak:0.00M | Scene, ViewLayer | Synchronizing object | ENV_leaf_661
Fra:36 Mem:219.86M (Peak 219.86M) | Time:00:00.37 | Mem:0.00M, Peak:0.00M | Scene, ViewLayer | Synchronizing object | ENV_leaf_660
Fra:36 Mem:219.86M (Peak 219.86M) | Time:00:00.37 | Mem:0.00M, Peak:0.00M | Scene, ViewLayer | Synchronizing object | ENV_leaf_659
Fra:36 Mem:219.87M (Peak 219.87M) | Time:00:00.37 | Mem:0.00M, Peak:0.00M | Scene, ViewLayer | Synchronizing object | ENV_leaf_658
Fra:36 Mem:219.87M (Peak 219.87M) | Time:00:00.37 | Mem:0.00M, Peak:0.00M | Scene, ViewLayer | Synchronizing object | ENV_leaf_657
Fra:36 Mem:219.87M (Peak 219.87M) | Time:00:00.37 | Mem:0.00M, Peak:0.00M | Scene, ViewLayer | Synchronizing object | ENV_leaf_656
Fra:36 Mem:219.88M (Peak 219.88M) | Time:00:00.37 | Mem:0.00M, Peak:0.00M | Scene, ViewLayer | Synchronizing object | ENV_leaf_655
Fra:36 Mem:219.88M (Peak 219.88M) | Time:00:00.37 | Mem:0.00M, Peak:0.00M | Scene, ViewLayer | Synchronizing object | ENV_leaf_654
Fra:36 Mem:219.89M (Peak 219.89M) | Time:00:00.37 | Mem:0.00M, Peak:0.00M | Scene, ViewLayer | Synchronizing object | ENV_leaf_653
Fra:36 Mem:219.89M (Peak 219.89M) | Time:00:00.37 | Mem:0.00M, Peak:0.00M | Scene, ViewLayer | Synchronizing object | ENV_leaf_652
Fra:36 Mem:219.89M (Peak 219.89M) | Time:00:00.37 | Mem:0.00M, Peak:0.00M | Scene, ViewLayer | Synchronizing object | ENV_leaf_651
Fra:36 Mem:219.97M (Peak 219.97M) | Time:00:00.37 | Mem:0.00M, Peak:0.00M | Scene, ViewLayer | Synchronizing object | ENV_leaf_650
Fra:36 Mem:219.98M (Peak 219.98M) | Time:00:00.37 | Mem:0.00M, Peak:0.00M | Scene, ViewLayer | Synchronizing object | ENV_leaf_649
Fra:36 Mem:219.98M (Peak 219.98M) | Time:00:00.37 | Mem:0.00M, Peak:0.00M | Scene, ViewLayer | Synchronizing object | ENV_leaf_648
Fra:36 Mem:219.99M (Peak 219.99M) | Time:00:00.37 | Mem:0.00M, Peak:0.00M | Scene, ViewLayer | Synchronizing object | ENV_leaf_647
Fra:36 Mem:219.99M (Peak 219.99M) | Time:00:00.37 | Mem:0.00M, Peak:0.00M | Scene, ViewLayer | Synchronizing object | ENV_leaf_646
Fra:36 Mem:220.02M (Peak 220.02M) | Time:00:00.37 | Mem:0.00M, Peak:0.00M | Scene, ViewLayer | Synchronizing object | ENV_leaf_645
Fra:36 Mem:220.03M (Peak 220.03M) | Time:00:00.37 | Mem:0.00M, Peak:0.00M | Scene, ViewLayer | Synchronizing object | ENV_leaf_644
Fra:36 Mem:220.11M (Peak 220.11M) | Time:00:00.37 | Mem:0.00M, Peak:0.00M | Scene, ViewLayer | Synchronizing object | ENV_leaf_643
Fra:36 Mem:220.11M (Peak 220.11M) | Time:00:00.37 | Mem:0.00M, Peak:0.00M | Scene, ViewLayer | Synchronizing object | ENV_leaf_642
Fra:36 Mem:220.11M (Peak 220.11M) | Time:00:00.37 | Mem:0.00M, Peak:0.00M | Scene, ViewLayer | Synchronizing object | ENV_leaf_641
Fra:36 Mem:220.04M (Peak 220.11M) | Time:00:00.37 | Mem:0.00M, Peak:0.00M | Scene, ViewLayer | Synchronizing object | ENV_fern_27
Fra:36 Mem:220.10M (Peak 220.11M) | Time:00:00.37 | Mem:0.00M, Peak:0.00M | Scene, ViewLayer | Synchronizing object | ENV_leaf_640
Fra:36 Mem:220.10M (Peak 220.11M) | Time:00:00.37 | Mem:0.00M, Peak:0.00M | Scene, ViewLayer | Synchronizing object | ENV_leaf_639
Fra:36 Mem:220.28M (Peak 220.28M) | Time:00:00.37 | Mem:0.00M, Peak:0.00M | Scene, ViewLayer | Synchronizing object | ENV_leaf_638
Fra:36 Mem:220.28M (Peak 220.28M) | Time:00:00.37 | Mem:0.00M, Peak:0.00M | Scene, ViewLayer | Synchronizing object | ENV_leaf_637
Fra:36 Mem:220.35M (Peak 220.35M) | Time:00:00.37 | Mem:0.00M, Peak:0.00M | Scene, ViewLayer | Synchronizing object | ENV_leaf_636
Fra:36 Mem:220.35M (Peak 220.35M) | Time:00:00.37 | Mem:0.00M, Peak:0.00M | Scene, ViewLayer | Synchronizing object | ENV_leaf_635
Fra:36 Mem:220.35M (Peak 220.35M) | Time:00:00.37 | Mem:0.00M, Peak:0.00M | Scene, ViewLayer | Synchronizing object | ENV_leaf_634
Fra:36 Mem:220.42M (Peak 220.42M) | Time:00:00.37 | Mem:0.00M, Peak:0.00M | Scene, ViewLayer | Synchronizing object | ENV_leaf_633
Fra:36 Mem:220.42M (Peak 220.42M) | Time:00:00.37 | Mem:0.00M, Peak:0.00M | Scene, ViewLayer | Synchronizing object | ENV_leaf_632
Fra:36 Mem:220.43M (Peak 220.43M) | Time:00:00.37 | Mem:0.00M, Peak:0.00M | Scene, ViewLayer | Synchronizing object | ENV_leaf_631
Fra:36 Mem:220.43M (Peak 220.43M) | Time:00:00.37 | Mem:0.00M, Peak:0.00M | Scene, ViewLayer | Synchronizing object | ENV_leaf_630
Fra:36 Mem:220.43M (Peak 220.43M) | Time:00:00.37 | Mem:0.00M, Peak:0.00M | Scene, ViewLayer | Synchronizing object | ENV_leaf_629
Fra:36 Mem:220.43M (Peak 220.43M) | Time:00:00.37 | Mem:0.00M, Peak:0.00M | Scene, ViewLayer | Synchronizing object | ENV_leaf_628
Fra:36 Mem:220.43M (Peak 220.43M) | Time:00:00.37 | Mem:0.00M, Peak:0.00M | Scene, ViewLayer | Synchronizing object | ENV_leaf_627
Fra:36 Mem:220.43M (Peak 220.43M) | Time:00:00.37 | Mem:0.00M, Peak:0.00M | Scene, ViewLayer | Synchronizing object | ENV_leaf_626
Fra:36 Mem:220.44M (Peak 220.44M) | Time:00:00.37 | Mem:0.00M, Peak:0.00M | Scene, ViewLayer | Synchronizing object | ENV_leaf_625
Fra:36 Mem:220.44M (Peak 220.44M) | Time:00:00.37 | Mem:0.00M, Peak:0.00M | Scene, ViewLayer | Synchronizing object | ENV_leaf_624
Fra:36 Mem:220.45M (Peak 220.45M) | Time:00:00.37 | Mem:0.00M, Peak:0.00M | Scene, ViewLayer | Synchronizing object | ENV_leaf_623
Fra:36 Mem:220.45M (Peak 220.45M) | Time:00:00.37 | Mem:0.00M, Peak:0.00M | Scene, ViewLayer | Synchronizing object | ENV_leaf_622
Fra:36 Mem:220.45M (Peak 220.45M) | Time:00:00.37 | Mem:0.00M, Peak:0.00M | Scene, ViewLayer | Synchronizing object | ENV_leaf_621
Fra:36 Mem:220.46M (Peak 220.46M) | Time:00:00.37 | Mem:0.00M, Peak:0.00M | Scene, ViewLayer | Synchronizing object | ENV_leaf_620
Fra:36 Mem:220.46M (Peak 220.46M) | Time:00:00.37 | Mem:0.00M, Peak:0.00M | Scene, ViewLayer | Synchronizing object | ENV_leaf_619
Fra:36 Mem:220.47M (Peak 220.47M) | Time:00:00.37 | Mem:0.00M, Peak:0.00M | Scene, ViewLayer | Synchronizing object | ENV_leaf_618
Fra:36 Mem:220.52M (Peak 220.52M) | Time:00:00.37 | Mem:0.00M, Peak:0.00M | Scene, ViewLayer | Synchronizing object | ENV_leaf_617
Fra:36 Mem:220.52M (Peak 220.52M) | Time:00:00.37 | Mem:0.00M, Peak:0.00M | Scene, ViewLayer | Synchronizing object | ENV_leaf_616
Fra:36 Mem:220.53M (Peak 220.53M) | Time:00:00.37 | Mem:0.00M, Peak:0.00M | Scene, ViewLayer | Synchronizing object | ENV_leaf_615
Fra:36 Mem:220.53M (Peak 220.53M) | Time:00:00.37 | Mem:0.00M, Peak:0.00M | Scene, ViewLayer | Synchronizing object | ENV_leaf_614
Fra:36 Mem:220.55M (Peak 220.55M) | Time:00:00.37 | Mem:0.00M, Peak:0.00M | Scene, ViewLayer | Synchronizing object | ENV_leaf_613
Fra:36 Mem:220.60M (Peak 220.60M) | Time:00:00.37 | Mem:0.00M, Peak:0.00M | Scene, ViewLayer | Synchronizing object | ENV_leaf_612
Fra:36 Mem:220.61M (Peak 220.61M) | Time:00:00.37 | Mem:0.00M, Peak:0.00M | Scene, ViewLayer | Synchronizing object | ENV_leaf_611
Fra:36 Mem:220.56M (Peak 220.61M) | Time:00:00.37 | Mem:0.00M, Peak:0.00M | Scene, ViewLayer | Synchronizing object | ENV_fern_28
Fra:36 Mem:220.63M (Peak 220.63M) | Time:00:00.37 | Mem:0.00M, Peak:0.00M | Scene, ViewLayer | Synchronizing object | ENV_leaf_610
Fra:36 Mem:220.64M (Peak 220.64M) | Time:00:00.37 | Mem:0.00M, Peak:0.00M | Scene, ViewLayer | Synchronizing object | ENV_leaf_609
Fra:36 Mem:220.80M (Peak 220.80M) | Time:00:00.37 | Mem:0.00M, Peak:0.00M | Scene, ViewLayer | Synchronizing object | ENV_leaf_608
Fra:36 Mem:220.87M (Peak 220.87M) | Time:00:00.37 | Mem:0.00M, Peak:0.00M | Scene, ViewLayer | Synchronizing object | ENV_leaf_607
Fra:36 Mem:220.87M (Peak 220.87M) | Time:00:00.37 | Mem:0.00M, Peak:0.00M | Scene, ViewLayer | Synchronizing object | ENV_leaf_606
Fra:36 Mem:220.92M (Peak 220.92M) | Time:00:00.37 | Mem:0.00M, Peak:0.00M | Scene, ViewLayer | Synchronizing object | ENV_leaf_605
Fra:36 Mem:220.96M (Peak 220.96M) | Time:00:00.37 | Mem:0.00M, Peak:0.00M | Scene, ViewLayer | Synchronizing object | ENV_leaf_604
Fra:36 Mem:220.97M (Peak 220.97M) | Time:00:00.37 | Mem:0.00M, Peak:0.00M | Scene, ViewLayer | Synchronizing object | ENV_leaf_602
Fra:36 Mem:220.99M (Peak 220.99M) | Time:00:00.37 | Mem:0.00M, Peak:0.00M | Scene, ViewLayer | Synchronizing object | ENV_leaf_601
Fra:36 Mem:221.04M (Peak 221.04M) | Time:00:00.37 | Mem:0.00M, Peak:0.00M | Scene, ViewLayer | Synchronizing object | ENV_leaf_600
Fra:36 Mem:221.06M (Peak 221.06M) | Time:00:00.37 | Mem:0.00M, Peak:0.00M | Scene, ViewLayer | Synchronizing object | ENV_leaf_599
Fra:36 Mem:221.06M (Peak 221.06M) | Time:00:00.37 | Mem:0.00M, Peak:0.00M | Scene, ViewLayer | Synchronizing object | ENV_leaf_598
Fra:36 Mem:221.06M (Peak 221.06M) | Time:00:00.37 | Mem:0.00M, Peak:0.00M | Scene, ViewLayer | Synchronizing object | ENV_leaf_597
Fra:36 Mem:221.07M (Peak 221.07M) | Time:00:00.37 | Mem:0.00M, Peak:0.00M | Scene, ViewLayer | Synchronizing object | ENV_leaf_596
Fra:36 Mem:221.07M (Peak 221.07M) | Time:00:00.37 | Mem:0.00M, Peak:0.00M | Scene, ViewLayer | Synchronizing object | ENV_leaf_595
Fra:36 Mem:221.08M (Peak 221.08M) | Time:00:00.37 | Mem:0.00M, Peak:0.00M | Scene, ViewLayer | Synchronizing object | ENV_leaf_594
Fra:36 Mem:221.06M (Peak 221.08M) | Time:00:00.37 | Mem:0.00M, Peak:0.00M | Scene, ViewLayer | Synchronizing object | ENV_leaf_593
Fra:36 Mem:221.07M (Peak 221.08M) | Time:00:00.37 | Mem:0.00M, Peak:0.00M | Scene, ViewLayer | Synchronizing object | ENV_leaf_592
Fra:36 Mem:221.07M (Peak 221.08M) | Time:00:00.37 | Mem:0.00M, Peak:0.00M | Scene, ViewLayer | Synchronizing object | ENV_leaf_591
Fra:36 Mem:221.08M (Peak 221.08M) | Time:00:00.37 | Mem:0.00M, Peak:0.00M | Scene, ViewLayer | Synchronizing object | ENV_leaf_590
Fra:36 Mem:221.08M (Peak 221.08M) | Time:00:00.37 | Mem:0.00M, Peak:0.00M | Scene, ViewLayer | Synchronizing object | ENV_leaf_589
Fra:36 Mem:221.08M (Peak 221.08M) | Time:00:00.37 | Mem:0.00M, Peak:0.00M | Scene, ViewLayer | Synchronizing object | ENV_leaf_588
Fra:36 Mem:221.09M (Peak 221.09M) | Time:00:00.37 | Mem:0.00M, Peak:0.00M | Scene, ViewLayer | Synchronizing object | ENV_leaf_587
Fra:36 Mem:221.09M (Peak 221.09M) | Time:00:00.37 | Mem:0.00M, Peak:0.00M | Scene, ViewLayer | Synchronizing object | ENV_leaf_586
Fra:36 Mem:221.10M (Peak 221.10M) | Time:00:00.37 | Mem:0.00M, Peak:0.00M | Scene, ViewLayer | Synchronizing object | ENV_leaf_585
Fra:36 Mem:221.10M (Peak 221.10M) | Time:00:00.37 | Mem:0.00M, Peak:0.00M | Scene, ViewLayer | Synchronizing object | ENV_leaf_584
Fra:36 Mem:221.10M (Peak 221.10M) | Time:00:00.37 | Mem:0.00M, Peak:0.00M | Scene, ViewLayer | Synchronizing object | ENV_leaf_583
Fra:36 Mem:221.11M (Peak 221.11M) | Time:00:00.37 | Mem:0.00M, Peak:0.00M | Scene, ViewLayer | Synchronizing object | ENV_leaf_582
Fra:36 Mem:221.11M (Peak 221.11M) | Time:00:00.37 | Mem:0.00M, Peak:0.00M | Scene, ViewLayer | Synchronizing object | ENV_leaf_581
Fra:36 Mem:221.12M (Peak 221.12M) | Time:00:00.37 | Mem:0.00M, Peak:0.00M | Scene, ViewLayer | Synchronizing object | ENV_leaf_580
Fra:36 Mem:221.12M (Peak 221.12M) | Time:00:00.37 | Mem:0.00M, Peak:0.00M | Scene, ViewLayer | Synchronizing object | ENV_leaf_579
Fra:36 Mem:221.19M (Peak 221.19M) | Time:00:00.37 | Mem:0.00M, Peak:0.00M | Scene, ViewLayer | Synchronizing object | ENV_leaf_578
Fra:36 Mem:221.19M (Peak 221.19M) | Time:00:00.37 | Mem:0.00M, Peak:0.00M | Scene, ViewLayer | Synchronizing object | ENV_leaf_577
Fra:36 Mem:221.19M (Peak 221.19M) | Time:00:00.37 | Mem:0.00M, Peak:0.00M | Scene, ViewLayer | Synchronizing object | ENV_leaf_576
Fra:36 Mem:221.22M (Peak 221.22M) | Time:00:00.37 | Mem:0.00M, Peak:0.00M | Scene, ViewLayer | Synchronizing object | ENV_leaf_575
Fra:36 Mem:221.23M (Peak 221.23M) | Time:00:00.37 | Mem:0.00M, Peak:0.00M | Scene, ViewLayer | Synchronizing object | ENV_leaf_574
Fra:36 Mem:221.29M (Peak 221.29M) | Time:00:00.37 | Mem:0.00M, Peak:0.00M | Scene, ViewLayer | Synchronizing object | ENV_leaf_573
Fra:36 Mem:221.30M (Peak 221.30M) | Time:00:00.37 | Mem:0.00M, Peak:0.00M | Scene, ViewLayer | Synchronizing object | ENV_leaf_572
Fra:36 Mem:221.30M (Peak 221.30M) | Time:00:00.37 | Mem:0.00M, Peak:0.00M | Scene, ViewLayer | Synchronizing object | ENV_leaf_571
Fra:36 Mem:221.24M (Peak 221.30M) | Time:00:00.37 | Mem:0.00M, Peak:0.00M | Scene, ViewLayer | Synchronizing object | ENV_fern_29
Fra:36 Mem:221.33M (Peak 221.33M) | Time:00:00.37 | Mem:0.00M, Peak:0.00M | Scene, ViewLayer | Synchronizing object | ENV_leaf_570
Fra:36 Mem:221.33M (Peak 221.33M) | Time:00:00.37 | Mem:0.00M, Peak:0.00M | Scene, ViewLayer | Synchronizing object | ENV_leaf_569
Fra:36 Mem:221.53M (Peak 221.53M) | Time:00:00.37 | Mem:0.00M, Peak:0.00M | Scene, ViewLayer | Synchronizing object | ENV_leaf_568
Fra:36 Mem:221.54M (Peak 221.54M) | Time:00:00.37 | Mem:0.00M, Peak:0.00M | Scene, ViewLayer | Synchronizing object | ENV_leaf_567
Fra:36 Mem:221.62M (Peak 221.62M) | Time:00:00.37 | Mem:0.00M, Peak:0.00M | Scene, ViewLayer | Synchronizing object | ENV_leaf_566
Fra:36 Mem:221.62M (Peak 221.62M) | Time:00:00.37 | Mem:0.00M, Peak:0.00M | Scene, ViewLayer | Synchronizing object | ENV_leaf_565
Fra:36 Mem:221.73M (Peak 221.73M) | Time:00:00.37 | Mem:0.00M, Peak:0.00M | Scene, ViewLayer | Synchronizing object | ENV_leaf_564
Fra:36 Mem:221.73M (Peak 221.73M) | Time:00:00.37 | Mem:0.00M, Peak:0.00M | Scene, ViewLayer | Synchronizing object | ENV_leaf_563
Fra:36 Mem:221.73M (Peak 221.73M) | Time:00:00.37 | Mem:0.00M, Peak:0.00M | Scene, ViewLayer | Synchronizing object | ENV_leaf_562
Fra:36 Mem:221.74M (Peak 221.74M) | Time:00:00.37 | Mem:0.00M, Peak:0.00M | Scene, ViewLayer | Synchronizing object | ENV_leaf_561
Fra:36 Mem:221.76M (Peak 221.76M) | Time:00:00.37 | Mem:0.00M, Peak:0.00M | Scene, ViewLayer | Synchronizing object | ENV_leaf_560
Fra:36 Mem:221.84M (Peak 221.84M) | Time:00:00.37 | Mem:0.00M, Peak:0.00M | Scene, ViewLayer | Synchronizing object | ENV_leaf_559
Fra:36 Mem:221.85M (Peak 221.85M) | Time:00:00.37 | Mem:0.00M, Peak:0.00M | Scene, ViewLayer | Synchronizing object | ENV_leaf_558
Fra:36 Mem:221.85M (Peak 221.85M) | Time:00:00.37 | Mem:0.00M, Peak:0.00M | Scene, ViewLayer | Synchronizing object | ENV_leaf_557
Fra:36 Mem:221.85M (Peak 221.85M) | Time:00:00.37 | Mem:0.00M, Peak:0.00M | Scene, ViewLayer | Synchronizing object | ENV_leaf_556
Fra:36 Mem:221.86M (Peak 221.86M) | Time:00:00.37 | Mem:0.00M, Peak:0.00M | Scene, ViewLayer | Synchronizing object | ENV_leaf_555
Fra:36 Mem:221.86M (Peak 221.86M) | Time:00:00.37 | Mem:0.00M, Peak:0.00M | Scene, ViewLayer | Synchronizing object | ENV_leaf_554
Fra:36 Mem:221.87M (Peak 221.87M) | Time:00:00.37 | Mem:0.00M, Peak:0.00M | Scene, ViewLayer | Synchronizing object | ENV_leaf_553
Fra:36 Mem:221.85M (Peak 221.87M) | Time:00:00.37 | Mem:0.00M, Peak:0.00M | Scene, ViewLayer | Synchronizing object | ENV_leaf_552
Fra:36 Mem:221.85M (Peak 221.87M) | Time:00:00.37 | Mem:0.00M, Peak:0.00M | Scene, ViewLayer | Synchronizing object | ENV_leaf_551
Fra:36 Mem:221.86M (Peak 221.87M) | Time:00:00.37 | Mem:0.00M, Peak:0.00M | Scene, ViewLayer | Synchronizing object | ENV_leaf_550
Fra:36 Mem:221.86M (Peak 221.87M) | Time:00:00.37 | Mem:0.00M, Peak:0.00M | Scene, ViewLayer | Synchronizing object | ENV_leaf_549
Fra:36 Mem:221.87M (Peak 221.87M) | Time:00:00.37 | Mem:0.00M, Peak:0.00M | Scene, ViewLayer | Synchronizing object | ENV_leaf_548
Fra:36 Mem:221.87M (Peak 221.87M) | Time:00:00.37 | Mem:0.00M, Peak:0.00M | Scene, ViewLayer | Synchronizing object | ENV_leaf_547
Fra:36 Mem:221.87M (Peak 221.87M) | Time:00:00.37 | Mem:0.00M, Peak:0.00M | Scene, ViewLayer | Synchronizing object | ENV_leaf_546
Fra:36 Mem:221.88M (Peak 221.88M) | Time:00:00.37 | Mem:0.00M, Peak:0.00M | Scene, ViewLayer | Synchronizing object | ENV_leaf_545
Fra:36 Mem:221.88M (Peak 221.88M) | Time:00:00.37 | Mem:0.00M, Peak:0.00M | Scene, ViewLayer | Synchronizing object | ENV_leaf_544
Fra:36 Mem:221.89M (Peak 221.89M) | Time:00:00.37 | Mem:0.00M, Peak:0.00M | Scene, ViewLayer | Synchronizing object | ENV_leaf_543
Fra:36 Mem:221.89M (Peak 221.89M) | Time:00:00.37 | Mem:0.00M, Peak:0.00M | Scene, ViewLayer | Synchronizing object | ENV_leaf_542
Fra:36 Mem:221.89M (Peak 221.89M) | Time:00:00.37 | Mem:0.00M, Peak:0.00M | Scene, ViewLayer | Synchronizing object | ENV_leaf_541
Fra:36 Mem:221.90M (Peak 221.90M) | Time:00:00.37 | Mem:0.00M, Peak:0.00M | Scene, ViewLayer | Synchronizing object | ENV_leaf_540
Fra:36 Mem:221.90M (Peak 221.90M) | Time:00:00.37 | Mem:0.00M, Peak:0.00M | Scene, ViewLayer | Synchronizing object | ENV_leaf_539
Fra:36 Mem:221.91M (Peak 221.91M) | Time:00:00.37 | Mem:0.00M, Peak:0.00M | Scene, ViewLayer | Synchronizing object | ENV_leaf_538
Fra:36 Mem:221.91M (Peak 221.91M) | Time:00:00.37 | Mem:0.00M, Peak:0.00M | Scene, ViewLayer | Synchronizing object | ENV_leaf_537
Fra:36 Mem:221.92M (Peak 221.92M) | Time:00:00.37 | Mem:0.00M, Peak:0.00M | Scene, ViewLayer | Synchronizing object | ENV_leaf_536
Fra:36 Mem:221.92M (Peak 221.92M) | Time:00:00.37 | Mem:0.00M, Peak:0.00M | Scene, ViewLayer | Synchronizing object | ENV_leaf_535
Fra:36 Mem:222.00M (Peak 222.00M) | Time:00:00.37 | Mem:0.00M, Peak:0.00M | Scene, ViewLayer | Synchronizing object | ENV_leaf_534
Fra:36 Mem:222.00M (Peak 222.00M) | Time:00:00.37 | Mem:0.00M, Peak:0.00M | Scene, ViewLayer | Synchronizing object | ENV_leaf_533
Fra:36 Mem:222.01M (Peak 222.01M) | Time:00:00.37 | Mem:0.00M, Peak:0.00M | Scene, ViewLayer | Synchronizing object | ENV_leaf_532
Fra:36 Mem:222.01M (Peak 222.01M) | Time:00:00.37 | Mem:0.00M, Peak:0.00M | Scene, ViewLayer | Synchronizing object | ENV_leaf_531
Fra:36 Mem:222.04M (Peak 222.04M) | Time:00:00.37 | Mem:0.00M, Peak:0.00M | Scene, ViewLayer | Synchronizing object | ENV_leaf_530
Fra:36 Mem:222.05M (Peak 222.05M) | Time:00:00.37 | Mem:0.00M, Peak:0.00M | Scene, ViewLayer | Synchronizing object | ENV_leaf_529
Fra:36 Mem:222.13M (Peak 222.13M) | Time:00:00.37 | Mem:0.00M, Peak:0.00M | Scene, ViewLayer | Synchronizing object | ENV_leaf_528
Fra:36 Mem:222.13M (Peak 222.13M) | Time:00:00.37 | Mem:0.00M, Peak:0.00M | Scene, ViewLayer | Synchronizing object | ENV_leaf_527
Fra:36 Mem:222.14M (Peak 222.14M) | Time:00:00.37 | Mem:0.00M, Peak:0.00M | Scene, ViewLayer | Synchronizing object | ENV_leaf_525
Fra:36 Mem:222.14M (Peak 222.14M) | Time:00:00.37 | Mem:0.00M, Peak:0.00M | Scene, ViewLayer | Synchronizing object | ENV_leaf_524
Fra:36 Mem:222.07M (Peak 222.14M) | Time:00:00.37 | Mem:0.00M, Peak:0.00M | Scene, ViewLayer | Synchronizing object | ENV_fern_30
Fra:36 Mem:222.07M (Peak 222.14M) | Time:00:00.37 | Mem:0.00M, Peak:0.00M | Scene, ViewLayer | Synchronizing object | ENV_leaf_523
Fra:36 Mem:222.13M (Peak 222.14M) | Time:00:00.37 | Mem:0.00M, Peak:0.00M | Scene, ViewLayer | Synchronizing object | ENV_leaf_522
Fra:36 Mem:222.25M (Peak 222.25M) | Time:00:00.37 | Mem:0.00M, Peak:0.00M | Scene, ViewLayer | Synchronizing object | ENV_leaf_521
Fra:36 Mem:222.31M (Peak 222.31M) | Time:00:00.37 | Mem:0.00M, Peak:0.00M | Scene, ViewLayer | Synchronizing object | ENV_leaf_520
Fra:36 Mem:222.31M (Peak 222.31M) | Time:00:00.37 | Mem:0.00M, Peak:0.00M | Scene, ViewLayer | Synchronizing object | ENV_leaf_519
Fra:36 Mem:222.38M (Peak 222.38M) | Time:00:00.37 | Mem:0.00M, Peak:0.00M | Scene, ViewLayer | Synchronizing object | ENV_leaf_518
Fra:36 Mem:222.38M (Peak 222.38M) | Time:00:00.37 | Mem:0.00M, Peak:0.00M | Scene, ViewLayer | Synchronizing object | ENV_leaf_517
Fra:36 Mem:222.43M (Peak 222.43M) | Time:00:00.37 | Mem:0.00M, Peak:0.00M | Scene, ViewLayer | Synchronizing object | ENV_leaf_516
Fra:36 Mem:222.45M (Peak 222.45M) | Time:00:00.37 | Mem:0.00M, Peak:0.00M | Scene, ViewLayer | Synchronizing object | ENV_leaf_515
Fra:36 Mem:222.45M (Peak 222.45M) | Time:00:00.37 | Mem:0.00M, Peak:0.00M | Scene, ViewLayer | Synchronizing object | ENV_leaf_514
Fra:36 Mem:222.46M (Peak 222.46M) | Time:00:00.37 | Mem:0.00M, Peak:0.00M | Scene, ViewLayer | Synchronizing object | ENV_leaf_513
Fra:36 Mem:222.46M (Peak 222.46M) | Time:00:00.37 | Mem:0.00M, Peak:0.00M | Scene, ViewLayer | Synchronizing object | ENV_leaf_512
Fra:36 Mem:222.46M (Peak 222.46M) | Time:00:00.37 | Mem:0.00M, Peak:0.00M | Scene, ViewLayer | Synchronizing object | ENV_leaf_511
Fra:36 Mem:222.46M (Peak 222.46M) | Time:00:00.37 | Mem:0.00M, Peak:0.00M | Scene, ViewLayer | Synchronizing object | ENV_leaf_510
Fra:36 Mem:222.46M (Peak 222.46M) | Time:00:00.37 | Mem:0.00M, Peak:0.00M | Scene, ViewLayer | Synchronizing object | ENV_leaf_509
Fra:36 Mem:222.46M (Peak 222.46M) | Time:00:00.37 | Mem:0.00M, Peak:0.00M | Scene, ViewLayer | Synchronizing object | ENV_leaf_508
Fra:36 Mem:222.47M (Peak 222.47M) | Time:00:00.38 | Mem:0.00M, Peak:0.00M | Scene, ViewLayer | Synchronizing object | ENV_leaf_507
Fra:36 Mem:222.47M (Peak 222.47M) | Time:00:00.38 | Mem:0.00M, Peak:0.00M | Scene, ViewLayer | Synchronizing object | ENV_leaf_506
Fra:36 Mem:222.48M (Peak 222.48M) | Time:00:00.38 | Mem:0.00M, Peak:0.00M | Scene, ViewLayer | Synchronizing object | ENV_leaf_505
Fra:36 Mem:222.48M (Peak 222.48M) | Time:00:00.38 | Mem:0.00M, Peak:0.00M | Scene, ViewLayer | Synchronizing object | ENV_leaf_504
Fra:36 Mem:222.48M (Peak 222.48M) | Time:00:00.38 | Mem:0.00M, Peak:0.00M | Scene, ViewLayer | Synchronizing object | ENV_leaf_503
Fra:36 Mem:222.49M (Peak 222.49M) | Time:00:00.38 | Mem:0.00M, Peak:0.00M | Scene, ViewLayer | Synchronizing object | ENV_leaf_502
Fra:36 Mem:222.49M (Peak 222.49M) | Time:00:00.38 | Mem:0.00M, Peak:0.00M | Scene, ViewLayer | Synchronizing object | ENV_leaf_501
Fra:36 Mem:222.50M (Peak 222.50M) | Time:00:00.38 | Mem:0.00M, Peak:0.00M | Scene, ViewLayer | Synchronizing object | ENV_leaf_500
Fra:36 Mem:222.50M (Peak 222.50M) | Time:00:00.38 | Mem:0.00M, Peak:0.00M | Scene, ViewLayer | Synchronizing object | ENV_leaf_499
Fra:36 Mem:222.50M (Peak 222.50M) | Time:00:00.38 | Mem:0.00M, Peak:0.00M | Scene, ViewLayer | Synchronizing object | ENV_leaf_498
Fra:36 Mem:222.56M (Peak 222.56M) | Time:00:00.38 | Mem:0.00M, Peak:0.00M | Scene, ViewLayer | Synchronizing object | ENV_leaf_497
Fra:36 Mem:222.56M (Peak 222.56M) | Time:00:00.38 | Mem:0.00M, Peak:0.00M | Scene, ViewLayer | Synchronizing object | ENV_leaf_496
Fra:36 Mem:222.56M (Peak 222.56M) | Time:00:00.38 | Mem:0.00M, Peak:0.00M | Scene, ViewLayer | Synchronizing object | ENV_leaf_495
Fra:36 Mem:222.59M (Peak 222.59M) | Time:00:00.38 | Mem:0.00M, Peak:0.00M | Scene, ViewLayer | Synchronizing object | ENV_leaf_494
Fra:36 Mem:222.59M (Peak 222.59M) | Time:00:00.38 | Mem:0.00M, Peak:0.00M | Scene, ViewLayer | Synchronizing object | ENV_leaf_493
Fra:36 Mem:222.64M (Peak 222.64M) | Time:00:00.38 | Mem:0.00M, Peak:0.00M | Scene, ViewLayer | Synchronizing object | ENV_leaf_492
Fra:36 Mem:222.60M (Peak 222.64M) | Time:00:00.38 | Mem:0.00M, Peak:0.00M | Scene, ViewLayer | Synchronizing object | ENV_leaf_491
Fra:36 Mem:222.60M (Peak 222.64M) | Time:00:00.38 | Mem:0.00M, Peak:0.00M | Scene, ViewLayer | Synchronizing object | ENV_leaf_490
Fra:36 Mem:222.60M (Peak 222.64M) | Time:00:00.38 | Mem:0.00M, Peak:0.00M | Scene, ViewLayer | Synchronizing object | ENV_fern_31
Fra:36 Mem:222.61M (Peak 222.64M) | Time:00:00.38 | Mem:0.00M, Peak:0.00M | Scene, ViewLayer | Synchronizing object | ENV_leaf_489
Fra:36 Mem:222.68M (Peak 222.68M) | Time:00:00.38 | Mem:0.00M, Peak:0.00M | Scene, ViewLayer | Synchronizing object | ENV_leaf_488
Fra:36 Mem:222.68M (Peak 222.68M) | Time:00:00.38 | Mem:0.00M, Peak:0.00M | Scene, ViewLayer | Synchronizing object | ENV_leaf_487
Fra:36 Mem:222.85M (Peak 222.85M) | Time:00:00.38 | Mem:0.00M, Peak:0.00M | Scene, ViewLayer | Synchronizing object | ENV_leaf_486
Fra:36 Mem:222.85M (Peak 222.85M) | Time:00:00.38 | Mem:0.00M, Peak:0.00M | Scene, ViewLayer | Synchronizing object | ENV_leaf_485
Fra:36 Mem:222.92M (Peak 222.92M) | Time:00:00.38 | Mem:0.00M, Peak:0.00M | Scene, ViewLayer | Synchronizing object | ENV_leaf_484
Fra:36 Mem:222.92M (Peak 222.92M) | Time:00:00.38 | Mem:0.00M, Peak:0.00M | Scene, ViewLayer | Synchronizing object | ENV_leaf_483
Fra:36 Mem:223.01M (Peak 223.01M) | Time:00:00.38 | Mem:0.00M, Peak:0.00M | Scene, ViewLayer | Synchronizing object | ENV_leaf_482
Fra:36 Mem:223.01M (Peak 223.01M) | Time:00:00.38 | Mem:0.00M, Peak:0.00M | Scene, ViewLayer | Synchronizing object | ENV_leaf_481
Fra:36 Mem:223.02M (Peak 223.02M) | Time:00:00.38 | Mem:0.00M, Peak:0.00M | Scene, ViewLayer | Synchronizing object | ENV_leaf_480
Fra:36 Mem:223.08M (Peak 223.08M) | Time:00:00.38 | Mem:0.00M, Peak:0.00M | Scene, ViewLayer | Synchronizing object | ENV_leaf_479
Fra:36 Mem:223.10M (Peak 223.10M) | Time:00:00.38 | Mem:0.00M, Peak:0.00M | Scene, ViewLayer | Synchronizing object | ENV_leaf_478
Fra:36 Mem:223.11M (Peak 223.11M) | Time:00:00.38 | Mem:0.00M, Peak:0.00M | Scene, ViewLayer | Synchronizing object | ENV_leaf_477
Fra:36 Mem:223.11M (Peak 223.11M) | Time:00:00.38 | Mem:0.00M, Peak:0.00M | Scene, ViewLayer | Synchronizing object | ENV_leaf_476
Fra:36 Mem:223.11M (Peak 223.11M) | Time:00:00.38 | Mem:0.00M, Peak:0.00M | Scene, ViewLayer | Synchronizing object | ENV_leaf_475
Fra:36 Mem:223.12M (Peak 223.12M) | Time:00:00.38 | Mem:0.00M, Peak:0.00M | Scene, ViewLayer | Synchronizing object | ENV_leaf_474
Fra:36 Mem:223.12M (Peak 223.12M) | Time:00:00.38 | Mem:0.00M, Peak:0.00M | Scene, ViewLayer | Synchronizing object | ENV_leaf_473
Fra:36 Mem:223.11M (Peak 223.12M) | Time:00:00.38 | Mem:0.00M, Peak:0.00M | Scene, ViewLayer | Synchronizing object | ENV_leaf_472
Fra:36 Mem:223.11M (Peak 223.12M) | Time:00:00.38 | Mem:0.00M, Peak:0.00M | Scene, ViewLayer | Synchronizing object | ENV_leaf_471
Fra:36 Mem:223.12M (Peak 223.12M) | Time:00:00.38 | Mem:0.00M, Peak:0.00M | Scene, ViewLayer | Synchronizing object | ENV_leaf_470
Fra:36 Mem:223.12M (Peak 223.12M) | Time:00:00.38 | Mem:0.00M, Peak:0.00M | Scene, ViewLayer | Synchronizing object | ENV_leaf_468
Fra:36 Mem:223.13M (Peak 223.13M) | Time:00:00.38 | Mem:0.00M, Peak:0.00M | Scene, ViewLayer | Synchronizing object | ENV_leaf_467
Fra:36 Mem:223.13M (Peak 223.13M) | Time:00:00.38 | Mem:0.00M, Peak:0.00M | Scene, ViewLayer | Synchronizing object | ENV_leaf_466
Fra:36 Mem:223.13M (Peak 223.13M) | Time:00:00.38 | Mem:0.00M, Peak:0.00M | Scene, ViewLayer | Synchronizing object | ENV_leaf_465
Fra:36 Mem:223.14M (Peak 223.14M) | Time:00:00.38 | Mem:0.00M, Peak:0.00M | Scene, ViewLayer | Synchronizing object | ENV_leaf_464
Fra:36 Mem:223.14M (Peak 223.14M) | Time:00:00.38 | Mem:0.00M, Peak:0.00M | Scene, ViewLayer | Synchronizing object | ENV_leaf_463
Fra:36 Mem:223.15M (Peak 223.15M) | Time:00:00.38 | Mem:0.00M, Peak:0.00M | Scene, ViewLayer | Synchronizing object | ENV_leaf_462
Fra:36 Mem:223.15M (Peak 223.15M) | Time:00:00.38 | Mem:0.00M, Peak:0.00M | Scene, ViewLayer | Synchronizing object | ENV_leaf_461
Fra:36 Mem:223.15M (Peak 223.15M) | Time:00:00.38 | Mem:0.00M, Peak:0.00M | Scene, ViewLayer | Synchronizing object | ENV_leaf_460
Fra:36 Mem:223.16M (Peak 223.16M) | Time:00:00.38 | Mem:0.00M, Peak:0.00M | Scene, ViewLayer | Synchronizing object | ENV_leaf_459
Fra:36 Mem:223.16M (Peak 223.16M) | Time:00:00.38 | Mem:0.00M, Peak:0.00M | Scene, ViewLayer | Synchronizing object | ENV_leaf_458
Fra:36 Mem:223.17M (Peak 223.17M) | Time:00:00.38 | Mem:0.00M, Peak:0.00M | Scene, ViewLayer | Synchronizing object | ENV_leaf_457
Fra:36 Mem:223.23M (Peak 223.23M) | Time:00:00.38 | Mem:0.00M, Peak:0.00M | Scene, ViewLayer | Synchronizing object | ENV_leaf_456
Fra:36 Mem:223.24M (Peak 223.24M) | Time:00:00.38 | Mem:0.00M, Peak:0.00M | Scene, ViewLayer | Synchronizing object | ENV_leaf_455
Fra:36 Mem:223.24M (Peak 223.24M) | Time:00:00.38 | Mem:0.00M, Peak:0.00M | Scene, ViewLayer | Synchronizing object | ENV_leaf_454
Fra:36 Mem:223.27M (Peak 223.27M) | Time:00:00.38 | Mem:0.00M, Peak:0.00M | Scene, ViewLayer | Synchronizing object | ENV_leaf_453
Fra:36 Mem:223.27M (Peak 223.27M) | Time:00:00.38 | Mem:0.00M, Peak:0.00M | Scene, ViewLayer | Synchronizing object | ENV_leaf_452
Fra:36 Mem:223.34M (Peak 223.34M) | Time:00:00.38 | Mem:0.00M, Peak:0.00M | Scene, ViewLayer | Synchronizing object | ENV_leaf_451
Fra:36 Mem:223.34M (Peak 223.34M) | Time:00:00.38 | Mem:0.00M, Peak:0.00M | Scene, ViewLayer | Synchronizing object | ENV_leaf_450
Fra:36 Mem:223.28M (Peak 223.34M) | Time:00:00.38 | Mem:0.00M, Peak:0.00M | Scene, ViewLayer | Synchronizing object | ENV_leaf_449
Fra:36 Mem:223.29M (Peak 223.34M) | Time:00:00.38 | Mem:0.00M, Peak:0.00M | Scene, ViewLayer | Synchronizing object | ENV_leaf_448
Fra:36 Mem:223.38M (Peak 223.38M) | Time:00:00.38 | Mem:0.00M, Peak:0.00M | Scene, ViewLayer | Synchronizing object | ENV_leaf_447
Fra:36 Mem:223.38M (Peak 223.38M) | Time:00:00.38 | Mem:0.00M, Peak:0.00M | Scene, ViewLayer | Synchronizing object | ENV_leaf_446
Fra:36 Mem:223.39M (Peak 223.39M) | Time:00:00.38 | Mem:0.00M, Peak:0.00M | Scene, ViewLayer | Synchronizing object | ENV_leaf_445
Fra:36 Mem:223.55M (Peak 223.55M) | Time:00:00.38 | Mem:0.00M, Peak:0.00M | Scene, ViewLayer | Synchronizing object | ENV_leaf_444
Fra:36 Mem:223.59M (Peak 223.59M) | Time:00:00.38 | Mem:0.00M, Peak:0.00M | Scene, ViewLayer | Synchronizing object | ENV_leaf_443
Fra:36 Mem:223.67M (Peak 223.67M) | Time:00:00.38 | Mem:0.00M, Peak:0.00M | Scene, ViewLayer | Synchronizing object | ENV_leaf_442
Fra:36 Mem:223.68M (Peak 223.68M) | Time:00:00.38 | Mem:0.00M, Peak:0.00M | Scene, ViewLayer | Synchronizing object | ENV_leaf_441
Fra:36 Mem:223.68M (Peak 223.68M) | Time:00:00.38 | Mem:0.00M, Peak:0.00M | Scene, ViewLayer | Synchronizing object | ENV_leaf_440
Fra:36 Mem:223.78M (Peak 223.78M) | Time:00:00.38 | Mem:0.00M, Peak:0.00M | Scene, ViewLayer | Synchronizing object | ENV_leaf_439
Fra:36 Mem:223.79M (Peak 223.79M) | Time:00:00.38 | Mem:0.00M, Peak:0.00M | Scene, ViewLayer | Synchronizing object | ENV_leaf_438
Fra:36 Mem:223.79M (Peak 223.79M) | Time:00:00.38 | Mem:0.00M, Peak:0.00M | Scene, ViewLayer | Synchronizing object | ENV_leaf_437
Fra:36 Mem:223.82M (Peak 223.82M) | Time:00:00.38 | Mem:0.00M, Peak:0.00M | Scene, ViewLayer | Synchronizing object | ENV_leaf_436
Fra:36 Mem:223.90M (Peak 223.90M) | Time:00:00.38 | Mem:0.00M, Peak:0.00M | Scene, ViewLayer | Synchronizing object | ENV_leaf_435
Fra:36 Mem:223.90M (Peak 223.90M) | Time:00:00.38 | Mem:0.00M, Peak:0.00M | Scene, ViewLayer | Synchronizing object | ENV_leaf_434
Fra:36 Mem:223.90M (Peak 223.90M) | Time:00:00.38 | Mem:0.00M, Peak:0.00M | Scene, ViewLayer | Synchronizing object | ENV_leaf_433
Fra:36 Mem:223.91M (Peak 223.91M) | Time:00:00.38 | Mem:0.00M, Peak:0.00M | Scene, ViewLayer | Synchronizing object | ENV_leaf_432
Fra:36 Mem:223.91M (Peak 223.91M) | Time:00:00.38 | Mem:0.00M, Peak:0.00M | Scene, ViewLayer | Synchronizing object | ENV_leaf_431
Fra:36 Mem:223.92M (Peak 223.92M) | Time:00:00.38 | Mem:0.00M, Peak:0.00M | Scene, ViewLayer | Synchronizing object | ENV_leaf_430
Fra:36 Mem:223.92M (Peak 223.92M) | Time:00:00.38 | Mem:0.00M, Peak:0.00M | Scene, ViewLayer | Synchronizing object | ENV_leaf_429
Fra:36 Mem:223.90M (Peak 223.92M) | Time:00:00.38 | Mem:0.00M, Peak:0.00M | Scene, ViewLayer | Synchronizing object | ENV_leaf_428
Fra:36 Mem:223.91M (Peak 223.92M) | Time:00:00.38 | Mem:0.00M, Peak:0.00M | Scene, ViewLayer | Synchronizing object | ENV_leaf_427
Fra:36 Mem:223.91M (Peak 223.92M) | Time:00:00.38 | Mem:0.00M, Peak:0.00M | Scene, ViewLayer | Synchronizing object | ENV_leaf_426
Fra:36 Mem:223.92M (Peak 223.92M) | Time:00:00.38 | Mem:0.00M, Peak:0.00M | Scene, ViewLayer | Synchronizing object | ENV_leaf_425
Fra:36 Mem:223.92M (Peak 223.92M) | Time:00:00.38 | Mem:0.00M, Peak:0.00M | Scene, ViewLayer | Synchronizing object | ENV_leaf_424
Fra:36 Mem:223.92M (Peak 223.92M) | Time:00:00.38 | Mem:0.00M, Peak:0.00M | Scene, ViewLayer | Synchronizing object | ENV_leaf_423
Fra:36 Mem:223.93M (Peak 223.93M) | Time:00:00.38 | Mem:0.00M, Peak:0.00M | Scene, ViewLayer | Synchronizing object | ENV_leaf_422
Fra:36 Mem:223.93M (Peak 223.93M) | Time:00:00.38 | Mem:0.00M, Peak:0.00M | Scene, ViewLayer | Synchronizing object | ENV_leaf_421
Fra:36 Mem:223.94M (Peak 223.94M) | Time:00:00.38 | Mem:0.00M, Peak:0.00M | Scene, ViewLayer | Synchronizing object | ENV_leaf_420
Fra:36 Mem:223.94M (Peak 223.94M) | Time:00:00.38 | Mem:0.00M, Peak:0.00M | Scene, ViewLayer | Synchronizing object | ENV_leaf_419
Fra:36 Mem:223.94M (Peak 223.94M) | Time:00:00.38 | Mem:0.00M, Peak:0.00M | Scene, ViewLayer | Synchronizing object | ENV_leaf_418
Fra:36 Mem:223.95M (Peak 223.95M) | Time:00:00.38 | Mem:0.00M, Peak:0.00M | Scene, ViewLayer | Synchronizing object | ENV_leaf_417
Fra:36 Mem:223.95M (Peak 223.95M) | Time:00:00.38 | Mem:0.00M, Peak:0.00M | Scene, ViewLayer | Synchronizing object | ENV_leaf_416
Fra:36 Mem:223.96M (Peak 223.96M) | Time:00:00.38 | Mem:0.00M, Peak:0.00M | Scene, ViewLayer | Synchronizing object | ENV_leaf_415
Fra:36 Mem:223.96M (Peak 223.96M) | Time:00:00.38 | Mem:0.00M, Peak:0.00M | Scene, ViewLayer | Synchronizing object | ENV_leaf_414
Fra:36 Mem:223.97M (Peak 223.97M) | Time:00:00.38 | Mem:0.00M, Peak:0.00M | Scene, ViewLayer | Synchronizing object | ENV_leaf_413
Fra:36 Mem:223.97M (Peak 223.97M) | Time:00:00.38 | Mem:0.00M, Peak:0.00M | Scene, ViewLayer | Synchronizing object | ENV_leaf_412
Fra:36 Mem:223.97M (Peak 223.97M) | Time:00:00.38 | Mem:0.00M, Peak:0.00M | Scene, ViewLayer | Synchronizing object | ENV_leaf_411
Fra:36 Mem:223.98M (Peak 223.98M) | Time:00:00.38 | Mem:0.00M, Peak:0.00M | Scene, ViewLayer | Synchronizing object | ENV_leaf_410
Fra:36 Mem:224.06M (Peak 224.06M) | Time:00:00.38 | Mem:0.00M, Peak:0.00M | Scene, ViewLayer | Synchronizing object | ENV_leaf_409
Fra:36 Mem:224.06M (Peak 224.06M) | Time:00:00.38 | Mem:0.00M, Peak:0.00M | Scene, ViewLayer | Synchronizing object | ENV_leaf_407
Fra:36 Mem:224.07M (Peak 224.07M) | Time:00:00.38 | Mem:0.00M, Peak:0.00M | Scene, ViewLayer | Synchronizing object | ENV_leaf_406
Fra:36 Mem:224.07M (Peak 224.07M) | Time:00:00.38 | Mem:0.00M, Peak:0.00M | Scene, ViewLayer | Synchronizing object | ENV_leaf_405
Fra:36 Mem:224.07M (Peak 224.07M) | Time:00:00.38 | Mem:0.00M, Peak:0.00M | Scene, ViewLayer | Synchronizing object | ENV_leaf_404
Fra:36 Mem:224.11M (Peak 224.11M) | Time:00:00.38 | Mem:0.00M, Peak:0.00M | Scene, ViewLayer | Synchronizing object | ENV_leaf_403
Fra:36 Mem:224.11M (Peak 224.11M) | Time:00:00.38 | Mem:0.00M, Peak:0.00M | Scene, ViewLayer | Synchronizing object | ENV_leaf_402
Fra:36 Mem:224.19M (Peak 224.19M) | Time:00:00.38 | Mem:0.00M, Peak:0.00M | Scene, ViewLayer | Synchronizing object | ENV_leaf_401
Fra:36 Mem:224.19M (Peak 224.19M) | Time:00:00.38 | Mem:0.00M, Peak:0.00M | Scene, ViewLayer | Synchronizing object | ENV_leaf_400
Fra:36 Mem:224.20M (Peak 224.20M) | Time:00:00.38 | Mem:0.00M, Peak:0.00M | Scene, ViewLayer | Synchronizing object | ENV_leaf_399
Fra:36 Mem:224.13M (Peak 224.20M) | Time:00:00.38 | Mem:0.00M, Peak:0.00M | Scene, ViewLayer | Synchronizing object | ENV_fern_33
Fra:36 Mem:224.18M (Peak 224.20M) | Time:00:00.38 | Mem:0.00M, Peak:0.00M | Scene, ViewLayer | Synchronizing object | ENV_leaf_398
Fra:36 Mem:224.29M (Peak 224.29M) | Time:00:00.38 | Mem:0.00M, Peak:0.00M | Scene, ViewLayer | Synchronizing object | ENV_leaf_397
Fra:36 Mem:224.36M (Peak 224.36M) | Time:00:00.38 | Mem:0.00M, Peak:0.00M | Scene, ViewLayer | Synchronizing object | ENV_leaf_396
Fra:36 Mem:224.36M (Peak 224.36M) | Time:00:00.38 | Mem:0.00M, Peak:0.00M | Scene, ViewLayer | Synchronizing object | ENV_leaf_395
Fra:36 Mem:224.43M (Peak 224.43M) | Time:00:00.38 | Mem:0.00M, Peak:0.00M | Scene, ViewLayer | Synchronizing object | ENV_leaf_394
Fra:36 Mem:224.43M (Peak 224.43M) | Time:00:00.38 | Mem:0.00M, Peak:0.00M | Scene, ViewLayer | Synchronizing object | ENV_leaf_393
Fra:36 Mem:224.50M (Peak 224.50M) | Time:00:00.38 | Mem:0.00M, Peak:0.00M | Scene, ViewLayer | Synchronizing object | ENV_leaf_392
Fra:36 Mem:224.50M (Peak 224.50M) | Time:00:00.38 | Mem:0.00M, Peak:0.00M | Scene, ViewLayer | Synchronizing object | ENV_leaf_391
Fra:36 Mem:224.51M (Peak 224.51M) | Time:00:00.38 | Mem:0.00M, Peak:0.00M | Scene, ViewLayer | Synchronizing object | ENV_leaf_390
Fra:36 Mem:224.51M (Peak 224.51M) | Time:00:00.38 | Mem:0.00M, Peak:0.00M | Scene, ViewLayer | Synchronizing object | ENV_leaf_389
Fra:36 Mem:224.50M (Peak 224.51M) | Time:00:00.38 | Mem:0.00M, Peak:0.00M | Scene, ViewLayer | Synchronizing object | ENV_leaf_388
Fra:36 Mem:224.51M (Peak 224.51M) | Time:00:00.38 | Mem:0.00M, Peak:0.00M | Scene, ViewLayer | Synchronizing object | ENV_leaf_387
Fra:36 Mem:224.51M (Peak 224.51M) | Time:00:00.38 | Mem:0.00M, Peak:0.00M | Scene, ViewLayer | Synchronizing object | ENV_leaf_386
Fra:36 Mem:224.51M (Peak 224.51M) | Time:00:00.38 | Mem:0.00M, Peak:0.00M | Scene, ViewLayer | Synchronizing object | ENV_leaf_385
Fra:36 Mem:224.52M (Peak 224.52M) | Time:00:00.38 | Mem:0.00M, Peak:0.00M | Scene, ViewLayer | Synchronizing object | ENV_leaf_384
Fra:36 Mem:224.52M (Peak 224.52M) | Time:00:00.38 | Mem:0.00M, Peak:0.00M | Scene, ViewLayer | Synchronizing object | ENV_leaf_383
Fra:36 Mem:224.53M (Peak 224.53M) | Time:00:00.38 | Mem:0.00M, Peak:0.00M | Scene, ViewLayer | Synchronizing object | ENV_leaf_382
Fra:36 Mem:224.53M (Peak 224.53M) | Time:00:00.38 | Mem:0.00M, Peak:0.00M | Scene, ViewLayer | Synchronizing object | ENV_leaf_381
Fra:36 Mem:224.53M (Peak 224.53M) | Time:00:00.38 | Mem:0.00M, Peak:0.00M | Scene, ViewLayer | Synchronizing object | ENV_leaf_380
Fra:36 Mem:224.54M (Peak 224.54M) | Time:00:00.38 | Mem:0.00M, Peak:0.00M | Scene, ViewLayer | Synchronizing object | ENV_leaf_379
Fra:36 Mem:224.54M (Peak 224.54M) | Time:00:00.38 | Mem:0.00M, Peak:0.00M | Scene, ViewLayer | Synchronizing object | ENV_leaf_378
Fra:36 Mem:224.55M (Peak 224.55M) | Time:00:00.38 | Mem:0.00M, Peak:0.00M | Scene, ViewLayer | Synchronizing object | ENV_leaf_377
Fra:36 Mem:224.60M (Peak 224.60M) | Time:00:00.38 | Mem:0.00M, Peak:0.00M | Scene, ViewLayer | Synchronizing object | ENV_leaf_376
Fra:36 Mem:224.60M (Peak 224.60M) | Time:00:00.38 | Mem:0.00M, Peak:0.00M | Scene, ViewLayer | Synchronizing object | ENV_leaf_375
Fra:36 Mem:224.62M (Peak 224.62M) | Time:00:00.38 | Mem:0.00M, Peak:0.00M | Scene, ViewLayer | Synchronizing object | ENV_leaf_374
Fra:36 Mem:224.63M (Peak 224.63M) | Time:00:00.38 | Mem:0.00M, Peak:0.00M | Scene, ViewLayer | Synchronizing object | ENV_leaf_373
Fra:36 Mem:224.68M (Peak 224.68M) | Time:00:00.38 | Mem:0.00M, Peak:0.00M | Scene, ViewLayer | Synchronizing object | ENV_leaf_372
Fra:36 Mem:224.68M (Peak 224.68M) | Time:00:00.38 | Mem:0.00M, Peak:0.00M | Scene, ViewLayer | Synchronizing object | ENV_leaf_371
Fra:36 Mem:224.64M (Peak 224.68M) | Time:00:00.38 | Mem:0.00M, Peak:0.00M | Scene, ViewLayer | Synchronizing object | ENV_fern_34
Fra:36 Mem:224.71M (Peak 224.71M) | Time:00:00.38 | Mem:0.00M, Peak:0.00M | Scene, ViewLayer | Synchronizing object | ENV_leaf_370
Fra:36 Mem:224.71M (Peak 224.71M) | Time:00:00.38 | Mem:0.00M, Peak:0.00M | Scene, ViewLayer | Synchronizing object | ENV_leaf_369
Fra:36 Mem:224.88M (Peak 224.88M) | Time:00:00.38 | Mem:0.00M, Peak:0.00M | Scene, ViewLayer | Synchronizing object | ENV_leaf_368
Fra:36 Mem:224.94M (Peak 224.94M) | Time:00:00.38 | Mem:0.00M, Peak:0.00M | Scene, ViewLayer | Synchronizing object | ENV_leaf_367
Fra:36 Mem:224.95M (Peak 224.95M) | Time:00:00.38 | Mem:0.00M, Peak:0.00M | Scene, ViewLayer | Synchronizing object | ENV_leaf_366
Fra:36 Mem:225.00M (Peak 225.00M) | Time:00:00.38 | Mem:0.00M, Peak:0.00M | Scene, ViewLayer | Synchronizing object | ENV_leaf_365
Fra:36 Mem:225.04M (Peak 225.04M) | Time:00:00.38 | Mem:0.00M, Peak:0.00M | Scene, ViewLayer | Synchronizing object | ENV_leaf_364
Fra:36 Mem:225.04M (Peak 225.04M) | Time:00:00.38 | Mem:0.00M, Peak:0.00M | Scene, ViewLayer | Synchronizing object | ENV_leaf_363
Fra:36 Mem:225.06M (Peak 225.06M) | Time:00:00.38 | Mem:0.00M, Peak:0.00M | Scene, ViewLayer | Synchronizing object | ENV_leaf_362
Fra:36 Mem:225.13M (Peak 225.13M) | Time:00:00.38 | Mem:0.00M, Peak:0.00M | Scene, ViewLayer | Synchronizing object | ENV_leaf_361
Fra:36 Mem:225.13M (Peak 225.13M) | Time:00:00.38 | Mem:0.00M, Peak:0.00M | Scene, ViewLayer | Synchronizing object | ENV_leaf_360
Fra:36 Mem:225.14M (Peak 225.14M) | Time:00:00.38 | Mem:0.00M, Peak:0.00M | Scene, ViewLayer | Synchronizing object | ENV_leaf_359
Fra:36 Mem:225.14M (Peak 225.14M) | Time:00:00.38 | Mem:0.00M, Peak:0.00M | Scene, ViewLayer | Synchronizing object | ENV_leaf_358
Fra:36 Mem:225.13M (Peak 225.14M) | Time:00:00.38 | Mem:0.00M, Peak:0.00M | Scene, ViewLayer | Synchronizing object | ENV_leaf_357
Fra:36 Mem:225.13M (Peak 225.14M) | Time:00:00.38 | Mem:0.00M, Peak:0.00M | Scene, ViewLayer | Synchronizing object | ENV_leaf_356
Fra:36 Mem:225.14M (Peak 225.14M) | Time:00:00.38 | Mem:0.00M, Peak:0.00M | Scene, ViewLayer | Synchronizing object | ENV_leaf_355
Fra:36 Mem:225.14M (Peak 225.14M) | Time:00:00.38 | Mem:0.00M, Peak:0.00M | Scene, ViewLayer | Synchronizing object | ENV_leaf_354
Fra:36 Mem:225.14M (Peak 225.14M) | Time:00:00.38 | Mem:0.00M, Peak:0.00M | Scene, ViewLayer | Synchronizing object | ENV_leaf_353
Fra:36 Mem:225.15M (Peak 225.15M) | Time:00:00.38 | Mem:0.00M, Peak:0.00M | Scene, ViewLayer | Synchronizing object | ENV_leaf_352
Fra:36 Mem:225.15M (Peak 225.15M) | Time:00:00.38 | Mem:0.00M, Peak:0.00M | Scene, ViewLayer | Synchronizing object | ENV_leaf_351
Fra:36 Mem:225.16M (Peak 225.16M) | Time:00:00.38 | Mem:0.00M, Peak:0.00M | Scene, ViewLayer | Synchronizing object | ENV_leaf_350
Fra:36 Mem:225.16M (Peak 225.16M) | Time:00:00.38 | Mem:0.00M, Peak:0.00M | Scene, ViewLayer | Synchronizing object | ENV_leaf_349
Fra:36 Mem:225.16M (Peak 225.16M) | Time:00:00.38 | Mem:0.00M, Peak:0.00M | Scene, ViewLayer | Synchronizing object | ENV_leaf_348
Fra:36 Mem:225.17M (Peak 225.17M) | Time:00:00.38 | Mem:0.00M, Peak:0.00M | Scene, ViewLayer | Synchronizing object | ENV_leaf_347
Fra:36 Mem:225.17M (Peak 225.17M) | Time:00:00.38 | Mem:0.00M, Peak:0.00M | Scene, ViewLayer | Synchronizing object | ENV_leaf_346
Fra:36 Mem:225.18M (Peak 225.18M) | Time:00:00.38 | Mem:0.00M, Peak:0.00M | Scene, ViewLayer | Synchronizing object | ENV_leaf_345
Fra:36 Mem:225.18M (Peak 225.18M) | Time:00:00.38 | Mem:0.00M, Peak:0.00M | Scene, ViewLayer | Synchronizing object | ENV_leaf_344
Fra:36 Mem:225.25M (Peak 225.25M) | Time:00:00.38 | Mem:0.00M, Peak:0.00M | Scene, ViewLayer | Synchronizing object | ENV_leaf_343
Fra:36 Mem:225.25M (Peak 225.25M) | Time:00:00.38 | Mem:0.00M, Peak:0.00M | Scene, ViewLayer | Synchronizing object | ENV_leaf_342
Fra:36 Mem:225.25M (Peak 225.25M) | Time:00:00.38 | Mem:0.00M, Peak:0.00M | Scene, ViewLayer | Synchronizing object | ENV_leaf_341
Fra:36 Mem:225.26M (Peak 225.26M) | Time:00:00.38 | Mem:0.00M, Peak:0.00M | Scene, ViewLayer | Synchronizing object | ENV_leaf_340
Fra:36 Mem:225.29M (Peak 225.29M) | Time:00:00.38 | Mem:0.00M, Peak:0.00M | Scene, ViewLayer | Synchronizing object | ENV_leaf_339
Fra:36 Mem:225.29M (Peak 225.29M) | Time:00:00.38 | Mem:0.00M, Peak:0.00M | Scene, ViewLayer | Synchronizing object | ENV_leaf_338
Fra:36 Mem:225.36M (Peak 225.36M) | Time:00:00.38 | Mem:0.00M, Peak:0.00M | Scene, ViewLayer | Synchronizing object | ENV_leaf_337
Fra:36 Mem:225.36M (Peak 225.36M) | Time:00:00.38 | Mem:0.00M, Peak:0.00M | Scene, ViewLayer | Synchronizing object | ENV_leaf_336
Fra:36 Mem:225.36M (Peak 225.36M) | Time:00:00.38 | Mem:0.00M, Peak:0.00M | Scene, ViewLayer | Synchronizing object | ENV_leaf_335
Fra:36 Mem:225.37M (Peak 225.37M) | Time:00:00.38 | Mem:0.00M, Peak:0.00M | Scene, ViewLayer | Synchronizing object | ENV_leaf_334
Fra:36 Mem:225.31M (Peak 225.37M) | Time:00:00.38 | Mem:0.00M, Peak:0.00M | Scene, ViewLayer | Synchronizing object | ENV_fern_35
Fra:36 Mem:225.40M (Peak 225.40M) | Time:00:00.38 | Mem:0.00M, Peak:0.00M | Scene, ViewLayer | Synchronizing object | ENV_leaf_333
Fra:36 Mem:225.40M (Peak 225.40M) | Time:00:00.38 | Mem:0.00M, Peak:0.00M | Scene, ViewLayer | Synchronizing object | ENV_leaf_332
Fra:36 Mem:225.60M (Peak 225.60M) | Time:00:00.38 | Mem:0.00M, Peak:0.00M | Scene, ViewLayer | Synchronizing object | ENV_leaf_331
Fra:36 Mem:225.61M (Peak 225.61M) | Time:00:00.38 | Mem:0.00M, Peak:0.00M | Scene, ViewLayer | Synchronizing object | ENV_leaf_330
Fra:36 Mem:225.69M (Peak 225.69M) | Time:00:00.38 | Mem:0.00M, Peak:0.00M | Scene, ViewLayer | Synchronizing object | ENV_leaf_329
Fra:36 Mem:225.69M (Peak 225.69M) | Time:00:00.38 | Mem:0.00M, Peak:0.00M | Scene, ViewLayer | Synchronizing object | ENV_leaf_328
Fra:36 Mem:225.75M (Peak 225.75M) | Time:00:00.38 | Mem:0.00M, Peak:0.00M | Scene, ViewLayer | Synchronizing object | ENV_leaf_327
Fra:36 Mem:225.80M (Peak 225.80M) | Time:00:00.38 | Mem:0.00M, Peak:0.00M | Scene, ViewLayer | Synchronizing object | ENV_leaf_326
Fra:36 Mem:225.80M (Peak 225.80M) | Time:00:00.38 | Mem:0.00M, Peak:0.00M | Scene, ViewLayer | Synchronizing object | ENV_leaf_325
Fra:36 Mem:225.81M (Peak 225.81M) | Time:00:00.38 | Mem:0.00M, Peak:0.00M | Scene, ViewLayer | Synchronizing object | ENV_leaf_324
Fra:36 Mem:225.90M (Peak 225.90M) | Time:00:00.38 | Mem:0.00M, Peak:0.00M | Scene, ViewLayer | Synchronizing object | ENV_leaf_323
Fra:36 Mem:225.91M (Peak 225.91M) | Time:00:00.38 | Mem:0.00M, Peak:0.00M | Scene, ViewLayer | Synchronizing object | ENV_leaf_322
Fra:36 Mem:225.91M (Peak 225.91M) | Time:00:00.38 | Mem:0.00M, Peak:0.00M | Scene, ViewLayer | Synchronizing object | ENV_leaf_321
Fra:36 Mem:225.92M (Peak 225.92M) | Time:00:00.38 | Mem:0.00M, Peak:0.00M | Scene, ViewLayer | Synchronizing object | ENV_leaf_320
Fra:36 Mem:225.92M (Peak 225.92M) | Time:00:00.38 | Mem:0.00M, Peak:0.00M | Scene, ViewLayer | Synchronizing object | ENV_leaf_319
Fra:36 Mem:225.93M (Peak 225.93M) | Time:00:00.38 | Mem:0.00M, Peak:0.00M | Scene, ViewLayer | Synchronizing object | ENV_leaf_318
Fra:36 Mem:225.93M (Peak 225.93M) | Time:00:00.38 | Mem:0.00M, Peak:0.00M | Scene, ViewLayer | Synchronizing object | ENV_leaf_317
Fra:36 Mem:225.93M (Peak 225.93M) | Time:00:00.38 | Mem:0.00M, Peak:0.00M | Scene, ViewLayer | Synchronizing object | ENV_leaf_316
Fra:36 Mem:225.92M (Peak 225.93M) | Time:00:00.38 | Mem:0.00M, Peak:0.00M | Scene, ViewLayer | Synchronizing object | ENV_leaf_315
Fra:36 Mem:225.92M (Peak 225.93M) | Time:00:00.38 | Mem:0.00M, Peak:0.00M | Scene, ViewLayer | Synchronizing object | ENV_leaf_314
Fra:36 Mem:225.93M (Peak 225.93M) | Time:00:00.38 | Mem:0.00M, Peak:0.00M | Scene, ViewLayer | Synchronizing object | ENV_leaf_313
Fra:36 Mem:225.93M (Peak 225.93M) | Time:00:00.38 | Mem:0.00M, Peak:0.00M | Scene, ViewLayer | Synchronizing object | ENV_leaf_312
Fra:36 Mem:225.93M (Peak 225.93M) | Time:00:00.38 | Mem:0.00M, Peak:0.00M | Scene, ViewLayer | Synchronizing object | ENV_leaf_311
Fra:36 Mem:225.94M (Peak 225.94M) | Time:00:00.38 | Mem:0.00M, Peak:0.00M | Scene, ViewLayer | Synchronizing object | ENV_leaf_310
Fra:36 Mem:225.94M (Peak 225.94M) | Time:00:00.38 | Mem:0.00M, Peak:0.00M | Scene, ViewLayer | Synchronizing object | ENV_leaf_309
Fra:36 Mem:225.95M (Peak 225.95M) | Time:00:00.38 | Mem:0.00M, Peak:0.00M | Scene, ViewLayer | Synchronizing object | ENV_leaf_308
Fra:36 Mem:225.95M (Peak 225.95M) | Time:00:00.38 | Mem:0.00M, Peak:0.00M | Scene, ViewLayer | Synchronizing object | ENV_leaf_307
Fra:36 Mem:225.95M (Peak 225.95M) | Time:00:00.38 | Mem:0.00M, Peak:0.00M | Scene, ViewLayer | Synchronizing object | ENV_leaf_306
Fra:36 Mem:225.96M (Peak 225.96M) | Time:00:00.38 | Mem:0.00M, Peak:0.00M | Scene, ViewLayer | Synchronizing object | ENV_leaf_305
Fra:36 Mem:225.96M (Peak 225.96M) | Time:00:00.38 | Mem:0.00M, Peak:0.00M | Scene, ViewLayer | Synchronizing object | ENV_leaf_304
Fra:36 Mem:225.97M (Peak 225.97M) | Time:00:00.38 | Mem:0.00M, Peak:0.00M | Scene, ViewLayer | Synchronizing object | ENV_leaf_303
Fra:36 Mem:225.97M (Peak 225.97M) | Time:00:00.38 | Mem:0.00M, Peak:0.00M | Scene, ViewLayer | Synchronizing object | ENV_leaf_302
Fra:36 Mem:225.97M (Peak 225.97M) | Time:00:00.38 | Mem:0.00M, Peak:0.00M | Scene, ViewLayer | Synchronizing object | ENV_leaf_301
Fra:36 Mem:225.98M (Peak 225.98M) | Time:00:00.38 | Mem:0.00M, Peak:0.00M | Scene, ViewLayer | Synchronizing object | ENV_leaf_300
Fra:36 Mem:225.98M (Peak 225.98M) | Time:00:00.38 | Mem:0.00M, Peak:0.00M | Scene, ViewLayer | Synchronizing object | ENV_leaf_299
Fra:36 Mem:226.06M (Peak 226.06M) | Time:00:00.38 | Mem:0.00M, Peak:0.00M | Scene, ViewLayer | Synchronizing object | ENV_leaf_298
Fra:36 Mem:226.07M (Peak 226.07M) | Time:00:00.38 | Mem:0.00M, Peak:0.00M | Scene, ViewLayer | Synchronizing object | ENV_leaf_297
Fra:36 Mem:226.07M (Peak 226.07M) | Time:00:00.38 | Mem:0.00M, Peak:0.00M | Scene, ViewLayer | Synchronizing object | ENV_leaf_296
Fra:36 Mem:226.08M (Peak 226.08M) | Time:00:00.38 | Mem:0.00M, Peak:0.00M | Scene, ViewLayer | Synchronizing object | ENV_leaf_295
Fra:36 Mem:226.08M (Peak 226.08M) | Time:00:00.38 | Mem:0.00M, Peak:0.00M | Scene, ViewLayer | Synchronizing object | ENV_leaf_294
Fra:36 Mem:226.11M (Peak 226.11M) | Time:00:00.38 | Mem:0.00M, Peak:0.00M | Scene, ViewLayer | Synchronizing object | ENV_leaf_292
Fra:36 Mem:226.12M (Peak 226.12M) | Time:00:00.38 | Mem:0.00M, Peak:0.00M | Scene, ViewLayer | Synchronizing object | ENV_leaf_291
Fra:36 Mem:226.20M (Peak 226.20M) | Time:00:00.38 | Mem:0.00M, Peak:0.00M | Scene, ViewLayer | Synchronizing object | ENV_leaf_290
Fra:36 Mem:226.20M (Peak 226.20M) | Time:00:00.38 | Mem:0.00M, Peak:0.00M | Scene, ViewLayer | Synchronizing object | ENV_leaf_289
Fra:36 Mem:226.20M (Peak 226.20M) | Time:00:00.38 | Mem:0.00M, Peak:0.00M | Scene, ViewLayer | Synchronizing object | ENV_leaf_288
Fra:36 Mem:226.21M (Peak 226.21M) | Time:00:00.38 | Mem:0.00M, Peak:0.00M | Scene, ViewLayer | Synchronizing object | ENV_leaf_287
Fra:36 Mem:226.13M (Peak 226.21M) | Time:00:00.38 | Mem:0.00M, Peak:0.00M | Scene, ViewLayer | Synchronizing object | ENV_fern_36
Fra:36 Mem:226.14M (Peak 226.21M) | Time:00:00.38 | Mem:0.00M, Peak:0.00M | Scene, ViewLayer | Synchronizing object | ENV_leaf_286
Fra:36 Mem:226.19M (Peak 226.21M) | Time:00:00.38 | Mem:0.00M, Peak:0.00M | Scene, ViewLayer | Synchronizing object | ENV_leaf_285
Fra:36 Mem:226.32M (Peak 226.32M) | Time:00:00.38 | Mem:0.00M, Peak:0.00M | Scene, ViewLayer | Synchronizing object | ENV_leaf_284
Fra:36 Mem:226.37M (Peak 226.37M) | Time:00:00.38 | Mem:0.00M, Peak:0.00M | Scene, ViewLayer | Synchronizing object | ENV_leaf_283
Fra:36 Mem:226.38M (Peak 226.38M) | Time:00:00.38 | Mem:0.00M, Peak:0.00M | Scene, ViewLayer | Synchronizing object | ENV_leaf_282
Fra:36 Mem:226.44M (Peak 226.44M) | Time:00:00.38 | Mem:0.00M, Peak:0.00M | Scene, ViewLayer | Synchronizing object | ENV_leaf_281
Fra:36 Mem:226.45M (Peak 226.45M) | Time:00:00.38 | Mem:0.00M, Peak:0.00M | Scene, ViewLayer | Synchronizing object | ENV_leaf_280
Fra:36 Mem:226.45M (Peak 226.45M) | Time:00:00.38 | Mem:0.00M, Peak:0.00M | Scene, ViewLayer | Synchronizing object | ENV_leaf_279
Fra:36 Mem:226.50M (Peak 226.50M) | Time:00:00.38 | Mem:0.00M, Peak:0.00M | Scene, ViewLayer | Synchronizing object | ENV_leaf_278
Fra:36 Mem:226.52M (Peak 226.52M) | Time:00:00.38 | Mem:0.00M, Peak:0.00M | Scene, ViewLayer | Synchronizing object | ENV_leaf_277
Fra:36 Mem:226.52M (Peak 226.52M) | Time:00:00.38 | Mem:0.00M, Peak:0.00M | Scene, ViewLayer | Synchronizing object | ENV_leaf_276
Fra:36 Mem:226.53M (Peak 226.53M) | Time:00:00.38 | Mem:0.00M, Peak:0.00M | Scene, ViewLayer | Synchronizing object | ENV_leaf_275
Fra:36 Mem:226.53M (Peak 226.53M) | Time:00:00.38 | Mem:0.00M, Peak:0.00M | Scene, ViewLayer | Synchronizing object | ENV_leaf_274
Fra:36 Mem:226.54M (Peak 226.54M) | Time:00:00.38 | Mem:0.00M, Peak:0.00M | Scene, ViewLayer | Synchronizing object | ENV_leaf_273
Fra:36 Mem:226.53M (Peak 226.54M) | Time:00:00.38 | Mem:0.00M, Peak:0.00M | Scene, ViewLayer | Synchronizing object | ENV_leaf_272
Fra:36 Mem:226.53M (Peak 226.54M) | Time:00:00.38 | Mem:0.00M, Peak:0.00M | Scene, ViewLayer | Synchronizing object | ENV_leaf_271
Fra:36 Mem:226.54M (Peak 226.54M) | Time:00:00.38 | Mem:0.00M, Peak:0.00M | Scene, ViewLayer | Synchronizing object | ENV_leaf_270
Fra:36 Mem:226.54M (Peak 226.54M) | Time:00:00.38 | Mem:0.00M, Peak:0.00M | Scene, ViewLayer | Synchronizing object | ENV_leaf_269
Fra:36 Mem:226.54M (Peak 226.54M) | Time:00:00.38 | Mem:0.00M, Peak:0.00M | Scene, ViewLayer | Synchronizing object | ENV_leaf_268
Fra:36 Mem:226.55M (Peak 226.55M) | Time:00:00.38 | Mem:0.00M, Peak:0.00M | Scene, ViewLayer | Synchronizing object | ENV_leaf_267
Fra:36 Mem:226.55M (Peak 226.55M) | Time:00:00.38 | Mem:0.00M, Peak:0.00M | Scene, ViewLayer | Synchronizing object | ENV_leaf_266
Fra:36 Mem:226.56M (Peak 226.56M) | Time:00:00.38 | Mem:0.00M, Peak:0.00M | Scene, ViewLayer | Synchronizing object | ENV_leaf_265
Fra:36 Mem:226.56M (Peak 226.56M) | Time:00:00.38 | Mem:0.00M, Peak:0.00M | Scene, ViewLayer | Synchronizing object | ENV_leaf_264
Fra:36 Mem:226.56M (Peak 226.56M) | Time:00:00.38 | Mem:0.00M, Peak:0.00M | Scene, ViewLayer | Synchronizing object | ENV_leaf_263
Fra:36 Mem:226.62M (Peak 226.62M) | Time:00:00.38 | Mem:0.00M, Peak:0.00M | Scene, ViewLayer | Synchronizing object | ENV_leaf_262
Fra:36 Mem:226.62M (Peak 226.62M) | Time:00:00.38 | Mem:0.00M, Peak:0.00M | Scene, ViewLayer | Synchronizing object | ENV_leaf_261
Fra:36 Mem:226.62M (Peak 226.62M) | Time:00:00.38 | Mem:0.00M, Peak:0.00M | Scene, ViewLayer | Synchronizing object | ENV_leaf_260
Fra:36 Mem:226.65M (Peak 226.65M) | Time:00:00.38 | Mem:0.00M, Peak:0.00M | Scene, ViewLayer | Synchronizing object | ENV_leaf_259
Fra:36 Mem:226.70M (Peak 226.70M) | Time:00:00.38 | Mem:0.00M, Peak:0.00M | Scene, ViewLayer | Synchronizing object | ENV_leaf_258
Fra:36 Mem:226.70M (Peak 226.70M) | Time:00:00.38 | Mem:0.00M, Peak:0.00M | Scene, ViewLayer | Synchronizing object | ENV_leaf_257
Fra:36 Mem:226.71M (Peak 226.71M) | Time:00:00.38 | Mem:0.00M, Peak:0.00M | Scene, ViewLayer | Synchronizing object | ENV_leaf_256
Fra:36 Mem:226.66M (Peak 226.71M) | Time:00:00.38 | Mem:0.00M, Peak:0.00M | Scene, ViewLayer | Synchronizing object | ENV_fern_37
Fra:36 Mem:226.73M (Peak 226.73M) | Time:00:00.38 | Mem:0.00M, Peak:0.00M | Scene, ViewLayer | Synchronizing object | ENV_leaf_255
Fra:36 Mem:226.74M (Peak 226.74M) | Time:00:00.38 | Mem:0.00M, Peak:0.00M | Scene, ViewLayer | Synchronizing object | ENV_leaf_254
Fra:36 Mem:226.90M (Peak 226.90M) | Time:00:00.38 | Mem:0.00M, Peak:0.00M | Scene, ViewLayer | Synchronizing object | ENV_leaf_253
Fra:36 Mem:226.90M (Peak 226.90M) | Time:00:00.38 | Mem:0.00M, Peak:0.00M | Scene, ViewLayer | Synchronizing object | ENV_leaf_252
Fra:36 Mem:226.97M (Peak 226.97M) | Time:00:00.38 | Mem:0.00M, Peak:0.00M | Scene, ViewLayer | Synchronizing object | ENV_leaf_251
Fra:36 Mem:226.97M (Peak 226.97M) | Time:00:00.38 | Mem:0.00M, Peak:0.00M | Scene, ViewLayer | Synchronizing object | ENV_leaf_250
Fra:36 Mem:227.06M (Peak 227.06M) | Time:00:00.38 | Mem:0.00M, Peak:0.00M | Scene, ViewLayer | Synchronizing object | ENV_leaf_249
Fra:36 Mem:227.06M (Peak 227.06M) | Time:00:00.38 | Mem:0.00M, Peak:0.00M | Scene, ViewLayer | Synchronizing object | ENV_leaf_248
Fra:36 Mem:227.07M (Peak 227.07M) | Time:00:00.38 | Mem:0.00M, Peak:0.00M | Scene, ViewLayer | Synchronizing object | ENV_leaf_247
Fra:36 Mem:227.13M (Peak 227.13M) | Time:00:00.38 | Mem:0.00M, Peak:0.00M | Scene, ViewLayer | Synchronizing object | ENV_leaf_246
Fra:36 Mem:227.15M (Peak 227.15M) | Time:00:00.38 | Mem:0.00M, Peak:0.00M | Scene, ViewLayer | Synchronizing object | ENV_leaf_245
Fra:36 Mem:227.16M (Peak 227.16M) | Time:00:00.38 | Mem:0.00M, Peak:0.00M | Scene, ViewLayer | Synchronizing object | ENV_leaf_244
Fra:36 Mem:227.16M (Peak 227.16M) | Time:00:00.38 | Mem:0.00M, Peak:0.00M | Scene, ViewLayer | Synchronizing object | ENV_leaf_243
Fra:36 Mem:227.16M (Peak 227.16M) | Time:00:00.38 | Mem:0.00M, Peak:0.00M | Scene, ViewLayer | Synchronizing object | ENV_leaf_242
Fra:36 Mem:227.17M (Peak 227.17M) | Time:00:00.38 | Mem:0.00M, Peak:0.00M | Scene, ViewLayer | Synchronizing object | ENV_leaf_241
Fra:36 Mem:227.16M (Peak 227.17M) | Time:00:00.38 | Mem:0.00M, Peak:0.00M | Scene, ViewLayer | Synchronizing object | ENV_leaf_240
Fra:36 Mem:227.16M (Peak 227.17M) | Time:00:00.38 | Mem:0.00M, Peak:0.00M | Scene, ViewLayer | Synchronizing object | ENV_leaf_239
Fra:36 Mem:227.17M (Peak 227.17M) | Time:00:00.38 | Mem:0.00M, Peak:0.00M | Scene, ViewLayer | Synchronizing object | ENV_leaf_238
Fra:36 Mem:227.17M (Peak 227.17M) | Time:00:00.38 | Mem:0.00M, Peak:0.00M | Scene, ViewLayer | Synchronizing object | ENV_leaf_237
Fra:36 Mem:227.17M (Peak 227.17M) | Time:00:00.38 | Mem:0.00M, Peak:0.00M | Scene, ViewLayer | Synchronizing object | ENV_leaf_236
Fra:36 Mem:227.18M (Peak 227.18M) | Time:00:00.38 | Mem:0.00M, Peak:0.00M | Scene, ViewLayer | Synchronizing object | ENV_leaf_235
Fra:36 Mem:227.18M (Peak 227.18M) | Time:00:00.38 | Mem:0.00M, Peak:0.00M | Scene, ViewLayer | Synchronizing object | ENV_leaf_234
Fra:36 Mem:227.19M (Peak 227.19M) | Time:00:00.38 | Mem:0.00M, Peak:0.00M | Scene, ViewLayer | Synchronizing object | ENV_leaf_233
Fra:36 Mem:227.19M (Peak 227.19M) | Time:00:00.38 | Mem:0.00M, Peak:0.00M | Scene, ViewLayer | Synchronizing object | ENV_leaf_232
Fra:36 Mem:227.19M (Peak 227.19M) | Time:00:00.38 | Mem:0.00M, Peak:0.00M | Scene, ViewLayer | Synchronizing object | ENV_leaf_231
Fra:36 Mem:227.20M (Peak 227.20M) | Time:00:00.38 | Mem:0.00M, Peak:0.00M | Scene, ViewLayer | Synchronizing object | ENV_leaf_230
Fra:36 Mem:227.20M (Peak 227.20M) | Time:00:00.38 | Mem:0.00M, Peak:0.00M | Scene, ViewLayer | Synchronizing object | ENV_leaf_229
Fra:36 Mem:227.21M (Peak 227.21M) | Time:00:00.38 | Mem:0.00M, Peak:0.00M | Scene, ViewLayer | Synchronizing object | ENV_leaf_228
Fra:36 Mem:227.21M (Peak 227.21M) | Time:00:00.38 | Mem:0.00M, Peak:0.00M | Scene, ViewLayer | Synchronizing object | ENV_leaf_227
Fra:36 Mem:227.28M (Peak 227.28M) | Time:00:00.38 | Mem:0.00M, Peak:0.00M | Scene, ViewLayer | Synchronizing object | ENV_leaf_226
Fra:36 Mem:227.28M (Peak 227.28M) | Time:00:00.38 | Mem:0.00M, Peak:0.00M | Scene, ViewLayer | Synchronizing object | ENV_leaf_225
Fra:36 Mem:227.28M (Peak 227.28M) | Time:00:00.38 | Mem:0.00M, Peak:0.00M | Scene, ViewLayer | Synchronizing object | ENV_leaf_224
Fra:36 Mem:227.31M (Peak 227.31M) | Time:00:00.38 | Mem:0.00M, Peak:0.00M | Scene, ViewLayer | Synchronizing object | ENV_leaf_223
Fra:36 Mem:227.38M (Peak 227.38M) | Time:00:00.38 | Mem:0.00M, Peak:0.00M | Scene, ViewLayer | Synchronizing object | ENV_leaf_222
Fra:36 Mem:227.38M (Peak 227.38M) | Time:00:00.38 | Mem:0.00M, Peak:0.00M | Scene, ViewLayer | Synchronizing object | ENV_leaf_221
Fra:36 Mem:227.39M (Peak 227.39M) | Time:00:00.38 | Mem:0.00M, Peak:0.00M | Scene, ViewLayer | Synchronizing object | ENV_leaf_220
Fra:36 Mem:227.33M (Peak 227.39M) | Time:00:00.38 | Mem:0.00M, Peak:0.00M | Scene, ViewLayer | Synchronizing object | ENV_fern_38
Fra:36 Mem:227.41M (Peak 227.41M) | Time:00:00.38 | Mem:0.00M, Peak:0.00M | Scene, ViewLayer | Synchronizing object | ENV_leaf_219
Fra:36 Mem:227.42M (Peak 227.42M) | Time:00:00.38 | Mem:0.00M, Peak:0.00M | Scene, ViewLayer | Synchronizing object | ENV_leaf_218
Fra:36 Mem:227.58M (Peak 227.58M) | Time:00:00.38 | Mem:0.00M, Peak:0.00M | Scene, ViewLayer | Synchronizing object | ENV_leaf_217
Fra:36 Mem:227.62M (Peak 227.62M) | Time:00:00.38 | Mem:0.00M, Peak:0.00M | Scene, ViewLayer | Synchronizing object | ENV_leaf_216
Fra:36 Mem:227.70M (Peak 227.70M) | Time:00:00.38 | Mem:0.00M, Peak:0.00M | Scene, ViewLayer | Synchronizing object | ENV_leaf_215
Fra:36 Mem:227.71M (Peak 227.71M) | Time:00:00.38 | Mem:0.00M, Peak:0.00M | Scene, ViewLayer | Synchronizing object | ENV_leaf_214
Fra:36 Mem:227.71M (Peak 227.71M) | Time:00:00.38 | Mem:0.00M, Peak:0.00M | Scene, ViewLayer | Synchronizing object | ENV_leaf_213
Fra:36 Mem:227.82M (Peak 227.82M) | Time:00:00.38 | Mem:0.00M, Peak:0.00M | Scene, ViewLayer | Synchronizing object | ENV_leaf_212
Fra:36 Mem:227.82M (Peak 227.82M) | Time:00:00.38 | Mem:0.00M, Peak:0.00M | Scene, ViewLayer | Synchronizing object | ENV_leaf_211
Fra:36 Mem:227.82M (Peak 227.82M) | Time:00:00.38 | Mem:0.00M, Peak:0.00M | Scene, ViewLayer | Synchronizing object | ENV_leaf_210
Fra:36 Mem:227.85M (Peak 227.85M) | Time:00:00.38 | Mem:0.00M, Peak:0.00M | Scene, ViewLayer | Synchronizing object | ENV_leaf_209
Fra:36 Mem:227.91M (Peak 227.91M) | Time:00:00.38 | Mem:0.00M, Peak:0.00M | Scene, ViewLayer | Synchronizing object | ENV_leaf_208
Fra:36 Mem:227.93M (Peak 227.93M) | Time:00:00.38 | Mem:0.00M, Peak:0.00M | Scene, ViewLayer | Synchronizing object | ENV_leaf_207
Fra:36 Mem:227.93M (Peak 227.93M) | Time:00:00.38 | Mem:0.00M, Peak:0.00M | Scene, ViewLayer | Synchronizing object | ENV_leaf_206
Fra:36 Mem:227.94M (Peak 227.94M) | Time:00:00.38 | Mem:0.00M, Peak:0.00M | Scene, ViewLayer | Synchronizing object | ENV_leaf_205
Fra:36 Mem:227.94M (Peak 227.94M) | Time:00:00.38 | Mem:0.00M, Peak:0.00M | Scene, ViewLayer | Synchronizing object | ENV_leaf_204
Fra:36 Mem:227.95M (Peak 227.95M) | Time:00:00.38 | Mem:0.00M, Peak:0.00M | Scene, ViewLayer | Synchronizing object | ENV_leaf_203
Fra:36 Mem:227.95M (Peak 227.95M) | Time:00:00.38 | Mem:0.00M, Peak:0.00M | Scene, ViewLayer | Synchronizing object | ENV_leaf_202
Fra:36 Mem:227.95M (Peak 227.95M) | Time:00:00.38 | Mem:0.00M, Peak:0.00M | Scene, ViewLayer | Synchronizing object | ENV_leaf_201
Fra:36 Mem:227.94M (Peak 227.95M) | Time:00:00.38 | Mem:0.00M, Peak:0.00M | Scene, ViewLayer | Synchronizing object | ENV_leaf_200
Fra:36 Mem:227.94M (Peak 227.95M) | Time:00:00.38 | Mem:0.00M, Peak:0.00M | Scene, ViewLayer | Synchronizing object | ENV_leaf_199
Fra:36 Mem:227.95M (Peak 227.95M) | Time:00:00.38 | Mem:0.00M, Peak:0.00M | Scene, ViewLayer | Synchronizing object | ENV_leaf_198
Fra:36 Mem:227.95M (Peak 227.95M) | Time:00:00.38 | Mem:0.00M, Peak:0.00M | Scene, ViewLayer | Synchronizing object | ENV_leaf_197
Fra:36 Mem:227.96M (Peak 227.96M) | Time:00:00.38 | Mem:0.00M, Peak:0.00M | Scene, ViewLayer | Synchronizing object | ENV_leaf_196
Fra:36 Mem:227.96M (Peak 227.96M) | Time:00:00.38 | Mem:0.00M, Peak:0.00M | Scene, ViewLayer | Synchronizing object | ENV_leaf_195
Fra:36 Mem:227.96M (Peak 227.96M) | Time:00:00.38 | Mem:0.00M, Peak:0.00M | Scene, ViewLayer | Synchronizing object | ENV_leaf_194
Fra:36 Mem:227.97M (Peak 227.97M) | Time:00:00.38 | Mem:0.00M, Peak:0.00M | Scene, ViewLayer | Synchronizing object | ENV_leaf_193
Fra:36 Mem:227.97M (Peak 227.97M) | Time:00:00.38 | Mem:0.00M, Peak:0.00M | Scene, ViewLayer | Synchronizing object | ENV_leaf_192
Fra:36 Mem:227.98M (Peak 227.98M) | Time:00:00.38 | Mem:0.00M, Peak:0.00M | Scene, ViewLayer | Synchronizing object | ENV_leaf_191
Fra:36 Mem:227.98M (Peak 227.98M) | Time:00:00.38 | Mem:0.00M, Peak:0.00M | Scene, ViewLayer | Synchronizing object | ENV_leaf_190
Fra:36 Mem:227.98M (Peak 227.98M) | Time:00:00.38 | Mem:0.00M, Peak:0.00M | Scene, ViewLayer | Synchronizing object | ENV_leaf_189
Fra:36 Mem:227.99M (Peak 227.99M) | Time:00:00.38 | Mem:0.00M, Peak:0.00M | Scene, ViewLayer | Synchronizing object | ENV_leaf_188
Fra:36 Mem:227.99M (Peak 227.99M) | Time:00:00.38 | Mem:0.00M, Peak:0.00M | Scene, ViewLayer | Synchronizing object | ENV_leaf_187
Fra:36 Mem:228.00M (Peak 228.00M) | Time:00:00.38 | Mem:0.00M, Peak:0.00M | Scene, ViewLayer | Synchronizing object | ENV_leaf_186
Fra:36 Mem:228.00M (Peak 228.00M) | Time:00:00.38 | Mem:0.00M, Peak:0.00M | Scene, ViewLayer | Synchronizing object | ENV_leaf_185
Fra:36 Mem:228.00M (Peak 228.00M) | Time:00:00.38 | Mem:0.00M, Peak:0.00M | Scene, ViewLayer | Synchronizing object | ENV_leaf_184
Fra:36 Mem:228.01M (Peak 228.01M) | Time:00:00.38 | Mem:0.00M, Peak:0.00M | Scene, ViewLayer | Synchronizing object | ENV_leaf_183
Fra:36 Mem:228.09M (Peak 228.09M) | Time:00:00.38 | Mem:0.00M, Peak:0.00M | Scene, ViewLayer | Synchronizing object | ENV_leaf_182
Fra:36 Mem:228.09M (Peak 228.09M) | Time:00:00.38 | Mem:0.00M, Peak:0.00M | Scene, ViewLayer | Synchronizing object | ENV_leaf_181
Fra:36 Mem:228.10M (Peak 228.10M) | Time:00:00.38 | Mem:0.00M, Peak:0.00M | Scene, ViewLayer | Synchronizing object | ENV_leaf_180
Fra:36 Mem:228.10M (Peak 228.10M) | Time:00:00.38 | Mem:0.00M, Peak:0.00M | Scene, ViewLayer | Synchronizing object | ENV_leaf_179
Fra:36 Mem:228.13M (Peak 228.13M) | Time:00:00.38 | Mem:0.00M, Peak:0.00M | Scene, ViewLayer | Synchronizing object | ENV_leaf_178
Fra:36 Mem:228.14M (Peak 228.14M) | Time:00:00.38 | Mem:0.00M, Peak:0.00M | Scene, ViewLayer | Synchronizing object | ENV_leaf_177
Fra:36 Mem:228.22M (Peak 228.22M) | Time:00:00.38 | Mem:0.00M, Peak:0.00M | Scene, ViewLayer | Synchronizing object | ENV_leaf_176
Fra:36 Mem:228.22M (Peak 228.22M) | Time:00:00.38 | Mem:0.00M, Peak:0.00M | Scene, ViewLayer | Synchronizing object | ENV_leaf_175
Fra:36 Mem:228.23M (Peak 228.23M) | Time:00:00.38 | Mem:0.00M, Peak:0.00M | Scene, ViewLayer | Synchronizing object | ENV_leaf_174
Fra:36 Mem:228.15M (Peak 228.23M) | Time:00:00.38 | Mem:0.00M, Peak:0.00M | Scene, ViewLayer | Synchronizing object | ENV_fern_39
Fra:36 Mem:228.21M (Peak 228.23M) | Time:00:00.38 | Mem:0.00M, Peak:0.00M | Scene, ViewLayer | Synchronizing object | ENV_leaf_173
Fra:36 Mem:228.33M (Peak 228.33M) | Time:00:00.38 | Mem:0.00M, Peak:0.00M | Scene, ViewLayer | Synchronizing object | ENV_leaf_172
Fra:36 Mem:228.39M (Peak 228.39M) | Time:00:00.38 | Mem:0.00M, Peak:0.00M | Scene, ViewLayer | Synchronizing object | ENV_leaf_171
Fra:36 Mem:228.45M (Peak 228.45M) | Time:00:00.38 | Mem:0.00M, Peak:0.00M | Scene, ViewLayer | Synchronizing object | ENV_leaf_170
Fra:36 Mem:228.46M (Peak 228.46M) | Time:00:00.38 | Mem:0.00M, Peak:0.00M | Scene, ViewLayer | Synchronizing object | ENV_leaf_169
Fra:36 Mem:228.46M (Peak 228.46M) | Time:00:00.38 | Mem:0.00M, Peak:0.00M | Scene, ViewLayer | Synchronizing object | ENV_leaf_168
Fra:36 Mem:228.48M (Peak 228.48M) | Time:00:00.38 | Mem:0.00M, Peak:0.00M | Scene, ViewLayer | Synchronizing object | ENV_leaf_167
Fra:36 Mem:228.53M (Peak 228.53M) | Time:00:00.38 | Mem:0.00M, Peak:0.00M | Scene, ViewLayer | Synchronizing object | ENV_leaf_166
Fra:36 Mem:228.53M (Peak 228.53M) | Time:00:00.38 | Mem:0.00M, Peak:0.00M | Scene, ViewLayer | Synchronizing object | ENV_leaf_165
Fra:36 Mem:228.54M (Peak 228.54M) | Time:00:00.38 | Mem:0.00M, Peak:0.00M | Scene, ViewLayer | Synchronizing object | ENV_leaf_164
Fra:36 Mem:228.54M (Peak 228.54M) | Time:00:00.38 | Mem:0.00M, Peak:0.00M | Scene, ViewLayer | Synchronizing object | ENV_leaf_163
Fra:36 Mem:228.53M (Peak 228.54M) | Time:00:00.38 | Mem:0.00M, Peak:0.00M | Scene, ViewLayer | Synchronizing object | ENV_leaf_162
Fra:36 Mem:228.54M (Peak 228.54M) | Time:00:00.38 | Mem:0.00M, Peak:0.00M | Scene, ViewLayer | Synchronizing object | ENV_leaf_161
Fra:36 Mem:228.54M (Peak 228.54M) | Time:00:00.38 | Mem:0.00M, Peak:0.00M | Scene, ViewLayer | Synchronizing object | ENV_leaf_160
Fra:36 Mem:228.55M (Peak 228.55M) | Time:00:00.38 | Mem:0.00M, Peak:0.00M | Scene, ViewLayer | Synchronizing object | ENV_leaf_159
Fra:36 Mem:228.55M (Peak 228.55M) | Time:00:00.38 | Mem:0.00M, Peak:0.00M | Scene, ViewLayer | Synchronizing object | ENV_leaf_158
Fra:36 Mem:228.55M (Peak 228.55M) | Time:00:00.38 | Mem:0.00M, Peak:0.00M | Scene, ViewLayer | Synchronizing object | ENV_leaf_157
Fra:36 Mem:228.56M (Peak 228.56M) | Time:00:00.38 | Mem:0.00M, Peak:0.00M | Scene, ViewLayer | Synchronizing object | ENV_leaf_156
Fra:36 Mem:228.56M (Peak 228.56M) | Time:00:00.38 | Mem:0.00M, Peak:0.00M | Scene, ViewLayer | Synchronizing object | ENV_leaf_155
Fra:36 Mem:228.57M (Peak 228.57M) | Time:00:00.38 | Mem:0.00M, Peak:0.00M | Scene, ViewLayer | Synchronizing object | ENV_leaf_154
Fra:36 Mem:228.57M (Peak 228.57M) | Time:00:00.38 | Mem:0.00M, Peak:0.00M | Scene, ViewLayer | Synchronizing object | ENV_leaf_153
Fra:36 Mem:228.57M (Peak 228.57M) | Time:00:00.38 | Mem:0.00M, Peak:0.00M | Scene, ViewLayer | Synchronizing object | ENV_leaf_152
Fra:36 Mem:228.63M (Peak 228.63M) | Time:00:00.38 | Mem:0.00M, Peak:0.00M | Scene, ViewLayer | Synchronizing object | ENV_leaf_151
Fra:36 Mem:228.63M (Peak 228.63M) | Time:00:00.38 | Mem:0.00M, Peak:0.00M | Scene, ViewLayer | Synchronizing object | ENV_leaf_150
Fra:36 Mem:228.65M (Peak 228.65M) | Time:00:00.38 | Mem:0.00M, Peak:0.00M | Scene, ViewLayer | Synchronizing object | ENV_leaf_149
Fra:36 Mem:228.70M (Peak 228.70M) | Time:00:00.38 | Mem:0.00M, Peak:0.00M | Scene, ViewLayer | Synchronizing object | ENV_leaf_148
Fra:36 Mem:228.71M (Peak 228.71M) | Time:00:00.38 | Mem:0.00M, Peak:0.00M | Scene, ViewLayer | Synchronizing object | ENV_leaf_147
Fra:36 Mem:228.66M (Peak 228.71M) | Time:00:00.38 | Mem:0.00M, Peak:0.00M | Scene, ViewLayer | Synchronizing object | ENV_fern_40
Fra:36 Mem:228.73M (Peak 228.73M) | Time:00:00.38 | Mem:0.00M, Peak:0.00M | Scene, ViewLayer | Synchronizing object | ENV_leaf_146
Fra:36 Mem:228.74M (Peak 228.74M) | Time:00:00.38 | Mem:0.00M, Peak:0.00M | Scene, ViewLayer | Synchronizing object | ENV_leaf_145
Fra:36 Mem:228.90M (Peak 228.90M) | Time:00:00.38 | Mem:0.00M, Peak:0.00M | Scene, ViewLayer | Synchronizing object | ENV_leaf_144
Fra:36 Mem:228.97M (Peak 228.97M) | Time:00:00.38 | Mem:0.00M, Peak:0.00M | Scene, ViewLayer | Synchronizing object | ENV_leaf_143
Fra:36 Mem:228.97M (Peak 228.97M) | Time:00:00.38 | Mem:0.00M, Peak:0.00M | Scene, ViewLayer | Synchronizing object | ENV_leaf_142
Fra:36 Mem:229.06M (Peak 229.06M) | Time:00:00.38 | Mem:0.00M, Peak:0.00M | Scene, ViewLayer | Synchronizing object | ENV_leaf_141
Fra:36 Mem:229.06M (Peak 229.06M) | Time:00:00.38 | Mem:0.00M, Peak:0.00M | Scene, ViewLayer | Synchronizing object | ENV_leaf_140
Fra:36 Mem:229.06M (Peak 229.06M) | Time:00:00.38 | Mem:0.00M, Peak:0.00M | Scene, ViewLayer | Synchronizing object | ENV_leaf_139
Fra:36 Mem:229.08M (Peak 229.08M) | Time:00:00.38 | Mem:0.00M, Peak:0.00M | Scene, ViewLayer | Synchronizing object | ENV_leaf_138
Fra:36 Mem:229.15M (Peak 229.15M) | Time:00:00.38 | Mem:0.00M, Peak:0.00M | Scene, ViewLayer | Synchronizing object | ENV_leaf_137
Fra:36 Mem:229.15M (Peak 229.15M) | Time:00:00.38 | Mem:0.00M, Peak:0.00M | Scene, ViewLayer | Synchronizing object | ENV_leaf_136
Fra:36 Mem:229.16M (Peak 229.16M) | Time:00:00.38 | Mem:0.00M, Peak:0.00M | Scene, ViewLayer | Synchronizing object | ENV_leaf_135
Fra:36 Mem:229.16M (Peak 229.16M) | Time:00:00.38 | Mem:0.00M, Peak:0.00M | Scene, ViewLayer | Synchronizing object | ENV_leaf_134
Fra:36 Mem:229.17M (Peak 229.17M) | Time:00:00.38 | Mem:0.00M, Peak:0.00M | Scene, ViewLayer | Synchronizing object | ENV_leaf_133
Fra:36 Mem:229.17M (Peak 229.17M) | Time:00:00.38 | Mem:0.00M, Peak:0.00M | Scene, ViewLayer | Synchronizing object | ENV_leaf_132
Fra:36 Mem:229.16M (Peak 229.17M) | Time:00:00.38 | Mem:0.00M, Peak:0.00M | Scene, ViewLayer | Synchronizing object | ENV_leaf_131
Fra:36 Mem:229.16M (Peak 229.17M) | Time:00:00.38 | Mem:0.00M, Peak:0.00M | Scene, ViewLayer | Synchronizing object | ENV_leaf_130
Fra:36 Mem:229.17M (Peak 229.17M) | Time:00:00.38 | Mem:0.00M, Peak:0.00M | Scene, ViewLayer | Synchronizing object | ENV_leaf_129
Fra:36 Mem:229.17M (Peak 229.17M) | Time:00:00.38 | Mem:0.00M, Peak:0.00M | Scene, ViewLayer | Synchronizing object | ENV_leaf_128
Fra:36 Mem:229.18M (Peak 229.18M) | Time:00:00.38 | Mem:0.00M, Peak:0.00M | Scene, ViewLayer | Synchronizing object | ENV_leaf_127
Fra:36 Mem:229.18M (Peak 229.18M) | Time:00:00.38 | Mem:0.00M, Peak:0.00M | Scene, ViewLayer | Synchronizing object | ENV_leaf_126
Fra:36 Mem:229.18M (Peak 229.18M) | Time:00:00.38 | Mem:0.00M, Peak:0.00M | Scene, ViewLayer | Synchronizing object | ENV_leaf_125
Fra:36 Mem:229.19M (Peak 229.19M) | Time:00:00.38 | Mem:0.00M, Peak:0.00M | Scene, ViewLayer | Synchronizing object | ENV_leaf_124
Fra:36 Mem:229.19M (Peak 229.19M) | Time:00:00.38 | Mem:0.00M, Peak:0.00M | Scene, ViewLayer | Synchronizing object | ENV_leaf_123
Fra:36 Mem:229.20M (Peak 229.20M) | Time:00:00.38 | Mem:0.00M, Peak:0.00M | Scene, ViewLayer | Synchronizing object | ENV_leaf_122
Fra:36 Mem:229.20M (Peak 229.20M) | Time:00:00.38 | Mem:0.00M, Peak:0.00M | Scene, ViewLayer | Synchronizing object | ENV_leaf_121
Fra:36 Mem:229.20M (Peak 229.20M) | Time:00:00.38 | Mem:0.00M, Peak:0.00M | Scene, ViewLayer | Synchronizing object | ENV_leaf_120
Fra:36 Mem:229.21M (Peak 229.21M) | Time:00:00.38 | Mem:0.00M, Peak:0.00M | Scene, ViewLayer | Synchronizing object | ENV_leaf_119
Fra:36 Mem:229.21M (Peak 229.21M) | Time:00:00.38 | Mem:0.00M, Peak:0.00M | Scene, ViewLayer | Synchronizing object | ENV_leaf_118
Fra:36 Mem:229.28M (Peak 229.28M) | Time:00:00.38 | Mem:0.00M, Peak:0.00M | Scene, ViewLayer | Synchronizing object | ENV_leaf_117
Fra:36 Mem:229.28M (Peak 229.28M) | Time:00:00.38 | Mem:0.00M, Peak:0.00M | Scene, ViewLayer | Synchronizing object | ENV_leaf_116
Fra:36 Mem:229.29M (Peak 229.29M) | Time:00:00.38 | Mem:0.00M, Peak:0.00M | Scene, ViewLayer | Synchronizing object | ENV_leaf_115
Fra:36 Mem:229.29M (Peak 229.29M) | Time:00:00.38 | Mem:0.00M, Peak:0.00M | Scene, ViewLayer | Synchronizing object | ENV_leaf_114
Fra:36 Mem:229.32M (Peak 229.32M) | Time:00:00.38 | Mem:0.00M, Peak:0.00M | Scene, ViewLayer | Synchronizing object | ENV_leaf_113
Fra:36 Mem:229.38M (Peak 229.38M) | Time:00:00.38 | Mem:0.00M, Peak:0.00M | Scene, ViewLayer | Synchronizing object | ENV_leaf_112
Fra:36 Mem:229.39M (Peak 229.39M) | Time:00:00.38 | Mem:0.00M, Peak:0.00M | Scene, ViewLayer | Synchronizing object | ENV_leaf_111
Fra:36 Mem:229.39M (Peak 229.39M) | Time:00:00.38 | Mem:0.00M, Peak:0.00M | Scene, ViewLayer | Synchronizing object | ENV_leaf_110
Fra:36 Mem:229.33M (Peak 229.39M) | Time:00:00.38 | Mem:0.00M, Peak:0.00M | Scene, ViewLayer | Synchronizing object | ENV_fern_41
Fra:36 Mem:229.42M (Peak 229.42M) | Time:00:00.38 | Mem:0.00M, Peak:0.00M | Scene, ViewLayer | Synchronizing object | ENV_leaf_109
Fra:36 Mem:229.42M (Peak 229.42M) | Time:00:00.38 | Mem:0.00M, Peak:0.00M | Scene, ViewLayer | Synchronizing object | ENV_leaf_108
Fra:36 Mem:229.43M (Peak 229.43M) | Time:00:00.38 | Mem:0.00M, Peak:0.00M | Scene, ViewLayer | Synchronizing object | ENV_leaf_107
Fra:36 Mem:229.63M (Peak 229.63M) | Time:00:00.38 | Mem:0.00M, Peak:0.00M | Scene, ViewLayer | Synchronizing object | ENV_leaf_106
Fra:36 Mem:229.63M (Peak 229.63M) | Time:00:00.38 | Mem:0.00M, Peak:0.00M | Scene, ViewLayer | Synchronizing object | ENV_leaf_105
Fra:36 Mem:229.71M (Peak 229.71M) | Time:00:00.38 | Mem:0.00M, Peak:0.00M | Scene, ViewLayer | Synchronizing object | ENV_leaf_104
Fra:36 Mem:229.72M (Peak 229.72M) | Time:00:00.38 | Mem:0.00M, Peak:0.00M | Scene, ViewLayer | Synchronizing object | ENV_leaf_103
Fra:36 Mem:229.82M (Peak 229.82M) | Time:00:00.38 | Mem:0.00M, Peak:0.00M | Scene, ViewLayer | Synchronizing object | ENV_leaf_102
Fra:36 Mem:229.82M (Peak 229.82M) | Time:00:00.38 | Mem:0.00M, Peak:0.00M | Scene, ViewLayer | Synchronizing object | ENV_leaf_101
Fra:36 Mem:229.83M (Peak 229.83M) | Time:00:00.38 | Mem:0.00M, Peak:0.00M | Scene, ViewLayer | Synchronizing object | ENV_leaf_100
Fra:36 Mem:229.83M (Peak 229.83M) | Time:00:00.38 | Mem:0.00M, Peak:0.00M | Scene, ViewLayer | Synchronizing object | ENV_leaf_99
Fra:36 Mem:229.86M (Peak 229.86M) | Time:00:00.38 | Mem:0.00M, Peak:0.00M | Scene, ViewLayer | Synchronizing object | ENV_leaf_98
Fra:36 Mem:229.94M (Peak 229.94M) | Time:00:00.38 | Mem:0.00M, Peak:0.00M | Scene, ViewLayer | Synchronizing object | ENV_leaf_97
Fra:36 Mem:229.94M (Peak 229.94M) | Time:00:00.38 | Mem:0.00M, Peak:0.00M | Scene, ViewLayer | Synchronizing object | ENV_leaf_96
Fra:36 Mem:229.94M (Peak 229.94M) | Time:00:00.38 | Mem:0.00M, Peak:0.00M | Scene, ViewLayer | Synchronizing object | ENV_leaf_95
Fra:36 Mem:229.95M (Peak 229.95M) | Time:00:00.38 | Mem:0.00M, Peak:0.00M | Scene, ViewLayer | Synchronizing object | ENV_leaf_94
Fra:36 Mem:229.95M (Peak 229.95M) | Time:00:00.38 | Mem:0.00M, Peak:0.00M | Scene, ViewLayer | Synchronizing object | ENV_leaf_93
Fra:36 Mem:229.96M (Peak 229.96M) | Time:00:00.38 | Mem:0.00M, Peak:0.00M | Scene, ViewLayer | Synchronizing object | ENV_leaf_92
Fra:36 Mem:229.96M (Peak 229.96M) | Time:00:00.38 | Mem:0.00M, Peak:0.00M | Scene, ViewLayer | Synchronizing object | ENV_leaf_91
Fra:36 Mem:229.95M (Peak 229.96M) | Time:00:00.38 | Mem:0.00M, Peak:0.00M | Scene, ViewLayer | Synchronizing object | ENV_leaf_90
Fra:36 Mem:229.95M (Peak 229.96M) | Time:00:00.38 | Mem:0.00M, Peak:0.00M | Scene, ViewLayer | Synchronizing object | ENV_leaf_89
Fra:36 Mem:229.95M (Peak 229.96M) | Time:00:00.38 | Mem:0.00M, Peak:0.00M | Scene, ViewLayer | Synchronizing object | ENV_leaf_88
Fra:36 Mem:229.96M (Peak 229.96M) | Time:00:00.38 | Mem:0.00M, Peak:0.00M | Scene, ViewLayer | Synchronizing object | ENV_leaf_87
Fra:36 Mem:229.96M (Peak 229.96M) | Time:00:00.39 | Mem:0.00M, Peak:0.00M | Scene, ViewLayer | Synchronizing object | ENV_leaf_86
Fra:36 Mem:229.97M (Peak 229.97M) | Time:00:00.39 | Mem:0.00M, Peak:0.00M | Scene, ViewLayer | Synchronizing object | ENV_leaf_85
Fra:36 Mem:229.97M (Peak 229.97M) | Time:00:00.39 | Mem:0.00M, Peak:0.00M | Scene, ViewLayer | Synchronizing object | ENV_leaf_84
Fra:36 Mem:229.97M (Peak 229.97M) | Time:00:00.39 | Mem:0.00M, Peak:0.00M | Scene, ViewLayer | Synchronizing object | ENV_leaf_83
Fra:36 Mem:229.98M (Peak 229.98M) | Time:00:00.39 | Mem:0.00M, Peak:0.00M | Scene, ViewLayer | Synchronizing object | ENV_leaf_82
Fra:36 Mem:229.98M (Peak 229.98M) | Time:00:00.39 | Mem:0.00M, Peak:0.00M | Scene, ViewLayer | Synchronizing object | ENV_leaf_81
Fra:36 Mem:229.99M (Peak 229.99M) | Time:00:00.39 | Mem:0.00M, Peak:0.00M | Scene, ViewLayer | Synchronizing object | ENV_leaf_80
Fra:36 Mem:229.99M (Peak 229.99M) | Time:00:00.39 | Mem:0.00M, Peak:0.00M | Scene, ViewLayer | Synchronizing object | ENV_leaf_79
Fra:36 Mem:229.99M (Peak 229.99M) | Time:00:00.39 | Mem:0.00M, Peak:0.00M | Scene, ViewLayer | Synchronizing object | ENV_leaf_78
Fra:36 Mem:230.00M (Peak 230.00M) | Time:00:00.39 | Mem:0.00M, Peak:0.00M | Scene, ViewLayer | Synchronizing object | ENV_leaf_77
Fra:36 Mem:230.00M (Peak 230.00M) | Time:00:00.39 | Mem:0.00M, Peak:0.00M | Scene, ViewLayer | Synchronizing object | ENV_leaf_76
Fra:36 Mem:230.01M (Peak 230.01M) | Time:00:00.39 | Mem:0.00M, Peak:0.00M | Scene, ViewLayer | Synchronizing object | ENV_leaf_75
Fra:36 Mem:230.01M (Peak 230.01M) | Time:00:00.39 | Mem:0.00M, Peak:0.00M | Scene, ViewLayer | Synchronizing object | ENV_leaf_74
Fra:36 Mem:230.01M (Peak 230.01M) | Time:00:00.39 | Mem:0.00M, Peak:0.00M | Scene, ViewLayer | Synchronizing object | ENV_leaf_73
Fra:36 Mem:230.02M (Peak 230.02M) | Time:00:00.39 | Mem:0.00M, Peak:0.00M | Scene, ViewLayer | Synchronizing object | ENV_leaf_72
Fra:36 Mem:230.10M (Peak 230.10M) | Time:00:00.39 | Mem:0.00M, Peak:0.00M | Scene, ViewLayer | Synchronizing object | ENV_leaf_71
Fra:36 Mem:230.10M (Peak 230.10M) | Time:00:00.39 | Mem:0.00M, Peak:0.00M | Scene, ViewLayer | Synchronizing object | ENV_leaf_70
Fra:36 Mem:230.11M (Peak 230.11M) | Time:00:00.39 | Mem:0.00M, Peak:0.00M | Scene, ViewLayer | Synchronizing object | ENV_leaf_69
Fra:36 Mem:230.11M (Peak 230.11M) | Time:00:00.39 | Mem:0.00M, Peak:0.00M | Scene, ViewLayer | Synchronizing object | ENV_leaf_68
Fra:36 Mem:230.11M (Peak 230.11M) | Time:00:00.39 | Mem:0.00M, Peak:0.00M | Scene, ViewLayer | Synchronizing object | ENV_leaf_67
Fra:36 Mem:230.15M (Peak 230.15M) | Time:00:00.39 | Mem:0.00M, Peak:0.00M | Scene, ViewLayer | Synchronizing object | ENV_leaf_66
Fra:36 Mem:230.15M (Peak 230.15M) | Time:00:00.39 | Mem:0.00M, Peak:0.00M | Scene, ViewLayer | Synchronizing object | ENV_leaf_65
Fra:36 Mem:230.23M (Peak 230.23M) | Time:00:00.39 | Mem:0.00M, Peak:0.00M | Scene, ViewLayer | Synchronizing object | ENV_leaf_64
Fra:36 Mem:230.24M (Peak 230.24M) | Time:00:00.39 | Mem:0.00M, Peak:0.00M | Scene, ViewLayer | Synchronizing object | ENV_leaf_63
Fra:36 Mem:230.24M (Peak 230.24M) | Time:00:00.39 | Mem:0.00M, Peak:0.00M | Scene, ViewLayer | Synchronizing object | ENV_leaf_62
Fra:36 Mem:230.24M (Peak 230.24M) | Time:00:00.39 | Mem:0.00M, Peak:0.00M | Scene, ViewLayer | Synchronizing object | ENV_leaf_61
Fra:36 Mem:230.17M (Peak 230.24M) | Time:00:00.39 | Mem:0.00M, Peak:0.00M | Scene, ViewLayer | Synchronizing object | ENV_fern_42
Fra:36 Mem:230.23M (Peak 230.24M) | Time:00:00.39 | Mem:0.00M, Peak:0.00M | Scene, ViewLayer | Synchronizing object | ENV_leaf_60
Fra:36 Mem:230.33M (Peak 230.33M) | Time:00:00.39 | Mem:0.00M, Peak:0.00M | Scene, ViewLayer | Synchronizing object | ENV_leaf_59
Fra:36 Mem:230.40M (Peak 230.40M) | Time:00:00.39 | Mem:0.00M, Peak:0.00M | Scene, ViewLayer | Synchronizing object | ENV_leaf_58
Fra:36 Mem:230.47M (Peak 230.47M) | Time:00:00.39 | Mem:0.00M, Peak:0.00M | Scene, ViewLayer | Synchronizing object | ENV_leaf_57
Fra:36 Mem:230.47M (Peak 230.47M) | Time:00:00.39 | Mem:0.00M, Peak:0.00M | Scene, ViewLayer | Synchronizing object | ENV_leaf_56
Fra:36 Mem:230.49M (Peak 230.49M) | Time:00:00.39 | Mem:0.00M, Peak:0.00M | Scene, ViewLayer | Synchronizing object | ENV_leaf_55
Fra:36 Mem:230.54M (Peak 230.54M) | Time:00:00.39 | Mem:0.00M, Peak:0.00M | Scene, ViewLayer | Synchronizing object | ENV_leaf_54
Fra:36 Mem:230.55M (Peak 230.55M) | Time:00:00.39 | Mem:0.00M, Peak:0.00M | Scene, ViewLayer | Synchronizing object | ENV_leaf_53
Fra:36 Mem:230.55M (Peak 230.55M) | Time:00:00.39 | Mem:0.00M, Peak:0.00M | Scene, ViewLayer | Synchronizing object | ENV_leaf_52
Fra:36 Mem:230.55M (Peak 230.55M) | Time:00:00.39 | Mem:0.00M, Peak:0.00M | Scene, ViewLayer | Synchronizing object | ENV_leaf_51
Fra:36 Mem:230.56M (Peak 230.56M) | Time:00:00.39 | Mem:0.00M, Peak:0.00M | Scene, ViewLayer | Synchronizing object | ENV_leaf_50
Fra:36 Mem:230.56M (Peak 230.56M) | Time:00:00.39 | Mem:0.00M, Peak:0.00M | Scene, ViewLayer | Synchronizing object | ENV_leaf_49
Fra:36 Mem:230.55M (Peak 230.56M) | Time:00:00.39 | Mem:0.00M, Peak:0.00M | Scene, ViewLayer | Synchronizing object | ENV_leaf_48
Fra:36 Mem:230.56M (Peak 230.56M) | Time:00:00.39 | Mem:0.00M, Peak:0.00M | Scene, ViewLayer | Synchronizing object | ENV_leaf_47
Fra:36 Mem:230.56M (Peak 230.56M) | Time:00:00.39 | Mem:0.00M, Peak:0.00M | Scene, ViewLayer | Synchronizing object | ENV_leaf_46
Fra:36 Mem:230.57M (Peak 230.57M) | Time:00:00.39 | Mem:0.00M, Peak:0.00M | Scene, ViewLayer | Synchronizing object | ENV_leaf_45
Fra:36 Mem:230.57M (Peak 230.57M) | Time:00:00.39 | Mem:0.00M, Peak:0.00M | Scene, ViewLayer | Synchronizing object | ENV_leaf_44
Fra:36 Mem:230.58M (Peak 230.58M) | Time:00:00.39 | Mem:0.00M, Peak:0.00M | Scene, ViewLayer | Synchronizing object | ENV_leaf_43
Fra:36 Mem:230.58M (Peak 230.58M) | Time:00:00.39 | Mem:0.00M, Peak:0.00M | Scene, ViewLayer | Synchronizing object | ENV_leaf_42
Fra:36 Mem:230.58M (Peak 230.58M) | Time:00:00.39 | Mem:0.00M, Peak:0.00M | Scene, ViewLayer | Synchronizing object | ENV_leaf_41
Fra:36 Mem:230.59M (Peak 230.59M) | Time:00:00.39 | Mem:0.00M, Peak:0.00M | Scene, ViewLayer | Synchronizing object | ENV_leaf_40
Fra:36 Mem:230.59M (Peak 230.59M) | Time:00:00.39 | Mem:0.00M, Peak:0.00M | Scene, ViewLayer | Synchronizing object | ENV_leaf_39
Fra:36 Mem:230.60M (Peak 230.60M) | Time:00:00.39 | Mem:0.00M, Peak:0.00M | Scene, ViewLayer | Synchronizing object | ENV_leaf_38
Fra:36 Mem:230.60M (Peak 230.60M) | Time:00:00.39 | Mem:0.00M, Peak:0.00M | Scene, ViewLayer | Synchronizing object | ENV_leaf_37
Fra:36 Mem:230.65M (Peak 230.65M) | Time:00:00.39 | Mem:0.00M, Peak:0.00M | Scene, ViewLayer | Synchronizing object | ENV_leaf_36
Fra:36 Mem:230.66M (Peak 230.66M) | Time:00:00.39 | Mem:0.00M, Peak:0.00M | Scene, ViewLayer | Synchronizing object | ENV_leaf_35
Fra:36 Mem:230.68M (Peak 230.68M) | Time:00:00.39 | Mem:0.00M, Peak:0.00M | Scene, ViewLayer | Synchronizing object | ENV_leaf_34
Fra:36 Mem:230.73M (Peak 230.73M) | Time:00:00.39 | Mem:0.00M, Peak:0.00M | Scene, ViewLayer | Synchronizing object | ENV_leaf_33
Fra:36 Mem:230.68M (Peak 230.73M) | Time:00:00.39 | Mem:0.00M, Peak:0.00M | Scene, ViewLayer | Synchronizing object | ENV_fern_43
Fra:36 Mem:230.75M (Peak 230.75M) | Time:00:00.39 | Mem:0.00M, Peak:0.00M | Scene, ViewLayer | Synchronizing object | ENV_leaf_32
Fra:36 Mem:230.76M (Peak 230.76M) | Time:00:00.39 | Mem:0.00M, Peak:0.00M | Scene, ViewLayer | Synchronizing object | ENV_leaf_31
Fra:36 Mem:230.92M (Peak 230.92M) | Time:00:00.39 | Mem:0.00M, Peak:0.00M | Scene, ViewLayer | Synchronizing object | ENV_leaf_30
Fra:36 Mem:230.93M (Peak 230.93M) | Time:00:00.39 | Mem:0.00M, Peak:0.00M | Scene, ViewLayer | Synchronizing object | ENV_leaf_29
Fra:36 Mem:230.99M (Peak 230.99M) | Time:00:00.39 | Mem:0.00M, Peak:0.00M | Scene, ViewLayer | Synchronizing object | ENV_leaf_28
Fra:36 Mem:231.00M (Peak 231.00M) | Time:00:00.39 | Mem:0.00M, Peak:0.00M | Scene, ViewLayer | Synchronizing object | ENV_leaf_27
Fra:36 Mem:231.08M (Peak 231.08M) | Time:00:00.39 | Mem:0.00M, Peak:0.00M | Scene, ViewLayer | Synchronizing object | ENV_leaf_26
Fra:36 Mem:231.09M (Peak 231.09M) | Time:00:00.39 | Mem:0.00M, Peak:0.00M | Scene, ViewLayer | Synchronizing object | ENV_leaf_25
Fra:36 Mem:231.09M (Peak 231.09M) | Time:00:00.39 | Mem:0.00M, Peak:0.00M | Scene, ViewLayer | Synchronizing object | ENV_leaf_24
Fra:36 Mem:231.16M (Peak 231.16M) | Time:00:00.39 | Mem:0.00M, Peak:0.00M | Scene, ViewLayer | Synchronizing object | ENV_leaf_23
Fra:36 Mem:231.18M (Peak 231.18M) | Time:00:00.39 | Mem:0.00M, Peak:0.00M | Scene, ViewLayer | Synchronizing object | ENV_leaf_22
Fra:36 Mem:231.18M (Peak 231.18M) | Time:00:00.39 | Mem:0.00M, Peak:0.00M | Scene, ViewLayer | Synchronizing object | ENV_leaf_21
Fra:36 Mem:231.18M (Peak 231.18M) | Time:00:00.39 | Mem:0.00M, Peak:0.00M | Scene, ViewLayer | Synchronizing object | ENV_leaf_20
Fra:36 Mem:231.19M (Peak 231.19M) | Time:00:00.39 | Mem:0.00M, Peak:0.00M | Scene, ViewLayer | Synchronizing object | ENV_leaf_19
Fra:36 Mem:231.19M (Peak 231.19M) | Time:00:00.39 | Mem:0.00M, Peak:0.00M | Scene, ViewLayer | Synchronizing object | ENV_leaf_18
Fra:36 Mem:231.20M (Peak 231.20M) | Time:00:00.39 | Mem:0.00M, Peak:0.00M | Scene, ViewLayer | Synchronizing object | ENV_leaf_17
Fra:36 Mem:231.18M (Peak 231.20M) | Time:00:00.39 | Mem:0.00M, Peak:0.00M | Scene, ViewLayer | Synchronizing object | ENV_leaf_16
Fra:36 Mem:231.19M (Peak 231.20M) | Time:00:00.39 | Mem:0.00M, Peak:0.00M | Scene, ViewLayer | Synchronizing object | ENV_leaf_15
Fra:36 Mem:231.19M (Peak 231.20M) | Time:00:00.39 | Mem:0.00M, Peak:0.00M | Scene, ViewLayer | Synchronizing object | ENV_leaf_14
Fra:36 Mem:231.20M (Peak 231.20M) | Time:00:00.39 | Mem:0.00M, Peak:0.00M | Scene, ViewLayer | Synchronizing object | ENV_leaf_13
Fra:36 Mem:231.20M (Peak 231.20M) | Time:00:00.39 | Mem:0.00M, Peak:0.00M | Scene, ViewLayer | Synchronizing object | ENV_leaf_12
Fra:36 Mem:231.21M (Peak 231.21M) | Time:00:00.39 | Mem:0.00M, Peak:0.00M | Scene, ViewLayer | Synchronizing object | ENV_leaf_11
Fra:36 Mem:231.21M (Peak 231.21M) | Time:00:00.39 | Mem:0.00M, Peak:0.00M | Scene, ViewLayer | Synchronizing object | ENV_leaf_10
Fra:36 Mem:231.21M (Peak 231.21M) | Time:00:00.39 | Mem:0.00M, Peak:0.00M | Scene, ViewLayer | Synchronizing object | ENV_leaf_9
Fra:36 Mem:231.22M (Peak 231.22M) | Time:00:00.39 | Mem:0.00M, Peak:0.00M | Scene, ViewLayer | Synchronizing object | ENV_leaf_8
Fra:36 Mem:231.22M (Peak 231.22M) | Time:00:00.39 | Mem:0.00M, Peak:0.00M | Scene, ViewLayer | Synchronizing object | ENV_leaf_7
Fra:36 Mem:231.23M (Peak 231.23M) | Time:00:00.39 | Mem:0.00M, Peak:0.00M | Scene, ViewLayer | Synchronizing object | ENV_leaf_6
Fra:36 Mem:231.23M (Peak 231.23M) | Time:00:00.39 | Mem:0.00M, Peak:0.00M | Scene, ViewLayer | Synchronizing object | ENV_leaf_5
Fra:36 Mem:231.23M (Peak 231.23M) | Time:00:00.39 | Mem:0.00M, Peak:0.00M | Scene, ViewLayer | Synchronizing object | ENV_leaf_4
Fra:36 Mem:231.24M (Peak 231.24M) | Time:00:00.39 | Mem:0.00M, Peak:0.00M | Scene, ViewLayer | Synchronizing object | ENV_leaf_3
Fra:36 Mem:231.24M (Peak 231.24M) | Time:00:00.39 | Mem:0.00M, Peak:0.00M | Scene, ViewLayer | Synchronizing object | ENV_leaf_2
Fra:36 Mem:231.31M (Peak 231.31M) | Time:00:00.39 | Mem:0.00M, Peak:0.00M | Scene, ViewLayer | Synchronizing object | ENV_leaf_1
Fra:36 Mem:231.31M (Peak 231.31M) | Time:00:00.39 | Mem:0.00M, Peak:0.00M | Scene, ViewLayer | Synchronizing object | ENV_leaf_0
Fra:36 Mem:231.32M (Peak 231.32M) | Time:00:00.39 | Mem:0.00M, Peak:0.00M | Scene, ViewLayer | Synchronizing object | ENV_fern_77
Fra:36 Mem:231.70M (Peak 231.70M) | Time:00:00.39 | Mem:0.00M, Peak:0.00M | Scene, ViewLayer | Synchronizing object | ENV_fern_44
Fra:36 Mem:232.70M (Peak 232.70M) | Time:00:00.39 | Mem:0.00M, Peak:0.00M | Scene, ViewLayer | Synchronizing object | ENV_fern_76
Fra:36 Mem:232.62M (Peak 232.70M) | Time:00:00.39 | Mem:0.00M, Peak:0.00M | Scene, ViewLayer | Synchronizing object | ENV_fern_45
Fra:36 Mem:233.52M (Peak 233.52M) | Time:00:00.39 | Mem:0.00M, Peak:0.00M | Scene, ViewLayer | Synchronizing object | ENV_fern_46
Fra:36 Mem:233.91M (Peak 233.91M) | Time:00:00.39 | Mem:0.00M, Peak:0.00M | Scene, ViewLayer | Synchronizing object | ENV_fern_75
Fra:36 Mem:234.44M (Peak 234.44M) | Time:00:00.39 | Mem:0.00M, Peak:0.00M | Scene, ViewLayer | Synchronizing object | ENV_fern_74
Fra:36 Mem:234.82M (Peak 234.82M) | Time:00:00.39 | Mem:0.00M, Peak:0.00M | Scene, ViewLayer | Synchronizing object | ENV_fern_47
Fra:36 Mem:235.71M (Peak 235.71M) | Time:00:00.39 | Mem:0.00M, Peak:0.00M | Scene, ViewLayer | Synchronizing object | ENV_fern_73
Fra:36 Mem:236.13M (Peak 236.13M) | Time:00:00.39 | Mem:0.00M, Peak:0.00M | Scene, ViewLayer | Synchronizing object | ENV_fern_48
Fra:36 Mem:236.71M (Peak 236.71M) | Time:00:00.39 | Mem:0.00M, Peak:0.00M | Scene, ViewLayer | Synchronizing object | ENV_fern_72
Fra:36 Mem:236.71M (Peak 236.71M) | Time:00:00.39 | Mem:0.00M, Peak:0.00M | Scene, ViewLayer | Synchronizing object | ENV_fern_49
Fra:36 Mem:237.50M (Peak 237.50M) | Time:00:00.40 | Mem:0.00M, Peak:0.00M | Scene, ViewLayer | Synchronizing object | ENV_fern_71
Fra:36 Mem:237.94M (Peak 237.94M) | Time:00:00.40 | Mem:0.00M, Peak:0.00M | Scene, ViewLayer | Synchronizing object | ENV_fern_50
Fra:36 Mem:238.83M (Peak 238.83M) | Time:00:00.40 | Mem:0.00M, Peak:0.00M | Scene, ViewLayer | Synchronizing object | ENV_fern_70
Fra:36 Mem:239.24M (Peak 239.24M) | Time:00:00.40 | Mem:0.00M, Peak:0.00M | Scene, ViewLayer | Synchronizing object | ENV_fern_51
Fra:36 Mem:239.84M (Peak 239.84M) | Time:00:00.40 | Mem:0.00M, Peak:0.00M | Scene, ViewLayer | Synchronizing object | ENV_fern_52
Fra:36 Mem:239.85M (Peak 239.85M) | Time:00:00.40 | Mem:0.00M, Peak:0.00M | Scene, ViewLayer | Synchronizing object | ENV_fern_69
Fra:36 Mem:240.68M (Peak 240.68M) | Time:00:00.40 | Mem:0.00M, Peak:0.00M | Scene, ViewLayer | Synchronizing object | ENV_fern_68
Fra:36 Mem:241.06M (Peak 241.06M) | Time:00:00.40 | Mem:0.00M, Peak:0.00M | Scene, ViewLayer | Synchronizing object | ENV_fern_53
Fra:36 Mem:241.98M (Peak 241.98M) | Time:00:00.40 | Mem:0.00M, Peak:0.00M | Scene, ViewLayer | Synchronizing object | ENV_fern_67
Fra:36 Mem:242.28M (Peak 242.28M) | Time:00:00.40 | Mem:0.00M, Peak:0.00M | Scene, ViewLayer | Synchronizing object | ENV_fern_54
Fra:36 Mem:242.88M (Peak 242.88M) | Time:00:00.40 | Mem:0.00M, Peak:0.00M | Scene, ViewLayer | Synchronizing object | ENV_fern_55
Fra:36 Mem:243.28M (Peak 243.28M) | Time:00:00.40 | Mem:0.00M, Peak:0.00M | Scene, ViewLayer | Synchronizing object | ENV_fern_66
Fra:36 Mem:243.89M (Peak 243.89M) | Time:00:00.40 | Mem:0.00M, Peak:0.00M | Scene, ViewLayer | Synchronizing object | ENV_fern_65
Fra:36 Mem:243.91M (Peak 243.91M) | Time:00:00.40 | Mem:0.00M, Peak:0.00M | Scene, ViewLayer | Synchronizing object | ENV_fern_56
Fra:36 Mem:245.18M (Peak 245.18M) | Time:00:00.40 | Mem:0.00M, Peak:0.00M | Scene, ViewLayer | Synchronizing object | ENV_fern_57
Fra:36 Mem:245.16M (Peak 245.18M) | Time:00:00.40 | Mem:0.00M, Peak:0.00M | Scene, ViewLayer | Synchronizing object | ENV_fern_64
Fra:36 Mem:245.94M (Peak 245.94M) | Time:00:00.40 | Mem:0.00M, Peak:0.00M | Scene, ViewLayer | Synchronizing object | ENV_fern_58
Fra:36 Mem:246.48M (Peak 246.48M) | Time:00:00.40 | Mem:0.00M, Peak:0.00M | Scene, ViewLayer | Synchronizing object | ENV_fern_63
Fra:36 Mem:246.93M (Peak 246.93M) | Time:00:00.41 | Mem:0.00M, Peak:0.00M | Scene, ViewLayer | Synchronizing object | ENV_fern_59
Fra:36 Mem:247.23M (Peak 247.23M) | Time:00:00.41 | Mem:0.00M, Peak:0.00M | Scene, ViewLayer | Synchronizing object | ENV_fern_62
Fra:36 Mem:248.20M (Peak 248.20M) | Time:00:00.41 | Mem:0.00M, Peak:0.00M | Scene, ViewLayer | Synchronizing object | ENV_fern_60
Fra:36 Mem:248.51M (Peak 248.51M) | Time:00:00.41 | Mem:0.00M, Peak:0.00M | Scene, ViewLayer | Synchronizing object | ENV_fern_61
Fra:36 Mem:249.15M (Peak 249.15M) | Time:00:00.41 | Mem:0.00M, Peak:0.00M | Scene, ViewLayer | Initializing
Fra:36 Mem:125.43M (Peak 249.15M) | Time:00:00.45 | Mem:0.00M, Peak:0.00M | Scene, ViewLayer | Waiting for render to start
Fra:36 Mem:125.43M (Peak 249.15M) | Time:00:00.45 | Mem:0.00M, Peak:0.00M | Scene, ViewLayer | Updating Scene
Fra:36 Mem:125.43M (Peak 249.15M) | Time:00:00.45 | Mem:0.00M, Peak:0.00M | Scene, ViewLayer | Updating Shaders
Fra:36 Mem:125.43M (Peak 249.15M) | Time:00:00.45 | Mem:0.00M, Peak:0.00M | Scene, ViewLayer | Loading render kernels (may take a few minutes the first time)
Fra:36 Mem:125.55M (Peak 249.15M) | Time:00:00.45 | Mem:0.05M, Peak:0.05M | Scene, ViewLayer | Updating Procedurals
Fra:36 Mem:125.55M (Peak 249.15M) | Time:00:00.45 | Mem:0.05M, Peak:0.05M | Scene, ViewLayer | Updating Background
Fra:36 Mem:125.55M (Peak 249.15M) | Time:00:00.45 | Mem:0.05M, Peak:0.05M | Scene, ViewLayer | Updating Camera
Fra:36 Mem:125.55M (Peak 249.15M) | Time:00:00.45 | Mem:0.05M, Peak:0.05M | Scene, ViewLayer | Updating Meshes Flags
Fra:36 Mem:125.55M (Peak 249.15M) | Time:00:00.45 | Mem:0.05M, Peak:0.05M | Scene, ViewLayer | Updating Objects
Fra:36 Mem:125.55M (Peak 249.15M) | Time:00:00.45 | Mem:0.05M, Peak:0.05M | Scene, ViewLayer | Updating Objects | Copying Transformations to device
Fra:36 Mem:126.10M (Peak 249.15M) | Time:00:00.45 | Mem:0.57M, Peak:0.57M | Scene, ViewLayer | Updating Particle Systems
Fra:36 Mem:126.10M (Peak 249.15M) | Time:00:00.45 | Mem:0.57M, Peak:0.57M | Scene, ViewLayer | Updating Particle Systems | Copying Particles to device
Fra:36 Mem:126.10M (Peak 249.15M) | Time:00:00.45 | Mem:0.57M, Peak:0.57M | Scene, ViewLayer | Updating Meshes
Fra:36 Mem:126.10M (Peak 249.15M) | Time:00:00.45 | Mem:0.57M, Peak:0.57M | Scene, ViewLayer | Updating Objects | Applying Static Transformations
Fra:36 Mem:126.10M (Peak 249.15M) | Time:00:00.46 | Mem:0.57M, Peak:0.57M | Scene, ViewLayer | Updating Mesh | Computing attributes
Fra:36 Mem:134.18M (Peak 249.15M) | Time:00:00.46 | Mem:0.65M, Peak:0.65M | Scene, ViewLayer | Updating Mesh | Copying Attributes to device
Fra:36 Mem:133.95M (Peak 249.15M) | Time:00:00.46 | Mem:8.43M, Peak:8.43M | Scene, ViewLayer | Updating Geometry BVH FX_010_dot_src 2/4 | Building BVH
Fra:36 Mem:133.95M (Peak 249.15M) | Time:00:00.46 | Mem:8.43M, Peak:8.43M | Scene, ViewLayer | Updating Geometry BVH FX_010_dot_src 2/4 | Building BVH 0%
Fra:36 Mem:133.95M (Peak 249.15M) | Time:00:00.46 | Mem:8.44M, Peak:8.44M | Scene, ViewLayer | Updating Geometry BVH MOSS_PATCH_A.001 3/4 | Building BVH
Fra:36 Mem:133.95M (Peak 249.15M) | Time:00:00.46 | Mem:8.45M, Peak:8.46M | Scene, ViewLayer | Updating Geometry BVH MOSS_PATCH_B.001 4/4 | Building BVH
Fra:36 Mem:133.95M (Peak 249.15M) | Time:00:00.46 | Mem:8.47M, Peak:8.47M | Scene, ViewLayer | Updating Geometry BVH ROCK_SMALL.001 5/4 | Building BVH
Fra:36 Mem:133.95M (Peak 249.15M) | Time:00:00.46 | Mem:8.48M, Peak:8.49M | Scene, ViewLayer | Updating Scene BVH | Building
Fra:36 Mem:133.98M (Peak 249.15M) | Time:00:00.46 | Mem:8.48M, Peak:8.49M | Scene, ViewLayer | Updating Scene BVH | Building BVH
Fra:36 Mem:133.98M (Peak 249.15M) | Time:00:00.71 | Mem:110.54M, Peak:110.54M | Scene, ViewLayer | Updating Scene BVH | Building BVH 92%
Fra:36 Mem:133.98M (Peak 249.15M) | Time:00:00.73 | Mem:80.79M, Peak:116.54M | Scene, ViewLayer | Updating Scene BVH | Copying BVH to device
Fra:36 Mem:133.98M (Peak 249.15M) | Time:00:00.73 | Mem:80.79M, Peak:116.54M | Scene, ViewLayer | Updating Mesh | Computing normals
Fra:36 Mem:167.36M (Peak 249.15M) | Time:00:00.75 | Mem:80.79M, Peak:116.54M | Scene, ViewLayer | Updating Mesh | Copying Mesh to device
Fra:36 Mem:167.36M (Peak 249.15M) | Time:00:00.75 | Mem:114.16M, Peak:116.54M | Scene, ViewLayer | Updating Objects Flags
Fra:36 Mem:167.36M (Peak 249.15M) | Time:00:00.75 | Mem:114.18M, Peak:116.54M | Scene, ViewLayer | Updating Primitive Offsets
Fra:36 Mem:167.37M (Peak 249.15M) | Time:00:00.75 | Mem:114.19M, Peak:116.54M | Scene, ViewLayer | Updating Images
Fra:36 Mem:167.37M (Peak 249.15M) | Time:00:00.75 | Mem:114.19M, Peak:116.54M | Scene, ViewLayer | Updating Camera Volume
Fra:36 Mem:167.37M (Peak 249.15M) | Time:00:00.75 | Mem:114.19M, Peak:116.54M | Scene, ViewLayer | Updating Lookup Tables
Fra:36 Mem:167.37M (Peak 249.15M) | Time:00:00.75 | Mem:114.27M, Peak:116.54M | Scene, ViewLayer | Updating Lights
Fra:36 Mem:167.37M (Peak 249.15M) | Time:00:00.75 | Mem:114.27M, Peak:116.54M | Scene, ViewLayer | Updating Lights | Computing tree
Fra:36 Mem:168.05M (Peak 249.15M) | Time:00:00.77 | Mem:114.95M, Peak:116.54M | Scene, ViewLayer | Updating Integrator
Fra:36 Mem:168.05M (Peak 249.15M) | Time:00:00.77 | Mem:114.95M, Peak:116.54M | Scene, ViewLayer | Updating Film
Fra:36 Mem:168.05M (Peak 249.15M) | Time:00:00.77 | Mem:114.87M, Peak:116.54M | Scene, ViewLayer | Updating Lookup Tables
Fra:36 Mem:168.05M (Peak 249.15M) | Time:00:00.77 | Mem:114.96M, Peak:116.54M | Scene, ViewLayer | Updating Baking
Fra:36 Mem:168.05M (Peak 249.15M) | Time:00:00.77 | Mem:114.96M, Peak:116.54M | Scene, ViewLayer | Updating Device | Writing constant memory
Fra:36 Mem:168.09M (Peak 249.15M) | Time:00:00.77 | Mem:114.96M, Peak:116.54M | Scene, ViewLayer | Loading denoising kernels (may take a few minutes the first time)
Fra:36 Mem:168.09M (Peak 249.15M) | Time:00:00.77 | Mem:114.96M, Peak:116.54M | Scene, ViewLayer | Sample 0/64
Fra:36 Mem:318.41M (Peak 318.41M) | Time:00:15.06 | Remaining:15:00.68 | Mem:265.25M, Peak:265.25M | Scene, ViewLayer | Sample 1/64
Fra:36 Mem:318.41M (Peak 318.41M) | Time:00:42.78 | Remaining:14:14.30 | Mem:265.25M, Peak:265.25M | Scene, ViewLayer | Sample 3/64
Fra:36 Mem:318.41M (Peak 318.41M) | Time:01:11.50 | Remaining:13:54.61 | Mem:265.25M, Peak:265.25M | Scene, ViewLayer | Sample 5/64
Fra:36 Mem:318.41M (Peak 318.41M) | Time:01:38.74 | Remaining:13:17.78 | Mem:265.25M, Peak:265.25M | Scene, ViewLayer | Sample 7/64
Fra:36 Mem:318.41M (Peak 318.41M) | Time:02:05.52 | Remaining:12:42.38 | Mem:265.25M, Peak:265.25M | Scene, ViewLayer | Sample 9/64
Fra:36 Mem:318.41M (Peak 318.41M) | Time:02:32.13 | Remaining:12:09.28 | Mem:265.25M, Peak:265.25M | Scene, ViewLayer | Sample 11/64
Fra:36 Mem:318.41M (Peak 318.41M) | Time:02:58.24 | Remaining:11:36.25 | Mem:265.25M, Peak:265.25M | Scene, ViewLayer | Sample 13/64
Fra:36 Mem:318.41M (Peak 318.41M) | Time:03:24.11 | Remaining:11:04.26 | Mem:265.25M, Peak:265.25M | Scene, ViewLayer | Sample 15/64
Fra:36 Mem:318.41M (Peak 318.41M) | Time:03:49.90 | Remaining:10:33.48 | Mem:265.25M, Peak:265.25M | Scene, ViewLayer | Sample 17/64
Fra:36 Mem:318.41M (Peak 318.41M) | Time:04:15.31 | Remaining:10:02.86 | Mem:265.25M, Peak:265.25M | Scene, ViewLayer | Sample 19/64
Fra:36 Mem:318.41M (Peak 318.41M) | Time:04:40.80 | Remaining:09:33.40 | Mem:265.25M, Peak:265.25M | Scene, ViewLayer | Sample 21/64
Fra:36 Mem:318.41M (Peak 318.41M) | Time:05:06.54 | Remaining:09:05.07 | Mem:265.25M, Peak:265.25M | Scene, ViewLayer | Sample 23/64
Fra:36 Mem:318.41M (Peak 318.41M) | Time:05:33.87 | Remaining:08:39.64 | Mem:265.25M, Peak:265.25M | Scene, ViewLayer | Sample 25/64
Fra:36 Mem:318.41M (Peak 318.41M) | Time:06:00.84 | Remaining:08:13.43 | Mem:265.25M, Peak:265.25M | Scene, ViewLayer | Sample 27/64
Fra:36 Mem:318.41M (Peak 318.41M) | Time:06:27.24 | Remaining:07:46.43 | Mem:265.25M, Peak:265.25M | Scene, ViewLayer | Sample 29/64
Fra:36 Mem:318.41M (Peak 318.41M) | Time:06:52.82 | Remaining:07:18.63 | Mem:265.25M, Peak:265.25M | Scene, ViewLayer | Sample 31/64
Fra:36 Mem:318.41M (Peak 318.41M) | Time:07:19.00 | Remaining:06:51.67 | Mem:265.25M, Peak:265.25M | Scene, ViewLayer | Sample 33/64
Fra:36 Mem:318.41M (Peak 318.41M) | Time:07:45.28 | Remaining:06:24.88 | Mem:265.25M, Peak:265.25M | Scene, ViewLayer | Sample 35/64
Fra:36 Mem:318.41M (Peak 318.41M) | Time:08:11.92 | Remaining:05:58.40 | Mem:265.25M, Peak:265.25M | Scene, ViewLayer | Sample 37/64
Fra:36 Mem:318.41M (Peak 318.41M) | Time:08:38.65 | Remaining:05:31.97 | Mem:265.25M, Peak:265.25M | Scene, ViewLayer | Sample 39/64
Fra:36 Mem:318.41M (Peak 318.41M) | Time:09:04.95 | Remaining:05:05.27 | Mem:265.25M, Peak:265.25M | Scene, ViewLayer | Sample 41/64
Fra:36 Mem:318.41M (Peak 318.41M) | Time:09:30.65 | Remaining:04:38.31 | Mem:265.25M, Peak:265.25M | Scene, ViewLayer | Sample 43/64
Fra:36 Mem:318.41M (Peak 318.41M) | Time:09:56.68 | Remaining:04:11.60 | Mem:265.25M, Peak:265.25M | Scene, ViewLayer | Sample 45/64
Fra:36 Mem:318.41M (Peak 318.41M) | Time:10:22.91 | Remaining:03:45.02 | Mem:265.25M, Peak:265.25M | Scene, ViewLayer | Sample 47/64
Fra:36 Mem:318.41M (Peak 318.41M) | Time:10:49.05 | Remaining:03:18.45 | Mem:265.25M, Peak:265.25M | Scene, ViewLayer | Sample 49/64
Fra:36 Mem:318.41M (Peak 318.41M) | Time:11:15.65 | Remaining:02:52.03 | Mem:265.25M, Peak:265.25M | Scene, ViewLayer | Sample 51/64
Fra:36 Mem:318.41M (Peak 318.41M) | Time:11:41.38 | Remaining:02:25.40 | Mem:265.25M, Peak:265.25M | Scene, ViewLayer | Sample 53/64
Fra:36 Mem:318.41M (Peak 318.41M) | Time:12:07.01 | Remaining:01:58.83 | Mem:265.25M, Peak:265.25M | Scene, ViewLayer | Sample 55/64
Fra:36 Mem:318.41M (Peak 318.41M) | Time:12:34.05 | Remaining:01:32.50 | Mem:265.25M, Peak:265.25M | Scene, ViewLayer | Sample 57/64
Fra:36 Mem:318.41M (Peak 318.41M) | Time:13:00.36 | Remaining:01:06.06 | Mem:265.25M, Peak:265.25M | Scene, ViewLayer | Sample 59/64
Fra:36 Mem:318.41M (Peak 318.41M) | Time:13:25.95 | Remaining:00:39.59 | Mem:265.25M, Peak:265.25M | Scene, ViewLayer | Sample 61/64
Fra:36 Mem:318.41M (Peak 318.41M) | Time:13:52.48 | Remaining:00:13.20 | Mem:265.25M, Peak:265.25M | Scene, ViewLayer | Sample 63/64
Fra:36 Mem:381.69M (Peak 476.61M) | Time:14:22.56 | Mem:265.25M, Peak:265.25M | Scene, ViewLayer | Sample 64/64
Fra:36 Mem:381.69M (Peak 476.61M) | Time:14:22.56 | Mem:265.25M, Peak:265.25M | Scene, ViewLayer | Finished
Saved: '/home/user/liuflexrobo/GLIMMER/renders/final/SHOT_001/frame_0036.jpg'
Time: 14:22.83 (Saving: 00:00.24)

FINAL_FR SHOT_001 36 862.9s
Fra:372 Mem:135.20M (Peak 135.20M) | Time:00:00.13 | Mem:0.00M, Peak:0.00M | Scene, ViewLayer | Synchronizing object | FX_001_abdomen
Fra:372 Mem:135.22M (Peak 135.22M) | Time:00:00.13 | Mem:0.00M, Peak:0.00M | Scene, ViewLayer | Synchronizing object | FX_001_body
Fra:372 Mem:135.24M (Peak 135.24M) | Time:00:00.13 | Mem:0.00M, Peak:0.00M | Scene, ViewLayer | Synchronizing object | FX_001_wing_L
Fra:372 Mem:135.25M (Peak 135.25M) | Time:00:00.13 | Mem:0.00M, Peak:0.00M | Scene, ViewLayer | Synchronizing object | FX_001_wing_R
Fra:372 Mem:135.25M (Peak 135.25M) | Time:00:00.13 | Mem:0.00M, Peak:0.00M | Scene, ViewLayer | Synchronizing object | FX_010_dot_src
Fra:372 Mem:135.42M (Peak 135.42M) | Time:00:00.13 | Mem:0.00M, Peak:0.00M | Scene, ViewLayer | Synchronizing object | FX_010_swarm
Fra:372 Mem:135.23M (Peak 135.42M) | Time:00:00.14 | Mem:0.00M, Peak:0.00M | Scene, ViewLayer | Synchronizing object | LIGHT_ff_practical
Fra:372 Mem:135.23M (Peak 135.42M) | Time:00:00.14 | Mem:0.00M, Peak:0.00M | Scene, ViewLayer | Synchronizing object | LIGHT_sun
Fra:372 Mem:135.23M (Peak 135.42M) | Time:00:00.14 | Mem:0.00M, Peak:0.00M | Scene, ViewLayer | Synchronizing object | LIGHT_moon
Fra:372 Mem:135.23M (Peak 135.42M) | Time:00:00.14 | Mem:0.00M, Peak:0.00M | Scene, ViewLayer | Synchronizing object | LIGHT_shaft_0
Fra:372 Mem:135.23M (Peak 135.42M) | Time:00:00.14 | Mem:0.00M, Peak:0.00M | Scene, ViewLayer | Synchronizing object | LIGHT_shaft_1
Fra:372 Mem:135.24M (Peak 135.42M) | Time:00:00.14 | Mem:0.00M, Peak:0.00M | Scene, ViewLayer | Synchronizing object | LIGHT_char_fill
Fra:372 Mem:135.24M (Peak 135.42M) | Time:00:00.14 | Mem:0.00M, Peak:0.00M | Scene, ViewLayer | Synchronizing object | LIGHT_night_rim
Fra:372 Mem:135.24M (Peak 135.42M) | Time:00:00.14 | Mem:0.00M, Peak:0.00M | Scene, ViewLayer | Synchronizing object | LIGHT_night_fill
Fra:372 Mem:135.24M (Peak 135.42M) | Time:00:00.14 | Mem:0.00M, Peak:0.00M | Scene, ViewLayer | Synchronizing object | LIGHT_robot_key
Fra:372 Mem:136.01M (Peak 136.01M) | Time:00:00.17 | Mem:0.00M, Peak:0.00M | Scene, ViewLayer | Synchronizing object | CHAR_001_head
Fra:372 Mem:136.28M (Peak 136.28M) | Time:00:00.17 | Mem:0.00M, Peak:0.00M | Scene, ViewLayer | Synchronizing object | CHAR_001_antenna
Fra:372 Mem:139.19M (Peak 139.19M) | Time:00:00.18 | Mem:0.00M, Peak:0.00M | Scene, ViewLayer | Synchronizing object | TWIG_A
Fra:372 Mem:139.24M (Peak 139.24M) | Time:00:00.18 | Mem:0.00M, Peak:0.00M | Scene, ViewLayer | Synchronizing object | TWIG_B
Fra:372 Mem:139.53M (Peak 139.53M) | Time:00:00.18 | Mem:0.00M, Peak:0.00M | Scene, ViewLayer | Synchronizing object | CHAR_001_head_hatch
Fra:372 Mem:139.54M (Peak 139.54M) | Time:00:00.18 | Mem:0.00M, Peak:0.00M | Scene, ViewLayer | Synchronizing object | CHAR_001_head_seam
Fra:372 Mem:139.54M (Peak 139.54M) | Time:00:00.18 | Mem:0.00M, Peak:0.00M | Scene, ViewLayer | Synchronizing object | CHAR_001_eye_rim_L
Fra:372 Mem:139.56M (Peak 139.56M) | Time:00:00.18 | Mem:0.00M, Peak:0.00M | Scene, ViewLayer | Synchronizing object | CHAR_001_eye_L
Fra:372 Mem:139.59M (Peak 139.59M) | Time:00:00.18 | Mem:0.00M, Peak:0.00M | Scene, ViewLayer | Synchronizing object | CHAR_001_iris_L
Fra:372 Mem:139.60M (Peak 139.60M) | Time:00:00.18 | Mem:0.00M, Peak:0.00M | Scene, ViewLayer | Synchronizing object | CHAR_001_eye_rim_R
Fra:372 Mem:139.62M (Peak 139.62M) | Time:00:00.18 | Mem:0.00M, Peak:0.00M | Scene, ViewLayer | Synchronizing object | CHAR_001_eye_R
Fra:372 Mem:139.64M (Peak 139.64M) | Time:00:00.18 | Mem:0.00M, Peak:0.00M | Scene, ViewLayer | Synchronizing object | CHAR_001_iris_R
Fra:372 Mem:139.65M (Peak 139.65M) | Time:00:00.18 | Mem:0.00M, Peak:0.00M | Scene, ViewLayer | Synchronizing object | CHAR_001_antenna_tip
Fra:372 Mem:139.66M (Peak 139.66M) | Time:00:00.18 | Mem:0.00M, Peak:0.00M | Scene, ViewLayer | Synchronizing object | CHAR_001_torso
Fra:372 Mem:139.67M (Peak 139.67M) | Time:00:00.18 | Mem:0.00M, Peak:0.00M | Scene, ViewLayer | Synchronizing object | CHAR_001_torso_panel
Fra:372 Mem:139.69M (Peak 139.69M) | Time:00:00.18 | Mem:0.00M, Peak:0.00M | Scene, ViewLayer | Synchronizing object | CHAR_001_rivets
Fra:372 Mem:139.71M (Peak 139.71M) | Time:00:00.18 | Mem:0.00M, Peak:0.00M | Scene, ViewLayer | Synchronizing object | CHAR_001_vents
Fra:372 Mem:139.72M (Peak 139.72M) | Time:00:00.18 | Mem:0.00M, Peak:0.00M | Scene, ViewLayer | Synchronizing object | CHAR_001_neck
Fra:372 Mem:139.72M (Peak 139.72M) | Time:00:00.18 | Mem:0.00M, Peak:0.00M | Scene, ViewLayer | Synchronizing object | CHAR_001_shoulder_L
Fra:372 Mem:139.73M (Peak 139.73M) | Time:00:00.18 | Mem:0.00M, Peak:0.00M | Scene, ViewLayer | Synchronizing object | CHAR_001_upperarm_L
Fra:372 Mem:139.74M (Peak 139.74M) | Time:00:00.18 | Mem:0.00M, Peak:0.00M | Scene, ViewLayer | Synchronizing object | CHAR_001_forearm_L
Fra:372 Mem:139.75M (Peak 139.75M) | Time:00:00.18 | Mem:0.00M, Peak:0.00M | Scene, ViewLayer | Synchronizing object | CHAR_001_hand_L
Fra:372 Mem:139.82M (Peak 139.82M) | Time:00:00.18 | Mem:0.00M, Peak:0.00M | Scene, ViewLayer | Synchronizing object | CHAR_001_shoulder_R
Fra:372 Mem:139.83M (Peak 139.83M) | Time:00:00.18 | Mem:0.00M, Peak:0.00M | Scene, ViewLayer | Synchronizing object | CHAR_001_upperarm_R
Fra:372 Mem:139.84M (Peak 139.84M) | Time:00:00.18 | Mem:0.00M, Peak:0.00M | Scene, ViewLayer | Synchronizing object | CHAR_001_forearm_R
Fra:372 Mem:139.83M (Peak 139.84M) | Time:00:00.18 | Mem:0.00M, Peak:0.00M | Scene, ViewLayer | Synchronizing object | CHAR_001_hand_R
Fra:372 Mem:139.88M (Peak 139.88M) | Time:00:00.18 | Mem:0.00M, Peak:0.00M | Scene, ViewLayer | Synchronizing object | CHAR_001_finger_R_index
Fra:372 Mem:139.91M (Peak 139.91M) | Time:00:00.18 | Mem:0.00M, Peak:0.00M | Scene, ViewLayer | Synchronizing object | CHAR_001_chassis
Fra:372 Mem:139.93M (Peak 139.93M) | Time:00:00.18 | Mem:0.00M, Peak:0.00M | Scene, ViewLayer | Synchronizing object | CHAR_001_track_plates_L
Fra:372 Mem:139.98M (Peak 139.98M) | Time:00:00.18 | Mem:0.00M, Peak:0.00M | Scene, ViewLayer | Synchronizing object | CHAR_001_wheel_L_0
Fra:372 Mem:139.99M (Peak 139.99M) | Time:00:00.18 | Mem:0.00M, Peak:0.00M | Scene, ViewLayer | Synchronizing object | CHAR_001_wheel_L_1
Fra:372 Mem:139.99M (Peak 139.99M) | Time:00:00.18 | Mem:0.00M, Peak:0.00M | Scene, ViewLayer | Synchronizing object | CHAR_001_wheel_L_2
Fra:372 Mem:140.00M (Peak 140.00M) | Time:00:00.18 | Mem:0.00M, Peak:0.00M | Scene, ViewLayer | Synchronizing object | CHAR_001_wheel_L_3
Fra:372 Mem:140.00M (Peak 140.00M) | Time:00:00.18 | Mem:0.00M, Peak:0.00M | Scene, ViewLayer | Synchronizing object | CHAR_001_wheel_L_4
Fra:372 Mem:140.01M (Peak 140.01M) | Time:00:00.18 | Mem:0.00M, Peak:0.00M | Scene, ViewLayer | Synchronizing object | CHAR_001_fender_L
Fra:372 Mem:140.00M (Peak 140.01M) | Time:00:00.18 | Mem:0.00M, Peak:0.00M | Scene, ViewLayer | Synchronizing object | CHAR_001_track_plates_R
Fra:372 Mem:140.05M (Peak 140.05M) | Time:00:00.19 | Mem:0.00M, Peak:0.00M | Scene, ViewLayer | Synchronizing object | CHAR_001_wheel_R_0
Fra:372 Mem:140.06M (Peak 140.06M) | Time:00:00.19 | Mem:0.00M, Peak:0.00M | Scene, ViewLayer | Synchronizing object | CHAR_001_wheel_R_1
Fra:372 Mem:140.06M (Peak 140.06M) | Time:00:00.19 | Mem:0.00M, Peak:0.00M | Scene, ViewLayer | Synchronizing object | CHAR_001_wheel_R_2
Fra:372 Mem:140.08M (Peak 140.08M) | Time:00:00.19 | Mem:0.00M, Peak:0.00M | Scene, ViewLayer | Synchronizing object | CHAR_001_wheel_R_3
Fra:372 Mem:140.39M (Peak 140.39M) | Time:00:00.19 | Mem:0.00M, Peak:0.00M | Scene, ViewLayer | Synchronizing object | CHAR_001_wheel_R_4
Fra:372 Mem:140.39M (Peak 140.39M) | Time:00:00.19 | Mem:0.00M, Peak:0.00M | Scene, ViewLayer | Synchronizing object | CHAR_001_fender_R
Fra:372 Mem:140.40M (Peak 140.40M) | Time:00:00.19 | Mem:0.00M, Peak:0.00M | Scene, ViewLayer | Synchronizing object | TREE_TRUNK_A
Fra:372 Mem:140.85M (Peak 141.44M) | Time:00:00.19 | Mem:0.00M, Peak:0.00M | Scene, ViewLayer | Synchronizing object | TREE_TRUNK_B
Fra:372 Mem:141.63M (Peak 142.20M) | Time:00:00.19 | Mem:0.00M, Peak:0.00M | Scene, ViewLayer | Synchronizing object | TREE_TRUNK_C
Fra:372 Mem:142.39M (Peak 142.96M) | Time:00:00.19 | Mem:0.00M, Peak:0.00M | Scene, ViewLayer | Synchronizing object | ROOT_A
Fra:372 Mem:142.41M (Peak 142.96M) | Time:00:00.19 | Mem:0.00M, Peak:0.00M | Scene, ViewLayer | Synchronizing object | ROOT_B
Fra:372 Mem:142.42M (Peak 142.96M) | Time:00:00.19 | Mem:0.00M, Peak:0.00M | Scene, ViewLayer | Synchronizing object | ROOT_C
Fra:372 Mem:142.44M (Peak 142.96M) | Time:00:00.19 | Mem:0.00M, Peak:0.00M | Scene, ViewLayer | Synchronizing object | FALLEN_LOG_HERO
Fra:372 Mem:142.49M (Peak 142.96M) | Time:00:00.19 | Mem:0.00M, Peak:0.00M | Scene, ViewLayer | Synchronizing object | FERN_A
Fra:372 Mem:143.21M (Peak 143.21M) | Time:00:00.19 | Mem:0.00M, Peak:0.00M | Scene, ViewLayer | Synchronizing object | FERN_B
Fra:372 Mem:143.73M (Peak 143.73M) | Time:00:00.19 | Mem:0.00M, Peak:0.00M | Scene, ViewLayer | Synchronizing object | FERN_C
Fra:372 Mem:144.66M (Peak 144.66M) | Time:00:00.19 | Mem:0.00M, Peak:0.00M | Scene, ViewLayer | Synchronizing object | MOSS_PATCH_A
Fra:372 Mem:144.67M (Peak 144.67M) | Time:00:00.19 | Mem:0.00M, Peak:0.00M | Scene, ViewLayer | Synchronizing object | MOSS_PATCH_B
Fra:372 Mem:144.68M (Peak 144.68M) | Time:00:00.19 | Mem:0.00M, Peak:0.00M | Scene, ViewLayer | Synchronizing object | GROUND_LEAF_A
Fra:372 Mem:144.69M (Peak 144.69M) | Time:00:00.19 | Mem:0.00M, Peak:0.00M | Scene, ViewLayer | Synchronizing object | GROUND_LEAF_B
Fra:372 Mem:144.69M (Peak 144.69M) | Time:00:00.19 | Mem:0.00M, Peak:0.00M | Scene, ViewLayer | Synchronizing object | GROUND_LEAF_C
Fra:372 Mem:144.69M (Peak 144.69M) | Time:00:00.19 | Mem:0.00M, Peak:0.00M | Scene, ViewLayer | Synchronizing object | ROCK_SMALL
Fra:372 Mem:144.70M (Peak 144.70M) | Time:00:00.19 | Mem:0.00M, Peak:0.00M | Scene, ViewLayer | Synchronizing object | BACKGROUND_TREE
Fra:372 Mem:145.28M (Peak 145.28M) | Time:00:00.19 | Mem:0.00M, Peak:0.00M | Scene, ViewLayer | Synchronizing object | ENV_ground
Fra:372 Mem:146.52M (Peak 146.67M) | Time:00:00.20 | Mem:0.00M, Peak:0.00M | Scene, ViewLayer | Synchronizing object | ENV_hero_tree
Fra:372 Mem:147.28M (Peak 147.85M) | Time:00:00.20 | Mem:0.00M, Peak:0.00M | Scene, ViewLayer | Synchronizing object | ENV_root_0
Fra:372 Mem:147.30M (Peak 147.85M) | Time:00:00.20 | Mem:0.00M, Peak:0.00M | Scene, ViewLayer | Synchronizing object | ENV_root_1
Fra:372 Mem:147.31M (Peak 147.85M) | Time:00:00.20 | Mem:0.00M, Peak:0.00M | Scene, ViewLayer | Synchronizing object | ENV_root_2
Fra:372 Mem:147.33M (Peak 147.85M) | Time:00:00.20 | Mem:0.00M, Peak:0.00M | Scene, ViewLayer | Synchronizing object | ENV_root_3
Fra:372 Mem:147.34M (Peak 147.85M) | Time:00:00.20 | Mem:0.00M, Peak:0.00M | Scene, ViewLayer | Synchronizing object | ENV_root_4
Fra:372 Mem:147.36M (Peak 147.85M) | Time:00:00.20 | Mem:0.00M, Peak:0.00M | Scene, ViewLayer | Synchronizing object | ENV_root_5
Fra:372 Mem:147.35M (Peak 147.85M) | Time:00:00.20 | Mem:0.00M, Peak:0.00M | Scene, ViewLayer | Synchronizing object | ENV_fallen_log
Fra:372 Mem:147.43M (Peak 147.85M) | Time:00:00.20 | Mem:0.00M, Peak:0.00M | Scene, ViewLayer | Synchronizing object | ENV_midtree_0
Fra:372 Mem:148.20M (Peak 148.78M) | Time:00:00.20 | Mem:0.00M, Peak:0.00M | Scene, ViewLayer | Synchronizing object | ENV_midtree_1
Fra:372 Mem:148.97M (Peak 149.54M) | Time:00:00.20 | Mem:0.00M, Peak:0.00M | Scene, ViewLayer | Synchronizing object | ENV_midtree_2
Fra:372 Mem:149.73M (Peak 150.30M) | Time:00:00.20 | Mem:0.00M, Peak:0.00M | Scene, ViewLayer | Synchronizing object | ENV_midtree_3
Fra:372 Mem:150.49M (Peak 151.06M) | Time:00:00.21 | Mem:0.00M, Peak:0.00M | Scene, ViewLayer | Synchronizing object | ENV_midtree_4
Fra:372 Mem:151.25M (Peak 151.82M) | Time:00:00.21 | Mem:0.00M, Peak:0.00M | Scene, ViewLayer | Synchronizing object | ENV_midtree_5
Fra:372 Mem:152.01M (Peak 152.58M) | Time:00:00.21 | Mem:0.00M, Peak:0.00M | Scene, ViewLayer | Synchronizing object | ENV_bgtree_0
Fra:372 Mem:152.60M (Peak 152.60M) | Time:00:00.21 | Mem:0.00M, Peak:0.00M | Scene, ViewLayer | Synchronizing object | ENV_bgtree_1
Fra:372 Mem:153.47M (Peak 153.47M) | Time:00:00.21 | Mem:0.00M, Peak:0.00M | Scene, ViewLayer | Synchronizing object | ENV_bgtree_2
Fra:372 Mem:154.06M (Peak 154.06M) | Time:00:00.21 | Mem:0.00M, Peak:0.00M | Scene, ViewLayer | Synchronizing object | ENV_bgtree_3
Fra:372 Mem:154.62M (Peak 154.62M) | Time:00:00.21 | Mem:0.00M, Peak:0.00M | Scene, ViewLayer | Synchronizing object | ENV_bgtree_4
Fra:372 Mem:155.52M (Peak 155.52M) | Time:00:00.21 | Mem:0.00M, Peak:0.00M | Scene, ViewLayer | Synchronizing object | ENV_bgtree_5
Fra:372 Mem:156.09M (Peak 156.09M) | Time:00:00.21 | Mem:0.00M, Peak:0.00M | Scene, ViewLayer | Synchronizing object | ENV_bgtree_6
Fra:372 Mem:156.97M (Peak 156.97M) | Time:00:00.21 | Mem:0.00M, Peak:0.00M | Scene, ViewLayer | Synchronizing object | ENV_bgtree_7
Fra:372 Mem:157.56M (Peak 157.56M) | Time:00:00.21 | Mem:0.00M, Peak:0.00M | Scene, ViewLayer | Synchronizing object | ENV_bgtree_8
Fra:372 Mem:158.43M (Peak 158.43M) | Time:00:00.22 | Mem:0.00M, Peak:0.00M | Scene, ViewLayer | Synchronizing object | ENV_bgtree_9
Fra:372 Mem:159.00M (Peak 159.00M) | Time:00:00.22 | Mem:0.00M, Peak:0.00M | Scene, ViewLayer | Synchronizing object | ENV_bgtree_10
Fra:372 Mem:159.88M (Peak 159.88M) | Time:00:00.22 | Mem:0.00M, Peak:0.00M | Scene, ViewLayer | Synchronizing object | ENV_bgtree_11
Fra:372 Mem:160.75M (Peak 160.75M) | Time:00:00.22 | Mem:0.00M, Peak:0.00M | Scene, ViewLayer | Synchronizing object | ENV_bgtree_12
Fra:372 Mem:161.63M (Peak 161.63M) | Time:00:00.22 | Mem:0.00M, Peak:0.00M | Scene, ViewLayer | Synchronizing object | ENV_bgtree_13
Fra:372 Mem:162.51M (Peak 162.51M) | Time:00:00.22 | Mem:0.00M, Peak:0.00M | Scene, ViewLayer | Synchronizing object | ENV_bgtree_14
Fra:372 Mem:163.39M (Peak 163.39M) | Time:00:00.22 | Mem:0.00M, Peak:0.00M | Scene, ViewLayer | Synchronizing object | ENV_bgtree_15
Fra:372 Mem:164.27M (Peak 164.27M) | Time:00:00.23 | Mem:0.00M, Peak:0.00M | Scene, ViewLayer | Synchronizing object | ENV_bgtree_16
Fra:372 Mem:165.15M (Peak 165.15M) | Time:00:00.23 | Mem:0.00M, Peak:0.00M | Scene, ViewLayer | Synchronizing object | ENV_bgtree_17
Fra:372 Mem:166.02M (Peak 166.02M) | Time:00:00.23 | Mem:0.00M, Peak:0.00M | Scene, ViewLayer | Synchronizing object | ENV_bgtree_18
Fra:372 Mem:166.90M (Peak 166.90M) | Time:00:00.23 | Mem:0.00M, Peak:0.00M | Scene, ViewLayer | Synchronizing object | ENV_bgtree_19
Fra:372 Mem:167.78M (Peak 167.78M) | Time:00:00.23 | Mem:0.00M, Peak:0.00M | Scene, ViewLayer | Synchronizing object | ENV_bgtree_20
Fra:372 Mem:168.66M (Peak 168.66M) | Time:00:00.23 | Mem:0.00M, Peak:0.00M | Scene, ViewLayer | Synchronizing object | ENV_bgtree_21
Fra:372 Mem:169.54M (Peak 169.54M) | Time:00:00.24 | Mem:0.00M, Peak:0.00M | Scene, ViewLayer | Synchronizing object | ENV_bgtree_22
Fra:372 Mem:170.42M (Peak 170.42M) | Time:00:00.24 | Mem:0.00M, Peak:0.00M | Scene, ViewLayer | Synchronizing object | ENV_bgtree_23
Fra:372 Mem:171.29M (Peak 171.29M) | Time:00:00.24 | Mem:0.00M, Peak:0.00M | Scene, ViewLayer | Synchronizing object | ENV_bgtree_24
Fra:372 Mem:172.17M (Peak 172.17M) | Time:00:00.24 | Mem:0.00M, Peak:0.00M | Scene, ViewLayer | Synchronizing object | ENV_bgtree_25
Fra:372 Mem:173.06M (Peak 173.06M) | Time:00:00.24 | Mem:0.00M, Peak:0.00M | Scene, ViewLayer | Synchronizing object | ENV_bgtree_26
Fra:372 Mem:173.94M (Peak 173.94M) | Time:00:00.24 | Mem:0.00M, Peak:0.00M | Scene, ViewLayer | Synchronizing object | ENV_bgtree_27
Fra:372 Mem:174.81M (Peak 174.81M) | Time:00:00.24 | Mem:0.00M, Peak:0.00M | Scene, ViewLayer | Synchronizing object | ENV_bgtree_28
Fra:372 Mem:175.69M (Peak 175.69M) | Time:00:00.25 | Mem:0.00M, Peak:0.00M | Scene, ViewLayer | Synchronizing object | ENV_bgtree_29
Fra:372 Mem:176.57M (Peak 176.57M) | Time:00:00.25 | Mem:0.00M, Peak:0.00M | Scene, ViewLayer | Synchronizing object | ENV_bgtree_30
Fra:372 Mem:177.45M (Peak 177.45M) | Time:00:00.25 | Mem:0.00M, Peak:0.00M | Scene, ViewLayer | Synchronizing object | ENV_bgtree_31
Fra:372 Mem:178.33M (Peak 178.33M) | Time:00:00.25 | Mem:0.00M, Peak:0.00M | Scene, ViewLayer | Synchronizing object | ENV_bgtree_32
Fra:372 Mem:179.20M (Peak 179.20M) | Time:00:00.25 | Mem:0.00M, Peak:0.00M | Scene, ViewLayer | Synchronizing object | ENV_bgtree_33
Fra:372 Mem:180.08M (Peak 180.08M) | Time:00:00.26 | Mem:0.00M, Peak:0.00M | Scene, ViewLayer | Synchronizing object | ENV_bgtree_34
Fra:372 Mem:180.96M (Peak 180.96M) | Time:00:00.26 | Mem:0.00M, Peak:0.00M | Scene, ViewLayer | Synchronizing object | ENV_bgtree_35
Fra:372 Mem:181.84M (Peak 181.84M) | Time:00:00.26 | Mem:0.00M, Peak:0.00M | Scene, ViewLayer | Synchronizing object | ENV_bgtree_36
Fra:372 Mem:182.72M (Peak 182.72M) | Time:00:00.26 | Mem:0.00M, Peak:0.00M | Scene, ViewLayer | Synchronizing object | ENV_bgtree_37
Fra:372 Mem:183.60M (Peak 183.60M) | Time:00:00.26 | Mem:0.00M, Peak:0.00M | Scene, ViewLayer | Synchronizing object | ENV_bgtree_38
Fra:372 Mem:184.47M (Peak 184.47M) | Time:00:00.26 | Mem:0.00M, Peak:0.00M | Scene, ViewLayer | Synchronizing object | ENV_bgtree_39
Fra:372 Mem:185.35M (Peak 185.35M) | Time:00:00.26 | Mem:0.00M, Peak:0.00M | Scene, ViewLayer | Synchronizing object | ENV_bgtree_40
Fra:372 Mem:186.23M (Peak 186.23M) | Time:00:00.27 | Mem:0.00M, Peak:0.00M | Scene, ViewLayer | Synchronizing object | ENV_bgtree_41
Fra:372 Mem:187.11M (Peak 187.11M) | Time:00:00.27 | Mem:0.00M, Peak:0.00M | Scene, ViewLayer | Synchronizing object | ENV_bgtree_42
Fra:372 Mem:187.99M (Peak 187.99M) | Time:00:00.27 | Mem:0.00M, Peak:0.00M | Scene, ViewLayer | Synchronizing object | ENV_bgtree_43
Fra:372 Mem:188.87M (Peak 188.87M) | Time:00:00.27 | Mem:0.00M, Peak:0.00M | Scene, ViewLayer | Synchronizing object | ENV_bgtree_44
Fra:372 Mem:189.74M (Peak 189.74M) | Time:00:00.27 | Mem:0.00M, Peak:0.00M | Scene, ViewLayer | Synchronizing object | ENV_bgtree_45
Fra:372 Mem:190.62M (Peak 190.62M) | Time:00:00.27 | Mem:0.00M, Peak:0.00M | Scene, ViewLayer | Synchronizing object | ENV_bgtree_46
Fra:372 Mem:191.50M (Peak 191.50M) | Time:00:00.28 | Mem:0.00M, Peak:0.00M | Scene, ViewLayer | Synchronizing object | ENV_bgtree_47
Fra:372 Mem:192.38M (Peak 192.38M) | Time:00:00.28 | Mem:0.00M, Peak:0.00M | Scene, ViewLayer | Synchronizing object | ENV_bgtree_48
Fra:372 Mem:193.26M (Peak 193.26M) | Time:00:00.28 | Mem:0.00M, Peak:0.00M | Scene, ViewLayer | Synchronizing object | ENV_bgtree_49
Fra:372 Mem:194.13M (Peak 194.13M) | Time:00:00.28 | Mem:0.00M, Peak:0.00M | Scene, ViewLayer | Synchronizing object | ENV_bgtree_50
Fra:372 Mem:195.01M (Peak 195.01M) | Time:00:00.28 | Mem:0.00M, Peak:0.00M | Scene, ViewLayer | Synchronizing object | ENV_bgtree_51
Fra:372 Mem:195.89M (Peak 195.89M) | Time:00:00.29 | Mem:0.00M, Peak:0.00M | Scene, ViewLayer | Synchronizing object | ENV_bgtree_52
Fra:372 Mem:196.78M (Peak 196.78M) | Time:00:00.29 | Mem:0.00M, Peak:0.00M | Scene, ViewLayer | Synchronizing object | ENV_bgtree_53
Fra:372 Mem:197.65M (Peak 197.65M) | Time:00:00.29 | Mem:0.00M, Peak:0.00M | Scene, ViewLayer | Synchronizing object | ENV_bgtree_54
Fra:372 Mem:198.53M (Peak 198.53M) | Time:00:00.29 | Mem:0.00M, Peak:0.00M | Scene, ViewLayer | Synchronizing object | ENV_bgtree_55
Fra:372 Mem:199.40M (Peak 199.40M) | Time:00:00.29 | Mem:0.00M, Peak:0.00M | Scene, ViewLayer | Synchronizing object | ENV_bgtree_56
Fra:372 Mem:200.28M (Peak 200.28M) | Time:00:00.29 | Mem:0.00M, Peak:0.00M | Scene, ViewLayer | Synchronizing object | ENV_bgtree_57
Fra:372 Mem:201.16M (Peak 201.16M) | Time:00:00.30 | Mem:0.00M, Peak:0.00M | Scene, ViewLayer | Synchronizing object | ENV_bgtree_58
Fra:372 Mem:202.04M (Peak 202.04M) | Time:00:00.30 | Mem:0.00M, Peak:0.00M | Scene, ViewLayer | Synchronizing object | ENV_bgtree_59
Fra:372 Mem:202.65M (Peak 202.65M) | Time:00:00.30 | Mem:0.00M, Peak:0.00M | Scene, ViewLayer | Synchronizing object | ENV_fern_0
Fra:372 Mem:203.07M (Peak 203.07M) | Time:00:00.30 | Mem:0.00M, Peak:0.00M | Scene, ViewLayer | Synchronizing object | ENV_fern_1
Fra:372 Mem:203.61M (Peak 203.61M) | Time:00:00.30 | Mem:0.00M, Peak:0.00M | Scene, ViewLayer | Synchronizing object | ENV_fern_2
Fra:372 Mem:204.28M (Peak 204.28M) | Time:00:00.30 | Mem:0.00M, Peak:0.00M | Scene, ViewLayer | Synchronizing object | ENV_fern_3
Fra:372 Mem:204.70M (Peak 204.70M) | Time:00:00.30 | Mem:0.00M, Peak:0.00M | Scene, ViewLayer | Synchronizing object | ENV_fern_4
Fra:372 Mem:205.24M (Peak 205.24M) | Time:00:00.30 | Mem:0.00M, Peak:0.00M | Scene, ViewLayer | Synchronizing object | ENV_fern_5
Fra:372 Mem:205.91M (Peak 205.91M) | Time:00:00.30 | Mem:0.00M, Peak:0.00M | Scene, ViewLayer | Synchronizing object | ENV_fern_6
Fra:372 Mem:206.33M (Peak 206.33M) | Time:00:00.30 | Mem:0.00M, Peak:0.00M | Scene, ViewLayer | Synchronizing object | ENV_fern_7
Fra:372 Mem:206.87M (Peak 206.87M) | Time:00:00.30 | Mem:0.00M, Peak:0.00M | Scene, ViewLayer | Synchronizing object | ENV_fern_8
Fra:372 Mem:207.54M (Peak 207.54M) | Time:00:00.30 | Mem:0.00M, Peak:0.00M | Scene, ViewLayer | Synchronizing object | ENV_fern_9
Fra:372 Mem:207.97M (Peak 207.97M) | Time:00:00.30 | Mem:0.00M, Peak:0.00M | Scene, ViewLayer | Synchronizing object | ENV_fern_10
Fra:372 Mem:208.53M (Peak 208.53M) | Time:00:00.31 | Mem:0.00M, Peak:0.00M | Scene, ViewLayer | Synchronizing object | ENV_fern_11
Fra:372 Mem:209.19M (Peak 209.19M) | Time:00:00.31 | Mem:0.00M, Peak:0.00M | Scene, ViewLayer | Synchronizing object | ENV_fern_12
Fra:372 Mem:209.54M (Peak 209.54M) | Time:00:00.31 | Mem:0.00M, Peak:0.00M | Scene, ViewLayer | Synchronizing object | ENV_twig_0
Fra:372 Mem:209.58M (Peak 209.58M) | Time:00:00.31 | Mem:0.00M, Peak:0.00M | Scene, ViewLayer | Synchronizing object | ENV_twig_1
Fra:372 Mem:209.70M (Peak 209.70M) | Time:00:00.31 | Mem:0.00M, Peak:0.00M | Scene, ViewLayer | Synchronizing object | ENV_fern_13
Fra:372 Mem:209.77M (Peak 209.77M) | Time:00:00.31 | Mem:0.00M, Peak:0.00M | Scene, ViewLayer | Synchronizing object | ENV_twig_2
Fra:372 Mem:210.11M (Peak 210.11M) | Time:00:00.31 | Mem:0.00M, Peak:0.00M | Scene, ViewLayer | Synchronizing object | ENV_twig_3
Fra:372 Mem:210.24M (Peak 210.24M) | Time:00:00.31 | Mem:0.00M, Peak:0.00M | Scene, ViewLayer | Synchronizing object | ENV_twig_4
Fra:372 Mem:210.27M (Peak 210.27M) | Time:00:00.31 | Mem:0.00M, Peak:0.00M | Scene, ViewLayer | Synchronizing object | ENV_twig_5
Fra:372 Mem:210.31M (Peak 210.31M) | Time:00:00.31 | Mem:0.00M, Peak:0.00M | Scene, ViewLayer | Synchronizing object | ENV_twig_6
Fra:372 Mem:210.36M (Peak 210.36M) | Time:00:00.31 | Mem:0.00M, Peak:0.00M | Scene, ViewLayer | Synchronizing object | ENV_twig_7
Fra:372 Mem:210.47M (Peak 210.47M) | Time:00:00.31 | Mem:0.00M, Peak:0.00M | Scene, ViewLayer | Synchronizing object | ENV_twig_8
Fra:372 Mem:210.54M (Peak 210.54M) | Time:00:00.31 | Mem:0.00M, Peak:0.00M | Scene, ViewLayer | Synchronizing object | ENV_fern_14
Fra:372 Mem:210.62M (Peak 210.62M) | Time:00:00.31 | Mem:0.00M, Peak:0.00M | Scene, ViewLayer | Synchronizing object | ENV_twig_9
Fra:372 Mem:211.04M (Peak 211.04M) | Time:00:00.31 | Mem:0.00M, Peak:0.00M | Scene, ViewLayer | Synchronizing object | ENV_twig_10
Fra:372 Mem:211.18M (Peak 211.18M) | Time:00:00.31 | Mem:0.00M, Peak:0.00M | Scene, ViewLayer | Synchronizing object | ENV_twig_11
Fra:372 Mem:211.23M (Peak 211.23M) | Time:00:00.31 | Mem:0.00M, Peak:0.00M | Scene, ViewLayer | Synchronizing object | ENV_twig_12
Fra:372 Mem:211.25M (Peak 211.25M) | Time:00:00.31 | Mem:0.00M, Peak:0.00M | Scene, ViewLayer | Synchronizing object | ENV_twig_13
Fra:372 Mem:211.30M (Peak 211.30M) | Time:00:00.31 | Mem:0.00M, Peak:0.00M | Scene, ViewLayer | Synchronizing object | ENV_twig_14
Fra:372 Mem:211.35M (Peak 211.35M) | Time:00:00.31 | Mem:0.00M, Peak:0.00M | Scene, ViewLayer | Synchronizing object | ENV_twig_15
Fra:372 Mem:211.39M (Peak 211.39M) | Time:00:00.31 | Mem:0.00M, Peak:0.00M | Scene, ViewLayer | Synchronizing object | ENV_twig_16
Fra:372 Mem:211.51M (Peak 211.51M) | Time:00:00.31 | Mem:0.00M, Peak:0.00M | Scene, ViewLayer | Synchronizing object | ENV_twig_17
Fra:372 Mem:211.66M (Peak 211.66M) | Time:00:00.31 | Mem:0.00M, Peak:0.00M | Scene, ViewLayer | Synchronizing object | ENV_twig_18
Fra:372 Mem:211.63M (Peak 211.66M) | Time:00:00.31 | Mem:0.00M, Peak:0.00M | Scene, ViewLayer | Synchronizing object | ENV_fern_15
Fra:372 Mem:211.86M (Peak 211.86M) | Time:00:00.31 | Mem:0.00M, Peak:0.00M | Scene, ViewLayer | Synchronizing object | ENV_twig_19
Fra:372 Mem:212.03M (Peak 212.03M) | Time:00:00.31 | Mem:0.00M, Peak:0.00M | Scene, ViewLayer | Synchronizing object | ENV_twig_20
Fra:372 Mem:212.06M (Peak 212.06M) | Time:00:00.31 | Mem:0.00M, Peak:0.00M | Scene, ViewLayer | Synchronizing object | ENV_twig_21
Fra:372 Mem:212.11M (Peak 212.11M) | Time:00:00.31 | Mem:0.00M, Peak:0.00M | Scene, ViewLayer | Synchronizing object | ENV_twig_22
Fra:372 Mem:212.15M (Peak 212.15M) | Time:00:00.31 | Mem:0.00M, Peak:0.00M | Scene, ViewLayer | Synchronizing object | ENV_twig_23
Fra:372 Mem:212.26M (Peak 212.26M) | Time:00:00.31 | Mem:0.00M, Peak:0.00M | Scene, ViewLayer | Synchronizing object | ENV_twig_24
Fra:372 Mem:212.30M (Peak 212.30M) | Time:00:00.31 | Mem:0.00M, Peak:0.00M | Scene, ViewLayer | Synchronizing object | ENV_fern_16
Fra:372 Mem:212.38M (Peak 212.38M) | Time:00:00.31 | Mem:0.00M, Peak:0.00M | Scene, ViewLayer | Synchronizing object | ENV_twig_25
Fra:372 Mem:212.80M (Peak 212.80M) | Time:00:00.31 | Mem:0.00M, Peak:0.00M | Scene, ViewLayer | Synchronizing object | PROP_twig_hero
Fra:372 Mem:212.80M (Peak 212.80M) | Time:00:00.31 | Mem:0.00M, Peak:0.00M | Scene, ViewLayer | Synchronizing object | ENV_mist
Fra:372 Mem:212.80M (Peak 212.80M) | Time:00:00.31 | Mem:0.00M, Peak:0.00M | Scene, ViewLayer | Synchronizing object | ENV_leaf_1099
Fra:372 Mem:212.81M (Peak 212.81M) | Time:00:00.31 | Mem:0.00M, Peak:0.00M | Scene, ViewLayer | Synchronizing object | ENV_leaf_1098
Fra:372 Mem:212.81M (Peak 212.81M) | Time:00:00.31 | Mem:0.00M, Peak:0.00M | Scene, ViewLayer | Synchronizing object | ENV_leaf_1097
Fra:372 Mem:212.82M (Peak 212.82M) | Time:00:00.31 | Mem:0.00M, Peak:0.00M | Scene, ViewLayer | Synchronizing object | ENV_leaf_1096
Fra:372 Mem:212.82M (Peak 212.82M) | Time:00:00.31 | Mem:0.00M, Peak:0.00M | Scene, ViewLayer | Synchronizing object | ENV_leaf_1095
Fra:372 Mem:212.82M (Peak 212.82M) | Time:00:00.31 | Mem:0.00M, Peak:0.00M | Scene, ViewLayer | Synchronizing object | ENV_leaf_1094
Fra:372 Mem:212.83M (Peak 212.83M) | Time:00:00.31 | Mem:0.00M, Peak:0.00M | Scene, ViewLayer | Synchronizing object | ENV_leaf_1093
Fra:372 Mem:212.83M (Peak 212.83M) | Time:00:00.31 | Mem:0.00M, Peak:0.00M | Scene, ViewLayer | Synchronizing object | ENV_leaf_1092
Fra:372 Mem:212.90M (Peak 212.90M) | Time:00:00.31 | Mem:0.00M, Peak:0.00M | Scene, ViewLayer | Synchronizing object | ENV_leaf_1091
Fra:372 Mem:212.90M (Peak 212.90M) | Time:00:00.31 | Mem:0.00M, Peak:0.00M | Scene, ViewLayer | Synchronizing object | ENV_leaf_1090
Fra:372 Mem:212.93M (Peak 212.93M) | Time:00:00.31 | Mem:0.00M, Peak:0.00M | Scene, ViewLayer | Synchronizing object | ENV_leaf_1089
Fra:372 Mem:212.99M (Peak 212.99M) | Time:00:00.31 | Mem:0.00M, Peak:0.00M | Scene, ViewLayer | Synchronizing object | ENV_leaf_1088
Fra:372 Mem:213.00M (Peak 213.00M) | Time:00:00.31 | Mem:0.00M, Peak:0.00M | Scene, ViewLayer | Synchronizing object | ENV_leaf_1087
Fra:372 Mem:212.94M (Peak 213.00M) | Time:00:00.31 | Mem:0.00M, Peak:0.00M | Scene, ViewLayer | Synchronizing object | ENV_fern_17
Fra:372 Mem:213.03M (Peak 213.03M) | Time:00:00.31 | Mem:0.00M, Peak:0.00M | Scene, ViewLayer | Synchronizing object | ENV_leaf_1086
Fra:372 Mem:213.03M (Peak 213.03M) | Time:00:00.31 | Mem:0.00M, Peak:0.00M | Scene, ViewLayer | Synchronizing object | ENV_leaf_1085
Fra:372 Mem:213.23M (Peak 213.23M) | Time:00:00.31 | Mem:0.00M, Peak:0.00M | Scene, ViewLayer | Synchronizing object | ENV_leaf_1084
Fra:372 Mem:213.31M (Peak 213.31M) | Time:00:00.31 | Mem:0.00M, Peak:0.00M | Scene, ViewLayer | Synchronizing object | ENV_leaf_1083
Fra:372 Mem:213.42M (Peak 213.42M) | Time:00:00.31 | Mem:0.00M, Peak:0.00M | Scene, ViewLayer | Synchronizing object | ENV_leaf_1082
Fra:372 Mem:213.42M (Peak 213.42M) | Time:00:00.31 | Mem:0.00M, Peak:0.00M | Scene, ViewLayer | Synchronizing object | ENV_leaf_1081
Fra:372 Mem:213.42M (Peak 213.42M) | Time:00:00.31 | Mem:0.00M, Peak:0.00M | Scene, ViewLayer | Synchronizing object | ENV_leaf_1080
Fra:372 Mem:213.45M (Peak 213.45M) | Time:00:00.31 | Mem:0.00M, Peak:0.00M | Scene, ViewLayer | Synchronizing object | ENV_leaf_1079
Fra:372 Mem:213.53M (Peak 213.53M) | Time:00:00.31 | Mem:0.00M, Peak:0.00M | Scene, ViewLayer | Synchronizing object | ENV_leaf_1078
Fra:372 Mem:213.53M (Peak 213.53M) | Time:00:00.31 | Mem:0.00M, Peak:0.00M | Scene, ViewLayer | Synchronizing object | ENV_leaf_1077
Fra:372 Mem:213.54M (Peak 213.54M) | Time:00:00.31 | Mem:0.00M, Peak:0.00M | Scene, ViewLayer | Synchronizing object | ENV_leaf_1076
Fra:372 Mem:213.54M (Peak 213.54M) | Time:00:00.31 | Mem:0.00M, Peak:0.00M | Scene, ViewLayer | Synchronizing object | ENV_leaf_1075
Fra:372 Mem:213.54M (Peak 213.54M) | Time:00:00.31 | Mem:0.00M, Peak:0.00M | Scene, ViewLayer | Synchronizing object | ENV_leaf_1074
Fra:372 Mem:213.55M (Peak 213.55M) | Time:00:00.31 | Mem:0.00M, Peak:0.00M | Scene, ViewLayer | Synchronizing object | ENV_leaf_1073
Fra:372 Mem:213.55M (Peak 213.55M) | Time:00:00.31 | Mem:0.00M, Peak:0.00M | Scene, ViewLayer | Synchronizing object | ENV_leaf_1072
Fra:372 Mem:213.56M (Peak 213.56M) | Time:00:00.31 | Mem:0.00M, Peak:0.00M | Scene, ViewLayer | Synchronizing object | ENV_leaf_1071
Fra:372 Mem:213.54M (Peak 213.56M) | Time:00:00.31 | Mem:0.00M, Peak:0.00M | Scene, ViewLayer | Synchronizing object | ENV_leaf_1070
Fra:372 Mem:213.55M (Peak 213.56M) | Time:00:00.31 | Mem:0.00M, Peak:0.00M | Scene, ViewLayer | Synchronizing object | ENV_leaf_1069
Fra:372 Mem:213.55M (Peak 213.56M) | Time:00:00.31 | Mem:0.00M, Peak:0.00M | Scene, ViewLayer | Synchronizing object | ENV_leaf_1068
Fra:372 Mem:213.55M (Peak 213.56M) | Time:00:00.31 | Mem:0.00M, Peak:0.00M | Scene, ViewLayer | Synchronizing object | ENV_leaf_1067
Fra:372 Mem:213.56M (Peak 213.56M) | Time:00:00.31 | Mem:0.00M, Peak:0.00M | Scene, ViewLayer | Synchronizing object | ENV_leaf_1066
Fra:372 Mem:213.56M (Peak 213.56M) | Time:00:00.31 | Mem:0.00M, Peak:0.00M | Scene, ViewLayer | Synchronizing object | ENV_leaf_1065
Fra:372 Mem:213.57M (Peak 213.57M) | Time:00:00.31 | Mem:0.00M, Peak:0.00M | Scene, ViewLayer | Synchronizing object | ENV_leaf_1064
Fra:372 Mem:213.57M (Peak 213.57M) | Time:00:00.31 | Mem:0.00M, Peak:0.00M | Scene, ViewLayer | Synchronizing object | ENV_leaf_1063
Fra:372 Mem:213.57M (Peak 213.57M) | Time:00:00.31 | Mem:0.00M, Peak:0.00M | Scene, ViewLayer | Synchronizing object | ENV_leaf_1062
Fra:372 Mem:213.58M (Peak 213.58M) | Time:00:00.31 | Mem:0.00M, Peak:0.00M | Scene, ViewLayer | Synchronizing object | ENV_leaf_1061
Fra:372 Mem:213.58M (Peak 213.58M) | Time:00:00.31 | Mem:0.00M, Peak:0.00M | Scene, ViewLayer | Synchronizing object | ENV_leaf_1060
Fra:372 Mem:213.59M (Peak 213.59M) | Time:00:00.31 | Mem:0.00M, Peak:0.00M | Scene, ViewLayer | Synchronizing object | ENV_leaf_1059
Fra:372 Mem:213.59M (Peak 213.59M) | Time:00:00.31 | Mem:0.00M, Peak:0.00M | Scene, ViewLayer | Synchronizing object | ENV_leaf_1058
Fra:372 Mem:213.59M (Peak 213.59M) | Time:00:00.31 | Mem:0.00M, Peak:0.00M | Scene, ViewLayer | Synchronizing object | ENV_leaf_1057
Fra:372 Mem:213.60M (Peak 213.60M) | Time:00:00.31 | Mem:0.00M, Peak:0.00M | Scene, ViewLayer | Synchronizing object | ENV_leaf_1056
Fra:372 Mem:213.60M (Peak 213.60M) | Time:00:00.31 | Mem:0.00M, Peak:0.00M | Scene, ViewLayer | Synchronizing object | ENV_leaf_1055
Fra:372 Mem:213.61M (Peak 213.61M) | Time:00:00.31 | Mem:0.00M, Peak:0.00M | Scene, ViewLayer | Synchronizing object | ENV_leaf_1054
Fra:372 Mem:213.61M (Peak 213.61M) | Time:00:00.31 | Mem:0.00M, Peak:0.00M | Scene, ViewLayer | Synchronizing object | ENV_leaf_1053
Fra:372 Mem:213.69M (Peak 213.69M) | Time:00:00.31 | Mem:0.00M, Peak:0.00M | Scene, ViewLayer | Synchronizing object | ENV_leaf_1052
Fra:372 Mem:213.69M (Peak 213.69M) | Time:00:00.31 | Mem:0.00M, Peak:0.00M | Scene, ViewLayer | Synchronizing object | ENV_leaf_1051
Fra:372 Mem:213.73M (Peak 213.73M) | Time:00:00.31 | Mem:0.00M, Peak:0.00M | Scene, ViewLayer | Synchronizing object | ENV_leaf_1050
Fra:372 Mem:213.81M (Peak 213.81M) | Time:00:00.31 | Mem:0.00M, Peak:0.00M | Scene, ViewLayer | Synchronizing object | ENV_leaf_1049
Fra:372 Mem:213.81M (Peak 213.81M) | Time:00:00.31 | Mem:0.00M, Peak:0.00M | Scene, ViewLayer | Synchronizing object | ENV_leaf_1048
Fra:372 Mem:213.82M (Peak 213.82M) | Time:00:00.31 | Mem:0.00M, Peak:0.00M | Scene, ViewLayer | Synchronizing object | ENV_leaf_1047
Fra:372 Mem:213.74M (Peak 213.82M) | Time:00:00.31 | Mem:0.00M, Peak:0.00M | Scene, ViewLayer | Synchronizing object | ENV_fern_18
Fra:372 Mem:213.80M (Peak 213.82M) | Time:00:00.31 | Mem:0.00M, Peak:0.00M | Scene, ViewLayer | Synchronizing object | ENV_leaf_1046
Fra:372 Mem:213.97M (Peak 213.97M) | Time:00:00.31 | Mem:0.00M, Peak:0.00M | Scene, ViewLayer | Synchronizing object | ENV_leaf_1045
Fra:372 Mem:214.04M (Peak 214.04M) | Time:00:00.31 | Mem:0.00M, Peak:0.00M | Scene, ViewLayer | Synchronizing object | ENV_leaf_1044
Fra:372 Mem:214.04M (Peak 214.04M) | Time:00:00.31 | Mem:0.00M, Peak:0.00M | Scene, ViewLayer | Synchronizing object | ENV_leaf_1043
Fra:372 Mem:214.11M (Peak 214.11M) | Time:00:00.31 | Mem:0.00M, Peak:0.00M | Scene, ViewLayer | Synchronizing object | ENV_leaf_1042
Fra:372 Mem:214.11M (Peak 214.11M) | Time:00:00.31 | Mem:0.00M, Peak:0.00M | Scene, ViewLayer | Synchronizing object | ENV_leaf_1041
Fra:372 Mem:214.11M (Peak 214.11M) | Time:00:00.31 | Mem:0.00M, Peak:0.00M | Scene, ViewLayer | Synchronizing object | ENV_leaf_1039
Fra:372 Mem:214.12M (Peak 214.12M) | Time:00:00.31 | Mem:0.00M, Peak:0.00M | Scene, ViewLayer | Synchronizing object | ENV_leaf_1038
Fra:372 Mem:214.12M (Peak 214.12M) | Time:00:00.31 | Mem:0.00M, Peak:0.00M | Scene, ViewLayer | Synchronizing object | ENV_leaf_1037
Fra:372 Mem:214.11M (Peak 214.12M) | Time:00:00.31 | Mem:0.00M, Peak:0.00M | Scene, ViewLayer | Synchronizing object | ENV_leaf_1036
Fra:372 Mem:214.12M (Peak 214.12M) | Time:00:00.31 | Mem:0.00M, Peak:0.00M | Scene, ViewLayer | Synchronizing object | ENV_leaf_1035
Fra:372 Mem:214.12M (Peak 214.12M) | Time:00:00.31 | Mem:0.00M, Peak:0.00M | Scene, ViewLayer | Synchronizing object | ENV_leaf_1034
Fra:372 Mem:214.13M (Peak 214.13M) | Time:00:00.31 | Mem:0.00M, Peak:0.00M | Scene, ViewLayer | Synchronizing object | ENV_leaf_1033
Fra:372 Mem:214.13M (Peak 214.13M) | Time:00:00.31 | Mem:0.00M, Peak:0.00M | Scene, ViewLayer | Synchronizing object | ENV_leaf_1032
Fra:372 Mem:214.13M (Peak 214.13M) | Time:00:00.31 | Mem:0.00M, Peak:0.00M | Scene, ViewLayer | Synchronizing object | ENV_leaf_1031
Fra:372 Mem:214.14M (Peak 214.14M) | Time:00:00.31 | Mem:0.00M, Peak:0.00M | Scene, ViewLayer | Synchronizing object | ENV_leaf_1030
Fra:372 Mem:214.14M (Peak 214.14M) | Time:00:00.31 | Mem:0.00M, Peak:0.00M | Scene, ViewLayer | Synchronizing object | ENV_leaf_1029
Fra:372 Mem:214.15M (Peak 214.15M) | Time:00:00.31 | Mem:0.00M, Peak:0.00M | Scene, ViewLayer | Synchronizing object | ENV_leaf_1028
Fra:372 Mem:214.15M (Peak 214.15M) | Time:00:00.31 | Mem:0.00M, Peak:0.00M | Scene, ViewLayer | Synchronizing object | ENV_leaf_1027
Fra:372 Mem:214.15M (Peak 214.15M) | Time:00:00.31 | Mem:0.00M, Peak:0.00M | Scene, ViewLayer | Synchronizing object | ENV_leaf_1026
Fra:372 Mem:214.21M (Peak 214.21M) | Time:00:00.31 | Mem:0.00M, Peak:0.00M | Scene, ViewLayer | Synchronizing object | ENV_leaf_1025
Fra:372 Mem:214.23M (Peak 214.23M) | Time:00:00.31 | Mem:0.00M, Peak:0.00M | Scene, ViewLayer | Synchronizing object | ENV_leaf_1024
Fra:372 Mem:214.28M (Peak 214.28M) | Time:00:00.31 | Mem:0.00M, Peak:0.00M | Scene, ViewLayer | Synchronizing object | ENV_leaf_1023
Fra:372 Mem:214.28M (Peak 214.28M) | Time:00:00.31 | Mem:0.00M, Peak:0.00M | Scene, ViewLayer | Synchronizing object | ENV_leaf_1022
Fra:372 Mem:214.24M (Peak 214.28M) | Time:00:00.31 | Mem:0.00M, Peak:0.00M | Scene, ViewLayer | Synchronizing object | ENV_fern_19
Fra:372 Mem:214.24M (Peak 214.28M) | Time:00:00.31 | Mem:0.00M, Peak:0.00M | Scene, ViewLayer | Synchronizing object | ENV_leaf_1021
Fra:372 Mem:214.31M (Peak 214.31M) | Time:00:00.31 | Mem:0.00M, Peak:0.00M | Scene, ViewLayer | Synchronizing object | ENV_leaf_1020
Fra:372 Mem:214.32M (Peak 214.32M) | Time:00:00.31 | Mem:0.00M, Peak:0.00M | Scene, ViewLayer | Synchronizing object | ENV_leaf_1019
Fra:372 Mem:214.54M (Peak 214.54M) | Time:00:00.31 | Mem:0.00M, Peak:0.00M | Scene, ViewLayer | Synchronizing object | ENV_leaf_1018
Fra:372 Mem:214.63M (Peak 214.63M) | Time:00:00.31 | Mem:0.00M, Peak:0.00M | Scene, ViewLayer | Synchronizing object | ENV_leaf_1017
Fra:372 Mem:214.63M (Peak 214.63M) | Time:00:00.31 | Mem:0.00M, Peak:0.00M | Scene, ViewLayer | Synchronizing object | ENV_leaf_1016
Fra:372 Mem:214.64M (Peak 214.64M) | Time:00:00.31 | Mem:0.00M, Peak:0.00M | Scene, ViewLayer | Synchronizing object | ENV_leaf_1015
Fra:372 Mem:214.66M (Peak 214.66M) | Time:00:00.31 | Mem:0.00M, Peak:0.00M | Scene, ViewLayer | Synchronizing object | ENV_leaf_1014
Fra:372 Mem:214.72M (Peak 214.72M) | Time:00:00.31 | Mem:0.00M, Peak:0.00M | Scene, ViewLayer | Synchronizing object | ENV_leaf_1013
Fra:372 Mem:214.73M (Peak 214.73M) | Time:00:00.31 | Mem:0.00M, Peak:0.00M | Scene, ViewLayer | Synchronizing object | ENV_leaf_1012
Fra:372 Mem:214.73M (Peak 214.73M) | Time:00:00.31 | Mem:0.00M, Peak:0.00M | Scene, ViewLayer | Synchronizing object | ENV_leaf_1011
Fra:372 Mem:214.74M (Peak 214.74M) | Time:00:00.31 | Mem:0.00M, Peak:0.00M | Scene, ViewLayer | Synchronizing object | ENV_leaf_1009
Fra:372 Mem:214.74M (Peak 214.74M) | Time:00:00.31 | Mem:0.00M, Peak:0.00M | Scene, ViewLayer | Synchronizing object | ENV_leaf_1008
Fra:372 Mem:214.73M (Peak 214.74M) | Time:00:00.31 | Mem:0.00M, Peak:0.00M | Scene, ViewLayer | Synchronizing object | ENV_leaf_1007
Fra:372 Mem:214.73M (Peak 214.74M) | Time:00:00.31 | Mem:0.00M, Peak:0.00M | Scene, ViewLayer | Synchronizing object | ENV_leaf_1006
Fra:372 Mem:214.74M (Peak 214.74M) | Time:00:00.31 | Mem:0.00M, Peak:0.00M | Scene, ViewLayer | Synchronizing object | ENV_leaf_1005
Fra:372 Mem:214.74M (Peak 214.74M) | Time:00:00.31 | Mem:0.00M, Peak:0.00M | Scene, ViewLayer | Synchronizing object | ENV_leaf_1004
Fra:372 Mem:214.74M (Peak 214.74M) | Time:00:00.31 | Mem:0.00M, Peak:0.00M | Scene, ViewLayer | Synchronizing object | ENV_leaf_1003
Fra:372 Mem:214.75M (Peak 214.75M) | Time:00:00.31 | Mem:0.00M, Peak:0.00M | Scene, ViewLayer | Synchronizing object | ENV_leaf_1002
Fra:372 Mem:214.75M (Peak 214.75M) | Time:00:00.31 | Mem:0.00M, Peak:0.00M | Scene, ViewLayer | Synchronizing object | ENV_leaf_1001
Fra:372 Mem:214.76M (Peak 214.76M) | Time:00:00.31 | Mem:0.00M, Peak:0.00M | Scene, ViewLayer | Synchronizing object | ENV_leaf_1000
Fra:372 Mem:214.76M (Peak 214.76M) | Time:00:00.31 | Mem:0.00M, Peak:0.00M | Scene, ViewLayer | Synchronizing object | ENV_leaf_998
Fra:372 Mem:214.76M (Peak 214.76M) | Time:00:00.31 | Mem:0.00M, Peak:0.00M | Scene, ViewLayer | Synchronizing object | ENV_leaf_997
Fra:372 Mem:214.77M (Peak 214.77M) | Time:00:00.31 | Mem:0.00M, Peak:0.00M | Scene, ViewLayer | Synchronizing object | ENV_leaf_996
Fra:372 Mem:214.77M (Peak 214.77M) | Time:00:00.31 | Mem:0.00M, Peak:0.00M | Scene, ViewLayer | Synchronizing object | ENV_leaf_995
Fra:372 Mem:214.78M (Peak 214.78M) | Time:00:00.31 | Mem:0.00M, Peak:0.00M | Scene, ViewLayer | Synchronizing object | ENV_leaf_994
Fra:372 Mem:214.84M (Peak 214.84M) | Time:00:00.31 | Mem:0.00M, Peak:0.00M | Scene, ViewLayer | Synchronizing object | ENV_leaf_993
Fra:372 Mem:214.85M (Peak 214.85M) | Time:00:00.31 | Mem:0.00M, Peak:0.00M | Scene, ViewLayer | Synchronizing object | ENV_leaf_992
Fra:372 Mem:214.85M (Peak 214.85M) | Time:00:00.31 | Mem:0.00M, Peak:0.00M | Scene, ViewLayer | Synchronizing object | ENV_leaf_991
Fra:372 Mem:214.88M (Peak 214.88M) | Time:00:00.31 | Mem:0.00M, Peak:0.00M | Scene, ViewLayer | Synchronizing object | ENV_leaf_990
Fra:372 Mem:214.94M (Peak 214.94M) | Time:00:00.31 | Mem:0.00M, Peak:0.00M | Scene, ViewLayer | Synchronizing object | ENV_leaf_989
Fra:372 Mem:214.95M (Peak 214.95M) | Time:00:00.31 | Mem:0.00M, Peak:0.00M | Scene, ViewLayer | Synchronizing object | ENV_leaf_988
Fra:372 Mem:214.95M (Peak 214.95M) | Time:00:00.31 | Mem:0.00M, Peak:0.00M | Scene, ViewLayer | Synchronizing object | ENV_leaf_987
Fra:372 Mem:214.89M (Peak 214.95M) | Time:00:00.31 | Mem:0.00M, Peak:0.00M | Scene, ViewLayer | Synchronizing object | ENV_fern_20
Fra:372 Mem:214.98M (Peak 214.98M) | Time:00:00.31 | Mem:0.00M, Peak:0.00M | Scene, ViewLayer | Synchronizing object | ENV_leaf_986
Fra:372 Mem:214.98M (Peak 214.98M) | Time:00:00.31 | Mem:0.00M, Peak:0.00M | Scene, ViewLayer | Synchronizing object | ENV_leaf_985
Fra:372 Mem:215.19M (Peak 215.19M) | Time:00:00.31 | Mem:0.00M, Peak:0.00M | Scene, ViewLayer | Synchronizing object | ENV_leaf_984
Fra:372 Mem:215.27M (Peak 215.27M) | Time:00:00.31 | Mem:0.00M, Peak:0.00M | Scene, ViewLayer | Synchronizing object | ENV_leaf_983
Fra:372 Mem:215.37M (Peak 215.37M) | Time:00:00.31 | Mem:0.00M, Peak:0.00M | Scene, ViewLayer | Synchronizing object | ENV_leaf_982
Fra:372 Mem:215.37M (Peak 215.37M) | Time:00:00.31 | Mem:0.00M, Peak:0.00M | Scene, ViewLayer | Synchronizing object | ENV_leaf_981
Fra:372 Mem:215.38M (Peak 215.38M) | Time:00:00.31 | Mem:0.00M, Peak:0.00M | Scene, ViewLayer | Synchronizing object | ENV_leaf_980
Fra:372 Mem:215.40M (Peak 215.40M) | Time:00:00.31 | Mem:0.00M, Peak:0.00M | Scene, ViewLayer | Synchronizing object | ENV_leaf_979
Fra:372 Mem:215.48M (Peak 215.48M) | Time:00:00.31 | Mem:0.00M, Peak:0.00M | Scene, ViewLayer | Synchronizing object | ENV_leaf_978
Fra:372 Mem:215.48M (Peak 215.48M) | Time:00:00.31 | Mem:0.00M, Peak:0.00M | Scene, ViewLayer | Synchronizing object | ENV_leaf_977
Fra:372 Mem:215.49M (Peak 215.49M) | Time:00:00.31 | Mem:0.00M, Peak:0.00M | Scene, ViewLayer | Synchronizing object | ENV_leaf_976
Fra:372 Mem:215.49M (Peak 215.49M) | Time:00:00.31 | Mem:0.00M, Peak:0.00M | Scene, ViewLayer | Synchronizing object | ENV_leaf_975
Fra:372 Mem:215.50M (Peak 215.50M) | Time:00:00.31 | Mem:0.00M, Peak:0.00M | Scene, ViewLayer | Synchronizing object | ENV_leaf_974
Fra:372 Mem:215.50M (Peak 215.50M) | Time:00:00.31 | Mem:0.00M, Peak:0.00M | Scene, ViewLayer | Synchronizing object | ENV_leaf_973
Fra:372 Mem:215.51M (Peak 215.51M) | Time:00:00.31 | Mem:0.00M, Peak:0.00M | Scene, ViewLayer | Synchronizing object | ENV_leaf_972
Fra:372 Mem:215.51M (Peak 215.51M) | Time:00:00.31 | Mem:0.00M, Peak:0.00M | Scene, ViewLayer | Synchronizing object | ENV_leaf_971
Fra:372 Mem:215.49M (Peak 215.51M) | Time:00:00.31 | Mem:0.00M, Peak:0.00M | Scene, ViewLayer | Synchronizing object | ENV_leaf_970
Fra:372 Mem:215.50M (Peak 215.51M) | Time:00:00.31 | Mem:0.00M, Peak:0.00M | Scene, ViewLayer | Synchronizing object | ENV_leaf_969
Fra:372 Mem:215.50M (Peak 215.51M) | Time:00:00.31 | Mem:0.00M, Peak:0.00M | Scene, ViewLayer | Synchronizing object | ENV_leaf_968
Fra:372 Mem:215.51M (Peak 215.51M) | Time:00:00.31 | Mem:0.00M, Peak:0.00M | Scene, ViewLayer | Synchronizing object | ENV_leaf_967
Fra:372 Mem:215.51M (Peak 215.51M) | Time:00:00.31 | Mem:0.00M, Peak:0.00M | Scene, ViewLayer | Synchronizing object | ENV_leaf_966
Fra:372 Mem:215.51M (Peak 215.51M) | Time:00:00.31 | Mem:0.00M, Peak:0.00M | Scene, ViewLayer | Synchronizing object | ENV_leaf_965
Fra:372 Mem:215.52M (Peak 215.52M) | Time:00:00.31 | Mem:0.00M, Peak:0.00M | Scene, ViewLayer | Synchronizing object | ENV_leaf_964
Fra:372 Mem:215.52M (Peak 215.52M) | Time:00:00.31 | Mem:0.00M, Peak:0.00M | Scene, ViewLayer | Synchronizing object | ENV_leaf_963
Fra:372 Mem:215.53M (Peak 215.53M) | Time:00:00.31 | Mem:0.00M, Peak:0.00M | Scene, ViewLayer | Synchronizing object | ENV_leaf_962
Fra:372 Mem:215.53M (Peak 215.53M) | Time:00:00.31 | Mem:0.00M, Peak:0.00M | Scene, ViewLayer | Synchronizing object | ENV_leaf_961
Fra:372 Mem:215.53M (Peak 215.53M) | Time:00:00.31 | Mem:0.00M, Peak:0.00M | Scene, ViewLayer | Synchronizing object | ENV_leaf_960
Fra:372 Mem:215.54M (Peak 215.54M) | Time:00:00.31 | Mem:0.00M, Peak:0.00M | Scene, ViewLayer | Synchronizing object | ENV_leaf_959
Fra:372 Mem:215.54M (Peak 215.54M) | Time:00:00.31 | Mem:0.00M, Peak:0.00M | Scene, ViewLayer | Synchronizing object | ENV_leaf_958
Fra:372 Mem:215.55M (Peak 215.55M) | Time:00:00.31 | Mem:0.00M, Peak:0.00M | Scene, ViewLayer | Synchronizing object | ENV_leaf_957
Fra:372 Mem:215.55M (Peak 215.55M) | Time:00:00.31 | Mem:0.00M, Peak:0.00M | Scene, ViewLayer | Synchronizing object | ENV_leaf_956
Fra:372 Mem:215.55M (Peak 215.55M) | Time:00:00.31 | Mem:0.00M, Peak:0.00M | Scene, ViewLayer | Synchronizing object | ENV_leaf_955
Fra:372 Mem:215.56M (Peak 215.56M) | Time:00:00.31 | Mem:0.00M, Peak:0.00M | Scene, ViewLayer | Synchronizing object | ENV_leaf_954
Fra:372 Mem:215.64M (Peak 215.64M) | Time:00:00.31 | Mem:0.00M, Peak:0.00M | Scene, ViewLayer | Synchronizing object | ENV_leaf_953
Fra:372 Mem:215.64M (Peak 215.64M) | Time:00:00.31 | Mem:0.00M, Peak:0.00M | Scene, ViewLayer | Synchronizing object | ENV_leaf_952
Fra:372 Mem:215.68M (Peak 215.68M) | Time:00:00.31 | Mem:0.00M, Peak:0.00M | Scene, ViewLayer | Synchronizing object | ENV_leaf_951
Fra:372 Mem:215.76M (Peak 215.76M) | Time:00:00.31 | Mem:0.00M, Peak:0.00M | Scene, ViewLayer | Synchronizing object | ENV_leaf_950
Fra:372 Mem:215.76M (Peak 215.76M) | Time:00:00.31 | Mem:0.00M, Peak:0.00M | Scene, ViewLayer | Synchronizing object | ENV_leaf_949
Fra:372 Mem:215.76M (Peak 215.76M) | Time:00:00.31 | Mem:0.00M, Peak:0.00M | Scene, ViewLayer | Synchronizing object | ENV_leaf_948
Fra:372 Mem:215.69M (Peak 215.76M) | Time:00:00.31 | Mem:0.00M, Peak:0.00M | Scene, ViewLayer | Synchronizing object | ENV_fern_21
Fra:372 Mem:215.75M (Peak 215.76M) | Time:00:00.31 | Mem:0.00M, Peak:0.00M | Scene, ViewLayer | Synchronizing object | ENV_leaf_947
Fra:372 Mem:215.92M (Peak 215.92M) | Time:00:00.31 | Mem:0.00M, Peak:0.00M | Scene, ViewLayer | Synchronizing object | ENV_leaf_946
Fra:372 Mem:215.99M (Peak 215.99M) | Time:00:00.31 | Mem:0.00M, Peak:0.00M | Scene, ViewLayer | Synchronizing object | ENV_leaf_945
Fra:372 Mem:215.99M (Peak 215.99M) | Time:00:00.31 | Mem:0.00M, Peak:0.00M | Scene, ViewLayer | Synchronizing object | ENV_leaf_944
Fra:372 Mem:216.05M (Peak 216.05M) | Time:00:00.31 | Mem:0.00M, Peak:0.00M | Scene, ViewLayer | Synchronizing object | ENV_leaf_943
Fra:372 Mem:216.06M (Peak 216.06M) | Time:00:00.31 | Mem:0.00M, Peak:0.00M | Scene, ViewLayer | Synchronizing object | ENV_leaf_942
Fra:372 Mem:216.06M (Peak 216.06M) | Time:00:00.31 | Mem:0.00M, Peak:0.00M | Scene, ViewLayer | Synchronizing object | ENV_leaf_941
Fra:372 Mem:216.07M (Peak 216.07M) | Time:00:00.31 | Mem:0.00M, Peak:0.00M | Scene, ViewLayer | Synchronizing object | ENV_leaf_940
Fra:372 Mem:216.06M (Peak 216.07M) | Time:00:00.31 | Mem:0.00M, Peak:0.00M | Scene, ViewLayer | Synchronizing object | ENV_leaf_939
Fra:372 Mem:216.06M (Peak 216.07M) | Time:00:00.31 | Mem:0.00M, Peak:0.00M | Scene, ViewLayer | Synchronizing object | ENV_leaf_938
Fra:372 Mem:216.07M (Peak 216.07M) | Time:00:00.31 | Mem:0.00M, Peak:0.00M | Scene, ViewLayer | Synchronizing object | ENV_leaf_937
Fra:372 Mem:216.07M (Peak 216.07M) | Time:00:00.31 | Mem:0.00M, Peak:0.00M | Scene, ViewLayer | Synchronizing object | ENV_leaf_936
Fra:372 Mem:216.08M (Peak 216.08M) | Time:00:00.31 | Mem:0.00M, Peak:0.00M | Scene, ViewLayer | Synchronizing object | ENV_leaf_935
Fra:372 Mem:216.08M (Peak 216.08M) | Time:00:00.31 | Mem:0.00M, Peak:0.00M | Scene, ViewLayer | Synchronizing object | ENV_leaf_934
Fra:372 Mem:216.08M (Peak 216.08M) | Time:00:00.31 | Mem:0.00M, Peak:0.00M | Scene, ViewLayer | Synchronizing object | ENV_leaf_933
Fra:372 Mem:216.09M (Peak 216.09M) | Time:00:00.31 | Mem:0.00M, Peak:0.00M | Scene, ViewLayer | Synchronizing object | ENV_leaf_932
Fra:372 Mem:216.09M (Peak 216.09M) | Time:00:00.31 | Mem:0.00M, Peak:0.00M | Scene, ViewLayer | Synchronizing object | ENV_leaf_931
Fra:372 Mem:216.10M (Peak 216.10M) | Time:00:00.31 | Mem:0.00M, Peak:0.00M | Scene, ViewLayer | Synchronizing object | ENV_leaf_930
Fra:372 Mem:216.10M (Peak 216.10M) | Time:00:00.31 | Mem:0.00M, Peak:0.00M | Scene, ViewLayer | Synchronizing object | ENV_leaf_929
Fra:372 Mem:216.15M (Peak 216.15M) | Time:00:00.31 | Mem:0.00M, Peak:0.00M | Scene, ViewLayer | Synchronizing object | ENV_leaf_928
Fra:372 Mem:216.16M (Peak 216.16M) | Time:00:00.31 | Mem:0.00M, Peak:0.00M | Scene, ViewLayer | Synchronizing object | ENV_leaf_927
Fra:372 Mem:216.22M (Peak 216.22M) | Time:00:00.31 | Mem:0.00M, Peak:0.00M | Scene, ViewLayer | Synchronizing object | ENV_leaf_926
Fra:372 Mem:216.23M (Peak 216.23M) | Time:00:00.31 | Mem:0.00M, Peak:0.00M | Scene, ViewLayer | Synchronizing object | ENV_leaf_925
Fra:372 Mem:216.19M (Peak 216.23M) | Time:00:00.31 | Mem:0.00M, Peak:0.00M | Scene, ViewLayer | Synchronizing object | ENV_fern_22
Fra:372 Mem:216.25M (Peak 216.25M) | Time:00:00.31 | Mem:0.00M, Peak:0.00M | Scene, ViewLayer | Synchronizing object | ENV_leaf_924
Fra:372 Mem:216.42M (Peak 216.42M) | Time:00:00.31 | Mem:0.00M, Peak:0.00M | Scene, ViewLayer | Synchronizing object | ENV_leaf_923
Fra:372 Mem:216.49M (Peak 216.49M) | Time:00:00.31 | Mem:0.00M, Peak:0.00M | Scene, ViewLayer | Synchronizing object | ENV_leaf_922
Fra:372 Mem:216.57M (Peak 216.57M) | Time:00:00.31 | Mem:0.00M, Peak:0.00M | Scene, ViewLayer | Synchronizing object | ENV_leaf_921
Fra:372 Mem:216.57M (Peak 216.57M) | Time:00:00.31 | Mem:0.00M, Peak:0.00M | Scene, ViewLayer | Synchronizing object | ENV_leaf_920
Fra:372 Mem:216.66M (Peak 216.66M) | Time:00:00.31 | Mem:0.00M, Peak:0.00M | Scene, ViewLayer | Synchronizing object | ENV_leaf_919
Fra:372 Mem:216.66M (Peak 216.66M) | Time:00:00.31 | Mem:0.00M, Peak:0.00M | Scene, ViewLayer | Synchronizing object | ENV_leaf_918
Fra:372 Mem:216.66M (Peak 216.66M) | Time:00:00.31 | Mem:0.00M, Peak:0.00M | Scene, ViewLayer | Synchronizing object | ENV_leaf_917
Fra:372 Mem:216.67M (Peak 216.67M) | Time:00:00.31 | Mem:0.00M, Peak:0.00M | Scene, ViewLayer | Synchronizing object | ENV_leaf_916
Fra:372 Mem:216.67M (Peak 216.67M) | Time:00:00.31 | Mem:0.00M, Peak:0.00M | Scene, ViewLayer | Synchronizing object | ENV_leaf_915
Fra:372 Mem:216.68M (Peak 216.68M) | Time:00:00.31 | Mem:0.00M, Peak:0.00M | Scene, ViewLayer | Synchronizing object | ENV_leaf_914
Fra:372 Mem:216.66M (Peak 216.68M) | Time:00:00.31 | Mem:0.00M, Peak:0.00M | Scene, ViewLayer | Synchronizing object | ENV_leaf_913
Fra:372 Mem:216.67M (Peak 216.68M) | Time:00:00.31 | Mem:0.00M, Peak:0.00M | Scene, ViewLayer | Synchronizing object | ENV_leaf_912
Fra:372 Mem:216.67M (Peak 216.68M) | Time:00:00.31 | Mem:0.00M, Peak:0.00M | Scene, ViewLayer | Synchronizing object | ENV_leaf_911
Fra:372 Mem:216.68M (Peak 216.68M) | Time:00:00.31 | Mem:0.00M, Peak:0.00M | Scene, ViewLayer | Synchronizing object | ENV_leaf_910
Fra:372 Mem:216.68M (Peak 216.68M) | Time:00:00.31 | Mem:0.00M, Peak:0.00M | Scene, ViewLayer | Synchronizing object | ENV_leaf_909
Fra:372 Mem:216.68M (Peak 216.68M) | Time:00:00.31 | Mem:0.00M, Peak:0.00M | Scene, ViewLayer | Synchronizing object | ENV_leaf_908
Fra:372 Mem:216.69M (Peak 216.69M) | Time:00:00.31 | Mem:0.00M, Peak:0.00M | Scene, ViewLayer | Synchronizing object | ENV_leaf_907
Fra:372 Mem:216.69M (Peak 216.69M) | Time:00:00.31 | Mem:0.00M, Peak:0.00M | Scene, ViewLayer | Synchronizing object | ENV_leaf_906
Fra:372 Mem:216.70M (Peak 216.70M) | Time:00:00.31 | Mem:0.00M, Peak:0.00M | Scene, ViewLayer | Synchronizing object | ENV_leaf_905
Fra:372 Mem:216.70M (Peak 216.70M) | Time:00:00.31 | Mem:0.00M, Peak:0.00M | Scene, ViewLayer | Synchronizing object | ENV_leaf_904
Fra:372 Mem:216.71M (Peak 216.71M) | Time:00:00.31 | Mem:0.00M, Peak:0.00M | Scene, ViewLayer | Synchronizing object | ENV_leaf_903
Fra:372 Mem:216.71M (Peak 216.71M) | Time:00:00.31 | Mem:0.00M, Peak:0.00M | Scene, ViewLayer | Synchronizing object | ENV_leaf_902
Fra:372 Mem:216.71M (Peak 216.71M) | Time:00:00.31 | Mem:0.00M, Peak:0.00M | Scene, ViewLayer | Synchronizing object | ENV_leaf_901
Fra:372 Mem:216.78M (Peak 216.78M) | Time:00:00.31 | Mem:0.00M, Peak:0.00M | Scene, ViewLayer | Synchronizing object | ENV_leaf_900
Fra:372 Mem:216.78M (Peak 216.78M) | Time:00:00.31 | Mem:0.00M, Peak:0.00M | Scene, ViewLayer | Synchronizing object | ENV_leaf_899
Fra:372 Mem:216.81M (Peak 216.81M) | Time:00:00.31 | Mem:0.00M, Peak:0.00M | Scene, ViewLayer | Synchronizing object | ENV_leaf_898
Fra:372 Mem:216.88M (Peak 216.88M) | Time:00:00.31 | Mem:0.00M, Peak:0.00M | Scene, ViewLayer | Synchronizing object | ENV_leaf_897
Fra:372 Mem:216.88M (Peak 216.88M) | Time:00:00.31 | Mem:0.00M, Peak:0.00M | Scene, ViewLayer | Synchronizing object | ENV_leaf_896
Fra:372 Mem:216.82M (Peak 216.88M) | Time:00:00.31 | Mem:0.00M, Peak:0.00M | Scene, ViewLayer | Synchronizing object | ENV_fern_23
Fra:372 Mem:216.91M (Peak 216.91M) | Time:00:00.31 | Mem:0.00M, Peak:0.00M | Scene, ViewLayer | Synchronizing object | ENV_leaf_895
Fra:372 Mem:216.91M (Peak 216.91M) | Time:00:00.31 | Mem:0.00M, Peak:0.00M | Scene, ViewLayer | Synchronizing object | ENV_leaf_894
Fra:372 Mem:217.11M (Peak 217.11M) | Time:00:00.31 | Mem:0.00M, Peak:0.00M | Scene, ViewLayer | Synchronizing object | ENV_leaf_893
Fra:372 Mem:217.19M (Peak 217.19M) | Time:00:00.31 | Mem:0.00M, Peak:0.00M | Scene, ViewLayer | Synchronizing object | ENV_leaf_892
Fra:372 Mem:217.30M (Peak 217.30M) | Time:00:00.31 | Mem:0.00M, Peak:0.00M | Scene, ViewLayer | Synchronizing object | ENV_leaf_891
Fra:372 Mem:217.30M (Peak 217.30M) | Time:00:00.31 | Mem:0.00M, Peak:0.00M | Scene, ViewLayer | Synchronizing object | ENV_leaf_890
Fra:372 Mem:217.31M (Peak 217.31M) | Time:00:00.31 | Mem:0.00M, Peak:0.00M | Scene, ViewLayer | Synchronizing object | ENV_leaf_889
Fra:372 Mem:217.33M (Peak 217.33M) | Time:00:00.31 | Mem:0.00M, Peak:0.00M | Scene, ViewLayer | Synchronizing object | ENV_leaf_888
Fra:372 Mem:217.41M (Peak 217.41M) | Time:00:00.31 | Mem:0.00M, Peak:0.00M | Scene, ViewLayer | Synchronizing object | ENV_leaf_887
Fra:372 Mem:217.41M (Peak 217.41M) | Time:00:00.31 | Mem:0.00M, Peak:0.00M | Scene, ViewLayer | Synchronizing object | ENV_leaf_886
Fra:372 Mem:217.42M (Peak 217.42M) | Time:00:00.31 | Mem:0.00M, Peak:0.00M | Scene, ViewLayer | Synchronizing object | ENV_leaf_885
Fra:372 Mem:217.42M (Peak 217.42M) | Time:00:00.31 | Mem:0.00M, Peak:0.00M | Scene, ViewLayer | Synchronizing object | ENV_leaf_884
Fra:372 Mem:217.43M (Peak 217.43M) | Time:00:00.31 | Mem:0.00M, Peak:0.00M | Scene, ViewLayer | Synchronizing object | ENV_leaf_883
Fra:372 Mem:217.43M (Peak 217.43M) | Time:00:00.31 | Mem:0.00M, Peak:0.00M | Scene, ViewLayer | Synchronizing object | ENV_leaf_882
Fra:372 Mem:217.43M (Peak 217.43M) | Time:00:00.31 | Mem:0.00M, Peak:0.00M | Scene, ViewLayer | Synchronizing object | ENV_leaf_881
Fra:372 Mem:217.42M (Peak 217.43M) | Time:00:00.31 | Mem:0.00M, Peak:0.00M | Scene, ViewLayer | Synchronizing object | ENV_leaf_880
Fra:372 Mem:217.42M (Peak 217.43M) | Time:00:00.31 | Mem:0.00M, Peak:0.00M | Scene, ViewLayer | Synchronizing object | ENV_leaf_879
Fra:372 Mem:217.43M (Peak 217.43M) | Time:00:00.31 | Mem:0.00M, Peak:0.00M | Scene, ViewLayer | Synchronizing object | ENV_leaf_878
Fra:372 Mem:217.43M (Peak 217.43M) | Time:00:00.31 | Mem:0.00M, Peak:0.00M | Scene, ViewLayer | Synchronizing object | ENV_leaf_877
Fra:372 Mem:217.43M (Peak 217.43M) | Time:00:00.31 | Mem:0.00M, Peak:0.00M | Scene, ViewLayer | Synchronizing object | ENV_leaf_876
Fra:372 Mem:217.44M (Peak 217.44M) | Time:00:00.31 | Mem:0.00M, Peak:0.00M | Scene, ViewLayer | Synchronizing object | ENV_leaf_875
Fra:372 Mem:217.44M (Peak 217.44M) | Time:00:00.31 | Mem:0.00M, Peak:0.00M | Scene, ViewLayer | Synchronizing object | ENV_leaf_874
Fra:372 Mem:217.45M (Peak 217.45M) | Time:00:00.31 | Mem:0.00M, Peak:0.00M | Scene, ViewLayer | Synchronizing object | ENV_leaf_873
Fra:372 Mem:217.45M (Peak 217.45M) | Time:00:00.31 | Mem:0.00M, Peak:0.00M | Scene, ViewLayer | Synchronizing object | ENV_leaf_872
Fra:372 Mem:217.46M (Peak 217.46M) | Time:00:00.31 | Mem:0.00M, Peak:0.00M | Scene, ViewLayer | Synchronizing object | ENV_leaf_871
Fra:372 Mem:217.46M (Peak 217.46M) | Time:00:00.31 | Mem:0.00M, Peak:0.00M | Scene, ViewLayer | Synchronizing object | ENV_leaf_870
Fra:372 Mem:217.46M (Peak 217.46M) | Time:00:00.31 | Mem:0.00M, Peak:0.00M | Scene, ViewLayer | Synchronizing object | ENV_leaf_869
Fra:372 Mem:217.47M (Peak 217.47M) | Time:00:00.31 | Mem:0.00M, Peak:0.00M | Scene, ViewLayer | Synchronizing object | ENV_leaf_868
Fra:372 Mem:217.47M (Peak 217.47M) | Time:00:00.31 | Mem:0.00M, Peak:0.00M | Scene, ViewLayer | Synchronizing object | ENV_leaf_867
Fra:372 Mem:217.48M (Peak 217.48M) | Time:00:00.31 | Mem:0.00M, Peak:0.00M | Scene, ViewLayer | Synchronizing object | ENV_leaf_866
Fra:372 Mem:217.48M (Peak 217.48M) | Time:00:00.31 | Mem:0.00M, Peak:0.00M | Scene, ViewLayer | Synchronizing object | ENV_leaf_865
Fra:372 Mem:217.48M (Peak 217.48M) | Time:00:00.31 | Mem:0.00M, Peak:0.00M | Scene, ViewLayer | Synchronizing object | ENV_leaf_864
Fra:372 Mem:217.56M (Peak 217.56M) | Time:00:00.31 | Mem:0.00M, Peak:0.00M | Scene, ViewLayer | Synchronizing object | ENV_leaf_863
Fra:372 Mem:217.57M (Peak 217.57M) | Time:00:00.31 | Mem:0.00M, Peak:0.00M | Scene, ViewLayer | Synchronizing object | ENV_leaf_862
Fra:372 Mem:217.60M (Peak 217.60M) | Time:00:00.31 | Mem:0.00M, Peak:0.00M | Scene, ViewLayer | Synchronizing object | ENV_leaf_861
Fra:372 Mem:217.60M (Peak 217.60M) | Time:00:00.31 | Mem:0.00M, Peak:0.00M | Scene, ViewLayer | Synchronizing object | ENV_leaf_860
Fra:372 Mem:217.68M (Peak 217.68M) | Time:00:00.31 | Mem:0.00M, Peak:0.00M | Scene, ViewLayer | Synchronizing object | ENV_leaf_859
Fra:372 Mem:217.69M (Peak 217.69M) | Time:00:00.31 | Mem:0.00M, Peak:0.00M | Scene, ViewLayer | Synchronizing object | ENV_leaf_858
Fra:372 Mem:217.62M (Peak 217.69M) | Time:00:00.31 | Mem:0.00M, Peak:0.00M | Scene, ViewLayer | Synchronizing object | ENV_fern_24
Fra:372 Mem:217.67M (Peak 217.69M) | Time:00:00.31 | Mem:0.00M, Peak:0.00M | Scene, ViewLayer | Synchronizing object | ENV_leaf_857
Fra:372 Mem:217.85M (Peak 217.85M) | Time:00:00.31 | Mem:0.00M, Peak:0.00M | Scene, ViewLayer | Synchronizing object | ENV_leaf_856
Fra:372 Mem:217.91M (Peak 217.91M) | Time:00:00.31 | Mem:0.00M, Peak:0.00M | Scene, ViewLayer | Synchronizing object | ENV_leaf_855
Fra:372 Mem:217.92M (Peak 217.92M) | Time:00:00.31 | Mem:0.00M, Peak:0.00M | Scene, ViewLayer | Synchronizing object | ENV_leaf_854
Fra:372 Mem:217.98M (Peak 217.98M) | Time:00:00.31 | Mem:0.00M, Peak:0.00M | Scene, ViewLayer | Synchronizing object | ENV_leaf_853
Fra:372 Mem:217.98M (Peak 217.98M) | Time:00:00.31 | Mem:0.00M, Peak:0.00M | Scene, ViewLayer | Synchronizing object | ENV_leaf_852
Fra:372 Mem:217.99M (Peak 217.99M) | Time:00:00.31 | Mem:0.00M, Peak:0.00M | Scene, ViewLayer | Synchronizing object | ENV_leaf_851
Fra:372 Mem:217.99M (Peak 217.99M) | Time:00:00.31 | Mem:0.00M, Peak:0.00M | Scene, ViewLayer | Synchronizing object | ENV_leaf_850
Fra:372 Mem:218.00M (Peak 218.00M) | Time:00:00.31 | Mem:0.00M, Peak:0.00M | Scene, ViewLayer | Synchronizing object | ENV_leaf_849
Fra:372 Mem:217.99M (Peak 218.00M) | Time:00:00.31 | Mem:0.00M, Peak:0.00M | Scene, ViewLayer | Synchronizing object | ENV_leaf_848
Fra:372 Mem:217.99M (Peak 218.00M) | Time:00:00.31 | Mem:0.00M, Peak:0.00M | Scene, ViewLayer | Synchronizing object | ENV_leaf_847
Fra:372 Mem:218.00M (Peak 218.00M) | Time:00:00.31 | Mem:0.00M, Peak:0.00M | Scene, ViewLayer | Synchronizing object | ENV_leaf_846
Fra:372 Mem:218.00M (Peak 218.00M) | Time:00:00.31 | Mem:0.00M, Peak:0.00M | Scene, ViewLayer | Synchronizing object | ENV_leaf_845
Fra:372 Mem:218.00M (Peak 218.00M) | Time:00:00.31 | Mem:0.00M, Peak:0.00M | Scene, ViewLayer | Synchronizing object | ENV_leaf_844
Fra:372 Mem:218.01M (Peak 218.01M) | Time:00:00.31 | Mem:0.00M, Peak:0.00M | Scene, ViewLayer | Synchronizing object | ENV_leaf_843
Fra:372 Mem:218.01M (Peak 218.01M) | Time:00:00.31 | Mem:0.00M, Peak:0.00M | Scene, ViewLayer | Synchronizing object | ENV_leaf_842
Fra:372 Mem:218.02M (Peak 218.02M) | Time:00:00.31 | Mem:0.00M, Peak:0.00M | Scene, ViewLayer | Synchronizing object | ENV_leaf_841
Fra:372 Mem:218.02M (Peak 218.02M) | Time:00:00.31 | Mem:0.00M, Peak:0.00M | Scene, ViewLayer | Synchronizing object | ENV_leaf_840
Fra:372 Mem:218.02M (Peak 218.02M) | Time:00:00.31 | Mem:0.00M, Peak:0.00M | Scene, ViewLayer | Synchronizing object | ENV_leaf_839
Fra:372 Mem:218.03M (Peak 218.03M) | Time:00:00.32 | Mem:0.00M, Peak:0.00M | Scene, ViewLayer | Synchronizing object | ENV_leaf_838
Fra:372 Mem:218.08M (Peak 218.08M) | Time:00:00.32 | Mem:0.00M, Peak:0.00M | Scene, ViewLayer | Synchronizing object | ENV_leaf_837
Fra:372 Mem:218.10M (Peak 218.10M) | Time:00:00.32 | Mem:0.00M, Peak:0.00M | Scene, ViewLayer | Synchronizing object | ENV_leaf_836
Fra:372 Mem:218.15M (Peak 218.15M) | Time:00:00.32 | Mem:0.00M, Peak:0.00M | Scene, ViewLayer | Synchronizing object | ENV_leaf_835
Fra:372 Mem:218.16M (Peak 218.16M) | Time:00:00.32 | Mem:0.00M, Peak:0.00M | Scene, ViewLayer | Synchronizing object | ENV_leaf_834
Fra:372 Mem:218.11M (Peak 218.16M) | Time:00:00.32 | Mem:0.00M, Peak:0.00M | Scene, ViewLayer | Synchronizing object | ENV_fern_25
Fra:372 Mem:218.18M (Peak 218.18M) | Time:00:00.32 | Mem:0.00M, Peak:0.00M | Scene, ViewLayer | Synchronizing object | ENV_leaf_833
Fra:372 Mem:218.41M (Peak 218.41M) | Time:00:00.32 | Mem:0.00M, Peak:0.00M | Scene, ViewLayer | Synchronizing object | ENV_leaf_832
Fra:372 Mem:218.50M (Peak 218.50M) | Time:00:00.32 | Mem:0.00M, Peak:0.00M | Scene, ViewLayer | Synchronizing object | ENV_leaf_831
Fra:372 Mem:218.50M (Peak 218.50M) | Time:00:00.32 | Mem:0.00M, Peak:0.00M | Scene, ViewLayer | Synchronizing object | ENV_leaf_830
Fra:372 Mem:218.50M (Peak 218.50M) | Time:00:00.32 | Mem:0.00M, Peak:0.00M | Scene, ViewLayer | Synchronizing object | ENV_leaf_829
Fra:372 Mem:218.57M (Peak 218.57M) | Time:00:00.32 | Mem:0.00M, Peak:0.00M | Scene, ViewLayer | Synchronizing object | ENV_leaf_828
Fra:372 Mem:218.59M (Peak 218.59M) | Time:00:00.32 | Mem:0.00M, Peak:0.00M | Scene, ViewLayer | Synchronizing object | ENV_leaf_827
Fra:372 Mem:218.59M (Peak 218.59M) | Time:00:00.32 | Mem:0.00M, Peak:0.00M | Scene, ViewLayer | Synchronizing object | ENV_leaf_826
Fra:372 Mem:218.60M (Peak 218.60M) | Time:00:00.32 | Mem:0.00M, Peak:0.00M | Scene, ViewLayer | Synchronizing object | ENV_leaf_825
Fra:372 Mem:218.60M (Peak 218.60M) | Time:00:00.32 | Mem:0.00M, Peak:0.00M | Scene, ViewLayer | Synchronizing object | ENV_leaf_824
Fra:372 Mem:218.59M (Peak 218.60M) | Time:00:00.32 | Mem:0.00M, Peak:0.00M | Scene, ViewLayer | Synchronizing object | ENV_leaf_823
Fra:372 Mem:218.59M (Peak 218.60M) | Time:00:00.32 | Mem:0.00M, Peak:0.00M | Scene, ViewLayer | Synchronizing object | ENV_leaf_822
Fra:372 Mem:218.60M (Peak 218.60M) | Time:00:00.32 | Mem:0.00M, Peak:0.00M | Scene, ViewLayer | Synchronizing object | ENV_leaf_821
Fra:372 Mem:218.60M (Peak 218.60M) | Time:00:00.32 | Mem:0.00M, Peak:0.00M | Scene, ViewLayer | Synchronizing object | ENV_leaf_820
Fra:372 Mem:218.61M (Peak 218.61M) | Time:00:00.32 | Mem:0.00M, Peak:0.00M | Scene, ViewLayer | Synchronizing object | ENV_leaf_819
Fra:372 Mem:218.61M (Peak 218.61M) | Time:00:00.32 | Mem:0.00M, Peak:0.00M | Scene, ViewLayer | Synchronizing object | ENV_leaf_818
Fra:372 Mem:218.61M (Peak 218.61M) | Time:00:00.32 | Mem:0.00M, Peak:0.00M | Scene, ViewLayer | Synchronizing object | ENV_leaf_817
Fra:372 Mem:218.62M (Peak 218.62M) | Time:00:00.32 | Mem:0.00M, Peak:0.00M | Scene, ViewLayer | Synchronizing object | ENV_leaf_816
Fra:372 Mem:218.62M (Peak 218.62M) | Time:00:00.32 | Mem:0.00M, Peak:0.00M | Scene, ViewLayer | Synchronizing object | ENV_leaf_815
Fra:372 Mem:218.63M (Peak 218.63M) | Time:00:00.32 | Mem:0.00M, Peak:0.00M | Scene, ViewLayer | Synchronizing object | ENV_leaf_814
Fra:372 Mem:218.63M (Peak 218.63M) | Time:00:00.32 | Mem:0.00M, Peak:0.00M | Scene, ViewLayer | Synchronizing object | ENV_leaf_813
Fra:372 Mem:218.63M (Peak 218.63M) | Time:00:00.32 | Mem:0.00M, Peak:0.00M | Scene, ViewLayer | Synchronizing object | ENV_leaf_812
Fra:372 Mem:218.64M (Peak 218.64M) | Time:00:00.32 | Mem:0.00M, Peak:0.00M | Scene, ViewLayer | Synchronizing object | ENV_leaf_811
Fra:372 Mem:218.64M (Peak 218.64M) | Time:00:00.32 | Mem:0.00M, Peak:0.00M | Scene, ViewLayer | Synchronizing object | ENV_leaf_810
Fra:372 Mem:218.65M (Peak 218.65M) | Time:00:00.32 | Mem:0.00M, Peak:0.00M | Scene, ViewLayer | Synchronizing object | ENV_leaf_809
Fra:372 Mem:218.71M (Peak 218.71M) | Time:00:00.32 | Mem:0.00M, Peak:0.00M | Scene, ViewLayer | Synchronizing object | ENV_leaf_808
Fra:372 Mem:218.72M (Peak 218.72M) | Time:00:00.32 | Mem:0.00M, Peak:0.00M | Scene, ViewLayer | Synchronizing object | ENV_leaf_807
Fra:372 Mem:218.74M (Peak 218.74M) | Time:00:00.32 | Mem:0.00M, Peak:0.00M | Scene, ViewLayer | Synchronizing object | ENV_leaf_806
Fra:372 Mem:218.81M (Peak 218.81M) | Time:00:00.32 | Mem:0.00M, Peak:0.00M | Scene, ViewLayer | Synchronizing object | ENV_leaf_805
Fra:372 Mem:218.81M (Peak 218.81M) | Time:00:00.32 | Mem:0.00M, Peak:0.00M | Scene, ViewLayer | Synchronizing object | ENV_leaf_804
Fra:372 Mem:218.75M (Peak 218.81M) | Time:00:00.32 | Mem:0.00M, Peak:0.00M | Scene, ViewLayer | Synchronizing object | ENV_fern_26
Fra:372 Mem:218.84M (Peak 218.84M) | Time:00:00.32 | Mem:0.00M, Peak:0.00M | Scene, ViewLayer | Synchronizing object | ENV_leaf_803
Fra:372 Mem:218.85M (Peak 218.85M) | Time:00:00.32 | Mem:0.00M, Peak:0.00M | Scene, ViewLayer | Synchronizing object | ENV_leaf_802
Fra:372 Mem:219.05M (Peak 219.05M) | Time:00:00.32 | Mem:0.00M, Peak:0.00M | Scene, ViewLayer | Synchronizing object | ENV_leaf_801
Fra:372 Mem:219.13M (Peak 219.13M) | Time:00:00.32 | Mem:0.00M, Peak:0.00M | Scene, ViewLayer | Synchronizing object | ENV_leaf_800
Fra:372 Mem:219.23M (Peak 219.23M) | Time:00:00.32 | Mem:0.00M, Peak:0.00M | Scene, ViewLayer | Synchronizing object | ENV_leaf_799
Fra:372 Mem:219.24M (Peak 219.24M) | Time:00:00.32 | Mem:0.00M, Peak:0.00M | Scene, ViewLayer | Synchronizing object | ENV_leaf_798
Fra:372 Mem:219.24M (Peak 219.24M) | Time:00:00.32 | Mem:0.00M, Peak:0.00M | Scene, ViewLayer | Synchronizing object | ENV_leaf_797
Fra:372 Mem:219.26M (Peak 219.26M) | Time:00:00.32 | Mem:0.00M, Peak:0.00M | Scene, ViewLayer | Synchronizing object | ENV_leaf_796
Fra:372 Mem:219.34M (Peak 219.34M) | Time:00:00.32 | Mem:0.00M, Peak:0.00M | Scene, ViewLayer | Synchronizing object | ENV_leaf_795
Fra:372 Mem:219.35M (Peak 219.35M) | Time:00:00.32 | Mem:0.00M, Peak:0.00M | Scene, ViewLayer | Synchronizing object | ENV_leaf_794
Fra:372 Mem:219.35M (Peak 219.35M) | Time:00:00.32 | Mem:0.00M, Peak:0.00M | Scene, ViewLayer | Synchronizing object | ENV_leaf_793
Fra:372 Mem:219.35M (Peak 219.35M) | Time:00:00.32 | Mem:0.00M, Peak:0.00M | Scene, ViewLayer | Synchronizing object | ENV_leaf_792
Fra:372 Mem:219.36M (Peak 219.36M) | Time:00:00.32 | Mem:0.00M, Peak:0.00M | Scene, ViewLayer | Synchronizing object | ENV_leaf_791
Fra:372 Mem:219.36M (Peak 219.36M) | Time:00:00.32 | Mem:0.00M, Peak:0.00M | Scene, ViewLayer | Synchronizing object | ENV_leaf_790
Fra:372 Mem:219.35M (Peak 219.36M) | Time:00:00.32 | Mem:0.00M, Peak:0.00M | Scene, ViewLayer | Synchronizing object | ENV_leaf_789
Fra:372 Mem:219.35M (Peak 219.36M) | Time:00:00.32 | Mem:0.00M, Peak:0.00M | Scene, ViewLayer | Synchronizing object | ENV_leaf_788
Fra:372 Mem:219.36M (Peak 219.36M) | Time:00:00.32 | Mem:0.00M, Peak:0.00M | Scene, ViewLayer | Synchronizing object | ENV_leaf_787
Fra:372 Mem:219.36M (Peak 219.36M) | Time:00:00.32 | Mem:0.00M, Peak:0.00M | Scene, ViewLayer | Synchronizing object | ENV_leaf_786
Fra:372 Mem:219.36M (Peak 219.36M) | Time:00:00.32 | Mem:0.00M, Peak:0.00M | Scene, ViewLayer | Synchronizing object | ENV_leaf_785
Fra:372 Mem:219.37M (Peak 219.37M) | Time:00:00.32 | Mem:0.00M, Peak:0.00M | Scene, ViewLayer | Synchronizing object | ENV_leaf_784
Fra:372 Mem:219.37M (Peak 219.37M) | Time:00:00.32 | Mem:0.00M, Peak:0.00M | Scene, ViewLayer | Synchronizing object | ENV_leaf_783
Fra:372 Mem:219.38M (Peak 219.38M) | Time:00:00.32 | Mem:0.00M, Peak:0.00M | Scene, ViewLayer | Synchronizing object | ENV_leaf_782
Fra:372 Mem:219.38M (Peak 219.38M) | Time:00:00.32 | Mem:0.00M, Peak:0.00M | Scene, ViewLayer | Synchronizing object | ENV_leaf_781
Fra:372 Mem:219.38M (Peak 219.38M) | Time:00:00.32 | Mem:0.00M, Peak:0.00M | Scene, ViewLayer | Synchronizing object | ENV_leaf_780
Fra:372 Mem:219.39M (Peak 219.39M) | Time:00:00.32 | Mem:0.00M, Peak:0.00M | Scene, ViewLayer | Synchronizing object | ENV_leaf_779
Fra:372 Mem:219.39M (Peak 219.39M) | Time:00:00.32 | Mem:0.00M, Peak:0.00M | Scene, ViewLayer | Synchronizing object | ENV_leaf_778
Fra:372 Mem:219.40M (Peak 219.40M) | Time:00:00.32 | Mem:0.00M, Peak:0.00M | Scene, ViewLayer | Synchronizing object | ENV_leaf_777
Fra:372 Mem:219.40M (Peak 219.40M) | Time:00:00.32 | Mem:0.00M, Peak:0.00M | Scene, ViewLayer | Synchronizing object | ENV_leaf_776
Fra:372 Mem:219.40M (Peak 219.40M) | Time:00:00.32 | Mem:0.00M, Peak:0.00M | Scene, ViewLayer | Synchronizing object | ENV_leaf_775
Fra:372 Mem:219.41M (Peak 219.41M) | Time:00:00.32 | Mem:0.00M, Peak:0.00M | Scene, ViewLayer | Synchronizing object | ENV_leaf_774
Fra:372 Mem:219.41M (Peak 219.41M) | Time:00:00.32 | Mem:0.00M, Peak:0.00M | Scene, ViewLayer | Synchronizing object | ENV_leaf_773
Fra:372 Mem:219.42M (Peak 219.42M) | Time:00:00.32 | Mem:0.00M, Peak:0.00M | Scene, ViewLayer | Synchronizing object | ENV_leaf_772
Fra:372 Mem:219.50M (Peak 219.50M) | Time:00:00.32 | Mem:0.00M, Peak:0.00M | Scene, ViewLayer | Synchronizing object | ENV_leaf_771
Fra:372 Mem:219.50M (Peak 219.50M) | Time:00:00.32 | Mem:0.00M, Peak:0.00M | Scene, ViewLayer | Synchronizing object | ENV_leaf_770
Fra:372 Mem:219.53M (Peak 219.53M) | Time:00:00.32 | Mem:0.00M, Peak:0.00M | Scene, ViewLayer | Synchronizing object | ENV_leaf_769
Fra:372 Mem:219.61M (Peak 219.61M) | Time:00:00.32 | Mem:0.00M, Peak:0.00M | Scene, ViewLayer | Synchronizing object | ENV_leaf_768
Fra:372 Mem:219.62M (Peak 219.62M) | Time:00:00.32 | Mem:0.00M, Peak:0.00M | Scene, ViewLayer | Synchronizing object | ENV_leaf_767
Fra:372 Mem:219.62M (Peak 219.62M) | Time:00:00.32 | Mem:0.00M, Peak:0.00M | Scene, ViewLayer | Synchronizing object | ENV_leaf_766
Fra:372 Mem:219.55M (Peak 219.62M) | Time:00:00.32 | Mem:0.00M, Peak:0.00M | Scene, ViewLayer | Synchronizing object | ENV_fern_27
Fra:372 Mem:219.60M (Peak 219.62M) | Time:00:00.32 | Mem:0.00M, Peak:0.00M | Scene, ViewLayer | Synchronizing object | ENV_leaf_765
Fra:372 Mem:219.78M (Peak 219.78M) | Time:00:00.32 | Mem:0.00M, Peak:0.00M | Scene, ViewLayer | Synchronizing object | ENV_leaf_764
Fra:372 Mem:219.84M (Peak 219.84M) | Time:00:00.32 | Mem:0.00M, Peak:0.00M | Scene, ViewLayer | Synchronizing object | ENV_leaf_763
Fra:372 Mem:219.85M (Peak 219.85M) | Time:00:00.32 | Mem:0.00M, Peak:0.00M | Scene, ViewLayer | Synchronizing object | ENV_leaf_762
Fra:372 Mem:219.86M (Peak 219.86M) | Time:00:00.32 | Mem:0.00M, Peak:0.00M | Scene, ViewLayer | Synchronizing object | ENV_leaf_761
Fra:372 Mem:219.92M (Peak 219.92M) | Time:00:00.32 | Mem:0.00M, Peak:0.00M | Scene, ViewLayer | Synchronizing object | ENV_leaf_760
Fra:372 Mem:219.92M (Peak 219.92M) | Time:00:00.32 | Mem:0.00M, Peak:0.00M | Scene, ViewLayer | Synchronizing object | ENV_leaf_759
Fra:372 Mem:219.92M (Peak 219.92M) | Time:00:00.32 | Mem:0.00M, Peak:0.00M | Scene, ViewLayer | Synchronizing object | ENV_leaf_758
Fra:372 Mem:219.93M (Peak 219.93M) | Time:00:00.32 | Mem:0.00M, Peak:0.00M | Scene, ViewLayer | Synchronizing object | ENV_leaf_757
Fra:372 Mem:219.92M (Peak 219.93M) | Time:00:00.32 | Mem:0.00M, Peak:0.00M | Scene, ViewLayer | Synchronizing object | ENV_leaf_756
Fra:372 Mem:219.92M (Peak 219.93M) | Time:00:00.32 | Mem:0.00M, Peak:0.00M | Scene, ViewLayer | Synchronizing object | ENV_leaf_755
Fra:372 Mem:219.93M (Peak 219.93M) | Time:00:00.32 | Mem:0.00M, Peak:0.00M | Scene, ViewLayer | Synchronizing object | ENV_leaf_754
Fra:372 Mem:219.93M (Peak 219.93M) | Time:00:00.32 | Mem:0.00M, Peak:0.00M | Scene, ViewLayer | Synchronizing object | ENV_leaf_753
Fra:372 Mem:219.94M (Peak 219.94M) | Time:00:00.32 | Mem:0.00M, Peak:0.00M | Scene, ViewLayer | Synchronizing object | ENV_leaf_752
Fra:372 Mem:219.94M (Peak 219.94M) | Time:00:00.32 | Mem:0.00M, Peak:0.00M | Scene, ViewLayer | Synchronizing object | ENV_leaf_751
Fra:372 Mem:219.94M (Peak 219.94M) | Time:00:00.32 | Mem:0.00M, Peak:0.00M | Scene, ViewLayer | Synchronizing object | ENV_leaf_750
Fra:372 Mem:219.95M (Peak 219.95M) | Time:00:00.32 | Mem:0.00M, Peak:0.00M | Scene, ViewLayer | Synchronizing object | ENV_leaf_749
Fra:372 Mem:219.95M (Peak 219.95M) | Time:00:00.32 | Mem:0.00M, Peak:0.00M | Scene, ViewLayer | Synchronizing object | ENV_leaf_748
Fra:372 Mem:219.96M (Peak 219.96M) | Time:00:00.32 | Mem:0.00M, Peak:0.00M | Scene, ViewLayer | Synchronizing object | ENV_leaf_747
Fra:372 Mem:219.96M (Peak 219.96M) | Time:00:00.32 | Mem:0.00M, Peak:0.00M | Scene, ViewLayer | Synchronizing object | ENV_leaf_746
Fra:372 Mem:220.01M (Peak 220.01M) | Time:00:00.32 | Mem:0.00M, Peak:0.00M | Scene, ViewLayer | Synchronizing object | ENV_leaf_745
Fra:372 Mem:220.02M (Peak 220.02M) | Time:00:00.32 | Mem:0.00M, Peak:0.00M | Scene, ViewLayer | Synchronizing object | ENV_leaf_744
Fra:372 Mem:220.09M (Peak 220.09M) | Time:00:00.32 | Mem:0.00M, Peak:0.00M | Scene, ViewLayer | Synchronizing object | ENV_leaf_743
Fra:372 Mem:220.09M (Peak 220.09M) | Time:00:00.32 | Mem:0.00M, Peak:0.00M | Scene, ViewLayer | Synchronizing object | ENV_leaf_742
Fra:372 Mem:220.05M (Peak 220.09M) | Time:00:00.32 | Mem:0.00M, Peak:0.00M | Scene, ViewLayer | Synchronizing object | ENV_fern_28
Fra:372 Mem:220.05M (Peak 220.09M) | Time:00:00.32 | Mem:0.00M, Peak:0.00M | Scene, ViewLayer | Synchronizing object | ENV_leaf_741
Fra:372 Mem:220.12M (Peak 220.12M) | Time:00:00.32 | Mem:0.00M, Peak:0.00M | Scene, ViewLayer | Synchronizing object | ENV_leaf_740
Fra:372 Mem:220.12M (Peak 220.12M) | Time:00:00.32 | Mem:0.00M, Peak:0.00M | Scene, ViewLayer | Synchronizing object | ENV_leaf_739
Fra:372 Mem:220.29M (Peak 220.29M) | Time:00:00.32 | Mem:0.00M, Peak:0.00M | Scene, ViewLayer | Synchronizing object | ENV_leaf_738
Fra:372 Mem:220.35M (Peak 220.35M) | Time:00:00.32 | Mem:0.00M, Peak:0.00M | Scene, ViewLayer | Synchronizing object | ENV_leaf_737
Fra:372 Mem:220.44M (Peak 220.44M) | Time:00:00.32 | Mem:0.00M, Peak:0.00M | Scene, ViewLayer | Synchronizing object | ENV_leaf_736
Fra:372 Mem:220.44M (Peak 220.44M) | Time:00:00.32 | Mem:0.00M, Peak:0.00M | Scene, ViewLayer | Synchronizing object | ENV_leaf_735
Fra:372 Mem:220.46M (Peak 220.46M) | Time:00:00.32 | Mem:0.00M, Peak:0.00M | Scene, ViewLayer | Synchronizing object | ENV_leaf_734
Fra:372 Mem:220.53M (Peak 220.53M) | Time:00:00.32 | Mem:0.00M, Peak:0.00M | Scene, ViewLayer | Synchronizing object | ENV_leaf_733
Fra:372 Mem:220.53M (Peak 220.53M) | Time:00:00.32 | Mem:0.00M, Peak:0.00M | Scene, ViewLayer | Synchronizing object | ENV_leaf_732
Fra:372 Mem:220.54M (Peak 220.54M) | Time:00:00.32 | Mem:0.00M, Peak:0.00M | Scene, ViewLayer | Synchronizing object | ENV_leaf_731
Fra:372 Mem:220.54M (Peak 220.54M) | Time:00:00.32 | Mem:0.00M, Peak:0.00M | Scene, ViewLayer | Synchronizing object | ENV_leaf_730
Fra:372 Mem:220.55M (Peak 220.55M) | Time:00:00.32 | Mem:0.00M, Peak:0.00M | Scene, ViewLayer | Synchronizing object | ENV_leaf_729
Fra:372 Mem:220.55M (Peak 220.55M) | Time:00:00.32 | Mem:0.00M, Peak:0.00M | Scene, ViewLayer | Synchronizing object | ENV_leaf_727
Fra:372 Mem:220.54M (Peak 220.55M) | Time:00:00.32 | Mem:0.00M, Peak:0.00M | Scene, ViewLayer | Synchronizing object | ENV_leaf_726
Fra:372 Mem:220.54M (Peak 220.55M) | Time:00:00.32 | Mem:0.00M, Peak:0.00M | Scene, ViewLayer | Synchronizing object | ENV_leaf_725
Fra:372 Mem:220.55M (Peak 220.55M) | Time:00:00.32 | Mem:0.00M, Peak:0.00M | Scene, ViewLayer | Synchronizing object | ENV_leaf_723
Fra:372 Mem:220.55M (Peak 220.55M) | Time:00:00.32 | Mem:0.00M, Peak:0.00M | Scene, ViewLayer | Synchronizing object | ENV_leaf_722
Fra:372 Mem:220.55M (Peak 220.55M) | Time:00:00.32 | Mem:0.00M, Peak:0.00M | Scene, ViewLayer | Synchronizing object | ENV_leaf_721
Fra:372 Mem:220.56M (Peak 220.56M) | Time:00:00.32 | Mem:0.00M, Peak:0.00M | Scene, ViewLayer | Synchronizing object | ENV_leaf_720
Fra:372 Mem:220.56M (Peak 220.56M) | Time:00:00.32 | Mem:0.00M, Peak:0.00M | Scene, ViewLayer | Synchronizing object | ENV_leaf_719
Fra:372 Mem:220.57M (Peak 220.57M) | Time:00:00.32 | Mem:0.00M, Peak:0.00M | Scene, ViewLayer | Synchronizing object | ENV_leaf_718
Fra:372 Mem:220.57M (Peak 220.57M) | Time:00:00.32 | Mem:0.00M, Peak:0.00M | Scene, ViewLayer | Synchronizing object | ENV_leaf_717
Fra:372 Mem:220.57M (Peak 220.57M) | Time:00:00.32 | Mem:0.00M, Peak:0.00M | Scene, ViewLayer | Synchronizing object | ENV_leaf_715
Fra:372 Mem:220.58M (Peak 220.58M) | Time:00:00.32 | Mem:0.00M, Peak:0.00M | Scene, ViewLayer | Synchronizing object | ENV_leaf_714
Fra:372 Mem:220.58M (Peak 220.58M) | Time:00:00.32 | Mem:0.00M, Peak:0.00M | Scene, ViewLayer | Synchronizing object | ENV_leaf_713
Fra:372 Mem:220.59M (Peak 220.59M) | Time:00:00.32 | Mem:0.00M, Peak:0.00M | Scene, ViewLayer | Synchronizing object | ENV_leaf_712
Fra:372 Mem:220.59M (Peak 220.59M) | Time:00:00.32 | Mem:0.00M, Peak:0.00M | Scene, ViewLayer | Synchronizing object | ENV_leaf_711
Fra:372 Mem:220.59M (Peak 220.59M) | Time:00:00.32 | Mem:0.00M, Peak:0.00M | Scene, ViewLayer | Synchronizing object | ENV_leaf_710
Fra:372 Mem:220.66M (Peak 220.66M) | Time:00:00.32 | Mem:0.00M, Peak:0.00M | Scene, ViewLayer | Synchronizing object | ENV_leaf_709
Fra:372 Mem:220.66M (Peak 220.66M) | Time:00:00.32 | Mem:0.00M, Peak:0.00M | Scene, ViewLayer | Synchronizing object | ENV_leaf_708
Fra:372 Mem:220.69M (Peak 220.69M) | Time:00:00.32 | Mem:0.00M, Peak:0.00M | Scene, ViewLayer | Synchronizing object | ENV_leaf_707
Fra:372 Mem:220.70M (Peak 220.70M) | Time:00:00.32 | Mem:0.00M, Peak:0.00M | Scene, ViewLayer | Synchronizing object | ENV_leaf_706
Fra:372 Mem:220.76M (Peak 220.76M) | Time:00:00.32 | Mem:0.00M, Peak:0.00M | Scene, ViewLayer | Synchronizing object | ENV_leaf_705
Fra:372 Mem:220.77M (Peak 220.77M) | Time:00:00.32 | Mem:0.00M, Peak:0.00M | Scene, ViewLayer | Synchronizing object | ENV_leaf_704
Fra:372 Mem:220.71M (Peak 220.77M) | Time:00:00.32 | Mem:0.00M, Peak:0.00M | Scene, ViewLayer | Synchronizing object | ENV_fern_29
Fra:372 Mem:220.79M (Peak 220.79M) | Time:00:00.32 | Mem:0.00M, Peak:0.00M | Scene, ViewLayer | Synchronizing object | ENV_leaf_703
Fra:372 Mem:220.80M (Peak 220.80M) | Time:00:00.32 | Mem:0.00M, Peak:0.00M | Scene, ViewLayer | Synchronizing object | ENV_leaf_702
Fra:372 Mem:221.00M (Peak 221.00M) | Time:00:00.32 | Mem:0.00M, Peak:0.00M | Scene, ViewLayer | Synchronizing object | ENV_leaf_701
Fra:372 Mem:221.08M (Peak 221.08M) | Time:00:00.32 | Mem:0.00M, Peak:0.00M | Scene, ViewLayer | Synchronizing object | ENV_leaf_700
Fra:372 Mem:221.18M (Peak 221.18M) | Time:00:00.32 | Mem:0.00M, Peak:0.00M | Scene, ViewLayer | Synchronizing object | ENV_leaf_699
Fra:372 Mem:221.19M (Peak 221.19M) | Time:00:00.32 | Mem:0.00M, Peak:0.00M | Scene, ViewLayer | Synchronizing object | ENV_leaf_698
Fra:372 Mem:221.19M (Peak 221.19M) | Time:00:00.32 | Mem:0.00M, Peak:0.00M | Scene, ViewLayer | Synchronizing object | ENV_leaf_697
Fra:372 Mem:221.22M (Peak 221.22M) | Time:00:00.32 | Mem:0.00M, Peak:0.00M | Scene, ViewLayer | Synchronizing object | ENV_leaf_696
Fra:372 Mem:221.30M (Peak 221.30M) | Time:00:00.32 | Mem:0.00M, Peak:0.00M | Scene, ViewLayer | Synchronizing object | ENV_leaf_695
Fra:372 Mem:221.30M (Peak 221.30M) | Time:00:00.32 | Mem:0.00M, Peak:0.00M | Scene, ViewLayer | Synchronizing object | ENV_leaf_694
Fra:372 Mem:221.30M (Peak 221.30M) | Time:00:00.32 | Mem:0.00M, Peak:0.00M | Scene, ViewLayer | Synchronizing object | ENV_leaf_693
Fra:372 Mem:221.31M (Peak 221.31M) | Time:00:00.32 | Mem:0.00M, Peak:0.00M | Scene, ViewLayer | Synchronizing object | ENV_leaf_692
Fra:372 Mem:221.31M (Peak 221.31M) | Time:00:00.32 | Mem:0.00M, Peak:0.00M | Scene, ViewLayer | Synchronizing object | ENV_leaf_691
Fra:372 Mem:221.32M (Peak 221.32M) | Time:00:00.32 | Mem:0.00M, Peak:0.00M | Scene, ViewLayer | Synchronizing object | ENV_leaf_690
Fra:372 Mem:221.32M (Peak 221.32M) | Time:00:00.32 | Mem:0.00M, Peak:0.00M | Scene, ViewLayer | Synchronizing object | ENV_leaf_689
Fra:372 Mem:221.30M (Peak 221.32M) | Time:00:00.32 | Mem:0.00M, Peak:0.00M | Scene, ViewLayer | Synchronizing object | ENV_leaf_688
Fra:372 Mem:221.31M (Peak 221.32M) | Time:00:00.32 | Mem:0.00M, Peak:0.00M | Scene, ViewLayer | Synchronizing object | ENV_leaf_687
Fra:372 Mem:221.31M (Peak 221.32M) | Time:00:00.32 | Mem:0.00M, Peak:0.00M | Scene, ViewLayer | Synchronizing object | ENV_leaf_686
Fra:372 Mem:221.32M (Peak 221.32M) | Time:00:00.32 | Mem:0.00M, Peak:0.00M | Scene, ViewLayer | Synchronizing object | ENV_leaf_685
Fra:372 Mem:221.32M (Peak 221.32M) | Time:00:00.32 | Mem:0.00M, Peak:0.00M | Scene, ViewLayer | Synchronizing object | ENV_leaf_684
Fra:372 Mem:221.32M (Peak 221.32M) | Time:00:00.32 | Mem:0.00M, Peak:0.00M | Scene, ViewLayer | Synchronizing object | ENV_leaf_683
Fra:372 Mem:221.33M (Peak 221.33M) | Time:00:00.32 | Mem:0.00M, Peak:0.00M | Scene, ViewLayer | Synchronizing object | ENV_leaf_682
Fra:372 Mem:221.33M (Peak 221.33M) | Time:00:00.32 | Mem:0.00M, Peak:0.00M | Scene, ViewLayer | Synchronizing object | ENV_leaf_681
Fra:372 Mem:221.34M (Peak 221.34M) | Time:00:00.32 | Mem:0.00M, Peak:0.00M | Scene, ViewLayer | Synchronizing object | ENV_leaf_680
Fra:372 Mem:221.34M (Peak 221.34M) | Time:00:00.32 | Mem:0.00M, Peak:0.00M | Scene, ViewLayer | Synchronizing object | ENV_leaf_679
Fra:372 Mem:221.35M (Peak 221.35M) | Time:00:00.32 | Mem:0.00M, Peak:0.00M | Scene, ViewLayer | Synchronizing object | ENV_leaf_678
Fra:372 Mem:221.35M (Peak 221.35M) | Time:00:00.32 | Mem:0.00M, Peak:0.00M | Scene, ViewLayer | Synchronizing object | ENV_leaf_677
Fra:372 Mem:221.35M (Peak 221.35M) | Time:00:00.32 | Mem:0.00M, Peak:0.00M | Scene, ViewLayer | Synchronizing object | ENV_leaf_676
Fra:372 Mem:221.36M (Peak 221.36M) | Time:00:00.32 | Mem:0.00M, Peak:0.00M | Scene, ViewLayer | Synchronizing object | ENV_leaf_675
Fra:372 Mem:221.36M (Peak 221.36M) | Time:00:00.32 | Mem:0.00M, Peak:0.00M | Scene, ViewLayer | Synchronizing object | ENV_leaf_674
Fra:372 Mem:221.37M (Peak 221.37M) | Time:00:00.32 | Mem:0.00M, Peak:0.00M | Scene, ViewLayer | Synchronizing object | ENV_leaf_673
Fra:372 Mem:221.37M (Peak 221.37M) | Time:00:00.32 | Mem:0.00M, Peak:0.00M | Scene, ViewLayer | Synchronizing object | ENV_leaf_672
Fra:372 Mem:221.37M (Peak 221.37M) | Time:00:00.32 | Mem:0.00M, Peak:0.00M | Scene, ViewLayer | Synchronizing object | ENV_leaf_671
Fra:372 Mem:221.38M (Peak 221.38M) | Time:00:00.32 | Mem:0.00M, Peak:0.00M | Scene, ViewLayer | Synchronizing object | ENV_leaf_670
Fra:372 Mem:221.46M (Peak 221.46M) | Time:00:00.32 | Mem:0.00M, Peak:0.00M | Scene, ViewLayer | Synchronizing object | ENV_leaf_669
Fra:372 Mem:221.46M (Peak 221.46M) | Time:00:00.32 | Mem:0.00M, Peak:0.00M | Scene, ViewLayer | Synchronizing object | ENV_leaf_668
Fra:372 Mem:221.49M (Peak 221.49M) | Time:00:00.32 | Mem:0.00M, Peak:0.00M | Scene, ViewLayer | Synchronizing object | ENV_leaf_667
Fra:372 Mem:221.57M (Peak 221.57M) | Time:00:00.32 | Mem:0.00M, Peak:0.00M | Scene, ViewLayer | Synchronizing object | ENV_leaf_666
Fra:372 Mem:221.58M (Peak 221.58M) | Time:00:00.32 | Mem:0.00M, Peak:0.00M | Scene, ViewLayer | Synchronizing object | ENV_leaf_665
Fra:372 Mem:221.58M (Peak 221.58M) | Time:00:00.32 | Mem:0.00M, Peak:0.00M | Scene, ViewLayer | Synchronizing object | ENV_leaf_664
Fra:372 Mem:221.51M (Peak 221.58M) | Time:00:00.32 | Mem:0.00M, Peak:0.00M | Scene, ViewLayer | Synchronizing object | ENV_leaf_663
Fra:372 Mem:221.51M (Peak 221.58M) | Time:00:00.32 | Mem:0.00M, Peak:0.00M | Scene, ViewLayer | Synchronizing object | ENV_leaf_662
Fra:372 Mem:221.57M (Peak 221.58M) | Time:00:00.32 | Mem:0.00M, Peak:0.00M | Scene, ViewLayer | Synchronizing object | ENV_leaf_661
Fra:372 Mem:221.62M (Peak 221.62M) | Time:00:00.32 | Mem:0.00M, Peak:0.00M | Scene, ViewLayer | Synchronizing object | ENV_leaf_660
Fra:372 Mem:221.75M (Peak 221.75M) | Time:00:00.32 | Mem:0.00M, Peak:0.00M | Scene, ViewLayer | Synchronizing object | ENV_leaf_659
Fra:372 Mem:221.82M (Peak 221.82M) | Time:00:00.32 | Mem:0.00M, Peak:0.00M | Scene, ViewLayer | Synchronizing object | ENV_leaf_658
Fra:372 Mem:221.82M (Peak 221.82M) | Time:00:00.32 | Mem:0.00M, Peak:0.00M | Scene, ViewLayer | Synchronizing object | ENV_leaf_657
Fra:372 Mem:221.89M (Peak 221.89M) | Time:00:00.32 | Mem:0.00M, Peak:0.00M | Scene, ViewLayer | Synchronizing object | ENV_leaf_656
Fra:372 Mem:221.89M (Peak 221.89M) | Time:00:00.32 | Mem:0.00M, Peak:0.00M | Scene, ViewLayer | Synchronizing object | ENV_leaf_655
Fra:372 Mem:221.89M (Peak 221.89M) | Time:00:00.32 | Mem:0.00M, Peak:0.00M | Scene, ViewLayer | Synchronizing object | ENV_leaf_654
Fra:372 Mem:221.90M (Peak 221.90M) | Time:00:00.32 | Mem:0.00M, Peak:0.00M | Scene, ViewLayer | Synchronizing object | ENV_leaf_653
Fra:372 Mem:221.90M (Peak 221.90M) | Time:00:00.32 | Mem:0.00M, Peak:0.00M | Scene, ViewLayer | Synchronizing object | ENV_leaf_652
Fra:372 Mem:221.89M (Peak 221.90M) | Time:00:00.32 | Mem:0.00M, Peak:0.00M | Scene, ViewLayer | Synchronizing object | ENV_leaf_651
Fra:372 Mem:221.90M (Peak 221.90M) | Time:00:00.32 | Mem:0.00M, Peak:0.00M | Scene, ViewLayer | Synchronizing object | ENV_leaf_650
Fra:372 Mem:221.90M (Peak 221.90M) | Time:00:00.32 | Mem:0.00M, Peak:0.00M | Scene, ViewLayer | Synchronizing object | ENV_leaf_649
Fra:372 Mem:221.91M (Peak 221.91M) | Time:00:00.32 | Mem:0.00M, Peak:0.00M | Scene, ViewLayer | Synchronizing object | ENV_leaf_648
Fra:372 Mem:221.91M (Peak 221.91M) | Time:00:00.32 | Mem:0.00M, Peak:0.00M | Scene, ViewLayer | Synchronizing object | ENV_leaf_647
Fra:372 Mem:221.91M (Peak 221.91M) | Time:00:00.32 | Mem:0.00M, Peak:0.00M | Scene, ViewLayer | Synchronizing object | ENV_leaf_646
Fra:372 Mem:221.92M (Peak 221.92M) | Time:00:00.32 | Mem:0.00M, Peak:0.00M | Scene, ViewLayer | Synchronizing object | ENV_leaf_645
Fra:372 Mem:221.92M (Peak 221.92M) | Time:00:00.32 | Mem:0.00M, Peak:0.00M | Scene, ViewLayer | Synchronizing object | ENV_leaf_644
Fra:372 Mem:221.93M (Peak 221.93M) | Time:00:00.32 | Mem:0.00M, Peak:0.00M | Scene, ViewLayer | Synchronizing object | ENV_leaf_643
Fra:372 Mem:221.93M (Peak 221.93M) | Time:00:00.32 | Mem:0.00M, Peak:0.00M | Scene, ViewLayer | Synchronizing object | ENV_leaf_642
Fra:372 Mem:221.93M (Peak 221.93M) | Time:00:00.32 | Mem:0.00M, Peak:0.00M | Scene, ViewLayer | Synchronizing object | ENV_leaf_641
Fra:372 Mem:221.99M (Peak 221.99M) | Time:00:00.32 | Mem:0.00M, Peak:0.00M | Scene, ViewLayer | Synchronizing object | ENV_leaf_640
Fra:372 Mem:221.99M (Peak 221.99M) | Time:00:00.32 | Mem:0.00M, Peak:0.00M | Scene, ViewLayer | Synchronizing object | ENV_leaf_639
Fra:372 Mem:222.01M (Peak 222.01M) | Time:00:00.32 | Mem:0.00M, Peak:0.00M | Scene, ViewLayer | Synchronizing object | ENV_leaf_638
Fra:372 Mem:222.06M (Peak 222.06M) | Time:00:00.32 | Mem:0.00M, Peak:0.00M | Scene, ViewLayer | Synchronizing object | ENV_leaf_637
Fra:372 Mem:222.07M (Peak 222.07M) | Time:00:00.32 | Mem:0.00M, Peak:0.00M | Scene, ViewLayer | Synchronizing object | ENV_leaf_636
Fra:372 Mem:222.02M (Peak 222.07M) | Time:00:00.32 | Mem:0.00M, Peak:0.00M | Scene, ViewLayer | Synchronizing object | ENV_fern_31
Fra:372 Mem:222.02M (Peak 222.07M) | Time:00:00.32 | Mem:0.00M, Peak:0.00M | Scene, ViewLayer | Synchronizing object | ENV_leaf_635
Fra:372 Mem:222.10M (Peak 222.10M) | Time:00:00.32 | Mem:0.00M, Peak:0.00M | Scene, ViewLayer | Synchronizing object | ENV_leaf_634
Fra:372 Mem:222.26M (Peak 222.26M) | Time:00:00.32 | Mem:0.00M, Peak:0.00M | Scene, ViewLayer | Synchronizing object | ENV_leaf_633
Fra:372 Mem:222.33M (Peak 222.33M) | Time:00:00.32 | Mem:0.00M, Peak:0.00M | Scene, ViewLayer | Synchronizing object | ENV_leaf_632
Fra:372 Mem:222.41M (Peak 222.41M) | Time:00:00.32 | Mem:0.00M, Peak:0.00M | Scene, ViewLayer | Synchronizing object | ENV_leaf_631
Fra:372 Mem:222.42M (Peak 222.42M) | Time:00:00.32 | Mem:0.00M, Peak:0.00M | Scene, ViewLayer | Synchronizing object | ENV_leaf_630
Fra:372 Mem:222.42M (Peak 222.42M) | Time:00:00.32 | Mem:0.00M, Peak:0.00M | Scene, ViewLayer | Synchronizing object | ENV_leaf_629
Fra:372 Mem:222.50M (Peak 222.50M) | Time:00:00.32 | Mem:0.00M, Peak:0.00M | Scene, ViewLayer | Synchronizing object | ENV_leaf_628
Fra:372 Mem:222.51M (Peak 222.51M) | Time:00:00.32 | Mem:0.00M, Peak:0.00M | Scene, ViewLayer | Synchronizing object | ENV_leaf_627
Fra:372 Mem:222.51M (Peak 222.51M) | Time:00:00.32 | Mem:0.00M, Peak:0.00M | Scene, ViewLayer | Synchronizing object | ENV_leaf_626
Fra:372 Mem:222.51M (Peak 222.51M) | Time:00:00.32 | Mem:0.00M, Peak:0.00M | Scene, ViewLayer | Synchronizing object | ENV_leaf_625
Fra:372 Mem:222.52M (Peak 222.52M) | Time:00:00.32 | Mem:0.00M, Peak:0.00M | Scene, ViewLayer | Synchronizing object | ENV_leaf_624
Fra:372 Mem:222.52M (Peak 222.52M) | Time:00:00.32 | Mem:0.00M, Peak:0.00M | Scene, ViewLayer | Synchronizing object | ENV_leaf_623
Fra:372 Mem:222.51M (Peak 222.52M) | Time:00:00.32 | Mem:0.00M, Peak:0.00M | Scene, ViewLayer | Synchronizing object | ENV_leaf_622
Fra:372 Mem:222.52M (Peak 222.52M) | Time:00:00.32 | Mem:0.00M, Peak:0.00M | Scene, ViewLayer | Synchronizing object | ENV_leaf_621
Fra:372 Mem:222.52M (Peak 222.52M) | Time:00:00.32 | Mem:0.00M, Peak:0.00M | Scene, ViewLayer | Synchronizing object | ENV_leaf_620
Fra:372 Mem:222.52M (Peak 222.52M) | Time:00:00.32 | Mem:0.00M, Peak:0.00M | Scene, ViewLayer | Synchronizing object | ENV_leaf_619
Fra:372 Mem:222.53M (Peak 222.53M) | Time:00:00.32 | Mem:0.00M, Peak:0.00M | Scene, ViewLayer | Synchronizing object | ENV_leaf_618
Fra:372 Mem:222.53M (Peak 222.53M) | Time:00:00.32 | Mem:0.00M, Peak:0.00M | Scene, ViewLayer | Synchronizing object | ENV_leaf_617
Fra:372 Mem:222.54M (Peak 222.54M) | Time:00:00.32 | Mem:0.00M, Peak:0.00M | Scene, ViewLayer | Synchronizing object | ENV_leaf_616
Fra:372 Mem:222.54M (Peak 222.54M) | Time:00:00.32 | Mem:0.00M, Peak:0.00M | Scene, ViewLayer | Synchronizing object | ENV_leaf_615
Fra:372 Mem:222.54M (Peak 222.54M) | Time:00:00.32 | Mem:0.00M, Peak:0.00M | Scene, ViewLayer | Synchronizing object | ENV_leaf_614
Fra:372 Mem:222.55M (Peak 222.55M) | Time:00:00.32 | Mem:0.00M, Peak:0.00M | Scene, ViewLayer | Synchronizing object | ENV_leaf_613
Fra:372 Mem:222.55M (Peak 222.55M) | Time:00:00.32 | Mem:0.00M, Peak:0.00M | Scene, ViewLayer | Synchronizing object | ENV_leaf_612
Fra:372 Mem:222.56M (Peak 222.56M) | Time:00:00.32 | Mem:0.00M, Peak:0.00M | Scene, ViewLayer | Synchronizing object | ENV_leaf_611
Fra:372 Mem:222.56M (Peak 222.56M) | Time:00:00.32 | Mem:0.00M, Peak:0.00M | Scene, ViewLayer | Synchronizing object | ENV_leaf_610
Fra:372 Mem:222.56M (Peak 222.56M) | Time:00:00.32 | Mem:0.00M, Peak:0.00M | Scene, ViewLayer | Synchronizing object | ENV_leaf_609
Fra:372 Mem:222.57M (Peak 222.57M) | Time:00:00.32 | Mem:0.00M, Peak:0.00M | Scene, ViewLayer | Synchronizing object | ENV_leaf_608
Fra:372 Mem:222.57M (Peak 222.57M) | Time:00:00.32 | Mem:0.00M, Peak:0.00M | Scene, ViewLayer | Synchronizing object | ENV_leaf_607
Fra:372 Mem:222.58M (Peak 222.58M) | Time:00:00.32 | Mem:0.00M, Peak:0.00M | Scene, ViewLayer | Synchronizing object | ENV_leaf_606
Fra:372 Mem:222.64M (Peak 222.64M) | Time:00:00.32 | Mem:0.00M, Peak:0.00M | Scene, ViewLayer | Synchronizing object | ENV_leaf_605
Fra:372 Mem:222.65M (Peak 222.65M) | Time:00:00.32 | Mem:0.00M, Peak:0.00M | Scene, ViewLayer | Synchronizing object | ENV_leaf_604
Fra:372 Mem:222.67M (Peak 222.67M) | Time:00:00.32 | Mem:0.00M, Peak:0.00M | Scene, ViewLayer | Synchronizing object | ENV_leaf_602
Fra:372 Mem:222.74M (Peak 222.74M) | Time:00:00.32 | Mem:0.00M, Peak:0.00M | Scene, ViewLayer | Synchronizing object | ENV_leaf_601
Fra:372 Mem:222.68M (Peak 222.74M) | Time:00:00.32 | Mem:0.00M, Peak:0.00M | Scene, ViewLayer | Synchronizing object | ENV_leaf_600
Fra:372 Mem:222.69M (Peak 222.74M) | Time:00:00.32 | Mem:0.00M, Peak:0.00M | Scene, ViewLayer | Synchronizing object | ENV_leaf_599
Fra:372 Mem:222.69M (Peak 222.74M) | Time:00:00.32 | Mem:0.00M, Peak:0.00M | Scene, ViewLayer | Synchronizing object | ENV_leaf_598
Fra:372 Mem:222.78M (Peak 222.78M) | Time:00:00.32 | Mem:0.00M, Peak:0.00M | Scene, ViewLayer | Synchronizing object | ENV_leaf_597
Fra:372 Mem:222.78M (Peak 222.78M) | Time:00:00.32 | Mem:0.00M, Peak:0.00M | Scene, ViewLayer | Synchronizing object | ENV_leaf_596
Fra:372 Mem:222.79M (Peak 222.79M) | Time:00:00.32 | Mem:0.00M, Peak:0.00M | Scene, ViewLayer | Synchronizing object | ENV_leaf_595
Fra:372 Mem:223.07M (Peak 223.07M) | Time:00:00.32 | Mem:0.00M, Peak:0.00M | Scene, ViewLayer | Synchronizing object | ENV_leaf_594
Fra:372 Mem:223.07M (Peak 223.07M) | Time:00:00.32 | Mem:0.00M, Peak:0.00M | Scene, ViewLayer | Synchronizing object | ENV_leaf_593
Fra:372 Mem:223.17M (Peak 223.17M) | Time:00:00.32 | Mem:0.00M, Peak:0.00M | Scene, ViewLayer | Synchronizing object | ENV_leaf_592
Fra:372 Mem:223.18M (Peak 223.18M) | Time:00:00.32 | Mem:0.00M, Peak:0.00M | Scene, ViewLayer | Synchronizing object | ENV_leaf_591
Fra:372 Mem:223.18M (Peak 223.18M) | Time:00:00.32 | Mem:0.00M, Peak:0.00M | Scene, ViewLayer | Synchronizing object | ENV_leaf_590
Fra:372 Mem:223.20M (Peak 223.20M) | Time:00:00.32 | Mem:0.00M, Peak:0.00M | Scene, ViewLayer | Synchronizing object | ENV_leaf_589
Fra:372 Mem:223.28M (Peak 223.28M) | Time:00:00.32 | Mem:0.00M, Peak:0.00M | Scene, ViewLayer | Synchronizing object | ENV_leaf_588
Fra:372 Mem:223.29M (Peak 223.29M) | Time:00:00.32 | Mem:0.00M, Peak:0.00M | Scene, ViewLayer | Synchronizing object | ENV_leaf_587
Fra:372 Mem:223.29M (Peak 223.29M) | Time:00:00.32 | Mem:0.00M, Peak:0.00M | Scene, ViewLayer | Synchronizing object | ENV_leaf_586
Fra:372 Mem:223.30M (Peak 223.30M) | Time:00:00.32 | Mem:0.00M, Peak:0.00M | Scene, ViewLayer | Synchronizing object | ENV_leaf_585
Fra:372 Mem:223.30M (Peak 223.30M) | Time:00:00.32 | Mem:0.00M, Peak:0.00M | Scene, ViewLayer | Synchronizing object | ENV_leaf_584
Fra:372 Mem:223.30M (Peak 223.30M) | Time:00:00.32 | Mem:0.00M, Peak:0.00M | Scene, ViewLayer | Synchronizing object | ENV_leaf_583
Fra:372 Mem:223.29M (Peak 223.30M) | Time:00:00.32 | Mem:0.00M, Peak:0.00M | Scene, ViewLayer | Synchronizing object | ENV_leaf_582
Fra:372 Mem:223.29M (Peak 223.30M) | Time:00:00.32 | Mem:0.00M, Peak:0.00M | Scene, ViewLayer | Synchronizing object | ENV_leaf_581
Fra:372 Mem:223.30M (Peak 223.30M) | Time:00:00.32 | Mem:0.00M, Peak:0.00M | Scene, ViewLayer | Synchronizing object | ENV_leaf_580
Fra:372 Mem:223.30M (Peak 223.30M) | Time:00:00.32 | Mem:0.00M, Peak:0.00M | Scene, ViewLayer | Synchronizing object | ENV_leaf_579
Fra:372 Mem:223.31M (Peak 223.31M) | Time:00:00.32 | Mem:0.00M, Peak:0.00M | Scene, ViewLayer | Synchronizing object | ENV_leaf_578
Fra:372 Mem:223.31M (Peak 223.31M) | Time:00:00.32 | Mem:0.00M, Peak:0.00M | Scene, ViewLayer | Synchronizing object | ENV_leaf_577
Fra:372 Mem:223.31M (Peak 223.31M) | Time:00:00.32 | Mem:0.00M, Peak:0.00M | Scene, ViewLayer | Synchronizing object | ENV_leaf_576
Fra:372 Mem:223.32M (Peak 223.32M) | Time:00:00.32 | Mem:0.00M, Peak:0.00M | Scene, ViewLayer | Synchronizing object | ENV_leaf_575
Fra:372 Mem:223.32M (Peak 223.32M) | Time:00:00.32 | Mem:0.00M, Peak:0.00M | Scene, ViewLayer | Synchronizing object | ENV_leaf_574
Fra:372 Mem:223.33M (Peak 223.33M) | Time:00:00.32 | Mem:0.00M, Peak:0.00M | Scene, ViewLayer | Synchronizing object | ENV_leaf_573
Fra:372 Mem:223.33M (Peak 223.33M) | Time:00:00.32 | Mem:0.00M, Peak:0.00M | Scene, ViewLayer | Synchronizing object | ENV_leaf_572
Fra:372 Mem:223.33M (Peak 223.33M) | Time:00:00.32 | Mem:0.00M, Peak:0.00M | Scene, ViewLayer | Synchronizing object | ENV_leaf_571
Fra:372 Mem:223.34M (Peak 223.34M) | Time:00:00.32 | Mem:0.00M, Peak:0.00M | Scene, ViewLayer | Synchronizing object | ENV_leaf_570
Fra:372 Mem:223.34M (Peak 223.34M) | Time:00:00.32 | Mem:0.00M, Peak:0.00M | Scene, ViewLayer | Synchronizing object | ENV_leaf_569
Fra:372 Mem:223.35M (Peak 223.35M) | Time:00:00.32 | Mem:0.00M, Peak:0.00M | Scene, ViewLayer | Synchronizing object | ENV_leaf_568
Fra:372 Mem:223.35M (Peak 223.35M) | Time:00:00.32 | Mem:0.00M, Peak:0.00M | Scene, ViewLayer | Synchronizing object | ENV_leaf_567
Fra:372 Mem:223.35M (Peak 223.35M) | Time:00:00.32 | Mem:0.00M, Peak:0.00M | Scene, ViewLayer | Synchronizing object | ENV_leaf_566
Fra:372 Mem:223.36M (Peak 223.36M) | Time:00:00.32 | Mem:0.00M, Peak:0.00M | Scene, ViewLayer | Synchronizing object | ENV_leaf_565
Fra:372 Mem:223.36M (Peak 223.36M) | Time:00:00.32 | Mem:0.00M, Peak:0.00M | Scene, ViewLayer | Synchronizing object | ENV_leaf_564
Fra:372 Mem:223.44M (Peak 223.44M) | Time:00:00.32 | Mem:0.00M, Peak:0.00M | Scene, ViewLayer | Synchronizing object | ENV_leaf_563
Fra:372 Mem:223.45M (Peak 223.45M) | Time:00:00.32 | Mem:0.00M, Peak:0.00M | Scene, ViewLayer | Synchronizing object | ENV_leaf_562
Fra:372 Mem:223.45M (Peak 223.45M) | Time:00:00.32 | Mem:0.00M, Peak:0.00M | Scene, ViewLayer | Synchronizing object | ENV_leaf_561
Fra:372 Mem:223.48M (Peak 223.48M) | Time:00:00.32 | Mem:0.00M, Peak:0.00M | Scene, ViewLayer | Synchronizing object | ENV_leaf_560
Fra:372 Mem:223.56M (Peak 223.56M) | Time:00:00.32 | Mem:0.00M, Peak:0.00M | Scene, ViewLayer | Synchronizing object | ENV_leaf_559
Fra:372 Mem:223.57M (Peak 223.57M) | Time:00:00.32 | Mem:0.00M, Peak:0.00M | Scene, ViewLayer | Synchronizing object | ENV_leaf_558
Fra:372 Mem:223.57M (Peak 223.57M) | Time:00:00.32 | Mem:0.00M, Peak:0.00M | Scene, ViewLayer | Synchronizing object | ENV_leaf_557
Fra:372 Mem:223.50M (Peak 223.57M) | Time:00:00.32 | Mem:0.00M, Peak:0.00M | Scene, ViewLayer | Synchronizing object | ENV_fern_33
Fra:372 Mem:223.55M (Peak 223.57M) | Time:00:00.32 | Mem:0.00M, Peak:0.00M | Scene, ViewLayer | Synchronizing object | ENV_leaf_556
Fra:372 Mem:223.73M (Peak 223.73M) | Time:00:00.32 | Mem:0.00M, Peak:0.00M | Scene, ViewLayer | Synchronizing object | ENV_leaf_555
Fra:372 Mem:223.80M (Peak 223.80M) | Time:00:00.32 | Mem:0.00M, Peak:0.00M | Scene, ViewLayer | Synchronizing object | ENV_leaf_554
Fra:372 Mem:223.80M (Peak 223.80M) | Time:00:00.32 | Mem:0.00M, Peak:0.00M | Scene, ViewLayer | Synchronizing object | ENV_leaf_553
Fra:372 Mem:223.82M (Peak 223.82M) | Time:00:00.32 | Mem:0.00M, Peak:0.00M | Scene, ViewLayer | Synchronizing object | ENV_leaf_552
Fra:372 Mem:223.87M (Peak 223.87M) | Time:00:00.32 | Mem:0.00M, Peak:0.00M | Scene, ViewLayer | Synchronizing object | ENV_leaf_551
Fra:372 Mem:223.87M (Peak 223.87M) | Time:00:00.32 | Mem:0.00M, Peak:0.00M | Scene, ViewLayer | Synchronizing object | ENV_leaf_550
Fra:372 Mem:223.87M (Peak 223.87M) | Time:00:00.32 | Mem:0.00M, Peak:0.00M | Scene, ViewLayer | Synchronizing object | ENV_leaf_549
Fra:372 Mem:223.88M (Peak 223.88M) | Time:00:00.32 | Mem:0.00M, Peak:0.00M | Scene, ViewLayer | Synchronizing object | ENV_leaf_548
Fra:372 Mem:223.88M (Peak 223.88M) | Time:00:00.32 | Mem:0.00M, Peak:0.00M | Scene, ViewLayer | Synchronizing object | ENV_leaf_547
Fra:372 Mem:223.88M (Peak 223.88M) | Time:00:00.32 | Mem:0.00M, Peak:0.00M | Scene, ViewLayer | Synchronizing object | ENV_leaf_546
Fra:372 Mem:223.88M (Peak 223.88M) | Time:00:00.32 | Mem:0.00M, Peak:0.00M | Scene, ViewLayer | Synchronizing object | ENV_leaf_545
Fra:372 Mem:223.88M (Peak 223.88M) | Time:00:00.32 | Mem:0.00M, Peak:0.00M | Scene, ViewLayer | Synchronizing object | ENV_leaf_544
Fra:372 Mem:223.89M (Peak 223.89M) | Time:00:00.32 | Mem:0.00M, Peak:0.00M | Scene, ViewLayer | Synchronizing object | ENV_leaf_543
Fra:372 Mem:223.89M (Peak 223.89M) | Time:00:00.32 | Mem:0.00M, Peak:0.00M | Scene, ViewLayer | Synchronizing object | ENV_leaf_542
Fra:372 Mem:223.90M (Peak 223.90M) | Time:00:00.32 | Mem:0.00M, Peak:0.00M | Scene, ViewLayer | Synchronizing object | ENV_leaf_541
Fra:372 Mem:223.90M (Peak 223.90M) | Time:00:00.32 | Mem:0.00M, Peak:0.00M | Scene, ViewLayer | Synchronizing object | ENV_leaf_540
Fra:372 Mem:223.90M (Peak 223.90M) | Time:00:00.32 | Mem:0.00M, Peak:0.00M | Scene, ViewLayer | Synchronizing object | ENV_leaf_539
Fra:372 Mem:223.91M (Peak 223.91M) | Time:00:00.32 | Mem:0.00M, Peak:0.00M | Scene, ViewLayer | Synchronizing object | ENV_leaf_538
Fra:372 Mem:223.91M (Peak 223.91M) | Time:00:00.32 | Mem:0.00M, Peak:0.00M | Scene, ViewLayer | Synchronizing object | ENV_leaf_537
Fra:372 Mem:223.92M (Peak 223.92M) | Time:00:00.32 | Mem:0.00M, Peak:0.00M | Scene, ViewLayer | Synchronizing object | ENV_leaf_536
Fra:372 Mem:223.97M (Peak 223.97M) | Time:00:00.32 | Mem:0.00M, Peak:0.00M | Scene, ViewLayer | Synchronizing object | ENV_leaf_535
Fra:372 Mem:223.99M (Peak 223.99M) | Time:00:00.32 | Mem:0.00M, Peak:0.00M | Scene, ViewLayer | Synchronizing object | ENV_leaf_534
Fra:372 Mem:224.04M (Peak 224.04M) | Time:00:00.32 | Mem:0.00M, Peak:0.00M | Scene, ViewLayer | Synchronizing object | ENV_leaf_533
Fra:372 Mem:224.04M (Peak 224.04M) | Time:00:00.32 | Mem:0.00M, Peak:0.00M | Scene, ViewLayer | Synchronizing object | ENV_leaf_532
Fra:372 Mem:224.00M (Peak 224.04M) | Time:00:00.32 | Mem:0.00M, Peak:0.00M | Scene, ViewLayer | Synchronizing object | ENV_fern_34
Fra:372 Mem:224.07M (Peak 224.07M) | Time:00:00.32 | Mem:0.00M, Peak:0.00M | Scene, ViewLayer | Synchronizing object | ENV_leaf_531
Fra:372 Mem:224.07M (Peak 224.07M) | Time:00:00.32 | Mem:0.00M, Peak:0.00M | Scene, ViewLayer | Synchronizing object | ENV_leaf_530
Fra:372 Mem:224.30M (Peak 224.30M) | Time:00:00.32 | Mem:0.00M, Peak:0.00M | Scene, ViewLayer | Synchronizing object | ENV_leaf_529
Fra:372 Mem:224.39M (Peak 224.39M) | Time:00:00.32 | Mem:0.00M, Peak:0.00M | Scene, ViewLayer | Synchronizing object | ENV_leaf_528
Fra:372 Mem:224.39M (Peak 224.39M) | Time:00:00.32 | Mem:0.00M, Peak:0.00M | Scene, ViewLayer | Synchronizing object | ENV_leaf_527
Fra:372 Mem:224.41M (Peak 224.41M) | Time:00:00.32 | Mem:0.00M, Peak:0.00M | Scene, ViewLayer | Synchronizing object | ENV_leaf_525
Fra:372 Mem:224.48M (Peak 224.48M) | Time:00:00.32 | Mem:0.00M, Peak:0.00M | Scene, ViewLayer | Synchronizing object | ENV_leaf_524
Fra:372 Mem:224.48M (Peak 224.48M) | Time:00:00.32 | Mem:0.00M, Peak:0.00M | Scene, ViewLayer | Synchronizing object | ENV_leaf_523
Fra:372 Mem:224.48M (Peak 224.48M) | Time:00:00.32 | Mem:0.00M, Peak:0.00M | Scene, ViewLayer | Synchronizing object | ENV_leaf_522
Fra:372 Mem:224.49M (Peak 224.49M) | Time:00:00.32 | Mem:0.00M, Peak:0.00M | Scene, ViewLayer | Synchronizing object | ENV_leaf_521
Fra:372 Mem:224.49M (Peak 224.49M) | Time:00:00.32 | Mem:0.00M, Peak:0.00M | Scene, ViewLayer | Synchronizing object | ENV_leaf_520
Fra:372 Mem:224.50M (Peak 224.50M) | Time:00:00.32 | Mem:0.00M, Peak:0.00M | Scene, ViewLayer | Synchronizing object | ENV_leaf_519
Fra:372 Mem:224.48M (Peak 224.50M) | Time:00:00.32 | Mem:0.00M, Peak:0.00M | Scene, ViewLayer | Synchronizing object | ENV_leaf_518
Fra:372 Mem:224.49M (Peak 224.50M) | Time:00:00.32 | Mem:0.00M, Peak:0.00M | Scene, ViewLayer | Synchronizing object | ENV_leaf_517
Fra:372 Mem:224.49M (Peak 224.50M) | Time:00:00.32 | Mem:0.00M, Peak:0.00M | Scene, ViewLayer | Synchronizing object | ENV_leaf_516
Fra:372 Mem:224.50M (Peak 224.50M) | Time:00:00.32 | Mem:0.00M, Peak:0.00M | Scene, ViewLayer | Synchronizing object | ENV_leaf_515
Fra:372 Mem:224.50M (Peak 224.50M) | Time:00:00.32 | Mem:0.00M, Peak:0.00M | Scene, ViewLayer | Synchronizing object | ENV_leaf_514
Fra:372 Mem:224.51M (Peak 224.51M) | Time:00:00.32 | Mem:0.00M, Peak:0.00M | Scene, ViewLayer | Synchronizing object | ENV_leaf_513
Fra:372 Mem:224.51M (Peak 224.51M) | Time:00:00.32 | Mem:0.00M, Peak:0.00M | Scene, ViewLayer | Synchronizing object | ENV_leaf_512
Fra:372 Mem:224.51M (Peak 224.51M) | Time:00:00.32 | Mem:0.00M, Peak:0.00M | Scene, ViewLayer | Synchronizing object | ENV_leaf_511
Fra:372 Mem:224.52M (Peak 224.52M) | Time:00:00.32 | Mem:0.00M, Peak:0.00M | Scene, ViewLayer | Synchronizing object | ENV_leaf_510
Fra:372 Mem:224.52M (Peak 224.52M) | Time:00:00.32 | Mem:0.00M, Peak:0.00M | Scene, ViewLayer | Synchronizing object | ENV_leaf_509
Fra:372 Mem:224.53M (Peak 224.53M) | Time:00:00.32 | Mem:0.00M, Peak:0.00M | Scene, ViewLayer | Synchronizing object | ENV_leaf_508
Fra:372 Mem:224.53M (Peak 224.53M) | Time:00:00.32 | Mem:0.00M, Peak:0.00M | Scene, ViewLayer | Synchronizing object | ENV_leaf_507
Fra:372 Mem:224.53M (Peak 224.53M) | Time:00:00.32 | Mem:0.00M, Peak:0.00M | Scene, ViewLayer | Synchronizing object | ENV_leaf_506
Fra:372 Mem:224.54M (Peak 224.54M) | Time:00:00.32 | Mem:0.00M, Peak:0.00M | Scene, ViewLayer | Synchronizing object | ENV_leaf_505
Fra:372 Mem:224.54M (Peak 224.54M) | Time:00:00.32 | Mem:0.00M, Peak:0.00M | Scene, ViewLayer | Synchronizing object | ENV_leaf_504
Fra:372 Mem:224.55M (Peak 224.55M) | Time:00:00.32 | Mem:0.00M, Peak:0.00M | Scene, ViewLayer | Synchronizing object | ENV_leaf_503
Fra:372 Mem:224.61M (Peak 224.61M) | Time:00:00.32 | Mem:0.00M, Peak:0.00M | Scene, ViewLayer | Synchronizing object | ENV_leaf_502
Fra:372 Mem:224.62M (Peak 224.62M) | Time:00:00.32 | Mem:0.00M, Peak:0.00M | Scene, ViewLayer | Synchronizing object | ENV_leaf_501
Fra:372 Mem:224.64M (Peak 224.64M) | Time:00:00.32 | Mem:0.00M, Peak:0.00M | Scene, ViewLayer | Synchronizing object | ENV_leaf_500
Fra:372 Mem:224.71M (Peak 224.71M) | Time:00:00.32 | Mem:0.00M, Peak:0.00M | Scene, ViewLayer | Synchronizing object | ENV_leaf_499
Fra:372 Mem:224.71M (Peak 224.71M) | Time:00:00.32 | Mem:0.00M, Peak:0.00M | Scene, ViewLayer | Synchronizing object | ENV_leaf_498
Fra:372 Mem:224.65M (Peak 224.71M) | Time:00:00.32 | Mem:0.00M, Peak:0.00M | Scene, ViewLayer | Synchronizing object | ENV_fern_35
Fra:372 Mem:224.74M (Peak 224.74M) | Time:00:00.32 | Mem:0.00M, Peak:0.00M | Scene, ViewLayer | Synchronizing object | ENV_leaf_497
Fra:372 Mem:224.94M (Peak 224.94M) | Time:00:00.32 | Mem:0.00M, Peak:0.00M | Scene, ViewLayer | Synchronizing object | ENV_leaf_496
Fra:372 Mem:225.02M (Peak 225.02M) | Time:00:00.32 | Mem:0.00M, Peak:0.00M | Scene, ViewLayer | Synchronizing object | ENV_leaf_495
Fra:372 Mem:225.13M (Peak 225.13M) | Time:00:00.32 | Mem:0.00M, Peak:0.00M | Scene, ViewLayer | Synchronizing object | ENV_leaf_494
Fra:372 Mem:225.13M (Peak 225.13M) | Time:00:00.32 | Mem:0.00M, Peak:0.00M | Scene, ViewLayer | Synchronizing object | ENV_leaf_493
Fra:372 Mem:225.13M (Peak 225.13M) | Time:00:00.32 | Mem:0.00M, Peak:0.00M | Scene, ViewLayer | Synchronizing object | ENV_leaf_492
Fra:372 Mem:225.16M (Peak 225.16M) | Time:00:00.32 | Mem:0.00M, Peak:0.00M | Scene, ViewLayer | Synchronizing object | ENV_leaf_491
Fra:372 Mem:225.24M (Peak 225.24M) | Time:00:00.32 | Mem:0.00M, Peak:0.00M | Scene, ViewLayer | Synchronizing object | ENV_leaf_490
Fra:372 Mem:225.24M (Peak 225.24M) | Time:00:00.32 | Mem:0.00M, Peak:0.00M | Scene, ViewLayer | Synchronizing object | ENV_leaf_489
Fra:372 Mem:225.25M (Peak 225.25M) | Time:00:00.32 | Mem:0.00M, Peak:0.00M | Scene, ViewLayer | Synchronizing object | ENV_leaf_488
Fra:372 Mem:225.25M (Peak 225.25M) | Time:00:00.32 | Mem:0.00M, Peak:0.00M | Scene, ViewLayer | Synchronizing object | ENV_leaf_487
Fra:372 Mem:225.25M (Peak 225.25M) | Time:00:00.32 | Mem:0.00M, Peak:0.00M | Scene, ViewLayer | Synchronizing object | ENV_leaf_486
Fra:372 Mem:225.26M (Peak 225.26M) | Time:00:00.32 | Mem:0.00M, Peak:0.00M | Scene, ViewLayer | Synchronizing object | ENV_leaf_485
Fra:372 Mem:225.26M (Peak 225.26M) | Time:00:00.32 | Mem:0.00M, Peak:0.00M | Scene, ViewLayer | Synchronizing object | ENV_leaf_484
Fra:372 Mem:225.27M (Peak 225.27M) | Time:00:00.32 | Mem:0.00M, Peak:0.00M | Scene, ViewLayer | Synchronizing object | ENV_leaf_483
Fra:372 Mem:225.25M (Peak 225.27M) | Time:00:00.32 | Mem:0.00M, Peak:0.00M | Scene, ViewLayer | Synchronizing object | ENV_leaf_482
Fra:372 Mem:225.26M (Peak 225.27M) | Time:00:00.32 | Mem:0.00M, Peak:0.00M | Scene, ViewLayer | Synchronizing object | ENV_leaf_481
Fra:372 Mem:225.26M (Peak 225.27M) | Time:00:00.32 | Mem:0.00M, Peak:0.00M | Scene, ViewLayer | Synchronizing object | ENV_leaf_480
Fra:372 Mem:225.26M (Peak 225.27M) | Time:00:00.32 | Mem:0.00M, Peak:0.00M | Scene, ViewLayer | Synchronizing object | ENV_leaf_479
Fra:372 Mem:225.27M (Peak 225.27M) | Time:00:00.32 | Mem:0.00M, Peak:0.00M | Scene, ViewLayer | Synchronizing object | ENV_leaf_478
Fra:372 Mem:225.27M (Peak 225.27M) | Time:00:00.32 | Mem:0.00M, Peak:0.00M | Scene, ViewLayer | Synchronizing object | ENV_leaf_477
Fra:372 Mem:225.28M (Peak 225.28M) | Time:00:00.32 | Mem:0.00M, Peak:0.00M | Scene, ViewLayer | Synchronizing object | ENV_leaf_476
Fra:372 Mem:225.28M (Peak 225.28M) | Time:00:00.32 | Mem:0.00M, Peak:0.00M | Scene, ViewLayer | Synchronizing object | ENV_leaf_475
Fra:372 Mem:225.28M (Peak 225.28M) | Time:00:00.32 | Mem:0.00M, Peak:0.00M | Scene, ViewLayer | Synchronizing object | ENV_leaf_474
Fra:372 Mem:225.29M (Peak 225.29M) | Time:00:00.32 | Mem:0.00M, Peak:0.00M | Scene, ViewLayer | Synchronizing object | ENV_leaf_473
Fra:372 Mem:225.29M (Peak 225.29M) | Time:00:00.32 | Mem:0.00M, Peak:0.00M | Scene, ViewLayer | Synchronizing object | ENV_leaf_472
Fra:372 Mem:225.30M (Peak 225.30M) | Time:00:00.32 | Mem:0.00M, Peak:0.00M | Scene, ViewLayer | Synchronizing object | ENV_leaf_471
Fra:372 Mem:225.30M (Peak 225.30M) | Time:00:00.32 | Mem:0.00M, Peak:0.00M | Scene, ViewLayer | Synchronizing object | ENV_leaf_470
Fra:372 Mem:225.30M (Peak 225.30M) | Time:00:00.32 | Mem:0.00M, Peak:0.00M | Scene, ViewLayer | Synchronizing object | ENV_leaf_468
Fra:372 Mem:225.31M (Peak 225.31M) | Time:00:00.32 | Mem:0.00M, Peak:0.00M | Scene, ViewLayer | Synchronizing object | ENV_leaf_467
Fra:372 Mem:225.31M (Peak 225.31M) | Time:00:00.32 | Mem:0.00M, Peak:0.00M | Scene, ViewLayer | Synchronizing object | ENV_leaf_466
Fra:372 Mem:225.32M (Peak 225.32M) | Time:00:00.32 | Mem:0.00M, Peak:0.00M | Scene, ViewLayer | Synchronizing object | ENV_leaf_465
Fra:372 Mem:225.32M (Peak 225.32M) | Time:00:00.32 | Mem:0.00M, Peak:0.00M | Scene, ViewLayer | Synchronizing object | ENV_leaf_464
Fra:372 Mem:225.32M (Peak 225.32M) | Time:00:00.32 | Mem:0.00M, Peak:0.00M | Scene, ViewLayer | Synchronizing object | ENV_leaf_463
Fra:372 Mem:225.40M (Peak 225.40M) | Time:00:00.32 | Mem:0.00M, Peak:0.00M | Scene, ViewLayer | Synchronizing object | ENV_leaf_462
Fra:372 Mem:225.41M (Peak 225.41M) | Time:00:00.32 | Mem:0.00M, Peak:0.00M | Scene, ViewLayer | Synchronizing object | ENV_leaf_461
Fra:372 Mem:225.44M (Peak 225.44M) | Time:00:00.32 | Mem:0.00M, Peak:0.00M | Scene, ViewLayer | Synchronizing object | ENV_leaf_460
Fra:372 Mem:225.44M (Peak 225.44M) | Time:00:00.32 | Mem:0.00M, Peak:0.00M | Scene, ViewLayer | Synchronizing object | ENV_leaf_459
Fra:372 Mem:225.53M (Peak 225.53M) | Time:00:00.32 | Mem:0.00M, Peak:0.00M | Scene, ViewLayer | Synchronizing object | ENV_leaf_458
Fra:372 Mem:225.53M (Peak 225.53M) | Time:00:00.32 | Mem:0.00M, Peak:0.00M | Scene, ViewLayer | Synchronizing object | ENV_leaf_457
Fra:372 Mem:225.46M (Peak 225.53M) | Time:00:00.32 | Mem:0.00M, Peak:0.00M | Scene, ViewLayer | Synchronizing object | ENV_leaf_456
Fra:372 Mem:225.46M (Peak 225.53M) | Time:00:00.32 | Mem:0.00M, Peak:0.00M | Scene, ViewLayer | Synchronizing object | ENV_fern_36
Fra:372 Mem:225.51M (Peak 225.53M) | Time:00:00.32 | Mem:0.00M, Peak:0.00M | Scene, ViewLayer | Synchronizing object | ENV_leaf_455
Fra:372 Mem:225.69M (Peak 225.69M) | Time:00:00.32 | Mem:0.00M, Peak:0.00M | Scene, ViewLayer | Synchronizing object | ENV_leaf_454
Fra:372 Mem:225.76M (Peak 225.76M) | Time:00:00.32 | Mem:0.00M, Peak:0.00M | Scene, ViewLayer | Synchronizing object | ENV_leaf_453
Fra:372 Mem:225.76M (Peak 225.76M) | Time:00:00.32 | Mem:0.00M, Peak:0.00M | Scene, ViewLayer | Synchronizing object | ENV_leaf_452
Fra:372 Mem:225.82M (Peak 225.82M) | Time:00:00.32 | Mem:0.00M, Peak:0.00M | Scene, ViewLayer | Synchronizing object | ENV_leaf_451
Fra:372 Mem:225.83M (Peak 225.83M) | Time:00:00.32 | Mem:0.00M, Peak:0.00M | Scene, ViewLayer | Synchronizing object | ENV_leaf_450
Fra:372 Mem:225.83M (Peak 225.83M) | Time:00:00.32 | Mem:0.00M, Peak:0.00M | Scene, ViewLayer | Synchronizing object | ENV_leaf_449
Fra:372 Mem:225.84M (Peak 225.84M) | Time:00:00.32 | Mem:0.00M, Peak:0.00M | Scene, ViewLayer | Synchronizing object | ENV_leaf_448
Fra:372 Mem:225.84M (Peak 225.84M) | Time:00:00.32 | Mem:0.00M, Peak:0.00M | Scene, ViewLayer | Synchronizing object | ENV_leaf_447
Fra:372 Mem:225.83M (Peak 225.84M) | Time:00:00.32 | Mem:0.00M, Peak:0.00M | Scene, ViewLayer | Synchronizing object | ENV_leaf_446
Fra:372 Mem:225.84M (Peak 225.84M) | Time:00:00.32 | Mem:0.00M, Peak:0.00M | Scene, ViewLayer | Synchronizing object | ENV_leaf_445
Fra:372 Mem:225.84M (Peak 225.84M) | Time:00:00.32 | Mem:0.00M, Peak:0.00M | Scene, ViewLayer | Synchronizing object | ENV_leaf_444
Fra:372 Mem:225.84M (Peak 225.84M) | Time:00:00.32 | Mem:0.00M, Peak:0.00M | Scene, ViewLayer | Synchronizing object | ENV_leaf_443
Fra:372 Mem:225.85M (Peak 225.85M) | Time:00:00.32 | Mem:0.00M, Peak:0.00M | Scene, ViewLayer | Synchronizing object | ENV_leaf_442
Fra:372 Mem:225.85M (Peak 225.85M) | Time:00:00.32 | Mem:0.00M, Peak:0.00M | Scene, ViewLayer | Synchronizing object | ENV_leaf_441
Fra:372 Mem:225.86M (Peak 225.86M) | Time:00:00.32 | Mem:0.00M, Peak:0.00M | Scene, ViewLayer | Synchronizing object | ENV_leaf_440
Fra:372 Mem:225.86M (Peak 225.86M) | Time:00:00.32 | Mem:0.00M, Peak:0.00M | Scene, ViewLayer | Synchronizing object | ENV_leaf_439
Fra:372 Mem:225.86M (Peak 225.86M) | Time:00:00.32 | Mem:0.00M, Peak:0.00M | Scene, ViewLayer | Synchronizing object | ENV_leaf_438
Fra:372 Mem:225.87M (Peak 225.87M) | Time:00:00.32 | Mem:0.00M, Peak:0.00M | Scene, ViewLayer | Synchronizing object | ENV_leaf_437
Fra:372 Mem:225.87M (Peak 225.87M) | Time:00:00.32 | Mem:0.00M, Peak:0.00M | Scene, ViewLayer | Synchronizing object | ENV_leaf_436
Fra:372 Mem:225.92M (Peak 225.92M) | Time:00:00.32 | Mem:0.00M, Peak:0.00M | Scene, ViewLayer | Synchronizing object | ENV_leaf_435
Fra:372 Mem:225.93M (Peak 225.93M) | Time:00:00.32 | Mem:0.00M, Peak:0.00M | Scene, ViewLayer | Synchronizing object | ENV_leaf_434
Fra:372 Mem:225.95M (Peak 225.95M) | Time:00:00.32 | Mem:0.00M, Peak:0.00M | Scene, ViewLayer | Synchronizing object | ENV_leaf_433
Fra:372 Mem:226.00M (Peak 226.00M) | Time:00:00.32 | Mem:0.00M, Peak:0.00M | Scene, ViewLayer | Synchronizing object | ENV_leaf_432
Fra:372 Mem:226.01M (Peak 226.01M) | Time:00:00.32 | Mem:0.00M, Peak:0.00M | Scene, ViewLayer | Synchronizing object | ENV_leaf_431
Fra:372 Mem:225.96M (Peak 226.01M) | Time:00:00.32 | Mem:0.00M, Peak:0.00M | Scene, ViewLayer | Synchronizing object | ENV_fern_37
Fra:372 Mem:226.03M (Peak 226.03M) | Time:00:00.32 | Mem:0.00M, Peak:0.00M | Scene, ViewLayer | Synchronizing object | ENV_leaf_430
Fra:372 Mem:226.04M (Peak 226.04M) | Time:00:00.32 | Mem:0.00M, Peak:0.00M | Scene, ViewLayer | Synchronizing object | ENV_leaf_429
Fra:372 Mem:226.26M (Peak 226.26M) | Time:00:00.32 | Mem:0.00M, Peak:0.00M | Scene, ViewLayer | Synchronizing object | ENV_leaf_428
Fra:372 Mem:226.27M (Peak 226.27M) | Time:00:00.32 | Mem:0.00M, Peak:0.00M | Scene, ViewLayer | Synchronizing object | ENV_leaf_427
Fra:372 Mem:226.35M (Peak 226.35M) | Time:00:00.32 | Mem:0.00M, Peak:0.00M | Scene, ViewLayer | Synchronizing object | ENV_leaf_426
Fra:372 Mem:226.36M (Peak 226.36M) | Time:00:00.32 | Mem:0.00M, Peak:0.00M | Scene, ViewLayer | Synchronizing object | ENV_leaf_425
Fra:372 Mem:226.36M (Peak 226.36M) | Time:00:00.32 | Mem:0.00M, Peak:0.00M | Scene, ViewLayer | Synchronizing object | ENV_leaf_424
Fra:372 Mem:226.38M (Peak 226.38M) | Time:00:00.32 | Mem:0.00M, Peak:0.00M | Scene, ViewLayer | Synchronizing object | ENV_leaf_423
Fra:372 Mem:226.45M (Peak 226.45M) | Time:00:00.32 | Mem:0.00M, Peak:0.00M | Scene, ViewLayer | Synchronizing object | ENV_leaf_422
Fra:372 Mem:226.45M (Peak 226.45M) | Time:00:00.32 | Mem:0.00M, Peak:0.00M | Scene, ViewLayer | Synchronizing object | ENV_leaf_421
Fra:372 Mem:226.45M (Peak 226.45M) | Time:00:00.32 | Mem:0.00M, Peak:0.00M | Scene, ViewLayer | Synchronizing object | ENV_leaf_420
Fra:372 Mem:226.46M (Peak 226.46M) | Time:00:00.32 | Mem:0.00M, Peak:0.00M | Scene, ViewLayer | Synchronizing object | ENV_leaf_419
Fra:372 Mem:226.46M (Peak 226.46M) | Time:00:00.32 | Mem:0.00M, Peak:0.00M | Scene, ViewLayer | Synchronizing object | ENV_leaf_418
Fra:372 Mem:226.47M (Peak 226.47M) | Time:00:00.32 | Mem:0.00M, Peak:0.00M | Scene, ViewLayer | Synchronizing object | ENV_leaf_417
Fra:372 Mem:226.45M (Peak 226.47M) | Time:00:00.32 | Mem:0.00M, Peak:0.00M | Scene, ViewLayer | Synchronizing object | ENV_leaf_416
Fra:372 Mem:226.46M (Peak 226.47M) | Time:00:00.32 | Mem:0.00M, Peak:0.00M | Scene, ViewLayer | Synchronizing object | ENV_leaf_415
Fra:372 Mem:226.46M (Peak 226.47M) | Time:00:00.32 | Mem:0.00M, Peak:0.00M | Scene, ViewLayer | Synchronizing object | ENV_leaf_414
Fra:372 Mem:226.47M (Peak 226.47M) | Time:00:00.32 | Mem:0.00M, Peak:0.00M | Scene, ViewLayer | Synchronizing object | ENV_leaf_413
Fra:372 Mem:226.47M (Peak 226.47M) | Time:00:00.32 | Mem:0.00M, Peak:0.00M | Scene, ViewLayer | Synchronizing object | ENV_leaf_412
Fra:372 Mem:226.47M (Peak 226.47M) | Time:00:00.32 | Mem:0.00M, Peak:0.00M | Scene, ViewLayer | Synchronizing object | ENV_leaf_411
Fra:372 Mem:226.48M (Peak 226.48M) | Time:00:00.32 | Mem:0.00M, Peak:0.00M | Scene, ViewLayer | Synchronizing object | ENV_leaf_410
Fra:372 Mem:226.48M (Peak 226.48M) | Time:00:00.32 | Mem:0.00M, Peak:0.00M | Scene, ViewLayer | Synchronizing object | ENV_leaf_409
Fra:372 Mem:226.49M (Peak 226.49M) | Time:00:00.32 | Mem:0.00M, Peak:0.00M | Scene, ViewLayer | Synchronizing object | ENV_leaf_407
Fra:372 Mem:226.49M (Peak 226.49M) | Time:00:00.32 | Mem:0.00M, Peak:0.00M | Scene, ViewLayer | Synchronizing object | ENV_leaf_406
Fra:372 Mem:226.49M (Peak 226.49M) | Time:00:00.32 | Mem:0.00M, Peak:0.00M | Scene, ViewLayer | Synchronizing object | ENV_leaf_405
Fra:372 Mem:226.50M (Peak 226.50M) | Time:00:00.32 | Mem:0.00M, Peak:0.00M | Scene, ViewLayer | Synchronizing object | ENV_leaf_404
Fra:372 Mem:226.50M (Peak 226.50M) | Time:00:00.32 | Mem:0.00M, Peak:0.00M | Scene, ViewLayer | Synchronizing object | ENV_leaf_403
Fra:372 Mem:226.51M (Peak 226.51M) | Time:00:00.32 | Mem:0.00M, Peak:0.00M | Scene, ViewLayer | Synchronizing object | ENV_leaf_402
Fra:372 Mem:226.51M (Peak 226.51M) | Time:00:00.32 | Mem:0.00M, Peak:0.00M | Scene, ViewLayer | Synchronizing object | ENV_leaf_401
Fra:372 Mem:226.51M (Peak 226.51M) | Time:00:00.32 | Mem:0.00M, Peak:0.00M | Scene, ViewLayer | Synchronizing object | ENV_leaf_400
Fra:372 Mem:226.58M (Peak 226.58M) | Time:00:00.32 | Mem:0.00M, Peak:0.00M | Scene, ViewLayer | Synchronizing object | ENV_leaf_399
Fra:372 Mem:226.58M (Peak 226.58M) | Time:00:00.32 | Mem:0.00M, Peak:0.00M | Scene, ViewLayer | Synchronizing object | ENV_leaf_398
Fra:372 Mem:226.59M (Peak 226.59M) | Time:00:00.32 | Mem:0.00M, Peak:0.00M | Scene, ViewLayer | Synchronizing object | ENV_leaf_397
Fra:372 Mem:226.62M (Peak 226.62M) | Time:00:00.32 | Mem:0.00M, Peak:0.00M | Scene, ViewLayer | Synchronizing object | ENV_leaf_396
Fra:372 Mem:226.68M (Peak 226.68M) | Time:00:00.32 | Mem:0.00M, Peak:0.00M | Scene, ViewLayer | Synchronizing object | ENV_leaf_395
Fra:372 Mem:226.69M (Peak 226.69M) | Time:00:00.32 | Mem:0.00M, Peak:0.00M | Scene, ViewLayer | Synchronizing object | ENV_leaf_394
Fra:372 Mem:226.63M (Peak 226.69M) | Time:00:00.32 | Mem:0.00M, Peak:0.00M | Scene, ViewLayer | Synchronizing object | ENV_fern_38
Fra:372 Mem:226.71M (Peak 226.71M) | Time:00:00.32 | Mem:0.00M, Peak:0.00M | Scene, ViewLayer | Synchronizing object | ENV_leaf_393
Fra:372 Mem:226.72M (Peak 226.72M) | Time:00:00.32 | Mem:0.00M, Peak:0.00M | Scene, ViewLayer | Synchronizing object | ENV_leaf_392
Fra:372 Mem:226.92M (Peak 226.92M) | Time:00:00.32 | Mem:0.00M, Peak:0.00M | Scene, ViewLayer | Synchronizing object | ENV_leaf_391
Fra:372 Mem:227.00M (Peak 227.00M) | Time:00:00.32 | Mem:0.00M, Peak:0.00M | Scene, ViewLayer | Synchronizing object | ENV_leaf_390
Fra:372 Mem:227.10M (Peak 227.10M) | Time:00:00.32 | Mem:0.00M, Peak:0.00M | Scene, ViewLayer | Synchronizing object | ENV_leaf_389
Fra:372 Mem:227.11M (Peak 227.11M) | Time:00:00.32 | Mem:0.00M, Peak:0.00M | Scene, ViewLayer | Synchronizing object | ENV_leaf_388
Fra:372 Mem:227.11M (Peak 227.11M) | Time:00:00.32 | Mem:0.00M, Peak:0.00M | Scene, ViewLayer | Synchronizing object | ENV_leaf_387
Fra:372 Mem:227.12M (Peak 227.12M) | Time:00:00.32 | Mem:0.00M, Peak:0.00M | Scene, ViewLayer | Synchronizing object | ENV_leaf_386
Fra:372 Mem:227.22M (Peak 227.22M) | Time:00:00.32 | Mem:0.00M, Peak:0.00M | Scene, ViewLayer | Synchronizing object | ENV_leaf_385
Fra:372 Mem:227.22M (Peak 227.22M) | Time:00:00.32 | Mem:0.00M, Peak:0.00M | Scene, ViewLayer | Synchronizing object | ENV_leaf_384
Fra:372 Mem:227.22M (Peak 227.22M) | Time:00:00.32 | Mem:0.00M, Peak:0.00M | Scene, ViewLayer | Synchronizing object | ENV_leaf_383
Fra:372 Mem:227.23M (Peak 227.23M) | Time:00:00.32 | Mem:0.00M, Peak:0.00M | Scene, ViewLayer | Synchronizing object | ENV_leaf_382
Fra:372 Mem:227.23M (Peak 227.23M) | Time:00:00.32 | Mem:0.00M, Peak:0.00M | Scene, ViewLayer | Synchronizing object | ENV_leaf_381
Fra:372 Mem:227.24M (Peak 227.24M) | Time:00:00.32 | Mem:0.00M, Peak:0.00M | Scene, ViewLayer | Synchronizing object | ENV_leaf_380
Fra:372 Mem:227.24M (Peak 227.24M) | Time:00:00.32 | Mem:0.00M, Peak:0.00M | Scene, ViewLayer | Synchronizing object | ENV_leaf_379
Fra:372 Mem:227.24M (Peak 227.24M) | Time:00:00.32 | Mem:0.00M, Peak:0.00M | Scene, ViewLayer | Synchronizing object | ENV_leaf_378
Fra:372 Mem:227.23M (Peak 227.24M) | Time:00:00.32 | Mem:0.00M, Peak:0.00M | Scene, ViewLayer | Synchronizing object | ENV_leaf_377
Fra:372 Mem:227.23M (Peak 227.24M) | Time:00:00.32 | Mem:0.00M, Peak:0.00M | Scene, ViewLayer | Synchronizing object | ENV_leaf_376
Fra:372 Mem:227.24M (Peak 227.24M) | Time:00:00.32 | Mem:0.00M, Peak:0.00M | Scene, ViewLayer | Synchronizing object | ENV_leaf_375
Fra:372 Mem:227.24M (Peak 227.24M) | Time:00:00.32 | Mem:0.00M, Peak:0.00M | Scene, ViewLayer | Synchronizing object | ENV_leaf_374
Fra:372 Mem:227.24M (Peak 227.24M) | Time:00:00.32 | Mem:0.00M, Peak:0.00M | Scene, ViewLayer | Synchronizing object | ENV_leaf_373
Fra:372 Mem:227.25M (Peak 227.25M) | Time:00:00.32 | Mem:0.00M, Peak:0.00M | Scene, ViewLayer | Synchronizing object | ENV_leaf_372
Fra:372 Mem:227.25M (Peak 227.25M) | Time:00:00.32 | Mem:0.00M, Peak:0.00M | Scene, ViewLayer | Synchronizing object | ENV_leaf_371
Fra:372 Mem:227.26M (Peak 227.26M) | Time:00:00.32 | Mem:0.00M, Peak:0.00M | Scene, ViewLayer | Synchronizing object | ENV_leaf_370
Fra:372 Mem:227.26M (Peak 227.26M) | Time:00:00.32 | Mem:0.00M, Peak:0.00M | Scene, ViewLayer | Synchronizing object | ENV_leaf_369
Fra:372 Mem:227.26M (Peak 227.26M) | Time:00:00.32 | Mem:0.00M, Peak:0.00M | Scene, ViewLayer | Synchronizing object | ENV_leaf_368
Fra:372 Mem:227.27M (Peak 227.27M) | Time:00:00.32 | Mem:0.00M, Peak:0.00M | Scene, ViewLayer | Synchronizing object | ENV_leaf_367
Fra:372 Mem:227.27M (Peak 227.27M) | Time:00:00.32 | Mem:0.00M, Peak:0.00M | Scene, ViewLayer | Synchronizing object | ENV_leaf_366
Fra:372 Mem:227.28M (Peak 227.28M) | Time:00:00.32 | Mem:0.00M, Peak:0.00M | Scene, ViewLayer | Synchronizing object | ENV_leaf_365
Fra:372 Mem:227.28M (Peak 227.28M) | Time:00:00.32 | Mem:0.00M, Peak:0.00M | Scene, ViewLayer | Synchronizing object | ENV_leaf_364
Fra:372 Mem:227.29M (Peak 227.29M) | Time:00:00.32 | Mem:0.00M, Peak:0.00M | Scene, ViewLayer | Synchronizing object | ENV_leaf_363
Fra:372 Mem:227.29M (Peak 227.29M) | Time:00:00.32 | Mem:0.00M, Peak:0.00M | Scene, ViewLayer | Synchronizing object | ENV_leaf_362
Fra:372 Mem:227.29M (Peak 227.29M) | Time:00:00.32 | Mem:0.00M, Peak:0.00M | Scene, ViewLayer | Synchronizing object | ENV_leaf_361
Fra:372 Mem:227.30M (Peak 227.30M) | Time:00:00.32 | Mem:0.00M, Peak:0.00M | Scene, ViewLayer | Synchronizing object | ENV_leaf_360
Fra:372 Mem:227.30M (Peak 227.30M) | Time:00:00.32 | Mem:0.00M, Peak:0.00M | Scene, ViewLayer | Synchronizing object | ENV_leaf_359
Fra:372 Mem:227.38M (Peak 227.38M) | Time:00:00.32 | Mem:0.00M, Peak:0.00M | Scene, ViewLayer | Synchronizing object | ENV_leaf_358
Fra:372 Mem:227.39M (Peak 227.39M) | Time:00:00.32 | Mem:0.00M, Peak:0.00M | Scene, ViewLayer | Synchronizing object | ENV_leaf_357
Fra:372 Mem:227.39M (Peak 227.39M) | Time:00:00.32 | Mem:0.00M, Peak:0.00M | Scene, ViewLayer | Synchronizing object | ENV_leaf_356
Fra:372 Mem:227.42M (Peak 227.42M) | Time:00:00.33 | Mem:0.00M, Peak:0.00M | Scene, ViewLayer | Synchronizing object | ENV_leaf_355
Fra:372 Mem:227.50M (Peak 227.50M) | Time:00:00.33 | Mem:0.00M, Peak:0.00M | Scene, ViewLayer | Synchronizing object | ENV_leaf_354
Fra:372 Mem:227.51M (Peak 227.51M) | Time:00:00.33 | Mem:0.00M, Peak:0.00M | Scene, ViewLayer | Synchronizing object | ENV_leaf_353
Fra:372 Mem:227.51M (Peak 227.51M) | Time:00:00.33 | Mem:0.00M, Peak:0.00M | Scene, ViewLayer | Synchronizing object | ENV_leaf_352
Fra:372 Mem:227.44M (Peak 227.51M) | Time:00:00.33 | Mem:0.00M, Peak:0.00M | Scene, ViewLayer | Synchronizing object | ENV_leaf_351
Fra:372 Mem:227.50M (Peak 227.51M) | Time:00:00.33 | Mem:0.00M, Peak:0.00M | Scene, ViewLayer | Synchronizing object | ENV_leaf_350
Fra:372 Mem:227.67M (Peak 227.67M) | Time:00:00.33 | Mem:0.00M, Peak:0.00M | Scene, ViewLayer | Synchronizing object | ENV_leaf_349
Fra:372 Mem:227.74M (Peak 227.74M) | Time:00:00.33 | Mem:0.00M, Peak:0.00M | Scene, ViewLayer | Synchronizing object | ENV_leaf_348
Fra:372 Mem:227.74M (Peak 227.74M) | Time:00:00.33 | Mem:0.00M, Peak:0.00M | Scene, ViewLayer | Synchronizing object | ENV_leaf_347
Fra:372 Mem:227.76M (Peak 227.76M) | Time:00:00.33 | Mem:0.00M, Peak:0.00M | Scene, ViewLayer | Synchronizing object | ENV_leaf_346
Fra:372 Mem:227.81M (Peak 227.81M) | Time:00:00.33 | Mem:0.00M, Peak:0.00M | Scene, ViewLayer | Synchronizing object | ENV_leaf_345
Fra:372 Mem:227.81M (Peak 227.81M) | Time:00:00.33 | Mem:0.00M, Peak:0.00M | Scene, ViewLayer | Synchronizing object | ENV_leaf_344
Fra:372 Mem:227.82M (Peak 227.82M) | Time:00:00.33 | Mem:0.00M, Peak:0.00M | Scene, ViewLayer | Synchronizing object | ENV_leaf_343
Fra:372 Mem:227.82M (Peak 227.82M) | Time:00:00.33 | Mem:0.00M, Peak:0.00M | Scene, ViewLayer | Synchronizing object | ENV_leaf_342
Fra:372 Mem:227.81M (Peak 227.82M) | Time:00:00.33 | Mem:0.00M, Peak:0.00M | Scene, ViewLayer | Synchronizing object | ENV_leaf_341
Fra:372 Mem:227.82M (Peak 227.82M) | Time:00:00.33 | Mem:0.00M, Peak:0.00M | Scene, ViewLayer | Synchronizing object | ENV_leaf_340
Fra:372 Mem:227.82M (Peak 227.82M) | Time:00:00.33 | Mem:0.00M, Peak:0.00M | Scene, ViewLayer | Synchronizing object | ENV_leaf_339
Fra:372 Mem:227.83M (Peak 227.83M) | Time:00:00.33 | Mem:0.00M, Peak:0.00M | Scene, ViewLayer | Synchronizing object | ENV_leaf_338
Fra:372 Mem:227.83M (Peak 227.83M) | Time:00:00.33 | Mem:0.00M, Peak:0.00M | Scene, ViewLayer | Synchronizing object | ENV_leaf_337
Fra:372 Mem:227.83M (Peak 227.83M) | Time:00:00.33 | Mem:0.00M, Peak:0.00M | Scene, ViewLayer | Synchronizing object | ENV_leaf_336
Fra:372 Mem:227.84M (Peak 227.84M) | Time:00:00.33 | Mem:0.00M, Peak:0.00M | Scene, ViewLayer | Synchronizing object | ENV_leaf_335
Fra:372 Mem:227.84M (Peak 227.84M) | Time:00:00.33 | Mem:0.00M, Peak:0.00M | Scene, ViewLayer | Synchronizing object | ENV_leaf_334
Fra:372 Mem:227.85M (Peak 227.85M) | Time:00:00.33 | Mem:0.00M, Peak:0.00M | Scene, ViewLayer | Synchronizing object | ENV_leaf_333
Fra:372 Mem:227.85M (Peak 227.85M) | Time:00:00.33 | Mem:0.00M, Peak:0.00M | Scene, ViewLayer | Synchronizing object | ENV_leaf_332
Fra:372 Mem:227.85M (Peak 227.85M) | Time:00:00.33 | Mem:0.00M, Peak:0.00M | Scene, ViewLayer | Synchronizing object | ENV_leaf_331
Fra:372 Mem:227.91M (Peak 227.91M) | Time:00:00.33 | Mem:0.00M, Peak:0.00M | Scene, ViewLayer | Synchronizing object | ENV_leaf_330
Fra:372 Mem:227.91M (Peak 227.91M) | Time:00:00.33 | Mem:0.00M, Peak:0.00M | Scene, ViewLayer | Synchronizing object | ENV_leaf_329
Fra:372 Mem:227.98M (Peak 227.98M) | Time:00:00.33 | Mem:0.00M, Peak:0.00M | Scene, ViewLayer | Synchronizing object | ENV_leaf_328
Fra:372 Mem:227.98M (Peak 227.98M) | Time:00:00.33 | Mem:0.00M, Peak:0.00M | Scene, ViewLayer | Synchronizing object | ENV_leaf_327
Fra:372 Mem:227.94M (Peak 227.98M) | Time:00:00.33 | Mem:0.00M, Peak:0.00M | Scene, ViewLayer | Synchronizing object | ENV_fern_40
Fra:372 Mem:228.01M (Peak 228.01M) | Time:00:00.33 | Mem:0.00M, Peak:0.00M | Scene, ViewLayer | Synchronizing object | ENV_leaf_326
Fra:372 Mem:228.17M (Peak 228.17M) | Time:00:00.33 | Mem:0.00M, Peak:0.00M | Scene, ViewLayer | Synchronizing object | ENV_leaf_325
Fra:372 Mem:228.24M (Peak 228.24M) | Time:00:00.33 | Mem:0.00M, Peak:0.00M | Scene, ViewLayer | Synchronizing object | ENV_leaf_324
Fra:372 Mem:228.32M (Peak 228.32M) | Time:00:00.33 | Mem:0.00M, Peak:0.00M | Scene, ViewLayer | Synchronizing object | ENV_leaf_323
Fra:372 Mem:228.33M (Peak 228.33M) | Time:00:00.33 | Mem:0.00M, Peak:0.00M | Scene, ViewLayer | Synchronizing object | ENV_leaf_322
Fra:372 Mem:228.35M (Peak 228.35M) | Time:00:00.33 | Mem:0.00M, Peak:0.00M | Scene, ViewLayer | Synchronizing object | ENV_leaf_321
Fra:372 Mem:228.41M (Peak 228.41M) | Time:00:00.33 | Mem:0.00M, Peak:0.00M | Scene, ViewLayer | Synchronizing object | ENV_leaf_320
Fra:372 Mem:228.42M (Peak 228.42M) | Time:00:00.33 | Mem:0.00M, Peak:0.00M | Scene, ViewLayer | Synchronizing object | ENV_leaf_319
Fra:372 Mem:228.42M (Peak 228.42M) | Time:00:00.33 | Mem:0.00M, Peak:0.00M | Scene, ViewLayer | Synchronizing object | ENV_leaf_318
Fra:372 Mem:228.43M (Peak 228.43M) | Time:00:00.33 | Mem:0.00M, Peak:0.00M | Scene, ViewLayer | Synchronizing object | ENV_leaf_317
Fra:372 Mem:228.43M (Peak 228.43M) | Time:00:00.33 | Mem:0.00M, Peak:0.00M | Scene, ViewLayer | Synchronizing object | ENV_leaf_316
Fra:372 Mem:228.43M (Peak 228.43M) | Time:00:00.33 | Mem:0.00M, Peak:0.00M | Scene, ViewLayer | Synchronizing object | ENV_leaf_315
Fra:372 Mem:228.42M (Peak 228.43M) | Time:00:00.33 | Mem:0.00M, Peak:0.00M | Scene, ViewLayer | Synchronizing object | ENV_leaf_314
Fra:372 Mem:228.43M (Peak 228.43M) | Time:00:00.33 | Mem:0.00M, Peak:0.00M | Scene, ViewLayer | Synchronizing object | ENV_leaf_313
Fra:372 Mem:228.43M (Peak 228.43M) | Time:00:00.33 | Mem:0.00M, Peak:0.00M | Scene, ViewLayer | Synchronizing object | ENV_leaf_312
Fra:372 Mem:228.44M (Peak 228.44M) | Time:00:00.33 | Mem:0.00M, Peak:0.00M | Scene, ViewLayer | Synchronizing object | ENV_leaf_311
Fra:372 Mem:228.44M (Peak 228.44M) | Time:00:00.33 | Mem:0.00M, Peak:0.00M | Scene, ViewLayer | Synchronizing object | ENV_leaf_310
Fra:372 Mem:228.44M (Peak 228.44M) | Time:00:00.33 | Mem:0.00M, Peak:0.00M | Scene, ViewLayer | Synchronizing object | ENV_leaf_309
Fra:372 Mem:228.45M (Peak 228.45M) | Time:00:00.33 | Mem:0.00M, Peak:0.00M | Scene, ViewLayer | Synchronizing object | ENV_leaf_308
Fra:372 Mem:228.45M (Peak 228.45M) | Time:00:00.33 | Mem:0.00M, Peak:0.00M | Scene, ViewLayer | Synchronizing object | ENV_leaf_307
Fra:372 Mem:228.46M (Peak 228.46M) | Time:00:00.33 | Mem:0.00M, Peak:0.00M | Scene, ViewLayer | Synchronizing object | ENV_leaf_306
Fra:372 Mem:228.46M (Peak 228.46M) | Time:00:00.33 | Mem:0.00M, Peak:0.00M | Scene, ViewLayer | Synchronizing object | ENV_leaf_305
Fra:372 Mem:228.46M (Peak 228.46M) | Time:00:00.33 | Mem:0.00M, Peak:0.00M | Scene, ViewLayer | Synchronizing object | ENV_leaf_304
Fra:372 Mem:228.47M (Peak 228.47M) | Time:00:00.33 | Mem:0.00M, Peak:0.00M | Scene, ViewLayer | Synchronizing object | ENV_leaf_303
Fra:372 Mem:228.47M (Peak 228.47M) | Time:00:00.33 | Mem:0.00M, Peak:0.00M | Scene, ViewLayer | Synchronizing object | ENV_leaf_302
Fra:372 Mem:228.48M (Peak 228.48M) | Time:00:00.33 | Mem:0.00M, Peak:0.00M | Scene, ViewLayer | Synchronizing object | ENV_leaf_301
Fra:372 Mem:228.48M (Peak 228.48M) | Time:00:00.33 | Mem:0.00M, Peak:0.00M | Scene, ViewLayer | Synchronizing object | ENV_leaf_300
Fra:372 Mem:228.55M (Peak 228.55M) | Time:00:00.33 | Mem:0.00M, Peak:0.00M | Scene, ViewLayer | Synchronizing object | ENV_leaf_299
Fra:372 Mem:228.55M (Peak 228.55M) | Time:00:00.33 | Mem:0.00M, Peak:0.00M | Scene, ViewLayer | Synchronizing object | ENV_leaf_298
Fra:372 Mem:228.58M (Peak 228.58M) | Time:00:00.33 | Mem:0.00M, Peak:0.00M | Scene, ViewLayer | Synchronizing object | ENV_leaf_297
Fra:372 Mem:228.64M (Peak 228.64M) | Time:00:00.33 | Mem:0.00M, Peak:0.00M | Scene, ViewLayer | Synchronizing object | ENV_leaf_296
Fra:372 Mem:228.65M (Peak 228.65M) | Time:00:00.33 | Mem:0.00M, Peak:0.00M | Scene, ViewLayer | Synchronizing object | ENV_leaf_295
Fra:372 Mem:228.59M (Peak 228.65M) | Time:00:00.33 | Mem:0.00M, Peak:0.00M | Scene, ViewLayer | Synchronizing object | ENV_fern_41
Fra:372 Mem:228.67M (Peak 228.67M) | Time:00:00.33 | Mem:0.00M, Peak:0.00M | Scene, ViewLayer | Synchronizing object | ENV_leaf_294
Fra:372 Mem:228.68M (Peak 228.68M) | Time:00:00.33 | Mem:0.00M, Peak:0.00M | Scene, ViewLayer | Synchronizing object | ENV_leaf_292
Fra:372 Mem:228.96M (Peak 228.96M) | Time:00:00.33 | Mem:0.00M, Peak:0.00M | Scene, ViewLayer | Synchronizing object | ENV_leaf_291
Fra:372 Mem:228.96M (Peak 228.96M) | Time:00:00.33 | Mem:0.00M, Peak:0.00M | Scene, ViewLayer | Synchronizing object | ENV_leaf_290
Fra:372 Mem:229.06M (Peak 229.06M) | Time:00:00.33 | Mem:0.00M, Peak:0.00M | Scene, ViewLayer | Synchronizing object | ENV_leaf_289
Fra:372 Mem:229.07M (Peak 229.07M) | Time:00:00.33 | Mem:0.00M, Peak:0.00M | Scene, ViewLayer | Synchronizing object | ENV_leaf_288
Fra:372 Mem:229.07M (Peak 229.07M) | Time:00:00.33 | Mem:0.00M, Peak:0.00M | Scene, ViewLayer | Synchronizing object | ENV_leaf_287
Fra:372 Mem:229.10M (Peak 229.10M) | Time:00:00.33 | Mem:0.00M, Peak:0.00M | Scene, ViewLayer | Synchronizing object | ENV_leaf_286
Fra:372 Mem:229.18M (Peak 229.18M) | Time:00:00.33 | Mem:0.00M, Peak:0.00M | Scene, ViewLayer | Synchronizing object | ENV_leaf_285
Fra:372 Mem:229.18M (Peak 229.18M) | Time:00:00.33 | Mem:0.00M, Peak:0.00M | Scene, ViewLayer | Synchronizing object | ENV_leaf_284
Fra:372 Mem:229.18M (Peak 229.18M) | Time:00:00.33 | Mem:0.00M, Peak:0.00M | Scene, ViewLayer | Synchronizing object | ENV_leaf_283
Fra:372 Mem:229.19M (Peak 229.19M) | Time:00:00.33 | Mem:0.00M, Peak:0.00M | Scene, ViewLayer | Synchronizing object | ENV_leaf_282
Fra:372 Mem:229.19M (Peak 229.19M) | Time:00:00.33 | Mem:0.00M, Peak:0.00M | Scene, ViewLayer | Synchronizing object | ENV_leaf_281
Fra:372 Mem:229.20M (Peak 229.20M) | Time:00:00.33 | Mem:0.00M, Peak:0.00M | Scene, ViewLayer | Synchronizing object | ENV_leaf_280
Fra:372 Mem:229.20M (Peak 229.20M) | Time:00:00.33 | Mem:0.00M, Peak:0.00M | Scene, ViewLayer | Synchronizing object | ENV_leaf_279
Fra:372 Mem:229.19M (Peak 229.20M) | Time:00:00.33 | Mem:0.00M, Peak:0.00M | Scene, ViewLayer | Synchronizing object | ENV_leaf_278
Fra:372 Mem:229.19M (Peak 229.20M) | Time:00:00.33 | Mem:0.00M, Peak:0.00M | Scene, ViewLayer | Synchronizing object | ENV_leaf_277
Fra:372 Mem:229.19M (Peak 229.20M) | Time:00:00.33 | Mem:0.00M, Peak:0.00M | Scene, ViewLayer | Synchronizing object | ENV_leaf_276
Fra:372 Mem:229.20M (Peak 229.20M) | Time:00:00.33 | Mem:0.00M, Peak:0.00M | Scene, ViewLayer | Synchronizing object | ENV_leaf_275
Fra:372 Mem:229.20M (Peak 229.20M) | Time:00:00.33 | Mem:0.00M, Peak:0.00M | Scene, ViewLayer | Synchronizing object | ENV_leaf_274
Fra:372 Mem:229.21M (Peak 229.21M) | Time:00:00.33 | Mem:0.00M, Peak:0.00M | Scene, ViewLayer | Synchronizing object | ENV_leaf_273
Fra:372 Mem:229.21M (Peak 229.21M) | Time:00:00.33 | Mem:0.00M, Peak:0.00M | Scene, ViewLayer | Synchronizing object | ENV_leaf_272
Fra:372 Mem:229.21M (Peak 229.21M) | Time:00:00.33 | Mem:0.00M, Peak:0.00M | Scene, ViewLayer | Synchronizing object | ENV_leaf_271
Fra:372 Mem:229.22M (Peak 229.22M) | Time:00:00.33 | Mem:0.00M, Peak:0.00M | Scene, ViewLayer | Synchronizing object | ENV_leaf_270
Fra:372 Mem:229.22M (Peak 229.22M) | Time:00:00.33 | Mem:0.00M, Peak:0.00M | Scene, ViewLayer | Synchronizing object | ENV_leaf_269
Fra:372 Mem:229.23M (Peak 229.23M) | Time:00:00.33 | Mem:0.00M, Peak:0.00M | Scene, ViewLayer | Synchronizing object | ENV_leaf_268
Fra:372 Mem:229.23M (Peak 229.23M) | Time:00:00.33 | Mem:0.00M, Peak:0.00M | Scene, ViewLayer | Synchronizing object | ENV_leaf_267
Fra:372 Mem:229.23M (Peak 229.23M) | Time:00:00.33 | Mem:0.00M, Peak:0.00M | Scene, ViewLayer | Synchronizing object | ENV_leaf_266
Fra:372 Mem:229.24M (Peak 229.24M) | Time:00:00.33 | Mem:0.00M, Peak:0.00M | Scene, ViewLayer | Synchronizing object | ENV_leaf_265
Fra:372 Mem:229.24M (Peak 229.24M) | Time:00:00.33 | Mem:0.00M, Peak:0.00M | Scene, ViewLayer | Synchronizing object | ENV_leaf_264
Fra:372 Mem:229.25M (Peak 229.25M) | Time:00:00.33 | Mem:0.00M, Peak:0.00M | Scene, ViewLayer | Synchronizing object | ENV_leaf_263
Fra:372 Mem:229.25M (Peak 229.25M) | Time:00:00.33 | Mem:0.00M, Peak:0.00M | Scene, ViewLayer | Synchronizing object | ENV_leaf_262
Fra:372 Mem:229.25M (Peak 229.25M) | Time:00:00.33 | Mem:0.00M, Peak:0.00M | Scene, ViewLayer | Synchronizing object | ENV_leaf_261
Fra:372 Mem:229.26M (Peak 229.26M) | Time:00:00.33 | Mem:0.00M, Peak:0.00M | Scene, ViewLayer | Synchronizing object | ENV_leaf_260
Fra:372 Mem:229.34M (Peak 229.34M) | Time:00:00.33 | Mem:0.00M, Peak:0.00M | Scene, ViewLayer | Synchronizing object | ENV_leaf_259
Fra:372 Mem:229.34M (Peak 229.34M) | Time:00:00.33 | Mem:0.00M, Peak:0.00M | Scene, ViewLayer | Synchronizing object | ENV_leaf_258
Fra:372 Mem:229.35M (Peak 229.35M) | Time:00:00.33 | Mem:0.00M, Peak:0.00M | Scene, ViewLayer | Synchronizing object | ENV_leaf_257
Fra:372 Mem:229.38M (Peak 229.38M) | Time:00:00.33 | Mem:0.00M, Peak:0.00M | Scene, ViewLayer | Synchronizing object | ENV_leaf_256
Fra:372 Mem:229.38M (Peak 229.38M) | Time:00:00.33 | Mem:0.00M, Peak:0.00M | Scene, ViewLayer | Synchronizing object | ENV_leaf_255
Fra:372 Mem:229.46M (Peak 229.46M) | Time:00:00.33 | Mem:0.00M, Peak:0.00M | Scene, ViewLayer | Synchronizing object | ENV_leaf_254
Fra:372 Mem:229.47M (Peak 229.47M) | Time:00:00.33 | Mem:0.00M, Peak:0.00M | Scene, ViewLayer | Synchronizing object | ENV_leaf_253
Fra:372 Mem:229.40M (Peak 229.47M) | Time:00:00.33 | Mem:0.00M, Peak:0.00M | Scene, ViewLayer | Synchronizing object | ENV_leaf_252
Fra:372 Mem:229.40M (Peak 229.47M) | Time:00:00.33 | Mem:0.00M, Peak:0.00M | Scene, ViewLayer | Synchronizing object | ENV_fern_42
Fra:372 Mem:229.40M (Peak 229.47M) | Time:00:00.33 | Mem:0.00M, Peak:0.00M | Scene, ViewLayer | Synchronizing object | ENV_leaf_251
Fra:372 Mem:229.46M (Peak 229.47M) | Time:00:00.33 | Mem:0.00M, Peak:0.00M | Scene, ViewLayer | Synchronizing object | ENV_leaf_250
Fra:372 Mem:229.58M (Peak 229.58M) | Time:00:00.33 | Mem:0.00M, Peak:0.00M | Scene, ViewLayer | Synchronizing object | ENV_leaf_249
Fra:372 Mem:229.64M (Peak 229.64M) | Time:00:00.33 | Mem:0.00M, Peak:0.00M | Scene, ViewLayer | Synchronizing object | ENV_leaf_248
Fra:372 Mem:229.70M (Peak 229.70M) | Time:00:00.33 | Mem:0.00M, Peak:0.00M | Scene, ViewLayer | Synchronizing object | ENV_leaf_247
Fra:372 Mem:229.71M (Peak 229.71M) | Time:00:00.33 | Mem:0.00M, Peak:0.00M | Scene, ViewLayer | Synchronizing object | ENV_leaf_246
Fra:372 Mem:229.72M (Peak 229.72M) | Time:00:00.33 | Mem:0.00M, Peak:0.00M | Scene, ViewLayer | Synchronizing object | ENV_leaf_245
Fra:372 Mem:229.77M (Peak 229.77M) | Time:00:00.33 | Mem:0.00M, Peak:0.00M | Scene, ViewLayer | Synchronizing object | ENV_leaf_244
Fra:372 Mem:229.78M (Peak 229.78M) | Time:00:00.33 | Mem:0.00M, Peak:0.00M | Scene, ViewLayer | Synchronizing object | ENV_leaf_243
Fra:372 Mem:229.78M (Peak 229.78M) | Time:00:00.33 | Mem:0.00M, Peak:0.00M | Scene, ViewLayer | Synchronizing object | ENV_leaf_242
Fra:372 Mem:229.79M (Peak 229.79M) | Time:00:00.33 | Mem:0.00M, Peak:0.00M | Scene, ViewLayer | Synchronizing object | ENV_leaf_241
Fra:372 Mem:229.78M (Peak 229.79M) | Time:00:00.33 | Mem:0.00M, Peak:0.00M | Scene, ViewLayer | Synchronizing object | ENV_leaf_240
Fra:372 Mem:229.78M (Peak 229.79M) | Time:00:00.33 | Mem:0.00M, Peak:0.00M | Scene, ViewLayer | Synchronizing object | ENV_leaf_239
Fra:372 Mem:229.79M (Peak 229.79M) | Time:00:00.33 | Mem:0.00M, Peak:0.00M | Scene, ViewLayer | Synchronizing object | ENV_leaf_238
Fra:372 Mem:229.79M (Peak 229.79M) | Time:00:00.33 | Mem:0.00M, Peak:0.00M | Scene, ViewLayer | Synchronizing object | ENV_leaf_237
Fra:372 Mem:229.79M (Peak 229.79M) | Time:00:00.33 | Mem:0.00M, Peak:0.00M | Scene, ViewLayer | Synchronizing object | ENV_leaf_236
Fra:372 Mem:229.80M (Peak 229.80M) | Time:00:00.33 | Mem:0.00M, Peak:0.00M | Scene, ViewLayer | Synchronizing object | ENV_leaf_235
Fra:372 Mem:229.80M (Peak 229.80M) | Time:00:00.33 | Mem:0.00M, Peak:0.00M | Scene, ViewLayer | Synchronizing object | ENV_leaf_234
Fra:372 Mem:229.81M (Peak 229.81M) | Time:00:00.33 | Mem:0.00M, Peak:0.00M | Scene, ViewLayer | Synchronizing object | ENV_leaf_233
Fra:372 Mem:229.81M (Peak 229.81M) | Time:00:00.33 | Mem:0.00M, Peak:0.00M | Scene, ViewLayer | Synchronizing object | ENV_leaf_232
Fra:372 Mem:229.81M (Peak 229.81M) | Time:00:00.33 | Mem:0.00M, Peak:0.00M | Scene, ViewLayer | Synchronizing object | ENV_leaf_231
Fra:372 Mem:229.82M (Peak 229.82M) | Time:00:00.33 | Mem:0.00M, Peak:0.00M | Scene, ViewLayer | Synchronizing object | ENV_leaf_230
Fra:372 Mem:229.82M (Peak 229.82M) | Time:00:00.33 | Mem:0.00M, Peak:0.00M | Scene, ViewLayer | Synchronizing object | ENV_leaf_229
Fra:372 Mem:229.87M (Peak 229.87M) | Time:00:00.33 | Mem:0.00M, Peak:0.00M | Scene, ViewLayer | Synchronizing object | ENV_leaf_228
Fra:372 Mem:229.88M (Peak 229.88M) | Time:00:00.33 | Mem:0.00M, Peak:0.00M | Scene, ViewLayer | Synchronizing object | ENV_leaf_227
Fra:372 Mem:229.90M (Peak 229.90M) | Time:00:00.33 | Mem:0.00M, Peak:0.00M | Scene, ViewLayer | Synchronizing object | ENV_leaf_226
Fra:372 Mem:229.95M (Peak 229.95M) | Time:00:00.33 | Mem:0.00M, Peak:0.00M | Scene, ViewLayer | Synchronizing object | ENV_leaf_225
Fra:372 Mem:229.96M (Peak 229.96M) | Time:00:00.33 | Mem:0.00M, Peak:0.00M | Scene, ViewLayer | Synchronizing object | ENV_leaf_224
Fra:372 Mem:229.91M (Peak 229.96M) | Time:00:00.33 | Mem:0.00M, Peak:0.00M | Scene, ViewLayer | Synchronizing object | ENV_fern_43
Fra:372 Mem:229.98M (Peak 229.98M) | Time:00:00.33 | Mem:0.00M, Peak:0.00M | Scene, ViewLayer | Synchronizing object | ENV_leaf_223
Fra:372 Mem:230.15M (Peak 230.15M) | Time:00:00.33 | Mem:0.00M, Peak:0.00M | Scene, ViewLayer | Synchronizing object | ENV_leaf_222
Fra:372 Mem:230.21M (Peak 230.21M) | Time:00:00.33 | Mem:0.00M, Peak:0.00M | Scene, ViewLayer | Synchronizing object | ENV_leaf_221
Fra:372 Mem:230.30M (Peak 230.30M) | Time:00:00.33 | Mem:0.00M, Peak:0.00M | Scene, ViewLayer | Synchronizing object | ENV_leaf_220
Fra:372 Mem:230.30M (Peak 230.30M) | Time:00:00.33 | Mem:0.00M, Peak:0.00M | Scene, ViewLayer | Synchronizing object | ENV_leaf_219
Fra:372 Mem:230.31M (Peak 230.31M) | Time:00:00.33 | Mem:0.00M, Peak:0.00M | Scene, ViewLayer | Synchronizing object | ENV_leaf_218
Fra:372 Mem:230.39M (Peak 230.39M) | Time:00:00.33 | Mem:0.00M, Peak:0.00M | Scene, ViewLayer | Synchronizing object | ENV_leaf_217
Fra:372 Mem:230.39M (Peak 230.39M) | Time:00:00.33 | Mem:0.00M, Peak:0.00M | Scene, ViewLayer | Synchronizing object | ENV_leaf_216
Fra:372 Mem:230.40M (Peak 230.40M) | Time:00:00.33 | Mem:0.00M, Peak:0.00M | Scene, ViewLayer | Synchronizing object | ENV_leaf_215
Fra:372 Mem:230.40M (Peak 230.40M) | Time:00:00.33 | Mem:0.00M, Peak:0.00M | Scene, ViewLayer | Synchronizing object | ENV_leaf_214
Fra:372 Mem:230.40M (Peak 230.40M) | Time:00:00.33 | Mem:0.00M, Peak:0.00M | Scene, ViewLayer | Synchronizing object | ENV_leaf_213
Fra:372 Mem:230.41M (Peak 230.41M) | Time:00:00.33 | Mem:0.00M, Peak:0.00M | Scene, ViewLayer | Synchronizing object | ENV_leaf_212
Fra:372 Mem:230.41M (Peak 230.41M) | Time:00:00.33 | Mem:0.00M, Peak:0.00M | Scene, ViewLayer | Synchronizing object | ENV_leaf_211
Fra:372 Mem:230.40M (Peak 230.41M) | Time:00:00.33 | Mem:0.00M, Peak:0.00M | Scene, ViewLayer | Synchronizing object | ENV_leaf_210
Fra:372 Mem:230.40M (Peak 230.41M) | Time:00:00.33 | Mem:0.00M, Peak:0.00M | Scene, ViewLayer | Synchronizing object | ENV_leaf_209
Fra:372 Mem:230.41M (Peak 230.41M) | Time:00:00.33 | Mem:0.00M, Peak:0.00M | Scene, ViewLayer | Synchronizing object | ENV_leaf_208
Fra:372 Mem:230.41M (Peak 230.41M) | Time:00:00.33 | Mem:0.00M, Peak:0.00M | Scene, ViewLayer | Synchronizing object | ENV_leaf_207
Fra:372 Mem:230.42M (Peak 230.42M) | Time:00:00.33 | Mem:0.00M, Peak:0.00M | Scene, ViewLayer | Synchronizing object | ENV_leaf_206
Fra:372 Mem:230.42M (Peak 230.42M) | Time:00:00.33 | Mem:0.00M, Peak:0.00M | Scene, ViewLayer | Synchronizing object | ENV_leaf_205
Fra:372 Mem:230.42M (Peak 230.42M) | Time:00:00.33 | Mem:0.00M, Peak:0.00M | Scene, ViewLayer | Synchronizing object | ENV_leaf_204
Fra:372 Mem:230.43M (Peak 230.43M) | Time:00:00.33 | Mem:0.00M, Peak:0.00M | Scene, ViewLayer | Synchronizing object | ENV_leaf_203
Fra:372 Mem:230.43M (Peak 230.43M) | Time:00:00.33 | Mem:0.00M, Peak:0.00M | Scene, ViewLayer | Synchronizing object | ENV_leaf_202
Fra:372 Mem:230.44M (Peak 230.44M) | Time:00:00.33 | Mem:0.00M, Peak:0.00M | Scene, ViewLayer | Synchronizing object | ENV_leaf_201
Fra:372 Mem:230.44M (Peak 230.44M) | Time:00:00.33 | Mem:0.00M, Peak:0.00M | Scene, ViewLayer | Synchronizing object | ENV_leaf_200
Fra:372 Mem:230.44M (Peak 230.44M) | Time:00:00.33 | Mem:0.00M, Peak:0.00M | Scene, ViewLayer | Synchronizing object | ENV_leaf_199
Fra:372 Mem:230.45M (Peak 230.45M) | Time:00:00.33 | Mem:0.00M, Peak:0.00M | Scene, ViewLayer | Synchronizing object | ENV_leaf_198
Fra:372 Mem:230.45M (Peak 230.45M) | Time:00:00.33 | Mem:0.00M, Peak:0.00M | Scene, ViewLayer | Synchronizing object | ENV_leaf_197
Fra:372 Mem:230.46M (Peak 230.46M) | Time:00:00.33 | Mem:0.00M, Peak:0.00M | Scene, ViewLayer | Synchronizing object | ENV_leaf_196
Fra:372 Mem:230.46M (Peak 230.46M) | Time:00:00.33 | Mem:0.00M, Peak:0.00M | Scene, ViewLayer | Synchronizing object | ENV_leaf_195
Fra:372 Mem:230.53M (Peak 230.53M) | Time:00:00.33 | Mem:0.00M, Peak:0.00M | Scene, ViewLayer | Synchronizing object | ENV_leaf_194
Fra:372 Mem:230.53M (Peak 230.53M) | Time:00:00.33 | Mem:0.00M, Peak:0.00M | Scene, ViewLayer | Synchronizing object | ENV_leaf_193
Fra:372 Mem:230.56M (Peak 230.56M) | Time:00:00.33 | Mem:0.00M, Peak:0.00M | Scene, ViewLayer | Synchronizing object | ENV_leaf_192
Fra:372 Mem:230.62M (Peak 230.62M) | Time:00:00.33 | Mem:0.00M, Peak:0.00M | Scene, ViewLayer | Synchronizing object | ENV_leaf_191
Fra:372 Mem:230.63M (Peak 230.63M) | Time:00:00.33 | Mem:0.00M, Peak:0.00M | Scene, ViewLayer | Synchronizing object | ENV_leaf_190
Fra:372 Mem:230.57M (Peak 230.63M) | Time:00:00.33 | Mem:0.00M, Peak:0.00M | Scene, ViewLayer | Synchronizing object | ENV_fern_44
Fra:372 Mem:230.66M (Peak 230.66M) | Time:00:00.33 | Mem:0.00M, Peak:0.00M | Scene, ViewLayer | Synchronizing object | ENV_leaf_189
Fra:372 Mem:230.66M (Peak 230.66M) | Time:00:00.33 | Mem:0.00M, Peak:0.00M | Scene, ViewLayer | Synchronizing object | ENV_leaf_188
Fra:372 Mem:230.94M (Peak 230.94M) | Time:00:00.33 | Mem:0.00M, Peak:0.00M | Scene, ViewLayer | Synchronizing object | ENV_leaf_187
Fra:372 Mem:230.94M (Peak 230.94M) | Time:00:00.33 | Mem:0.00M, Peak:0.00M | Scene, ViewLayer | Synchronizing object | ENV_leaf_186
Fra:372 Mem:231.05M (Peak 231.05M) | Time:00:00.33 | Mem:0.00M, Peak:0.00M | Scene, ViewLayer | Synchronizing object | ENV_leaf_185
Fra:372 Mem:231.05M (Peak 231.05M) | Time:00:00.33 | Mem:0.00M, Peak:0.00M | Scene, ViewLayer | Synchronizing object | ENV_leaf_184
Fra:372 Mem:231.05M (Peak 231.05M) | Time:00:00.33 | Mem:0.00M, Peak:0.00M | Scene, ViewLayer | Synchronizing object | ENV_leaf_183
Fra:372 Mem:231.06M (Peak 231.06M) | Time:00:00.33 | Mem:0.00M, Peak:0.00M | Scene, ViewLayer | Synchronizing object | ENV_leaf_182
Fra:372 Mem:231.16M (Peak 231.16M) | Time:00:00.33 | Mem:0.00M, Peak:0.00M | Scene, ViewLayer | Synchronizing object | ENV_leaf_181
Fra:372 Mem:231.16M (Peak 231.16M) | Time:00:00.33 | Mem:0.00M, Peak:0.00M | Scene, ViewLayer | Synchronizing object | ENV_leaf_180
Fra:372 Mem:231.17M (Peak 231.17M) | Time:00:00.33 | Mem:0.00M, Peak:0.00M | Scene, ViewLayer | Synchronizing object | ENV_leaf_179
Fra:372 Mem:231.17M (Peak 231.17M) | Time:00:00.33 | Mem:0.00M, Peak:0.00M | Scene, ViewLayer | Synchronizing object | ENV_leaf_178
Fra:372 Mem:231.17M (Peak 231.17M) | Time:00:00.33 | Mem:0.00M, Peak:0.00M | Scene, ViewLayer | Synchronizing object | ENV_leaf_177
Fra:372 Mem:231.18M (Peak 231.18M) | Time:00:00.33 | Mem:0.00M, Peak:0.00M | Scene, ViewLayer | Synchronizing object | ENV_leaf_176
Fra:372 Mem:231.18M (Peak 231.18M) | Time:00:00.33 | Mem:0.00M, Peak:0.00M | Scene, ViewLayer | Synchronizing object | ENV_leaf_175
Fra:372 Mem:231.19M (Peak 231.19M) | Time:00:00.33 | Mem:0.00M, Peak:0.00M | Scene, ViewLayer | Synchronizing object | ENV_leaf_174
Fra:372 Mem:231.19M (Peak 231.19M) | Time:00:00.33 | Mem:0.00M, Peak:0.00M | Scene, ViewLayer | Synchronizing object | ENV_leaf_173
Fra:372 Mem:231.19M (Peak 231.19M) | Time:00:00.33 | Mem:0.00M, Peak:0.00M | Scene, ViewLayer | Synchronizing object | ENV_leaf_172
Fra:372 Mem:231.18M (Peak 231.19M) | Time:00:00.33 | Mem:0.00M, Peak:0.00M | Scene, ViewLayer | Synchronizing object | ENV_leaf_171
Fra:372 Mem:231.18M (Peak 231.19M) | Time:00:00.33 | Mem:0.00M, Peak:0.00M | Scene, ViewLayer | Synchronizing object | ENV_leaf_170
Fra:372 Mem:231.19M (Peak 231.19M) | Time:00:00.33 | Mem:0.00M, Peak:0.00M | Scene, ViewLayer | Synchronizing object | ENV_leaf_169
Fra:372 Mem:231.19M (Peak 231.19M) | Time:00:00.33 | Mem:0.00M, Peak:0.00M | Scene, ViewLayer | Synchronizing object | ENV_leaf_168
Fra:372 Mem:231.20M (Peak 231.20M) | Time:00:00.33 | Mem:0.00M, Peak:0.00M | Scene, ViewLayer | Synchronizing object | ENV_leaf_167
Fra:372 Mem:231.20M (Peak 231.20M) | Time:00:00.33 | Mem:0.00M, Peak:0.00M | Scene, ViewLayer | Synchronizing object | ENV_leaf_166
Fra:372 Mem:231.20M (Peak 231.20M) | Time:00:00.33 | Mem:0.00M, Peak:0.00M | Scene, ViewLayer | Synchronizing object | ENV_leaf_165
Fra:372 Mem:231.21M (Peak 231.21M) | Time:00:00.33 | Mem:0.00M, Peak:0.00M | Scene, ViewLayer | Synchronizing object | ENV_leaf_164
Fra:372 Mem:231.21M (Peak 231.21M) | Time:00:00.33 | Mem:0.00M, Peak:0.00M | Scene, ViewLayer | Synchronizing object | ENV_leaf_163
Fra:372 Mem:231.22M (Peak 231.22M) | Time:00:00.33 | Mem:0.00M, Peak:0.00M | Scene, ViewLayer | Synchronizing object | ENV_leaf_162
Fra:372 Mem:231.22M (Peak 231.22M) | Time:00:00.33 | Mem:0.00M, Peak:0.00M | Scene, ViewLayer | Synchronizing object | ENV_leaf_161
Fra:372 Mem:231.22M (Peak 231.22M) | Time:00:00.33 | Mem:0.00M, Peak:0.00M | Scene, ViewLayer | Synchronizing object | ENV_leaf_160
Fra:372 Mem:231.23M (Peak 231.23M) | Time:00:00.33 | Mem:0.00M, Peak:0.00M | Scene, ViewLayer | Synchronizing object | ENV_leaf_159
Fra:372 Mem:231.23M (Peak 231.23M) | Time:00:00.33 | Mem:0.00M, Peak:0.00M | Scene, ViewLayer | Synchronizing object | ENV_leaf_158
Fra:372 Mem:231.24M (Peak 231.24M) | Time:00:00.33 | Mem:0.00M, Peak:0.00M | Scene, ViewLayer | Synchronizing object | ENV_leaf_157
Fra:372 Mem:231.24M (Peak 231.24M) | Time:00:00.33 | Mem:0.00M, Peak:0.00M | Scene, ViewLayer | Synchronizing object | ENV_leaf_156
Fra:372 Mem:231.24M (Peak 231.24M) | Time:00:00.33 | Mem:0.00M, Peak:0.00M | Scene, ViewLayer | Synchronizing object | ENV_leaf_155
Fra:372 Mem:231.25M (Peak 231.25M) | Time:00:00.33 | Mem:0.00M, Peak:0.00M | Scene, ViewLayer | Synchronizing object | ENV_leaf_154
Fra:372 Mem:231.25M (Peak 231.25M) | Time:00:00.33 | Mem:0.00M, Peak:0.00M | Scene, ViewLayer | Synchronizing object | ENV_leaf_153
Fra:372 Mem:231.26M (Peak 231.26M) | Time:00:00.33 | Mem:0.00M, Peak:0.00M | Scene, ViewLayer | Synchronizing object | ENV_leaf_152
Fra:372 Mem:231.34M (Peak 231.34M) | Time:00:00.33 | Mem:0.00M, Peak:0.00M | Scene, ViewLayer | Synchronizing object | ENV_leaf_151
Fra:372 Mem:231.34M (Peak 231.34M) | Time:00:00.33 | Mem:0.00M, Peak:0.00M | Scene, ViewLayer | Synchronizing object | ENV_leaf_150
Fra:372 Mem:231.37M (Peak 231.37M) | Time:00:00.33 | Mem:0.00M, Peak:0.00M | Scene, ViewLayer | Synchronizing object | ENV_leaf_149
Fra:372 Mem:231.38M (Peak 231.38M) | Time:00:00.33 | Mem:0.00M, Peak:0.00M | Scene, ViewLayer | Synchronizing object | ENV_leaf_148
Fra:372 Mem:231.38M (Peak 231.38M) | Time:00:00.33 | Mem:0.00M, Peak:0.00M | Scene, ViewLayer | Synchronizing object | ENV_fern_45
Fra:372 Mem:231.43M (Peak 231.43M) | Time:00:00.33 | Mem:0.00M, Peak:0.00M | Scene, ViewLayer | Synchronizing object | ENV_leaf_147
Fra:372 Mem:231.61M (Peak 231.61M) | Time:00:00.33 | Mem:0.00M, Peak:0.00M | Scene, ViewLayer | Synchronizing object | ENV_leaf_146
Fra:372 Mem:231.68M (Peak 231.68M) | Time:00:00.33 | Mem:0.00M, Peak:0.00M | Scene, ViewLayer | Synchronizing object | ENV_leaf_145
Fra:372 Mem:231.68M (Peak 231.68M) | Time:00:00.33 | Mem:0.00M, Peak:0.00M | Scene, ViewLayer | Synchronizing object | ENV_leaf_144
Fra:372 Mem:231.74M (Peak 231.74M) | Time:00:00.33 | Mem:0.00M, Peak:0.00M | Scene, ViewLayer | Synchronizing object | ENV_leaf_143
Fra:372 Mem:231.75M (Peak 231.75M) | Time:00:00.33 | Mem:0.00M, Peak:0.00M | Scene, ViewLayer | Synchronizing object | ENV_leaf_142
Fra:372 Mem:231.75M (Peak 231.75M) | Time:00:00.33 | Mem:0.00M, Peak:0.00M | Scene, ViewLayer | Synchronizing object | ENV_leaf_141
Fra:372 Mem:231.76M (Peak 231.76M) | Time:00:00.33 | Mem:0.00M, Peak:0.00M | Scene, ViewLayer | Synchronizing object | ENV_leaf_140
Fra:372 Mem:231.76M (Peak 231.76M) | Time:00:00.33 | Mem:0.00M, Peak:0.00M | Scene, ViewLayer | Synchronizing object | ENV_leaf_139
Fra:372 Mem:231.75M (Peak 231.76M) | Time:00:00.33 | Mem:0.00M, Peak:0.00M | Scene, ViewLayer | Synchronizing object | ENV_leaf_138
Fra:372 Mem:231.76M (Peak 231.76M) | Time:00:00.33 | Mem:0.00M, Peak:0.00M | Scene, ViewLayer | Synchronizing object | ENV_leaf_137
Fra:372 Mem:231.76M (Peak 231.76M) | Time:00:00.33 | Mem:0.00M, Peak:0.00M | Scene, ViewLayer | Synchronizing object | ENV_leaf_136
Fra:372 Mem:231.76M (Peak 231.76M) | Time:00:00.33 | Mem:0.00M, Peak:0.00M | Scene, ViewLayer | Synchronizing object | ENV_leaf_135
Fra:372 Mem:231.77M (Peak 231.77M) | Time:00:00.33 | Mem:0.00M, Peak:0.00M | Scene, ViewLayer | Synchronizing object | ENV_leaf_134
Fra:372 Mem:231.77M (Peak 231.77M) | Time:00:00.33 | Mem:0.00M, Peak:0.00M | Scene, ViewLayer | Synchronizing object | ENV_leaf_133
Fra:372 Mem:231.78M (Peak 231.78M) | Time:00:00.33 | Mem:0.00M, Peak:0.00M | Scene, ViewLayer | Synchronizing object | ENV_leaf_132
Fra:372 Mem:231.78M (Peak 231.78M) | Time:00:00.33 | Mem:0.00M, Peak:0.00M | Scene, ViewLayer | Synchronizing object | ENV_leaf_131
Fra:372 Mem:231.78M (Peak 231.78M) | Time:00:00.33 | Mem:0.00M, Peak:0.00M | Scene, ViewLayer | Synchronizing object | ENV_leaf_130
Fra:372 Mem:231.79M (Peak 231.79M) | Time:00:00.33 | Mem:0.00M, Peak:0.00M | Scene, ViewLayer | Synchronizing object | ENV_leaf_129
Fra:372 Mem:231.79M (Peak 231.79M) | Time:00:00.33 | Mem:0.00M, Peak:0.00M | Scene, ViewLayer | Synchronizing object | ENV_leaf_128
Fra:372 Mem:231.84M (Peak 231.84M) | Time:00:00.33 | Mem:0.00M, Peak:0.00M | Scene, ViewLayer | Synchronizing object | ENV_leaf_127
Fra:372 Mem:231.87M (Peak 231.87M) | Time:00:00.33 | Mem:0.00M, Peak:0.00M | Scene, ViewLayer | Synchronizing object | ENV_leaf_126
Fra:372 Mem:231.92M (Peak 231.92M) | Time:00:00.33 | Mem:0.00M, Peak:0.00M | Scene, ViewLayer | Synchronizing object | ENV_leaf_125
Fra:372 Mem:231.92M (Peak 231.92M) | Time:00:00.33 | Mem:0.00M, Peak:0.00M | Scene, ViewLayer | Synchronizing object | ENV_leaf_124
Fra:372 Mem:231.88M (Peak 231.92M) | Time:00:00.33 | Mem:0.00M, Peak:0.00M | Scene, ViewLayer | Synchronizing object | ENV_fern_46
Fra:372 Mem:231.88M (Peak 231.92M) | Time:00:00.33 | Mem:0.00M, Peak:0.00M | Scene, ViewLayer | Synchronizing object | ENV_leaf_123
Fra:372 Mem:231.95M (Peak 231.95M) | Time:00:00.33 | Mem:0.00M, Peak:0.00M | Scene, ViewLayer | Synchronizing object | ENV_leaf_122
Fra:372 Mem:231.96M (Peak 231.96M) | Time:00:00.33 | Mem:0.00M, Peak:0.00M | Scene, ViewLayer | Synchronizing object | ENV_leaf_121
Fra:372 Mem:232.18M (Peak 232.18M) | Time:00:00.33 | Mem:0.00M, Peak:0.00M | Scene, ViewLayer | Synchronizing object | ENV_leaf_120
Fra:372 Mem:232.19M (Peak 232.19M) | Time:00:00.33 | Mem:0.00M, Peak:0.00M | Scene, ViewLayer | Synchronizing object | ENV_leaf_119
Fra:372 Mem:232.27M (Peak 232.27M) | Time:00:00.33 | Mem:0.00M, Peak:0.00M | Scene, ViewLayer | Synchronizing object | ENV_leaf_118
Fra:372 Mem:232.28M (Peak 232.28M) | Time:00:00.33 | Mem:0.00M, Peak:0.00M | Scene, ViewLayer | Synchronizing object | ENV_leaf_117
Fra:372 Mem:232.34M (Peak 232.34M) | Time:00:00.33 | Mem:0.00M, Peak:0.00M | Scene, ViewLayer | Synchronizing object | ENV_leaf_116
Fra:372 Mem:232.36M (Peak 232.36M) | Time:00:00.33 | Mem:0.00M, Peak:0.00M | Scene, ViewLayer | Synchronizing object | ENV_leaf_115
Fra:372 Mem:232.36M (Peak 232.36M) | Time:00:00.33 | Mem:0.00M, Peak:0.00M | Scene, ViewLayer | Synchronizing object | ENV_leaf_114
Fra:372 Mem:232.37M (Peak 232.37M) | Time:00:00.33 | Mem:0.00M, Peak:0.00M | Scene, ViewLayer | Synchronizing object | ENV_leaf_113
Fra:372 Mem:232.37M (Peak 232.37M) | Time:00:00.33 | Mem:0.00M, Peak:0.00M | Scene, ViewLayer | Synchronizing object | ENV_leaf_112
Fra:372 Mem:232.38M (Peak 232.38M) | Time:00:00.33 | Mem:0.00M, Peak:0.00M | Scene, ViewLayer | Synchronizing object | ENV_leaf_111
Fra:372 Mem:232.38M (Peak 232.38M) | Time:00:00.33 | Mem:0.00M, Peak:0.00M | Scene, ViewLayer | Synchronizing object | ENV_leaf_110
Fra:372 Mem:232.37M (Peak 232.38M) | Time:00:00.33 | Mem:0.00M, Peak:0.00M | Scene, ViewLayer | Synchronizing object | ENV_leaf_109
Fra:372 Mem:232.37M (Peak 232.38M) | Time:00:00.33 | Mem:0.00M, Peak:0.00M | Scene, ViewLayer | Synchronizing object | ENV_leaf_108
Fra:372 Mem:232.38M (Peak 232.38M) | Time:00:00.33 | Mem:0.00M, Peak:0.00M | Scene, ViewLayer | Synchronizing object | ENV_leaf_107
Fra:372 Mem:232.38M (Peak 232.38M) | Time:00:00.33 | Mem:0.00M, Peak:0.00M | Scene, ViewLayer | Synchronizing object | ENV_leaf_106
Fra:372 Mem:232.39M (Peak 232.39M) | Time:00:00.33 | Mem:0.00M, Peak:0.00M | Scene, ViewLayer | Synchronizing object | ENV_leaf_105
Fra:372 Mem:232.39M (Peak 232.39M) | Time:00:00.33 | Mem:0.00M, Peak:0.00M | Scene, ViewLayer | Synchronizing object | ENV_leaf_104
Fra:372 Mem:232.39M (Peak 232.39M) | Time:00:00.33 | Mem:0.00M, Peak:0.00M | Scene, ViewLayer | Synchronizing object | ENV_leaf_103
Fra:372 Mem:232.40M (Peak 232.40M) | Time:00:00.33 | Mem:0.00M, Peak:0.00M | Scene, ViewLayer | Synchronizing object | ENV_leaf_102
Fra:372 Mem:232.40M (Peak 232.40M) | Time:00:00.33 | Mem:0.00M, Peak:0.00M | Scene, ViewLayer | Synchronizing object | ENV_leaf_101
Fra:372 Mem:232.41M (Peak 232.41M) | Time:00:00.33 | Mem:0.00M, Peak:0.00M | Scene, ViewLayer | Synchronizing object | ENV_leaf_100
Fra:372 Mem:232.41M (Peak 232.41M) | Time:00:00.33 | Mem:0.00M, Peak:0.00M | Scene, ViewLayer | Synchronizing object | ENV_leaf_99
Fra:372 Mem:232.41M (Peak 232.41M) | Time:00:00.33 | Mem:0.00M, Peak:0.00M | Scene, ViewLayer | Synchronizing object | ENV_leaf_98
Fra:372 Mem:232.42M (Peak 232.42M) | Time:00:00.33 | Mem:0.00M, Peak:0.00M | Scene, ViewLayer | Synchronizing object | ENV_leaf_97
Fra:372 Mem:232.42M (Peak 232.42M) | Time:00:00.33 | Mem:0.00M, Peak:0.00M | Scene, ViewLayer | Synchronizing object | ENV_leaf_96
Fra:372 Mem:232.49M (Peak 232.49M) | Time:00:00.33 | Mem:0.00M, Peak:0.00M | Scene, ViewLayer | Synchronizing object | ENV_leaf_95
Fra:372 Mem:232.49M (Peak 232.49M) | Time:00:00.33 | Mem:0.00M, Peak:0.00M | Scene, ViewLayer | Synchronizing object | ENV_leaf_94
Fra:372 Mem:232.52M (Peak 232.52M) | Time:00:00.33 | Mem:0.00M, Peak:0.00M | Scene, ViewLayer | Synchronizing object | ENV_leaf_93
Fra:372 Mem:232.59M (Peak 232.59M) | Time:00:00.33 | Mem:0.00M, Peak:0.00M | Scene, ViewLayer | Synchronizing object | ENV_leaf_92
Fra:372 Mem:232.59M (Peak 232.59M) | Time:00:00.33 | Mem:0.00M, Peak:0.00M | Scene, ViewLayer | Synchronizing object | ENV_leaf_91
Fra:372 Mem:232.59M (Peak 232.59M) | Time:00:00.33 | Mem:0.00M, Peak:0.00M | Scene, ViewLayer | Synchronizing object | ENV_leaf_90
Fra:372 Mem:232.54M (Peak 232.59M) | Time:00:00.33 | Mem:0.00M, Peak:0.00M | Scene, ViewLayer | Synchronizing object | ENV_fern_47
Fra:372 Mem:232.62M (Peak 232.62M) | Time:00:00.33 | Mem:0.00M, Peak:0.00M | Scene, ViewLayer | Synchronizing object | ENV_leaf_89
Fra:372 Mem:232.63M (Peak 232.63M) | Time:00:00.33 | Mem:0.00M, Peak:0.00M | Scene, ViewLayer | Synchronizing object | ENV_leaf_88
Fra:372 Mem:232.83M (Peak 232.83M) | Time:00:00.33 | Mem:0.00M, Peak:0.00M | Scene, ViewLayer | Synchronizing object | ENV_leaf_87
Fra:372 Mem:232.91M (Peak 232.91M) | Time:00:00.33 | Mem:0.00M, Peak:0.00M | Scene, ViewLayer | Synchronizing object | ENV_leaf_86
Fra:372 Mem:233.01M (Peak 233.01M) | Time:00:00.33 | Mem:0.00M, Peak:0.00M | Scene, ViewLayer | Synchronizing object | ENV_leaf_85
Fra:372 Mem:233.02M (Peak 233.02M) | Time:00:00.33 | Mem:0.00M, Peak:0.00M | Scene, ViewLayer | Synchronizing object | ENV_leaf_84
Fra:372 Mem:233.02M (Peak 233.02M) | Time:00:00.33 | Mem:0.00M, Peak:0.00M | Scene, ViewLayer | Synchronizing object | ENV_leaf_83
Fra:372 Mem:233.04M (Peak 233.04M) | Time:00:00.33 | Mem:0.00M, Peak:0.00M | Scene, ViewLayer | Synchronizing object | ENV_leaf_82
Fra:372 Mem:233.12M (Peak 233.12M) | Time:00:00.33 | Mem:0.00M, Peak:0.00M | Scene, ViewLayer | Synchronizing object | ENV_leaf_81
Fra:372 Mem:233.13M (Peak 233.13M) | Time:00:00.33 | Mem:0.00M, Peak:0.00M | Scene, ViewLayer | Synchronizing object | ENV_leaf_80
Fra:372 Mem:233.13M (Peak 233.13M) | Time:00:00.33 | Mem:0.00M, Peak:0.00M | Scene, ViewLayer | Synchronizing object | ENV_leaf_79
Fra:372 Mem:233.13M (Peak 233.13M) | Time:00:00.33 | Mem:0.00M, Peak:0.00M | Scene, ViewLayer | Synchronizing object | ENV_leaf_78
Fra:372 Mem:233.14M (Peak 233.14M) | Time:00:00.33 | Mem:0.00M, Peak:0.00M | Scene, ViewLayer | Synchronizing object | ENV_leaf_77
Fra:372 Mem:233.14M (Peak 233.14M) | Time:00:00.33 | Mem:0.00M, Peak:0.00M | Scene, ViewLayer | Synchronizing object | ENV_leaf_76
Fra:372 Mem:233.15M (Peak 233.15M) | Time:00:00.33 | Mem:0.00M, Peak:0.00M | Scene, ViewLayer | Synchronizing object | ENV_leaf_75
Fra:372 Mem:233.15M (Peak 233.15M) | Time:00:00.33 | Mem:0.00M, Peak:0.00M | Scene, ViewLayer | Synchronizing object | ENV_leaf_74
Fra:372 Mem:233.14M (Peak 233.15M) | Time:00:00.33 | Mem:0.00M, Peak:0.00M | Scene, ViewLayer | Synchronizing object | ENV_leaf_73
Fra:372 Mem:233.14M (Peak 233.15M) | Time:00:00.33 | Mem:0.00M, Peak:0.00M | Scene, ViewLayer | Synchronizing object | ENV_leaf_72
Fra:372 Mem:233.14M (Peak 233.15M) | Time:00:00.33 | Mem:0.00M, Peak:0.00M | Scene, ViewLayer | Synchronizing object | ENV_leaf_71
Fra:372 Mem:233.15M (Peak 233.15M) | Time:00:00.33 | Mem:0.00M, Peak:0.00M | Scene, ViewLayer | Synchronizing object | ENV_leaf_70
Fra:372 Mem:233.15M (Peak 233.15M) | Time:00:00.33 | Mem:0.00M, Peak:0.00M | Scene, ViewLayer | Synchronizing object | ENV_leaf_69
Fra:372 Mem:233.16M (Peak 233.16M) | Time:00:00.33 | Mem:0.00M, Peak:0.00M | Scene, ViewLayer | Synchronizing object | ENV_leaf_68
Fra:372 Mem:233.16M (Peak 233.16M) | Time:00:00.33 | Mem:0.00M, Peak:0.00M | Scene, ViewLayer | Synchronizing object | ENV_leaf_67
Fra:372 Mem:233.16M (Peak 233.16M) | Time:00:00.33 | Mem:0.00M, Peak:0.00M | Scene, ViewLayer | Synchronizing object | ENV_leaf_66
Fra:372 Mem:233.17M (Peak 233.17M) | Time:00:00.33 | Mem:0.00M, Peak:0.00M | Scene, ViewLayer | Synchronizing object | ENV_leaf_65
Fra:372 Mem:233.17M (Peak 233.17M) | Time:00:00.33 | Mem:0.00M, Peak:0.00M | Scene, ViewLayer | Synchronizing object | ENV_leaf_64
Fra:372 Mem:233.18M (Peak 233.18M) | Time:00:00.33 | Mem:0.00M, Peak:0.00M | Scene, ViewLayer | Synchronizing object | ENV_leaf_63
Fra:372 Mem:233.18M (Peak 233.18M) | Time:00:00.33 | Mem:0.00M, Peak:0.00M | Scene, ViewLayer | Synchronizing object | ENV_leaf_62
Fra:372 Mem:233.18M (Peak 233.18M) | Time:00:00.33 | Mem:0.00M, Peak:0.00M | Scene, ViewLayer | Synchronizing object | ENV_leaf_61
Fra:372 Mem:233.19M (Peak 233.19M) | Time:00:00.33 | Mem:0.00M, Peak:0.00M | Scene, ViewLayer | Synchronizing object | ENV_leaf_60
Fra:372 Mem:233.19M (Peak 233.19M) | Time:00:00.33 | Mem:0.00M, Peak:0.00M | Scene, ViewLayer | Synchronizing object | ENV_leaf_59
Fra:372 Mem:233.20M (Peak 233.20M) | Time:00:00.33 | Mem:0.00M, Peak:0.00M | Scene, ViewLayer | Synchronizing object | ENV_leaf_58
Fra:372 Mem:233.20M (Peak 233.20M) | Time:00:00.33 | Mem:0.00M, Peak:0.00M | Scene, ViewLayer | Synchronizing object | ENV_leaf_57
Fra:372 Mem:233.20M (Peak 233.20M) | Time:00:00.33 | Mem:0.00M, Peak:0.00M | Scene, ViewLayer | Synchronizing object | ENV_leaf_56
Fra:372 Mem:233.21M (Peak 233.21M) | Time:00:00.33 | Mem:0.00M, Peak:0.00M | Scene, ViewLayer | Synchronizing object | ENV_leaf_55
Fra:372 Mem:233.29M (Peak 233.29M) | Time:00:00.33 | Mem:0.00M, Peak:0.00M | Scene, ViewLayer | Synchronizing object | ENV_leaf_54
Fra:372 Mem:233.29M (Peak 233.29M) | Time:00:00.33 | Mem:0.00M, Peak:0.00M | Scene, ViewLayer | Synchronizing object | ENV_leaf_53
Fra:372 Mem:233.30M (Peak 233.30M) | Time:00:00.33 | Mem:0.00M, Peak:0.00M | Scene, ViewLayer | Synchronizing object | ENV_leaf_52
Fra:372 Mem:233.33M (Peak 233.33M) | Time:00:00.33 | Mem:0.00M, Peak:0.00M | Scene, ViewLayer | Synchronizing object | ENV_leaf_51
Fra:372 Mem:233.41M (Peak 233.41M) | Time:00:00.33 | Mem:0.00M, Peak:0.00M | Scene, ViewLayer | Synchronizing object | ENV_leaf_50
Fra:372 Mem:233.41M (Peak 233.41M) | Time:00:00.33 | Mem:0.00M, Peak:0.00M | Scene, ViewLayer | Synchronizing object | ENV_leaf_49
Fra:372 Mem:233.34M (Peak 233.41M) | Time:00:00.33 | Mem:0.00M, Peak:0.00M | Scene, ViewLayer | Synchronizing object | ENV_fern_48
Fra:372 Mem:233.40M (Peak 233.41M) | Time:00:00.33 | Mem:0.00M, Peak:0.00M | Scene, ViewLayer | Synchronizing object | ENV_leaf_48
Fra:372 Mem:233.57M (Peak 233.57M) | Time:00:00.33 | Mem:0.00M, Peak:0.00M | Scene, ViewLayer | Synchronizing object | ENV_leaf_47
Fra:372 Mem:233.64M (Peak 233.64M) | Time:00:00.33 | Mem:0.00M, Peak:0.00M | Scene, ViewLayer | Synchronizing object | ENV_leaf_46
Fra:372 Mem:233.64M (Peak 233.64M) | Time:00:00.33 | Mem:0.00M, Peak:0.00M | Scene, ViewLayer | Synchronizing object | ENV_leaf_45
Fra:372 Mem:233.66M (Peak 233.66M) | Time:00:00.33 | Mem:0.00M, Peak:0.00M | Scene, ViewLayer | Synchronizing object | ENV_leaf_44
Fra:372 Mem:233.71M (Peak 233.71M) | Time:00:00.33 | Mem:0.00M, Peak:0.00M | Scene, ViewLayer | Synchronizing object | ENV_leaf_43
Fra:372 Mem:233.71M (Peak 233.71M) | Time:00:00.33 | Mem:0.00M, Peak:0.00M | Scene, ViewLayer | Synchronizing object | ENV_leaf_42
Fra:372 Mem:233.72M (Peak 233.72M) | Time:00:00.33 | Mem:0.00M, Peak:0.00M | Scene, ViewLayer | Synchronizing object | ENV_leaf_41
Fra:372 Mem:233.72M (Peak 233.72M) | Time:00:00.33 | Mem:0.00M, Peak:0.00M | Scene, ViewLayer | Synchronizing object | ENV_leaf_40
Fra:372 Mem:233.72M (Peak 233.72M) | Time:00:00.33 | Mem:0.00M, Peak:0.00M | Scene, ViewLayer | Synchronizing object | ENV_leaf_39
Fra:372 Mem:233.72M (Peak 233.72M) | Time:00:00.33 | Mem:0.00M, Peak:0.00M | Scene, ViewLayer | Synchronizing object | ENV_leaf_38
Fra:372 Mem:233.72M (Peak 233.72M) | Time:00:00.33 | Mem:0.00M, Peak:0.00M | Scene, ViewLayer | Synchronizing object | ENV_leaf_37
Fra:372 Mem:233.73M (Peak 233.73M) | Time:00:00.33 | Mem:0.00M, Peak:0.00M | Scene, ViewLayer | Synchronizing object | ENV_leaf_36
Fra:372 Mem:233.73M (Peak 233.73M) | Time:00:00.33 | Mem:0.00M, Peak:0.00M | Scene, ViewLayer | Synchronizing object | ENV_leaf_35
Fra:372 Mem:233.73M (Peak 233.73M) | Time:00:00.33 | Mem:0.00M, Peak:0.00M | Scene, ViewLayer | Synchronizing object | ENV_leaf_34
Fra:372 Mem:233.74M (Peak 233.74M) | Time:00:00.33 | Mem:0.00M, Peak:0.00M | Scene, ViewLayer | Synchronizing object | ENV_leaf_33
Fra:372 Mem:233.74M (Peak 233.74M) | Time:00:00.33 | Mem:0.00M, Peak:0.00M | Scene, ViewLayer | Synchronizing object | ENV_leaf_32
Fra:372 Mem:233.75M (Peak 233.75M) | Time:00:00.33 | Mem:0.00M, Peak:0.00M | Scene, ViewLayer | Synchronizing object | ENV_leaf_31
Fra:372 Mem:233.75M (Peak 233.75M) | Time:00:00.33 | Mem:0.00M, Peak:0.00M | Scene, ViewLayer | Synchronizing object | ENV_leaf_30
Fra:372 Mem:233.75M (Peak 233.75M) | Time:00:00.33 | Mem:0.00M, Peak:0.00M | Scene, ViewLayer | Synchronizing object | ENV_leaf_29
Fra:372 Mem:233.76M (Peak 233.76M) | Time:00:00.33 | Mem:0.00M, Peak:0.00M | Scene, ViewLayer | Synchronizing object | ENV_leaf_28
Fra:372 Mem:233.76M (Peak 233.76M) | Time:00:00.33 | Mem:0.00M, Peak:0.00M | Scene, ViewLayer | Synchronizing object | ENV_leaf_27
Fra:372 Mem:233.77M (Peak 233.77M) | Time:00:00.33 | Mem:0.00M, Peak:0.00M | Scene, ViewLayer | Synchronizing object | ENV_leaf_26
Fra:372 Mem:233.82M (Peak 233.82M) | Time:00:00.33 | Mem:0.00M, Peak:0.00M | Scene, ViewLayer | Synchronizing object | ENV_leaf_25
Fra:372 Mem:233.82M (Peak 233.82M) | Time:00:00.33 | Mem:0.00M, Peak:0.00M | Scene, ViewLayer | Synchronizing object | ENV_leaf_24
Fra:372 Mem:233.84M (Peak 233.84M) | Time:00:00.33 | Mem:0.00M, Peak:0.00M | Scene, ViewLayer | Synchronizing object | ENV_leaf_23
Fra:372 Mem:233.89M (Peak 233.89M) | Time:00:00.33 | Mem:0.00M, Peak:0.00M | Scene, ViewLayer | Synchronizing object | ENV_leaf_22
Fra:372 Mem:233.85M (Peak 233.89M) | Time:00:00.33 | Mem:0.00M, Peak:0.00M | Scene, ViewLayer | Synchronizing object | ENV_fern_49
Fra:372 Mem:233.92M (Peak 233.92M) | Time:00:00.33 | Mem:0.00M, Peak:0.00M | Scene, ViewLayer | Synchronizing object | ENV_leaf_21
Fra:372 Mem:233.92M (Peak 233.92M) | Time:00:00.33 | Mem:0.00M, Peak:0.00M | Scene, ViewLayer | Synchronizing object | ENV_leaf_20
Fra:372 Mem:234.15M (Peak 234.15M) | Time:00:00.33 | Mem:0.00M, Peak:0.00M | Scene, ViewLayer | Synchronizing object | ENV_leaf_19
Fra:372 Mem:234.24M (Peak 234.24M) | Time:00:00.33 | Mem:0.00M, Peak:0.00M | Scene, ViewLayer | Synchronizing object | ENV_leaf_18
Fra:372 Mem:234.24M (Peak 234.24M) | Time:00:00.33 | Mem:0.00M, Peak:0.00M | Scene, ViewLayer | Synchronizing object | ENV_leaf_17
Fra:372 Mem:234.24M (Peak 234.24M) | Time:00:00.33 | Mem:0.00M, Peak:0.00M | Scene, ViewLayer | Synchronizing object | ENV_leaf_16
Fra:372 Mem:234.31M (Peak 234.31M) | Time:00:00.33 | Mem:0.00M, Peak:0.00M | Scene, ViewLayer | Synchronizing object | ENV_leaf_15
Fra:372 Mem:234.33M (Peak 234.33M) | Time:00:00.33 | Mem:0.00M, Peak:0.00M | Scene, ViewLayer | Synchronizing object | ENV_leaf_14
Fra:372 Mem:234.33M (Peak 234.33M) | Time:00:00.33 | Mem:0.00M, Peak:0.00M | Scene, ViewLayer | Synchronizing object | ENV_leaf_13
Fra:372 Mem:234.34M (Peak 234.34M) | Time:00:00.33 | Mem:0.00M, Peak:0.00M | Scene, ViewLayer | Synchronizing object | ENV_leaf_12
Fra:372 Mem:234.34M (Peak 234.34M) | Time:00:00.33 | Mem:0.00M, Peak:0.00M | Scene, ViewLayer | Synchronizing object | ENV_leaf_11
Fra:372 Mem:234.35M (Peak 234.35M) | Time:00:00.33 | Mem:0.00M, Peak:0.00M | Scene, ViewLayer | Synchronizing object | ENV_leaf_10
Fra:372 Mem:234.35M (Peak 234.35M) | Time:00:00.33 | Mem:0.00M, Peak:0.00M | Scene, ViewLayer | Synchronizing object | ENV_leaf_9
Fra:372 Mem:234.34M (Peak 234.35M) | Time:00:00.33 | Mem:0.00M, Peak:0.00M | Scene, ViewLayer | Synchronizing object | ENV_leaf_8
Fra:372 Mem:234.34M (Peak 234.35M) | Time:00:00.33 | Mem:0.00M, Peak:0.00M | Scene, ViewLayer | Synchronizing object | ENV_leaf_7
Fra:372 Mem:234.35M (Peak 234.35M) | Time:00:00.33 | Mem:0.00M, Peak:0.00M | Scene, ViewLayer | Synchronizing object | ENV_leaf_6
Fra:372 Mem:234.35M (Peak 234.35M) | Time:00:00.33 | Mem:0.00M, Peak:0.00M | Scene, ViewLayer | Synchronizing object | ENV_leaf_5
Fra:372 Mem:234.36M (Peak 234.36M) | Time:00:00.33 | Mem:0.00M, Peak:0.00M | Scene, ViewLayer | Synchronizing object | ENV_leaf_4
Fra:372 Mem:234.36M (Peak 234.36M) | Time:00:00.33 | Mem:0.00M, Peak:0.00M | Scene, ViewLayer | Synchronizing object | ENV_leaf_3
Fra:372 Mem:234.36M (Peak 234.36M) | Time:00:00.33 | Mem:0.00M, Peak:0.00M | Scene, ViewLayer | Synchronizing object | ENV_leaf_2
Fra:372 Mem:234.37M (Peak 234.37M) | Time:00:00.33 | Mem:0.00M, Peak:0.00M | Scene, ViewLayer | Synchronizing object | ENV_leaf_1
Fra:372 Mem:234.37M (Peak 234.37M) | Time:00:00.33 | Mem:0.00M, Peak:0.00M | Scene, ViewLayer | Synchronizing object | ENV_leaf_0
Fra:372 Mem:234.38M (Peak 234.38M) | Time:00:00.33 | Mem:0.00M, Peak:0.00M | Scene, ViewLayer | Synchronizing object | ENV_fern_77
Fra:372 Mem:235.02M (Peak 235.02M) | Time:00:00.33 | Mem:0.00M, Peak:0.00M | Scene, ViewLayer | Synchronizing object | ENV_fern_50
Fra:372 Mem:235.64M (Peak 235.64M) | Time:00:00.33 | Mem:0.00M, Peak:0.00M | Scene, ViewLayer | Synchronizing object | ENV_fern_76
Fra:372 Mem:236.19M (Peak 236.19M) | Time:00:00.33 | Mem:0.00M, Peak:0.00M | Scene, ViewLayer | Synchronizing object | ENV_fern_51
Fra:372 Mem:236.71M (Peak 236.71M) | Time:00:00.33 | Mem:0.00M, Peak:0.00M | Scene, ViewLayer | Synchronizing object | ENV_fern_75
Fra:372 Mem:236.72M (Peak 236.72M) | Time:00:00.33 | Mem:0.00M, Peak:0.00M | Scene, ViewLayer | Synchronizing object | ENV_fern_52
Fra:372 Mem:237.50M (Peak 237.50M) | Time:00:00.33 | Mem:0.00M, Peak:0.00M | Scene, ViewLayer | Synchronizing object | ENV_fern_74
Fra:372 Mem:238.06M (Peak 238.06M) | Time:00:00.33 | Mem:0.00M, Peak:0.00M | Scene, ViewLayer | Synchronizing object | ENV_fern_53
Fra:372 Mem:238.76M (Peak 238.76M) | Time:00:00.34 | Mem:0.00M, Peak:0.00M | Scene, ViewLayer | Synchronizing object | ENV_fern_73
Fra:372 Mem:239.30M (Peak 239.30M) | Time:00:00.34 | Mem:0.00M, Peak:0.00M | Scene, ViewLayer | Synchronizing object | ENV_fern_54
Fra:372 Mem:239.72M (Peak 239.72M) | Time:00:00.34 | Mem:0.00M, Peak:0.00M | Scene, ViewLayer | Synchronizing object | ENV_fern_72
Fra:372 Mem:240.12M (Peak 240.12M) | Time:00:00.34 | Mem:0.00M, Peak:0.00M | Scene, ViewLayer | Synchronizing object | ENV_fern_55
Fra:372 Mem:240.56M (Peak 240.56M) | Time:00:00.34 | Mem:0.00M, Peak:0.00M | Scene, ViewLayer | Synchronizing object | ENV_fern_71
Fra:372 Mem:241.24M (Peak 241.24M) | Time:00:00.34 | Mem:0.00M, Peak:0.00M | Scene, ViewLayer | Synchronizing object | ENV_fern_56
Fra:372 Mem:241.70M (Peak 241.70M) | Time:00:00.34 | Mem:0.00M, Peak:0.00M | Scene, ViewLayer | Synchronizing object | ENV_fern_70
Fra:372 Mem:242.48M (Peak 242.48M) | Time:00:00.34 | Mem:0.00M, Peak:0.00M | Scene, ViewLayer | Synchronizing object | ENV_fern_69
Fra:372 Mem:242.85M (Peak 242.85M) | Time:00:00.34 | Mem:0.00M, Peak:0.00M | Scene, ViewLayer | Synchronizing object | ENV_fern_57
Fra:372 Mem:243.24M (Peak 243.24M) | Time:00:00.34 | Mem:0.00M, Peak:0.00M | Scene, ViewLayer | Synchronizing object | ENV_fern_68
Fra:372 Mem:243.86M (Peak 243.86M) | Time:00:00.34 | Mem:0.00M, Peak:0.00M | Scene, ViewLayer | Synchronizing object | ENV_fern_58
Fra:372 Mem:244.38M (Peak 244.38M) | Time:00:00.34 | Mem:0.00M, Peak:0.00M | Scene, ViewLayer | Synchronizing object | ENV_fern_67
Fra:372 Mem:244.90M (Peak 244.90M) | Time:00:00.34 | Mem:0.00M, Peak:0.00M | Scene, ViewLayer | Synchronizing object | ENV_fern_59
Fra:372 Mem:245.52M (Peak 245.52M) | Time:00:00.34 | Mem:0.00M, Peak:0.00M | Scene, ViewLayer | Synchronizing object | ENV_fern_66
Fra:372 Mem:246.10M (Peak 246.10M) | Time:00:00.34 | Mem:0.00M, Peak:0.00M | Scene, ViewLayer | Synchronizing object | ENV_fern_65
Fra:372 Mem:246.11M (Peak 246.11M) | Time:00:00.34 | Mem:0.00M, Peak:0.00M | Scene, ViewLayer | Synchronizing object | ENV_fern_60
Fra:372 Mem:246.96M (Peak 246.96M) | Time:00:00.34 | Mem:0.00M, Peak:0.00M | Scene, ViewLayer | Synchronizing object | ENV_fern_61
Fra:372 Mem:247.44M (Peak 247.44M) | Time:00:00.34 | Mem:0.00M, Peak:0.00M | Scene, ViewLayer | Synchronizing object | ENV_fern_64
Fra:372 Mem:248.17M (Peak 248.17M) | Time:00:00.34 | Mem:0.00M, Peak:0.00M | Scene, ViewLayer | Synchronizing object | ENV_fern_62
Fra:372 Mem:248.11M (Peak 248.17M) | Time:00:00.34 | Mem:0.00M, Peak:0.00M | Scene, ViewLayer | Synchronizing object | ENV_fern_63
Fra:372 Mem:249.15M (Peak 249.15M) | Time:00:00.34 | Mem:0.00M, Peak:0.00M | Scene, ViewLayer | Initializing
Fra:372 Mem:125.43M (Peak 249.15M) | Time:00:00.38 | Mem:0.00M, Peak:0.00M | Scene, ViewLayer | Waiting for render to start
Fra:372 Mem:125.43M (Peak 249.15M) | Time:00:00.38 | Mem:0.00M, Peak:0.00M | Scene, ViewLayer | Updating Scene
Fra:372 Mem:125.43M (Peak 249.15M) | Time:00:00.38 | Mem:0.00M, Peak:0.00M | Scene, ViewLayer | Updating Shaders
Fra:372 Mem:125.43M (Peak 249.15M) | Time:00:00.38 | Mem:0.00M, Peak:0.00M | Scene, ViewLayer | Loading render kernels (may take a few minutes the first time)
Fra:372 Mem:125.55M (Peak 249.15M) | Time:00:00.38 | Mem:0.05M, Peak:0.05M | Scene, ViewLayer | Updating Procedurals
Fra:372 Mem:125.55M (Peak 249.15M) | Time:00:00.38 | Mem:0.05M, Peak:0.05M | Scene, ViewLayer | Updating Background
Fra:372 Mem:125.55M (Peak 249.15M) | Time:00:00.38 | Mem:0.05M, Peak:0.05M | Scene, ViewLayer | Updating Camera
Fra:372 Mem:125.55M (Peak 249.15M) | Time:00:00.38 | Mem:0.05M, Peak:0.05M | Scene, ViewLayer | Updating Meshes Flags
Fra:372 Mem:125.55M (Peak 249.15M) | Time:00:00.38 | Mem:0.05M, Peak:0.05M | Scene, ViewLayer | Updating Objects
Fra:372 Mem:125.55M (Peak 249.15M) | Time:00:00.38 | Mem:0.05M, Peak:0.05M | Scene, ViewLayer | Updating Objects | Copying Transformations to device
Fra:372 Mem:126.10M (Peak 249.15M) | Time:00:00.38 | Mem:0.57M, Peak:0.57M | Scene, ViewLayer | Updating Particle Systems
Fra:372 Mem:126.10M (Peak 249.15M) | Time:00:00.38 | Mem:0.57M, Peak:0.57M | Scene, ViewLayer | Updating Particle Systems | Copying Particles to device
Fra:372 Mem:126.10M (Peak 249.15M) | Time:00:00.38 | Mem:0.57M, Peak:0.57M | Scene, ViewLayer | Updating Meshes
Fra:372 Mem:126.10M (Peak 249.15M) | Time:00:00.38 | Mem:0.57M, Peak:0.57M | Scene, ViewLayer | Updating Objects | Applying Static Transformations
Fra:372 Mem:126.10M (Peak 249.15M) | Time:00:00.39 | Mem:0.57M, Peak:0.57M | Scene, ViewLayer | Updating Mesh | Computing attributes
Fra:372 Mem:134.18M (Peak 249.15M) | Time:00:00.39 | Mem:0.65M, Peak:0.65M | Scene, ViewLayer | Updating Mesh | Copying Attributes to device
Fra:372 Mem:133.95M (Peak 249.15M) | Time:00:00.39 | Mem:8.43M, Peak:8.43M | Scene, ViewLayer | Updating Geometry BVH FX_010_dot_src 2/4 | Building BVH
Fra:372 Mem:133.95M (Peak 249.15M) | Time:00:00.39 | Mem:8.43M, Peak:8.43M | Scene, ViewLayer | Updating Geometry BVH FX_010_dot_src 2/4 | Building BVH 0%
Fra:372 Mem:133.95M (Peak 249.15M) | Time:00:00.39 | Mem:8.44M, Peak:8.44M | Scene, ViewLayer | Updating Geometry BVH MOSS_PATCH_A.001 3/4 | Building BVH
Fra:372 Mem:133.95M (Peak 249.15M) | Time:00:00.39 | Mem:8.45M, Peak:8.46M | Scene, ViewLayer | Updating Geometry BVH MOSS_PATCH_B.001 4/4 | Building BVH
Fra:372 Mem:133.95M (Peak 249.15M) | Time:00:00.39 | Mem:8.47M, Peak:8.47M | Scene, ViewLayer | Updating Geometry BVH ROCK_SMALL.001 5/4 | Building BVH
Fra:372 Mem:133.95M (Peak 249.15M) | Time:00:00.39 | Mem:8.48M, Peak:8.49M | Scene, ViewLayer | Updating Scene BVH | Building
Fra:372 Mem:133.98M (Peak 249.15M) | Time:00:00.39 | Mem:8.48M, Peak:8.49M | Scene, ViewLayer | Updating Scene BVH | Building BVH
Fra:372 Mem:133.98M (Peak 249.15M) | Time:00:00.62 | Mem:80.79M, Peak:116.55M | Scene, ViewLayer | Updating Scene BVH | Copying BVH to device
Fra:372 Mem:133.98M (Peak 249.15M) | Time:00:00.62 | Mem:80.79M, Peak:116.55M | Scene, ViewLayer | Updating Mesh | Computing normals
Fra:372 Mem:167.36M (Peak 249.15M) | Time:00:00.64 | Mem:80.79M, Peak:116.55M | Scene, ViewLayer | Updating Mesh | Copying Mesh to device
Fra:372 Mem:167.36M (Peak 249.15M) | Time:00:00.64 | Mem:114.17M, Peak:116.55M | Scene, ViewLayer | Updating Objects Flags
Fra:372 Mem:167.36M (Peak 249.15M) | Time:00:00.64 | Mem:114.19M, Peak:116.55M | Scene, ViewLayer | Updating Primitive Offsets
Fra:372 Mem:167.37M (Peak 249.15M) | Time:00:00.64 | Mem:114.19M, Peak:116.55M | Scene, ViewLayer | Updating Images
Fra:372 Mem:167.37M (Peak 249.15M) | Time:00:00.64 | Mem:114.19M, Peak:116.55M | Scene, ViewLayer | Updating Camera Volume
Fra:372 Mem:167.37M (Peak 249.15M) | Time:00:00.64 | Mem:114.19M, Peak:116.55M | Scene, ViewLayer | Updating Lookup Tables
Fra:372 Mem:167.37M (Peak 249.15M) | Time:00:00.64 | Mem:114.28M, Peak:116.55M | Scene, ViewLayer | Updating Lights
Fra:372 Mem:167.37M (Peak 249.15M) | Time:00:00.64 | Mem:114.28M, Peak:116.55M | Scene, ViewLayer | Updating Lights | Computing tree
Fra:372 Mem:168.10M (Peak 249.15M) | Time:00:00.65 | Mem:115.01M, Peak:116.55M | Scene, ViewLayer | Updating Integrator
Fra:372 Mem:168.10M (Peak 249.15M) | Time:00:00.65 | Mem:115.01M, Peak:116.55M | Scene, ViewLayer | Updating Film
Fra:372 Mem:168.10M (Peak 249.15M) | Time:00:00.65 | Mem:114.92M, Peak:116.55M | Scene, ViewLayer | Updating Lookup Tables
Fra:372 Mem:168.10M (Peak 249.15M) | Time:00:00.65 | Mem:115.01M, Peak:116.55M | Scene, ViewLayer | Updating Baking
Fra:372 Mem:168.10M (Peak 249.15M) | Time:00:00.65 | Mem:115.01M, Peak:116.55M | Scene, ViewLayer | Updating Device | Writing constant memory
Fra:372 Mem:168.14M (Peak 249.15M) | Time:00:00.65 | Mem:115.01M, Peak:116.55M | Scene, ViewLayer | Loading denoising kernels (may take a few minutes the first time)
Fra:372 Mem:168.14M (Peak 249.15M) | Time:00:00.65 | Mem:115.01M, Peak:116.55M | Scene, ViewLayer | Sample 0/64
Fra:372 Mem:318.45M (Peak 318.45M) | Time:00:17.65 | Remaining:17:51.21 | Mem:265.30M, Peak:265.30M | Scene, ViewLayer | Sample 1/64
Fra:372 Mem:318.45M (Peak 318.45M) | Time:00:34.36 | Remaining:17:24.97 | Mem:265.30M, Peak:265.30M | Scene, ViewLayer | Sample 2/64
Fra:372 Mem:318.45M (Peak 318.45M) | Time:00:50.87 | Remaining:17:01.06 | Mem:265.30M, Peak:265.30M | Scene, ViewLayer | Sample 3/64
Fra:372 Mem:318.45M (Peak 318.45M) | Time:01:07.71 | Remaining:16:45.91 | Mem:265.30M, Peak:265.30M | Scene, ViewLayer | Sample 4/64
Fra:372 Mem:318.45M (Peak 318.45M) | Time:01:25.16 | Remaining:16:37.18 | Mem:265.30M, Peak:265.30M | Scene, ViewLayer | Sample 5/64
Fra:372 Mem:318.45M (Peak 318.45M) | Time:01:42.32 | Remaining:16:22.80 | Mem:265.30M, Peak:265.30M | Scene, ViewLayer | Sample 6/64
Fra:372 Mem:318.45M (Peak 318.45M) | Time:01:59.00 | Remaining:16:03.67 | Mem:265.30M, Peak:265.30M | Scene, ViewLayer | Sample 7/64
Fra:372 Mem:318.45M (Peak 318.45M) | Time:02:15.28 | Remaining:15:42.40 | Mem:265.30M, Peak:265.30M | Scene, ViewLayer | Sample 8/64
Fra:372 Mem:318.45M (Peak 318.45M) | Time:02:31.66 | Remaining:15:22.81 | Mem:265.30M, Peak:265.30M | Scene, ViewLayer | Sample 9/64
Fra:372 Mem:318.45M (Peak 318.45M) | Time:02:47.87 | Remaining:15:02.96 | Mem:265.30M, Peak:265.30M | Scene, ViewLayer | Sample 10/64
Fra:372 Mem:318.45M (Peak 318.45M) | Time:03:04.27 | Remaining:14:44.70 | Mem:265.30M, Peak:265.30M | Scene, ViewLayer | Sample 11/64
Fra:372 Mem:318.45M (Peak 318.45M) | Time:03:20.32 | Remaining:14:25.22 | Mem:265.30M, Peak:265.30M | Scene, ViewLayer | Sample 12/64
Fra:372 Mem:318.45M (Peak 318.45M) | Time:03:37.23 | Remaining:14:09.66 | Mem:265.30M, Peak:265.30M | Scene, ViewLayer | Sample 13/64
Fra:372 Mem:318.45M (Peak 318.45M) | Time:03:54.18 | Remaining:13:54.04 | Mem:265.30M, Peak:265.30M | Scene, ViewLayer | Sample 14/64
Fra:372 Mem:318.45M (Peak 318.45M) | Time:04:10.30 | Remaining:13:35.52 | Mem:265.30M, Peak:265.30M | Scene, ViewLayer | Sample 15/64
Fra:372 Mem:318.45M (Peak 318.45M) | Time:04:26.40 | Remaining:13:17.23 | Mem:265.30M, Peak:265.30M | Scene, ViewLayer | Sample 16/64
Fra:372 Mem:318.45M (Peak 318.45M) | Time:04:42.57 | Remaining:12:59.42 | Mem:265.30M, Peak:265.30M | Scene, ViewLayer | Sample 17/64
Fra:372 Mem:318.45M (Peak 318.45M) | Time:04:58.92 | Remaining:12:42.23 | Mem:265.30M, Peak:265.30M | Scene, ViewLayer | Sample 18/64
Fra:372 Mem:318.45M (Peak 318.45M) | Time:05:15.14 | Remaining:12:24.84 | Mem:265.30M, Peak:265.30M | Scene, ViewLayer | Sample 19/64
Fra:372 Mem:318.45M (Peak 318.45M) | Time:05:31.86 | Remaining:12:08.65 | Mem:265.30M, Peak:265.30M | Scene, ViewLayer | Sample 20/64
Fra:372 Mem:318.45M (Peak 318.45M) | Time:05:48.37 | Remaining:11:51.99 | Mem:265.30M, Peak:265.30M | Scene, ViewLayer | Sample 21/64
Fra:372 Mem:318.45M (Peak 318.45M) | Time:06:05.20 | Remaining:11:35.95 | Mem:265.30M, Peak:265.30M | Scene, ViewLayer | Sample 22/64
Fra:372 Mem:318.45M (Peak 318.45M) | Time:06:21.85 | Remaining:11:19.52 | Mem:265.30M, Peak:265.30M | Scene, ViewLayer | Sample 23/64
Fra:372 Mem:318.45M (Peak 318.45M) | Time:06:38.67 | Remaining:11:03.36 | Mem:265.30M, Peak:265.30M | Scene, ViewLayer | Sample 24/64
Fra:372 Mem:318.45M (Peak 318.45M) | Time:06:55.61 | Remaining:10:47.33 | Mem:265.30M, Peak:265.30M | Scene, ViewLayer | Sample 25/64
Fra:372 Mem:318.45M (Peak 318.45M) | Time:07:12.39 | Remaining:10:31.00 | Mem:265.30M, Peak:265.30M | Scene, ViewLayer | Sample 26/64
Fra:372 Mem:318.45M (Peak 318.45M) | Time:07:31.29 | Remaining:10:17.54 | Mem:265.30M, Peak:265.30M | Scene, ViewLayer | Sample 27/64
Fra:372 Mem:318.45M (Peak 318.45M) | Time:07:49.58 | Remaining:10:02.91 | Mem:265.30M, Peak:265.30M | Scene, ViewLayer | Sample 28/64
Fra:372 Mem:318.45M (Peak 318.45M) | Time:08:06.12 | Remaining:09:45.90 | Mem:265.30M, Peak:265.30M | Scene, ViewLayer | Sample 29/64
Fra:372 Mem:318.45M (Peak 318.45M) | Time:08:22.41 | Remaining:09:28.65 | Mem:265.30M, Peak:265.30M | Scene, ViewLayer | Sample 30/64
Fra:372 Mem:318.45M (Peak 318.45M) | Time:08:38.74 | Remaining:09:11.51 | Mem:265.30M, Peak:265.30M | Scene, ViewLayer | Sample 31/64
Fra:372 Mem:318.45M (Peak 318.45M) | Time:08:55.46 | Remaining:08:54.80 | Mem:265.30M, Peak:265.30M | Scene, ViewLayer | Sample 32/64
Fra:372 Mem:318.45M (Peak 318.45M) | Time:09:12.58 | Remaining:08:38.48 | Mem:265.30M, Peak:265.30M | Scene, ViewLayer | Sample 33/64
Fra:372 Mem:318.45M (Peak 318.45M) | Time:09:29.52 | Remaining:08:21.93 | Mem:265.30M, Peak:265.30M | Scene, ViewLayer | Sample 34/64
Fra:372 Mem:318.45M (Peak 318.45M) | Time:09:45.98 | Remaining:08:04.98 | Mem:265.30M, Peak:265.30M | Scene, ViewLayer | Sample 35/64
Fra:372 Mem:318.45M (Peak 318.45M) | Time:10:02.67 | Remaining:07:48.23 | Mem:265.30M, Peak:265.30M | Scene, ViewLayer | Sample 36/64
Fra:372 Mem:318.45M (Peak 318.45M) | Time:10:19.27 | Remaining:07:31.42 | Mem:265.30M, Peak:265.30M | Scene, ViewLayer | Sample 37/64
Fra:372 Mem:318.45M (Peak 318.45M) | Time:10:35.98 | Remaining:07:14.69 | Mem:265.30M, Peak:265.30M | Scene, ViewLayer | Sample 38/64
Fra:372 Mem:318.45M (Peak 318.45M) | Time:10:52.85 | Remaining:06:58.07 | Mem:265.30M, Peak:265.30M | Scene, ViewLayer | Sample 39/64
Fra:372 Mem:318.45M (Peak 318.45M) | Time:11:09.04 | Remaining:06:41.03 | Mem:265.30M, Peak:265.30M | Scene, ViewLayer | Sample 40/64
Fra:372 Mem:318.45M (Peak 318.45M) | Time:11:25.21 | Remaining:06:24.01 | Mem:265.30M, Peak:265.30M | Scene, ViewLayer | Sample 41/64
Fra:372 Mem:318.45M (Peak 318.45M) | Time:11:41.80 | Remaining:06:07.26 | Mem:265.30M, Peak:265.30M | Scene, ViewLayer | Sample 42/64
Fra:372 Mem:318.45M (Peak 318.45M) | Time:11:58.48 | Remaining:05:50.56 | Mem:265.30M, Peak:265.30M | Scene, ViewLayer | Sample 43/64
Fra:372 Mem:318.45M (Peak 318.45M) | Time:12:15.73 | Remaining:05:34.12 | Mem:265.30M, Peak:265.30M | Scene, ViewLayer | Sample 44/64
Fra:372 Mem:318.45M (Peak 318.45M) | Time:12:32.64 | Remaining:05:17.50 | Mem:265.30M, Peak:265.30M | Scene, ViewLayer | Sample 45/64
Fra:372 Mem:318.45M (Peak 318.45M) | Time:12:49.25 | Remaining:05:00.75 | Mem:265.30M, Peak:265.30M | Scene, ViewLayer | Sample 46/64
Fra:372 Mem:318.45M (Peak 318.45M) | Time:13:05.97 | Remaining:04:44.05 | Mem:265.30M, Peak:265.30M | Scene, ViewLayer | Sample 47/64
Fra:372 Mem:318.45M (Peak 318.45M) | Time:13:22.48 | Remaining:04:27.27 | Mem:265.30M, Peak:265.30M | Scene, ViewLayer | Sample 48/64
Fra:372 Mem:318.45M (Peak 318.45M) | Time:13:39.14 | Remaining:04:10.55 | Mem:265.30M, Peak:265.30M | Scene, ViewLayer | Sample 49/64
Fra:372 Mem:318.45M (Peak 318.45M) | Time:13:55.64 | Remaining:03:53.79 | Mem:265.30M, Peak:265.30M | Scene, ViewLayer | Sample 50/64
Fra:372 Mem:318.45M (Peak 318.45M) | Time:14:12.00 | Remaining:03:37.00 | Mem:265.30M, Peak:265.30M | Scene, ViewLayer | Sample 51/64
Fra:372 Mem:318.45M (Peak 318.45M) | Time:14:28.18 | Remaining:03:20.19 | Mem:265.30M, Peak:265.30M | Scene, ViewLayer | Sample 52/64
Fra:372 Mem:318.45M (Peak 318.45M) | Time:14:44.56 | Remaining:03:03.45 | Mem:265.30M, Peak:265.30M | Scene, ViewLayer | Sample 53/64
Fra:372 Mem:318.45M (Peak 318.45M) | Time:15:01.13 | Remaining:02:46.75 | Mem:265.30M, Peak:265.30M | Scene, ViewLayer | Sample 54/64
Fra:372 Mem:318.45M (Peak 318.45M) | Time:15:18.55 | Remaining:02:30.20 | Mem:265.30M, Peak:265.30M | Scene, ViewLayer | Sample 55/64
Fra:372 Mem:318.45M (Peak 318.45M) | Time:15:36.29 | Remaining:02:13.66 | Mem:265.30M, Peak:265.30M | Scene, ViewLayer | Sample 56/64
Fra:372 Mem:318.45M (Peak 318.45M) | Time:15:52.24 | Remaining:01:56.86 | Mem:265.30M, Peak:265.30M | Scene, ViewLayer | Sample 57/64
Fra:372 Mem:318.45M (Peak 318.45M) | Time:16:08.44 | Remaining:01:40.11 | Mem:265.30M, Peak:265.30M | Scene, ViewLayer | Sample 58/64
Fra:372 Mem:318.45M (Peak 318.45M) | Time:16:24.91 | Remaining:01:23.41 | Mem:265.30M, Peak:265.30M | Scene, ViewLayer | Sample 59/64
Fra:372 Mem:318.45M (Peak 318.45M) | Time:16:41.19 | Remaining:01:06.70 | Mem:265.30M, Peak:265.30M | Scene, ViewLayer | Sample 60/64
Fra:372 Mem:318.45M (Peak 318.45M) | Time:16:57.64 | Remaining:00:50.01 | Mem:265.30M, Peak:265.30M | Scene, ViewLayer | Sample 61/64
Fra:372 Mem:318.45M (Peak 318.45M) | Time:17:14.83 | Remaining:00:33.36 | Mem:265.30M, Peak:265.30M | Scene, ViewLayer | Sample 62/64
Fra:372 Mem:318.45M (Peak 318.45M) | Time:17:30.90 | Remaining:00:16.67 | Mem:265.30M, Peak:265.30M | Scene, ViewLayer | Sample 63/64
Fra:372 Mem:381.74M (Peak 476.66M) | Time:18:02.99 | Mem:265.30M, Peak:265.30M | Scene, ViewLayer | Sample 64/64
Fra:372 Mem:381.74M (Peak 476.66M) | Time:18:02.99 | Mem:265.30M, Peak:265.30M | Scene, ViewLayer | Finished
Saved: '/home/user/liuflexrobo/GLIMMER/renders/final/SHOT_006/frame_0372.jpg'
Time: 18:03.15 (Saving: 00:00.13)

FINAL_FR SHOT_006 372 1083.2s
Fra:590 Mem:135.20M (Peak 135.36M) | Time:00:00.13 | Mem:0.00M, Peak:0.00M | Scene, ViewLayer | Synchronizing object | FX_001_abdomen
Fra:590 Mem:135.22M (Peak 135.36M) | Time:00:00.13 | Mem:0.00M, Peak:0.00M | Scene, ViewLayer | Synchronizing object | FX_001_body
Fra:590 Mem:135.25M (Peak 135.36M) | Time:00:00.13 | Mem:0.00M, Peak:0.00M | Scene, ViewLayer | Synchronizing object | FX_001_wing_L
Fra:590 Mem:135.25M (Peak 135.36M) | Time:00:00.13 | Mem:0.00M, Peak:0.00M | Scene, ViewLayer | Synchronizing object | FX_001_wing_R
Fra:590 Mem:135.26M (Peak 135.36M) | Time:00:00.13 | Mem:0.00M, Peak:0.00M | Scene, ViewLayer | Synchronizing object | FX_010_dot_src
Fra:590 Mem:135.42M (Peak 135.42M) | Time:00:00.13 | Mem:0.00M, Peak:0.00M | Scene, ViewLayer | Synchronizing object | FX_010_swarm
Fra:590 Mem:135.23M (Peak 135.42M) | Time:00:00.13 | Mem:0.00M, Peak:0.00M | Scene, ViewLayer | Synchronizing object | LIGHT_ff_practical
Fra:590 Mem:135.23M (Peak 135.42M) | Time:00:00.13 | Mem:0.00M, Peak:0.00M | Scene, ViewLayer | Synchronizing object | LIGHT_sun
Fra:590 Mem:135.23M (Peak 135.42M) | Time:00:00.13 | Mem:0.00M, Peak:0.00M | Scene, ViewLayer | Synchronizing object | LIGHT_moon
Fra:590 Mem:135.23M (Peak 135.42M) | Time:00:00.13 | Mem:0.00M, Peak:0.00M | Scene, ViewLayer | Synchronizing object | LIGHT_shaft_0
Fra:590 Mem:135.24M (Peak 135.42M) | Time:00:00.13 | Mem:0.00M, Peak:0.00M | Scene, ViewLayer | Synchronizing object | LIGHT_shaft_1
Fra:590 Mem:135.24M (Peak 135.42M) | Time:00:00.13 | Mem:0.00M, Peak:0.00M | Scene, ViewLayer | Synchronizing object | LIGHT_char_fill
Fra:590 Mem:135.25M (Peak 135.42M) | Time:00:00.13 | Mem:0.00M, Peak:0.00M | Scene, ViewLayer | Synchronizing object | LIGHT_night_rim
Fra:590 Mem:135.25M (Peak 135.42M) | Time:00:00.13 | Mem:0.00M, Peak:0.00M | Scene, ViewLayer | Synchronizing object | LIGHT_night_fill
Fra:590 Mem:135.25M (Peak 135.42M) | Time:00:00.13 | Mem:0.00M, Peak:0.00M | Scene, ViewLayer | Synchronizing object | LIGHT_robot_key
Fra:590 Mem:136.01M (Peak 136.01M) | Time:00:00.17 | Mem:0.00M, Peak:0.00M | Scene, ViewLayer | Synchronizing object | CHAR_001_head
Fra:590 Mem:136.28M (Peak 136.28M) | Time:00:00.17 | Mem:0.00M, Peak:0.00M | Scene, ViewLayer | Synchronizing object | CHAR_001_antenna
Fra:590 Mem:139.19M (Peak 139.19M) | Time:00:00.17 | Mem:0.00M, Peak:0.00M | Scene, ViewLayer | Synchronizing object | TWIG_A
Fra:590 Mem:139.24M (Peak 139.24M) | Time:00:00.17 | Mem:0.00M, Peak:0.00M | Scene, ViewLayer | Synchronizing object | TWIG_B
Fra:590 Mem:139.83M (Peak 139.83M) | Time:00:00.18 | Mem:0.00M, Peak:0.00M | Scene, ViewLayer | Synchronizing object | CHAR_001_head_hatch
Fra:590 Mem:139.84M (Peak 139.84M) | Time:00:00.18 | Mem:0.00M, Peak:0.00M | Scene, ViewLayer | Synchronizing object | CHAR_001_head_seam
Fra:590 Mem:139.84M (Peak 139.84M) | Time:00:00.18 | Mem:0.00M, Peak:0.00M | Scene, ViewLayer | Synchronizing object | CHAR_001_eye_rim_L
Fra:590 Mem:139.87M (Peak 139.87M) | Time:00:00.18 | Mem:0.00M, Peak:0.00M | Scene, ViewLayer | Synchronizing object | CHAR_001_eye_L
Fra:590 Mem:139.89M (Peak 139.89M) | Time:00:00.18 | Mem:0.00M, Peak:0.00M | Scene, ViewLayer | Synchronizing object | CHAR_001_iris_L
Fra:590 Mem:139.90M (Peak 139.90M) | Time:00:00.18 | Mem:0.00M, Peak:0.00M | Scene, ViewLayer | Synchronizing object | CHAR_001_eye_rim_R
Fra:590 Mem:139.92M (Peak 139.92M) | Time:00:00.18 | Mem:0.00M, Peak:0.00M | Scene, ViewLayer | Synchronizing object | CHAR_001_eye_R
Fra:590 Mem:139.94M (Peak 139.94M) | Time:00:00.18 | Mem:0.00M, Peak:0.00M | Scene, ViewLayer | Synchronizing object | CHAR_001_iris_R
Fra:590 Mem:139.95M (Peak 139.95M) | Time:00:00.18 | Mem:0.00M, Peak:0.00M | Scene, ViewLayer | Synchronizing object | CHAR_001_antenna_tip
Fra:590 Mem:139.96M (Peak 139.96M) | Time:00:00.18 | Mem:0.00M, Peak:0.00M | Scene, ViewLayer | Synchronizing object | CHAR_001_torso
Fra:590 Mem:139.98M (Peak 139.98M) | Time:00:00.18 | Mem:0.00M, Peak:0.00M | Scene, ViewLayer | Synchronizing object | CHAR_001_torso_panel
Fra:590 Mem:139.99M (Peak 139.99M) | Time:00:00.18 | Mem:0.00M, Peak:0.00M | Scene, ViewLayer | Synchronizing object | CHAR_001_rivets
Fra:590 Mem:140.01M (Peak 140.01M) | Time:00:00.18 | Mem:0.00M, Peak:0.00M | Scene, ViewLayer | Synchronizing object | CHAR_001_vents
Fra:590 Mem:140.01M (Peak 140.01M) | Time:00:00.18 | Mem:0.00M, Peak:0.00M | Scene, ViewLayer | Synchronizing object | CHAR_001_neck
Fra:590 Mem:140.02M (Peak 140.02M) | Time:00:00.18 | Mem:0.00M, Peak:0.00M | Scene, ViewLayer | Synchronizing object | CHAR_001_shoulder_L
Fra:590 Mem:140.03M (Peak 140.03M) | Time:00:00.18 | Mem:0.00M, Peak:0.00M | Scene, ViewLayer | Synchronizing object | CHAR_001_upperarm_L
Fra:590 Mem:140.04M (Peak 140.04M) | Time:00:00.18 | Mem:0.00M, Peak:0.00M | Scene, ViewLayer | Synchronizing object | CHAR_001_forearm_L
Fra:590 Mem:140.03M (Peak 140.04M) | Time:00:00.18 | Mem:0.00M, Peak:0.00M | Scene, ViewLayer | Synchronizing object | CHAR_001_hand_L
Fra:590 Mem:140.11M (Peak 140.11M) | Time:00:00.18 | Mem:0.00M, Peak:0.00M | Scene, ViewLayer | Synchronizing object | CHAR_001_shoulder_R
Fra:590 Mem:140.23M (Peak 140.23M) | Time:00:00.18 | Mem:0.00M, Peak:0.00M | Scene, ViewLayer | Synchronizing object | CHAR_001_upperarm_R
Fra:590 Mem:140.44M (Peak 140.44M) | Time:00:00.18 | Mem:0.00M, Peak:0.00M | Scene, ViewLayer | Synchronizing object | CHAR_001_forearm_R
Fra:590 Mem:140.44M (Peak 140.44M) | Time:00:00.18 | Mem:0.00M, Peak:0.00M | Scene, ViewLayer | Synchronizing object | CHAR_001_hand_R
Fra:590 Mem:140.49M (Peak 140.49M) | Time:00:00.18 | Mem:0.00M, Peak:0.00M | Scene, ViewLayer | Synchronizing object | CHAR_001_finger_R_index
Fra:590 Mem:140.52M (Peak 140.52M) | Time:00:00.18 | Mem:0.00M, Peak:0.00M | Scene, ViewLayer | Synchronizing object | CHAR_001_chassis
Fra:590 Mem:140.53M (Peak 140.53M) | Time:00:00.18 | Mem:0.00M, Peak:0.00M | Scene, ViewLayer | Synchronizing object | CHAR_001_track_plates_L
Fra:590 Mem:140.57M (Peak 140.57M) | Time:00:00.18 | Mem:0.00M, Peak:0.00M | Scene, ViewLayer | Synchronizing object | CHAR_001_wheel_L_0
Fra:590 Mem:140.58M (Peak 140.58M) | Time:00:00.18 | Mem:0.00M, Peak:0.00M | Scene, ViewLayer | Synchronizing object | CHAR_001_wheel_L_1
Fra:590 Mem:140.59M (Peak 140.59M) | Time:00:00.18 | Mem:0.00M, Peak:0.00M | Scene, ViewLayer | Synchronizing object | CHAR_001_wheel_L_2
Fra:590 Mem:140.59M (Peak 140.59M) | Time:00:00.18 | Mem:0.00M, Peak:0.00M | Scene, ViewLayer | Synchronizing object | CHAR_001_wheel_L_3
Fra:590 Mem:140.60M (Peak 140.60M) | Time:00:00.18 | Mem:0.00M, Peak:0.00M | Scene, ViewLayer | Synchronizing object | CHAR_001_wheel_L_4
Fra:590 Mem:140.61M (Peak 140.61M) | Time:00:00.18 | Mem:0.00M, Peak:0.00M | Scene, ViewLayer | Synchronizing object | CHAR_001_fender_L
Fra:590 Mem:140.62M (Peak 140.62M) | Time:00:00.18 | Mem:0.00M, Peak:0.00M | Scene, ViewLayer | Synchronizing object | CHAR_001_track_plates_R
Fra:590 Mem:140.66M (Peak 140.66M) | Time:00:00.18 | Mem:0.00M, Peak:0.00M | Scene, ViewLayer | Synchronizing object | CHAR_001_wheel_R_0
Fra:590 Mem:140.67M (Peak 140.67M) | Time:00:00.18 | Mem:0.00M, Peak:0.00M | Scene, ViewLayer | Synchronizing object | CHAR_001_wheel_R_1
Fra:590 Mem:140.67M (Peak 140.67M) | Time:00:00.18 | Mem:0.00M, Peak:0.00M | Scene, ViewLayer | Synchronizing object | CHAR_001_wheel_R_2
Fra:590 Mem:140.68M (Peak 140.68M) | Time:00:00.18 | Mem:0.00M, Peak:0.00M | Scene, ViewLayer | Synchronizing object | CHAR_001_wheel_R_3
Fra:590 Mem:140.69M (Peak 140.69M) | Time:00:00.18 | Mem:0.00M, Peak:0.00M | Scene, ViewLayer | Synchronizing object | CHAR_001_wheel_R_4
Fra:590 Mem:140.69M (Peak 140.69M) | Time:00:00.18 | Mem:0.00M, Peak:0.00M | Scene, ViewLayer | Synchronizing object | CHAR_001_fender_R
Fra:590 Mem:140.70M (Peak 140.70M) | Time:00:00.18 | Mem:0.00M, Peak:0.00M | Scene, ViewLayer | Synchronizing object | TREE_TRUNK_A
Fra:590 Mem:141.46M (Peak 142.03M) | Time:00:00.18 | Mem:0.00M, Peak:0.00M | Scene, ViewLayer | Synchronizing object | TREE_TRUNK_B
Fra:590 Mem:142.23M (Peak 142.79M) | Time:00:00.18 | Mem:0.00M, Peak:0.00M | Scene, ViewLayer | Synchronizing object | TREE_TRUNK_C
Fra:590 Mem:142.98M (Peak 143.55M) | Time:00:00.18 | Mem:0.00M, Peak:0.00M | Scene, ViewLayer | Synchronizing object | ROOT_A
Fra:590 Mem:143.00M (Peak 143.55M) | Time:00:00.18 | Mem:0.00M, Peak:0.00M | Scene, ViewLayer | Synchronizing object | ROOT_B
Fra:590 Mem:143.02M (Peak 143.55M) | Time:00:00.19 | Mem:0.00M, Peak:0.00M | Scene, ViewLayer | Synchronizing object | ROOT_C
Fra:590 Mem:143.03M (Peak 143.55M) | Time:00:00.19 | Mem:0.00M, Peak:0.00M | Scene, ViewLayer | Synchronizing object | FALLEN_LOG_HERO
Fra:590 Mem:143.10M (Peak 143.55M) | Time:00:00.19 | Mem:0.00M, Peak:0.00M | Scene, ViewLayer | Synchronizing object | FERN_A
Fra:590 Mem:143.49M (Peak 143.55M) | Time:00:00.19 | Mem:0.00M, Peak:0.00M | Scene, ViewLayer | Synchronizing object | FERN_B
Fra:590 Mem:144.32M (Peak 144.32M) | Time:00:00.19 | Mem:0.00M, Peak:0.00M | Scene, ViewLayer | Synchronizing object | FERN_C
Fra:590 Mem:144.96M (Peak 144.96M) | Time:00:00.19 | Mem:0.00M, Peak:0.00M | Scene, ViewLayer | Synchronizing object | MOSS_PATCH_A
Fra:590 Mem:144.97M (Peak 144.97M) | Time:00:00.19 | Mem:0.00M, Peak:0.00M | Scene, ViewLayer | Synchronizing object | MOSS_PATCH_B
Fra:590 Mem:144.98M (Peak 144.98M) | Time:00:00.19 | Mem:0.00M, Peak:0.00M | Scene, ViewLayer | Synchronizing object | GROUND_LEAF_A
Fra:590 Mem:144.98M (Peak 144.98M) | Time:00:00.19 | Mem:0.00M, Peak:0.00M | Scene, ViewLayer | Synchronizing object | GROUND_LEAF_B
Fra:590 Mem:144.98M (Peak 144.98M) | Time:00:00.19 | Mem:0.00M, Peak:0.00M | Scene, ViewLayer | Synchronizing object | GROUND_LEAF_C
Fra:590 Mem:144.99M (Peak 144.99M) | Time:00:00.19 | Mem:0.00M, Peak:0.00M | Scene, ViewLayer | Synchronizing object | ROCK_SMALL
Fra:590 Mem:144.98M (Peak 144.99M) | Time:00:00.19 | Mem:0.00M, Peak:0.00M | Scene, ViewLayer | Synchronizing object | BACKGROUND_TREE
Fra:590 Mem:145.88M (Peak 145.88M) | Time:00:00.19 | Mem:0.00M, Peak:0.00M | Scene, ViewLayer | Synchronizing object | ENV_ground
Fra:590 Mem:147.11M (Peak 147.26M) | Time:00:00.19 | Mem:0.00M, Peak:0.00M | Scene, ViewLayer | Synchronizing object | ENV_hero_tree
Fra:590 Mem:147.87M (Peak 148.44M) | Time:00:00.19 | Mem:0.00M, Peak:0.00M | Scene, ViewLayer | Synchronizing object | ENV_root_0
Fra:590 Mem:147.89M (Peak 148.44M) | Time:00:00.19 | Mem:0.00M, Peak:0.00M | Scene, ViewLayer | Synchronizing object | ENV_root_1
Fra:590 Mem:147.90M (Peak 148.44M) | Time:00:00.19 | Mem:0.00M, Peak:0.00M | Scene, ViewLayer | Synchronizing object | ENV_root_2
Fra:590 Mem:147.92M (Peak 148.44M) | Time:00:00.19 | Mem:0.00M, Peak:0.00M | Scene, ViewLayer | Synchronizing object | ENV_root_3
Fra:590 Mem:147.94M (Peak 148.44M) | Time:00:00.19 | Mem:0.00M, Peak:0.00M | Scene, ViewLayer | Synchronizing object | ENV_root_4
Fra:590 Mem:147.95M (Peak 148.44M) | Time:00:00.19 | Mem:0.00M, Peak:0.00M | Scene, ViewLayer | Synchronizing object | ENV_root_5
Fra:590 Mem:147.96M (Peak 148.44M) | Time:00:00.19 | Mem:0.00M, Peak:0.00M | Scene, ViewLayer | Synchronizing object | ENV_fallen_log
Fra:590 Mem:148.04M (Peak 148.44M) | Time:00:00.19 | Mem:0.00M, Peak:0.00M | Scene, ViewLayer | Synchronizing object | ENV_midtree_0
Fra:590 Mem:148.80M (Peak 149.37M) | Time:00:00.19 | Mem:0.00M, Peak:0.00M | Scene, ViewLayer | Synchronizing object | ENV_midtree_1
Fra:590 Mem:149.56M (Peak 150.13M) | Time:00:00.20 | Mem:0.00M, Peak:0.00M | Scene, ViewLayer | Synchronizing object | ENV_midtree_2
Fra:590 Mem:150.32M (Peak 150.89M) | Time:00:00.20 | Mem:0.00M, Peak:0.00M | Scene, ViewLayer | Synchronizing object | ENV_midtree_3
Fra:590 Mem:151.08M (Peak 151.65M) | Time:00:00.20 | Mem:0.00M, Peak:0.00M | Scene, ViewLayer | Synchronizing object | ENV_midtree_4
Fra:590 Mem:151.85M (Peak 152.42M) | Time:00:00.20 | Mem:0.00M, Peak:0.00M | Scene, ViewLayer | Synchronizing object | ENV_midtree_5
Fra:590 Mem:152.61M (Peak 153.04M) | Time:00:00.20 | Mem:0.00M, Peak:0.00M | Scene, ViewLayer | Synchronizing object | ENV_bgtree_0
Fra:590 Mem:153.19M (Peak 153.19M) | Time:00:00.20 | Mem:0.00M, Peak:0.00M | Scene, ViewLayer | Synchronizing object | ENV_bgtree_1
Fra:590 Mem:153.75M (Peak 153.75M) | Time:00:00.20 | Mem:0.00M, Peak:0.00M | Scene, ViewLayer | Synchronizing object | ENV_bgtree_2
Fra:590 Mem:154.65M (Peak 154.65M) | Time:00:00.21 | Mem:0.00M, Peak:0.00M | Scene, ViewLayer | Synchronizing object | ENV_bgtree_3
Fra:590 Mem:155.23M (Peak 155.23M) | Time:00:00.21 | Mem:0.00M, Peak:0.00M | Scene, ViewLayer | Synchronizing object | ENV_bgtree_4
Fra:590 Mem:156.11M (Peak 156.11M) | Time:00:00.21 | Mem:0.00M, Peak:0.00M | Scene, ViewLayer | Synchronizing object | ENV_bgtree_5
Fra:590 Mem:156.69M (Peak 156.69M) | Time:00:00.21 | Mem:0.00M, Peak:0.00M | Scene, ViewLayer | Synchronizing object | ENV_bgtree_6
Fra:590 Mem:157.57M (Peak 157.57M) | Time:00:00.21 | Mem:0.00M, Peak:0.00M | Scene, ViewLayer | Synchronizing object | ENV_bgtree_7
Fra:590 Mem:158.15M (Peak 158.15M) | Time:00:00.21 | Mem:0.00M, Peak:0.00M | Scene, ViewLayer | Synchronizing object | ENV_bgtree_8
Fra:590 Mem:159.03M (Peak 159.03M) | Time:00:00.21 | Mem:0.00M, Peak:0.00M | Scene, ViewLayer | Synchronizing object | ENV_bgtree_9
Fra:590 Mem:159.61M (Peak 159.61M) | Time:00:00.21 | Mem:0.00M, Peak:0.00M | Scene, ViewLayer | Synchronizing object | ENV_bgtree_10
Fra:590 Mem:160.17M (Peak 160.17M) | Time:00:00.21 | Mem:0.00M, Peak:0.00M | Scene, ViewLayer | Synchronizing object | ENV_bgtree_11
Fra:590 Mem:161.07M (Peak 161.07M) | Time:00:00.21 | Mem:0.00M, Peak:0.00M | Scene, ViewLayer | Synchronizing object | ENV_bgtree_12
Fra:590 Mem:161.65M (Peak 161.65M) | Time:00:00.21 | Mem:0.00M, Peak:0.00M | Scene, ViewLayer | Synchronizing object | ENV_bgtree_13
Fra:590 Mem:162.51M (Peak 162.51M) | Time:00:00.21 | Mem:0.00M, Peak:0.00M | Scene, ViewLayer | Synchronizing object | ENV_bgtree_14
Fra:590 Mem:163.39M (Peak 163.39M) | Time:00:00.22 | Mem:0.00M, Peak:0.00M | Scene, ViewLayer | Synchronizing object | ENV_bgtree_15
Fra:590 Mem:164.27M (Peak 164.27M) | Time:00:00.22 | Mem:0.00M, Peak:0.00M | Scene, ViewLayer | Synchronizing object | ENV_bgtree_16
Fra:590 Mem:165.15M (Peak 165.15M) | Time:00:00.22 | Mem:0.00M, Peak:0.00M | Scene, ViewLayer | Synchronizing object | ENV_bgtree_17
Fra:590 Mem:166.02M (Peak 166.02M) | Time:00:00.22 | Mem:0.00M, Peak:0.00M | Scene, ViewLayer | Synchronizing object | ENV_bgtree_18
Fra:590 Mem:166.90M (Peak 166.90M) | Time:00:00.22 | Mem:0.00M, Peak:0.00M | Scene, ViewLayer | Synchronizing object | ENV_bgtree_19
Fra:590 Mem:167.78M (Peak 167.78M) | Time:00:00.23 | Mem:0.00M, Peak:0.00M | Scene, ViewLayer | Synchronizing object | ENV_bgtree_20
Fra:590 Mem:168.66M (Peak 168.66M) | Time:00:00.23 | Mem:0.00M, Peak:0.00M | Scene, ViewLayer | Synchronizing object | ENV_bgtree_21
Fra:590 Mem:169.54M (Peak 169.54M) | Time:00:00.23 | Mem:0.00M, Peak:0.00M | Scene, ViewLayer | Synchronizing object | ENV_bgtree_22
Fra:590 Mem:170.42M (Peak 170.42M) | Time:00:00.23 | Mem:0.00M, Peak:0.00M | Scene, ViewLayer | Synchronizing object | ENV_bgtree_23
Fra:590 Mem:171.29M (Peak 171.29M) | Time:00:00.23 | Mem:0.00M, Peak:0.00M | Scene, ViewLayer | Synchronizing object | ENV_bgtree_24
Fra:590 Mem:172.17M (Peak 172.17M) | Time:00:00.23 | Mem:0.00M, Peak:0.00M | Scene, ViewLayer | Synchronizing object | ENV_bgtree_25
Fra:590 Mem:173.06M (Peak 173.06M) | Time:00:00.24 | Mem:0.00M, Peak:0.00M | Scene, ViewLayer | Synchronizing object | ENV_bgtree_26
Fra:590 Mem:173.94M (Peak 173.94M) | Time:00:00.24 | Mem:0.00M, Peak:0.00M | Scene, ViewLayer | Synchronizing object | ENV_bgtree_27
Fra:590 Mem:174.81M (Peak 174.81M) | Time:00:00.24 | Mem:0.00M, Peak:0.00M | Scene, ViewLayer | Synchronizing object | ENV_bgtree_28
Fra:590 Mem:175.69M (Peak 175.69M) | Time:00:00.24 | Mem:0.00M, Peak:0.00M | Scene, ViewLayer | Synchronizing object | ENV_bgtree_29
Fra:590 Mem:176.57M (Peak 176.57M) | Time:00:00.24 | Mem:0.00M, Peak:0.00M | Scene, ViewLayer | Synchronizing object | ENV_bgtree_30
Fra:590 Mem:177.45M (Peak 177.45M) | Time:00:00.24 | Mem:0.00M, Peak:0.00M | Scene, ViewLayer | Synchronizing object | ENV_bgtree_31
Fra:590 Mem:178.33M (Peak 178.33M) | Time:00:00.25 | Mem:0.00M, Peak:0.00M | Scene, ViewLayer | Synchronizing object | ENV_bgtree_32
Fra:590 Mem:179.20M (Peak 179.20M) | Time:00:00.25 | Mem:0.00M, Peak:0.00M | Scene, ViewLayer | Synchronizing object | ENV_bgtree_33
Fra:590 Mem:180.08M (Peak 180.08M) | Time:00:00.25 | Mem:0.00M, Peak:0.00M | Scene, ViewLayer | Synchronizing object | ENV_bgtree_34
Fra:590 Mem:180.96M (Peak 180.96M) | Time:00:00.25 | Mem:0.00M, Peak:0.00M | Scene, ViewLayer | Synchronizing object | ENV_bgtree_35
Fra:590 Mem:181.84M (Peak 181.84M) | Time:00:00.25 | Mem:0.00M, Peak:0.00M | Scene, ViewLayer | Synchronizing object | ENV_bgtree_36
Fra:590 Mem:182.72M (Peak 182.72M) | Time:00:00.25 | Mem:0.00M, Peak:0.00M | Scene, ViewLayer | Synchronizing object | ENV_bgtree_37
Fra:590 Mem:183.60M (Peak 183.60M) | Time:00:00.26 | Mem:0.00M, Peak:0.00M | Scene, ViewLayer | Synchronizing object | ENV_bgtree_38
Fra:590 Mem:184.47M (Peak 184.47M) | Time:00:00.26 | Mem:0.00M, Peak:0.00M | Scene, ViewLayer | Synchronizing object | ENV_bgtree_39
Fra:590 Mem:185.35M (Peak 185.35M) | Time:00:00.26 | Mem:0.00M, Peak:0.00M | Scene, ViewLayer | Synchronizing object | ENV_bgtree_40
Fra:590 Mem:186.23M (Peak 186.23M) | Time:00:00.26 | Mem:0.00M, Peak:0.00M | Scene, ViewLayer | Synchronizing object | ENV_bgtree_41
Fra:590 Mem:187.11M (Peak 187.11M) | Time:00:00.26 | Mem:0.00M, Peak:0.00M | Scene, ViewLayer | Synchronizing object | ENV_bgtree_42
Fra:590 Mem:187.99M (Peak 187.99M) | Time:00:00.26 | Mem:0.00M, Peak:0.00M | Scene, ViewLayer | Synchronizing object | ENV_bgtree_43
Fra:590 Mem:188.87M (Peak 188.87M) | Time:00:00.26 | Mem:0.00M, Peak:0.00M | Scene, ViewLayer | Synchronizing object | ENV_bgtree_44
Fra:590 Mem:189.74M (Peak 189.74M) | Time:00:00.27 | Mem:0.00M, Peak:0.00M | Scene, ViewLayer | Synchronizing object | ENV_bgtree_45
Fra:590 Mem:190.62M (Peak 190.62M) | Time:00:00.27 | Mem:0.00M, Peak:0.00M | Scene, ViewLayer | Synchronizing object | ENV_bgtree_46
Fra:590 Mem:191.50M (Peak 191.50M) | Time:00:00.27 | Mem:0.00M, Peak:0.00M | Scene, ViewLayer | Synchronizing object | ENV_bgtree_47
Fra:590 Mem:192.38M (Peak 192.38M) | Time:00:00.27 | Mem:0.00M, Peak:0.00M | Scene, ViewLayer | Synchronizing object | ENV_bgtree_48
Fra:590 Mem:193.26M (Peak 193.26M) | Time:00:00.27 | Mem:0.00M, Peak:0.00M | Scene, ViewLayer | Synchronizing object | ENV_bgtree_49
Fra:590 Mem:194.13M (Peak 194.13M) | Time:00:00.27 | Mem:0.00M, Peak:0.00M | Scene, ViewLayer | Synchronizing object | ENV_bgtree_50
Fra:590 Mem:195.01M (Peak 195.01M) | Time:00:00.27 | Mem:0.00M, Peak:0.00M | Scene, ViewLayer | Synchronizing object | ENV_bgtree_51
Fra:590 Mem:195.89M (Peak 195.89M) | Time:00:00.28 | Mem:0.00M, Peak:0.00M | Scene, ViewLayer | Synchronizing object | ENV_bgtree_52
Fra:590 Mem:196.78M (Peak 196.78M) | Time:00:00.28 | Mem:0.00M, Peak:0.00M | Scene, ViewLayer | Synchronizing object | ENV_bgtree_53
Fra:590 Mem:197.65M (Peak 197.65M) | Time:00:00.28 | Mem:0.00M, Peak:0.00M | Scene, ViewLayer | Synchronizing object | ENV_bgtree_54
Fra:590 Mem:198.53M (Peak 198.53M) | Time:00:00.28 | Mem:0.00M, Peak:0.00M | Scene, ViewLayer | Synchronizing object | ENV_bgtree_55
Fra:590 Mem:199.40M (Peak 199.40M) | Time:00:00.28 | Mem:0.00M, Peak:0.00M | Scene, ViewLayer | Synchronizing object | ENV_bgtree_56
Fra:590 Mem:200.28M (Peak 200.28M) | Time:00:00.28 | Mem:0.00M, Peak:0.00M | Scene, ViewLayer | Synchronizing object | ENV_bgtree_57
Fra:590 Mem:201.16M (Peak 201.16M) | Time:00:00.29 | Mem:0.00M, Peak:0.00M | Scene, ViewLayer | Synchronizing object | ENV_bgtree_58
Fra:590 Mem:202.04M (Peak 202.04M) | Time:00:00.29 | Mem:0.00M, Peak:0.00M | Scene, ViewLayer | Synchronizing object | ENV_bgtree_59
Fra:590 Mem:202.64M (Peak 202.64M) | Time:00:00.29 | Mem:0.00M, Peak:0.00M | Scene, ViewLayer | Synchronizing object | ENV_fern_0
Fra:590 Mem:203.06M (Peak 203.06M) | Time:00:00.29 | Mem:0.00M, Peak:0.00M | Scene, ViewLayer | Synchronizing object | ENV_fern_1
Fra:590 Mem:203.60M (Peak 203.60M) | Time:00:00.29 | Mem:0.00M, Peak:0.00M | Scene, ViewLayer | Synchronizing object | ENV_fern_2
Fra:590 Mem:204.27M (Peak 204.27M) | Time:00:00.29 | Mem:0.00M, Peak:0.00M | Scene, ViewLayer | Synchronizing object | ENV_fern_3
Fra:590 Mem:204.69M (Peak 204.69M) | Time:00:00.29 | Mem:0.00M, Peak:0.00M | Scene, ViewLayer | Synchronizing object | ENV_fern_4
Fra:590 Mem:205.23M (Peak 205.23M) | Time:00:00.29 | Mem:0.00M, Peak:0.00M | Scene, ViewLayer | Synchronizing object | ENV_fern_5
Fra:590 Mem:205.90M (Peak 205.90M) | Time:00:00.29 | Mem:0.00M, Peak:0.00M | Scene, ViewLayer | Synchronizing object | ENV_fern_6
Fra:590 Mem:206.32M (Peak 206.32M) | Time:00:00.29 | Mem:0.00M, Peak:0.00M | Scene, ViewLayer | Synchronizing object | ENV_fern_7
Fra:590 Mem:206.86M (Peak 206.86M) | Time:00:00.29 | Mem:0.00M, Peak:0.00M | Scene, ViewLayer | Synchronizing object | ENV_fern_8
Fra:590 Mem:207.53M (Peak 207.53M) | Time:00:00.29 | Mem:0.00M, Peak:0.00M | Scene, ViewLayer | Synchronizing object | ENV_fern_9
Fra:590 Mem:207.95M (Peak 207.95M) | Time:00:00.29 | Mem:0.00M, Peak:0.00M | Scene, ViewLayer | Synchronizing object | ENV_fern_10
Fra:590 Mem:208.49M (Peak 208.49M) | Time:00:00.30 | Mem:0.00M, Peak:0.00M | Scene, ViewLayer | Synchronizing object | ENV_fern_11
Fra:590 Mem:209.17M (Peak 209.17M) | Time:00:00.30 | Mem:0.00M, Peak:0.00M | Scene, ViewLayer | Synchronizing object | ENV_fern_12
Fra:590 Mem:209.59M (Peak 209.59M) | Time:00:00.30 | Mem:0.00M, Peak:0.00M | Scene, ViewLayer | Synchronizing object | ENV_fern_13
Fra:590 Mem:210.04M (Peak 210.04M) | Time:00:00.30 | Mem:0.00M, Peak:0.00M | Scene, ViewLayer | Synchronizing object | ENV_twig_0
Fra:590 Mem:210.17M (Peak 210.17M) | Time:00:00.30 | Mem:0.00M, Peak:0.00M | Scene, ViewLayer | Synchronizing object | ENV_fern_14
Fra:590 Mem:210.17M (Peak 210.17M) | Time:00:00.30 | Mem:0.00M, Peak:0.00M | Scene, ViewLayer | Synchronizing object | ENV_twig_1
Fra:590 Mem:210.68M (Peak 210.68M) | Time:00:00.30 | Mem:0.00M, Peak:0.00M | Scene, ViewLayer | Synchronizing object | ENV_twig_2
Fra:590 Mem:210.82M (Peak 210.82M) | Time:00:00.30 | Mem:0.00M, Peak:0.00M | Scene, ViewLayer | Synchronizing object | ENV_twig_3
Fra:590 Mem:210.86M (Peak 210.86M) | Time:00:00.30 | Mem:0.00M, Peak:0.00M | Scene, ViewLayer | Synchronizing object | ENV_twig_4
Fra:590 Mem:210.89M (Peak 210.89M) | Time:00:00.30 | Mem:0.00M, Peak:0.00M | Scene, ViewLayer | Synchronizing object | ENV_twig_5
Fra:590 Mem:210.93M (Peak 210.93M) | Time:00:00.30 | Mem:0.00M, Peak:0.00M | Scene, ViewLayer | Synchronizing object | ENV_twig_6
Fra:590 Mem:210.98M (Peak 210.98M) | Time:00:00.30 | Mem:0.00M, Peak:0.00M | Scene, ViewLayer | Synchronizing object | ENV_twig_7
Fra:590 Mem:211.03M (Peak 211.03M) | Time:00:00.30 | Mem:0.00M, Peak:0.00M | Scene, ViewLayer | Synchronizing object | ENV_twig_8
Fra:590 Mem:211.18M (Peak 211.18M) | Time:00:00.30 | Mem:0.00M, Peak:0.00M | Scene, ViewLayer | Synchronizing object | ENV_twig_9
Fra:590 Mem:211.22M (Peak 211.22M) | Time:00:00.30 | Mem:0.00M, Peak:0.00M | Scene, ViewLayer | Synchronizing object | ENV_fern_15
Fra:590 Mem:211.28M (Peak 211.28M) | Time:00:00.30 | Mem:0.00M, Peak:0.00M | Scene, ViewLayer | Synchronizing object | ENV_twig_10
Fra:590 Mem:211.57M (Peak 211.57M) | Time:00:00.30 | Mem:0.00M, Peak:0.00M | Scene, ViewLayer | Synchronizing object | ENV_twig_11
Fra:590 Mem:211.66M (Peak 211.66M) | Time:00:00.30 | Mem:0.00M, Peak:0.00M | Scene, ViewLayer | Synchronizing object | ENV_twig_12
Fra:590 Mem:211.69M (Peak 211.69M) | Time:00:00.30 | Mem:0.00M, Peak:0.00M | Scene, ViewLayer | Synchronizing object | ENV_twig_13
Fra:590 Mem:211.74M (Peak 211.74M) | Time:00:00.30 | Mem:0.00M, Peak:0.00M | Scene, ViewLayer | Synchronizing object | ENV_twig_14
Fra:590 Mem:211.83M (Peak 211.83M) | Time:00:00.30 | Mem:0.00M, Peak:0.00M | Scene, ViewLayer | Synchronizing object | ENV_twig_15
Fra:590 Mem:211.89M (Peak 211.89M) | Time:00:00.30 | Mem:0.00M, Peak:0.00M | Scene, ViewLayer | Synchronizing object | ENV_fern_16
Fra:590 Mem:211.90M (Peak 211.90M) | Time:00:00.30 | Mem:0.00M, Peak:0.00M | Scene, ViewLayer | Synchronizing object | ENV_twig_16
Fra:590 Mem:212.32M (Peak 212.32M) | Time:00:00.30 | Mem:0.00M, Peak:0.00M | Scene, ViewLayer | Synchronizing object | ENV_twig_17
Fra:590 Mem:212.44M (Peak 212.44M) | Time:00:00.30 | Mem:0.00M, Peak:0.00M | Scene, ViewLayer | Synchronizing object | ENV_twig_18
Fra:590 Mem:212.47M (Peak 212.47M) | Time:00:00.30 | Mem:0.00M, Peak:0.00M | Scene, ViewLayer | Synchronizing object | ENV_twig_19
Fra:590 Mem:212.52M (Peak 212.52M) | Time:00:00.30 | Mem:0.00M, Peak:0.00M | Scene, ViewLayer | Synchronizing object | ENV_twig_20
Fra:590 Mem:212.56M (Peak 212.56M) | Time:00:00.30 | Mem:0.00M, Peak:0.00M | Scene, ViewLayer | Synchronizing object | ENV_twig_21
Fra:590 Mem:212.67M (Peak 212.67M) | Time:00:00.30 | Mem:0.00M, Peak:0.00M | Scene, ViewLayer | Synchronizing object | ENV_twig_22
Fra:590 Mem:212.80M (Peak 212.80M) | Time:00:00.30 | Mem:0.00M, Peak:0.00M | Scene, ViewLayer | Synchronizing object | ENV_twig_23
Fra:590 Mem:212.74M (Peak 212.80M) | Time:00:00.30 | Mem:0.00M, Peak:0.00M | Scene, ViewLayer | Synchronizing object | ENV_fern_17
Fra:590 Mem:213.24M (Peak 213.24M) | Time:00:00.30 | Mem:0.00M, Peak:0.00M | Scene, ViewLayer | Synchronizing object | ENV_twig_24
Fra:590 Mem:213.38M (Peak 213.38M) | Time:00:00.30 | Mem:0.00M, Peak:0.00M | Scene, ViewLayer | Synchronizing object | ENV_twig_25
Fra:590 Mem:213.42M (Peak 213.42M) | Time:00:00.30 | Mem:0.00M, Peak:0.00M | Scene, ViewLayer | Synchronizing object | PROP_twig_hero
Fra:590 Mem:213.42M (Peak 213.42M) | Time:00:00.30 | Mem:0.00M, Peak:0.00M | Scene, ViewLayer | Synchronizing object | ENV_mist
Fra:590 Mem:213.42M (Peak 213.42M) | Time:00:00.30 | Mem:0.00M, Peak:0.00M | Scene, ViewLayer | Synchronizing object | ENV_leaf_1099
Fra:590 Mem:213.43M (Peak 213.43M) | Time:00:00.30 | Mem:0.00M, Peak:0.00M | Scene, ViewLayer | Synchronizing object | ENV_leaf_1098
Fra:590 Mem:213.43M (Peak 213.43M) | Time:00:00.30 | Mem:0.00M, Peak:0.00M | Scene, ViewLayer | Synchronizing object | ENV_leaf_1097
Fra:590 Mem:213.44M (Peak 213.44M) | Time:00:00.30 | Mem:0.00M, Peak:0.00M | Scene, ViewLayer | Synchronizing object | ENV_leaf_1096
Fra:590 Mem:213.44M (Peak 213.44M) | Time:00:00.30 | Mem:0.00M, Peak:0.00M | Scene, ViewLayer | Synchronizing object | ENV_leaf_1095
Fra:590 Mem:213.44M (Peak 213.44M) | Time:00:00.30 | Mem:0.00M, Peak:0.00M | Scene, ViewLayer | Synchronizing object | ENV_leaf_1094
Fra:590 Mem:213.52M (Peak 213.52M) | Time:00:00.30 | Mem:0.00M, Peak:0.00M | Scene, ViewLayer | Synchronizing object | ENV_leaf_1093
Fra:590 Mem:213.53M (Peak 213.53M) | Time:00:00.30 | Mem:0.00M, Peak:0.00M | Scene, ViewLayer | Synchronizing object | ENV_leaf_1092
Fra:590 Mem:213.56M (Peak 213.56M) | Time:00:00.30 | Mem:0.00M, Peak:0.00M | Scene, ViewLayer | Synchronizing object | ENV_leaf_1091
Fra:590 Mem:213.64M (Peak 213.64M) | Time:00:00.30 | Mem:0.00M, Peak:0.00M | Scene, ViewLayer | Synchronizing object | ENV_leaf_1090
Fra:590 Mem:213.65M (Peak 213.65M) | Time:00:00.30 | Mem:0.00M, Peak:0.00M | Scene, ViewLayer | Synchronizing object | ENV_leaf_1089
Fra:590 Mem:213.57M (Peak 213.65M) | Time:00:00.30 | Mem:0.00M, Peak:0.00M | Scene, ViewLayer | Synchronizing object | ENV_leaf_1088
Fra:590 Mem:213.58M (Peak 213.65M) | Time:00:00.30 | Mem:0.00M, Peak:0.00M | Scene, ViewLayer | Synchronizing object | ENV_leaf_1087
Fra:590 Mem:213.58M (Peak 213.65M) | Time:00:00.30 | Mem:0.00M, Peak:0.00M | Scene, ViewLayer | Synchronizing object | ENV_leaf_1086
Fra:590 Mem:213.59M (Peak 213.65M) | Time:00:00.30 | Mem:0.00M, Peak:0.00M | Scene, ViewLayer | Synchronizing object | ENV_leaf_1085
Fra:590 Mem:213.64M (Peak 213.65M) | Time:00:00.30 | Mem:0.00M, Peak:0.00M | Scene, ViewLayer | Synchronizing object | ENV_leaf_1084
Fra:590 Mem:213.77M (Peak 213.77M) | Time:00:00.30 | Mem:0.00M, Peak:0.00M | Scene, ViewLayer | Synchronizing object | ENV_leaf_1083
Fra:590 Mem:213.88M (Peak 213.88M) | Time:00:00.30 | Mem:0.00M, Peak:0.00M | Scene, ViewLayer | Synchronizing object | ENV_leaf_1082
Fra:590 Mem:213.89M (Peak 213.89M) | Time:00:00.30 | Mem:0.00M, Peak:0.00M | Scene, ViewLayer | Synchronizing object | ENV_leaf_1081
Fra:590 Mem:213.95M (Peak 213.95M) | Time:00:00.30 | Mem:0.00M, Peak:0.00M | Scene, ViewLayer | Synchronizing object | ENV_leaf_1080
Fra:590 Mem:213.96M (Peak 213.96M) | Time:00:00.30 | Mem:0.00M, Peak:0.00M | Scene, ViewLayer | Synchronizing object | ENV_leaf_1079
Fra:590 Mem:213.96M (Peak 213.96M) | Time:00:00.30 | Mem:0.00M, Peak:0.00M | Scene, ViewLayer | Synchronizing object | ENV_leaf_1078
Fra:590 Mem:213.96M (Peak 213.96M) | Time:00:00.30 | Mem:0.00M, Peak:0.00M | Scene, ViewLayer | Synchronizing object | ENV_leaf_1077
Fra:590 Mem:213.97M (Peak 213.97M) | Time:00:00.30 | Mem:0.00M, Peak:0.00M | Scene, ViewLayer | Synchronizing object | ENV_leaf_1076
Fra:590 Mem:213.96M (Peak 213.97M) | Time:00:00.30 | Mem:0.00M, Peak:0.00M | Scene, ViewLayer | Synchronizing object | ENV_leaf_1075
Fra:590 Mem:213.96M (Peak 213.97M) | Time:00:00.30 | Mem:0.00M, Peak:0.00M | Scene, ViewLayer | Synchronizing object | ENV_leaf_1074
Fra:590 Mem:213.97M (Peak 213.97M) | Time:00:00.30 | Mem:0.00M, Peak:0.00M | Scene, ViewLayer | Synchronizing object | ENV_leaf_1073
Fra:590 Mem:213.97M (Peak 213.97M) | Time:00:00.30 | Mem:0.00M, Peak:0.00M | Scene, ViewLayer | Synchronizing object | ENV_leaf_1072
Fra:590 Mem:213.98M (Peak 213.98M) | Time:00:00.30 | Mem:0.00M, Peak:0.00M | Scene, ViewLayer | Synchronizing object | ENV_leaf_1071
Fra:590 Mem:213.98M (Peak 213.98M) | Time:00:00.30 | Mem:0.00M, Peak:0.00M | Scene, ViewLayer | Synchronizing object | ENV_leaf_1070
Fra:590 Mem:213.98M (Peak 213.98M) | Time:00:00.30 | Mem:0.00M, Peak:0.00M | Scene, ViewLayer | Synchronizing object | ENV_leaf_1069
Fra:590 Mem:213.99M (Peak 213.99M) | Time:00:00.30 | Mem:0.00M, Peak:0.00M | Scene, ViewLayer | Synchronizing object | ENV_leaf_1068
Fra:590 Mem:213.99M (Peak 213.99M) | Time:00:00.30 | Mem:0.00M, Peak:0.00M | Scene, ViewLayer | Synchronizing object | ENV_leaf_1067
Fra:590 Mem:214.00M (Peak 214.00M) | Time:00:00.30 | Mem:0.00M, Peak:0.00M | Scene, ViewLayer | Synchronizing object | ENV_leaf_1066
Fra:590 Mem:214.00M (Peak 214.00M) | Time:00:00.30 | Mem:0.00M, Peak:0.00M | Scene, ViewLayer | Synchronizing object | ENV_leaf_1065
Fra:590 Mem:214.05M (Peak 214.05M) | Time:00:00.30 | Mem:0.00M, Peak:0.00M | Scene, ViewLayer | Synchronizing object | ENV_leaf_1064
Fra:590 Mem:214.07M (Peak 214.07M) | Time:00:00.30 | Mem:0.00M, Peak:0.00M | Scene, ViewLayer | Synchronizing object | ENV_leaf_1063
Fra:590 Mem:214.13M (Peak 214.13M) | Time:00:00.30 | Mem:0.00M, Peak:0.00M | Scene, ViewLayer | Synchronizing object | ENV_leaf_1062
Fra:590 Mem:214.13M (Peak 214.13M) | Time:00:00.30 | Mem:0.00M, Peak:0.00M | Scene, ViewLayer | Synchronizing object | ENV_leaf_1061
Fra:590 Mem:214.08M (Peak 214.13M) | Time:00:00.30 | Mem:0.00M, Peak:0.00M | Scene, ViewLayer | Synchronizing object | ENV_fern_19
Fra:590 Mem:214.09M (Peak 214.13M) | Time:00:00.30 | Mem:0.00M, Peak:0.00M | Scene, ViewLayer | Synchronizing object | ENV_leaf_1060
Fra:590 Mem:214.16M (Peak 214.16M) | Time:00:00.30 | Mem:0.00M, Peak:0.00M | Scene, ViewLayer | Synchronizing object | ENV_leaf_1059
Fra:590 Mem:214.16M (Peak 214.16M) | Time:00:00.30 | Mem:0.00M, Peak:0.00M | Scene, ViewLayer | Synchronizing object | ENV_leaf_1058
Fra:590 Mem:214.39M (Peak 214.39M) | Time:00:00.30 | Mem:0.00M, Peak:0.00M | Scene, ViewLayer | Synchronizing object | ENV_leaf_1057
Fra:590 Mem:214.48M (Peak 214.48M) | Time:00:00.30 | Mem:0.00M, Peak:0.00M | Scene, ViewLayer | Synchronizing object | ENV_leaf_1056
Fra:590 Mem:214.48M (Peak 214.48M) | Time:00:00.30 | Mem:0.00M, Peak:0.00M | Scene, ViewLayer | Synchronizing object | ENV_leaf_1055
Fra:590 Mem:214.50M (Peak 214.50M) | Time:00:00.30 | Mem:0.00M, Peak:0.00M | Scene, ViewLayer | Synchronizing object | ENV_leaf_1054
Fra:590 Mem:214.57M (Peak 214.57M) | Time:00:00.30 | Mem:0.00M, Peak:0.00M | Scene, ViewLayer | Synchronizing object | ENV_leaf_1053
Fra:590 Mem:214.57M (Peak 214.57M) | Time:00:00.30 | Mem:0.00M, Peak:0.00M | Scene, ViewLayer | Synchronizing object | ENV_leaf_1052
Fra:590 Mem:214.57M (Peak 214.57M) | Time:00:00.30 | Mem:0.00M, Peak:0.00M | Scene, ViewLayer | Synchronizing object | ENV_leaf_1051
Fra:590 Mem:214.56M (Peak 214.57M) | Time:00:00.30 | Mem:0.00M, Peak:0.00M | Scene, ViewLayer | Synchronizing object | ENV_leaf_1050
Fra:590 Mem:214.57M (Peak 214.57M) | Time:00:00.30 | Mem:0.00M, Peak:0.00M | Scene, ViewLayer | Synchronizing object | ENV_leaf_1049
Fra:590 Mem:214.57M (Peak 214.57M) | Time:00:00.30 | Mem:0.00M, Peak:0.00M | Scene, ViewLayer | Synchronizing object | ENV_leaf_1048
Fra:590 Mem:214.57M (Peak 214.57M) | Time:00:00.30 | Mem:0.00M, Peak:0.00M | Scene, ViewLayer | Synchronizing object | ENV_leaf_1047
Fra:590 Mem:214.58M (Peak 214.58M) | Time:00:00.30 | Mem:0.00M, Peak:0.00M | Scene, ViewLayer | Synchronizing object | ENV_leaf_1046
Fra:590 Mem:214.58M (Peak 214.58M) | Time:00:00.30 | Mem:0.00M, Peak:0.00M | Scene, ViewLayer | Synchronizing object | ENV_leaf_1045
Fra:590 Mem:214.59M (Peak 214.59M) | Time:00:00.30 | Mem:0.00M, Peak:0.00M | Scene, ViewLayer | Synchronizing object | ENV_leaf_1044
Fra:590 Mem:214.59M (Peak 214.59M) | Time:00:00.30 | Mem:0.00M, Peak:0.00M | Scene, ViewLayer | Synchronizing object | ENV_leaf_1043
Fra:590 Mem:214.59M (Peak 214.59M) | Time:00:00.30 | Mem:0.00M, Peak:0.00M | Scene, ViewLayer | Synchronizing object | ENV_leaf_1042
Fra:590 Mem:214.60M (Peak 214.60M) | Time:00:00.30 | Mem:0.00M, Peak:0.00M | Scene, ViewLayer | Synchronizing object | ENV_leaf_1041
Fra:590 Mem:214.60M (Peak 214.60M) | Time:00:00.30 | Mem:0.00M, Peak:0.00M | Scene, ViewLayer | Synchronizing object | ENV_leaf_1039
Fra:590 Mem:214.61M (Peak 214.61M) | Time:00:00.30 | Mem:0.00M, Peak:0.00M | Scene, ViewLayer | Synchronizing object | ENV_leaf_1038
Fra:590 Mem:214.61M (Peak 214.61M) | Time:00:00.30 | Mem:0.00M, Peak:0.00M | Scene, ViewLayer | Synchronizing object | ENV_leaf_1037
Fra:590 Mem:214.68M (Peak 214.68M) | Time:00:00.30 | Mem:0.00M, Peak:0.00M | Scene, ViewLayer | Synchronizing object | ENV_leaf_1036
Fra:590 Mem:214.68M (Peak 214.68M) | Time:00:00.30 | Mem:0.00M, Peak:0.00M | Scene, ViewLayer | Synchronizing object | ENV_leaf_1035
Fra:590 Mem:214.71M (Peak 214.71M) | Time:00:00.30 | Mem:0.00M, Peak:0.00M | Scene, ViewLayer | Synchronizing object | ENV_leaf_1034
Fra:590 Mem:214.77M (Peak 214.77M) | Time:00:00.30 | Mem:0.00M, Peak:0.00M | Scene, ViewLayer | Synchronizing object | ENV_leaf_1033
Fra:590 Mem:214.78M (Peak 214.78M) | Time:00:00.30 | Mem:0.00M, Peak:0.00M | Scene, ViewLayer | Synchronizing object | ENV_leaf_1032
Fra:590 Mem:214.72M (Peak 214.78M) | Time:00:00.30 | Mem:0.00M, Peak:0.00M | Scene, ViewLayer | Synchronizing object | ENV_leaf_1031
Fra:590 Mem:214.72M (Peak 214.78M) | Time:00:00.30 | Mem:0.00M, Peak:0.00M | Scene, ViewLayer | Synchronizing object | ENV_leaf_1030
Fra:590 Mem:214.73M (Peak 214.78M) | Time:00:00.30 | Mem:0.00M, Peak:0.00M | Scene, ViewLayer | Synchronizing object | ENV_leaf_1029
Fra:590 Mem:214.82M (Peak 214.82M) | Time:00:00.30 | Mem:0.00M, Peak:0.00M | Scene, ViewLayer | Synchronizing object | ENV_leaf_1028
Fra:590 Mem:214.82M (Peak 214.82M) | Time:00:00.30 | Mem:0.00M, Peak:0.00M | Scene, ViewLayer | Synchronizing object | ENV_leaf_1027
Fra:590 Mem:215.02M (Peak 215.02M) | Time:00:00.30 | Mem:0.00M, Peak:0.00M | Scene, ViewLayer | Synchronizing object | ENV_leaf_1026
Fra:590 Mem:215.10M (Peak 215.10M) | Time:00:00.30 | Mem:0.00M, Peak:0.00M | Scene, ViewLayer | Synchronizing object | ENV_leaf_1025
Fra:590 Mem:215.21M (Peak 215.21M) | Time:00:00.30 | Mem:0.00M, Peak:0.00M | Scene, ViewLayer | Synchronizing object | ENV_leaf_1024
Fra:590 Mem:215.21M (Peak 215.21M) | Time:00:00.30 | Mem:0.00M, Peak:0.00M | Scene, ViewLayer | Synchronizing object | ENV_leaf_1023
Fra:590 Mem:215.22M (Peak 215.22M) | Time:00:00.30 | Mem:0.00M, Peak:0.00M | Scene, ViewLayer | Synchronizing object | ENV_leaf_1022
Fra:590 Mem:215.22M (Peak 215.22M) | Time:00:00.30 | Mem:0.00M, Peak:0.00M | Scene, ViewLayer | Synchronizing object | ENV_leaf_1021
Fra:590 Mem:215.32M (Peak 215.32M) | Time:00:00.30 | Mem:0.00M, Peak:0.00M | Scene, ViewLayer | Synchronizing object | ENV_leaf_1020
Fra:590 Mem:215.32M (Peak 215.32M) | Time:00:00.30 | Mem:0.00M, Peak:0.00M | Scene, ViewLayer | Synchronizing object | ENV_leaf_1019
Fra:590 Mem:215.33M (Peak 215.33M) | Time:00:00.30 | Mem:0.00M, Peak:0.00M | Scene, ViewLayer | Synchronizing object | ENV_leaf_1018
Fra:590 Mem:215.33M (Peak 215.33M) | Time:00:00.30 | Mem:0.00M, Peak:0.00M | Scene, ViewLayer | Synchronizing object | ENV_leaf_1017
Fra:590 Mem:215.34M (Peak 215.34M) | Time:00:00.30 | Mem:0.00M, Peak:0.00M | Scene, ViewLayer | Synchronizing object | ENV_leaf_1016
Fra:590 Mem:215.34M (Peak 215.34M) | Time:00:00.30 | Mem:0.00M, Peak:0.00M | Scene, ViewLayer | Synchronizing object | ENV_leaf_1015
Fra:590 Mem:215.34M (Peak 215.34M) | Time:00:00.30 | Mem:0.00M, Peak:0.00M | Scene, ViewLayer | Synchronizing object | ENV_leaf_1014
Fra:590 Mem:215.35M (Peak 215.35M) | Time:00:00.30 | Mem:0.00M, Peak:0.00M | Scene, ViewLayer | Synchronizing object | ENV_leaf_1013
Fra:590 Mem:215.33M (Peak 215.35M) | Time:00:00.30 | Mem:0.00M, Peak:0.00M | Scene, ViewLayer | Synchronizing object | ENV_leaf_1012
Fra:590 Mem:215.34M (Peak 215.35M) | Time:00:00.30 | Mem:0.00M, Peak:0.00M | Scene, ViewLayer | Synchronizing object | ENV_leaf_1011
Fra:590 Mem:215.34M (Peak 215.35M) | Time:00:00.30 | Mem:0.00M, Peak:0.00M | Scene, ViewLayer | Synchronizing object | ENV_leaf_1009
Fra:590 Mem:215.34M (Peak 215.35M) | Time:00:00.30 | Mem:0.00M, Peak:0.00M | Scene, ViewLayer | Synchronizing object | ENV_leaf_1008
Fra:590 Mem:215.35M (Peak 215.35M) | Time:00:00.30 | Mem:0.00M, Peak:0.00M | Scene, ViewLayer | Synchronizing object | ENV_leaf_1007
Fra:590 Mem:215.35M (Peak 215.35M) | Time:00:00.30 | Mem:0.00M, Peak:0.00M | Scene, ViewLayer | Synchronizing object | ENV_leaf_1006
Fra:590 Mem:215.36M (Peak 215.36M) | Time:00:00.30 | Mem:0.00M, Peak:0.00M | Scene, ViewLayer | Synchronizing object | ENV_leaf_1005
Fra:590 Mem:215.36M (Peak 215.36M) | Time:00:00.30 | Mem:0.00M, Peak:0.00M | Scene, ViewLayer | Synchronizing object | ENV_leaf_1004
Fra:590 Mem:215.36M (Peak 215.36M) | Time:00:00.30 | Mem:0.00M, Peak:0.00M | Scene, ViewLayer | Synchronizing object | ENV_leaf_1003
Fra:590 Mem:215.37M (Peak 215.37M) | Time:00:00.30 | Mem:0.00M, Peak:0.00M | Scene, ViewLayer | Synchronizing object | ENV_leaf_1002
Fra:590 Mem:215.37M (Peak 215.37M) | Time:00:00.30 | Mem:0.00M, Peak:0.00M | Scene, ViewLayer | Synchronizing object | ENV_leaf_1001
Fra:590 Mem:215.38M (Peak 215.38M) | Time:00:00.30 | Mem:0.00M, Peak:0.00M | Scene, ViewLayer | Synchronizing object | ENV_leaf_1000
Fra:590 Mem:215.38M (Peak 215.38M) | Time:00:00.30 | Mem:0.00M, Peak:0.00M | Scene, ViewLayer | Synchronizing object | ENV_leaf_998
Fra:590 Mem:215.38M (Peak 215.38M) | Time:00:00.30 | Mem:0.00M, Peak:0.00M | Scene, ViewLayer | Synchronizing object | ENV_leaf_997
Fra:590 Mem:215.39M (Peak 215.39M) | Time:00:00.30 | Mem:0.00M, Peak:0.00M | Scene, ViewLayer | Synchronizing object | ENV_leaf_996
Fra:590 Mem:215.39M (Peak 215.39M) | Time:00:00.30 | Mem:0.00M, Peak:0.00M | Scene, ViewLayer | Synchronizing object | ENV_leaf_995
Fra:590 Mem:215.40M (Peak 215.40M) | Time:00:00.30 | Mem:0.00M, Peak:0.00M | Scene, ViewLayer | Synchronizing object | ENV_leaf_994
Fra:590 Mem:215.48M (Peak 215.48M) | Time:00:00.30 | Mem:0.00M, Peak:0.00M | Scene, ViewLayer | Synchronizing object | ENV_leaf_993
Fra:590 Mem:215.48M (Peak 215.48M) | Time:00:00.30 | Mem:0.00M, Peak:0.00M | Scene, ViewLayer | Synchronizing object | ENV_leaf_992
Fra:590 Mem:215.49M (Peak 215.49M) | Time:00:00.30 | Mem:0.00M, Peak:0.00M | Scene, ViewLayer | Synchronizing object | ENV_leaf_991
Fra:590 Mem:215.52M (Peak 215.52M) | Time:00:00.30 | Mem:0.00M, Peak:0.00M | Scene, ViewLayer | Synchronizing object | ENV_leaf_990
Fra:590 Mem:215.60M (Peak 215.60M) | Time:00:00.30 | Mem:0.00M, Peak:0.00M | Scene, ViewLayer | Synchronizing object | ENV_leaf_989
Fra:590 Mem:215.60M (Peak 215.60M) | Time:00:00.30 | Mem:0.00M, Peak:0.00M | Scene, ViewLayer | Synchronizing object | ENV_leaf_988
Fra:590 Mem:215.53M (Peak 215.60M) | Time:00:00.30 | Mem:0.00M, Peak:0.00M | Scene, ViewLayer | Synchronizing object | ENV_leaf_987
Fra:590 Mem:215.53M (Peak 215.60M) | Time:00:00.30 | Mem:0.00M, Peak:0.00M | Scene, ViewLayer | Synchronizing object | ENV_leaf_986
Fra:590 Mem:215.54M (Peak 215.60M) | Time:00:00.30 | Mem:0.00M, Peak:0.00M | Scene, ViewLayer | Synchronizing object | ENV_leaf_985
Fra:590 Mem:215.60M (Peak 215.60M) | Time:00:00.30 | Mem:0.00M, Peak:0.00M | Scene, ViewLayer | Synchronizing object | ENV_leaf_984
Fra:590 Mem:215.60M (Peak 215.60M) | Time:00:00.30 | Mem:0.00M, Peak:0.00M | Scene, ViewLayer | Synchronizing object | ENV_leaf_983
Fra:590 Mem:215.77M (Peak 215.77M) | Time:00:00.30 | Mem:0.00M, Peak:0.00M | Scene, ViewLayer | Synchronizing object | ENV_leaf_982
Fra:590 Mem:215.84M (Peak 215.84M) | Time:00:00.30 | Mem:0.00M, Peak:0.00M | Scene, ViewLayer | Synchronizing object | ENV_leaf_981
Fra:590 Mem:215.85M (Peak 215.85M) | Time:00:00.30 | Mem:0.00M, Peak:0.00M | Scene, ViewLayer | Synchronizing object | ENV_leaf_980
Fra:590 Mem:215.86M (Peak 215.86M) | Time:00:00.30 | Mem:0.00M, Peak:0.00M | Scene, ViewLayer | Synchronizing object | ENV_leaf_979
Fra:590 Mem:215.91M (Peak 215.91M) | Time:00:00.30 | Mem:0.00M, Peak:0.00M | Scene, ViewLayer | Synchronizing object | ENV_leaf_978
Fra:590 Mem:215.92M (Peak 215.92M) | Time:00:00.30 | Mem:0.00M, Peak:0.00M | Scene, ViewLayer | Synchronizing object | ENV_leaf_977
Fra:590 Mem:215.92M (Peak 215.92M) | Time:00:00.30 | Mem:0.00M, Peak:0.00M | Scene, ViewLayer | Synchronizing object | ENV_leaf_976
Fra:590 Mem:215.93M (Peak 215.93M) | Time:00:00.30 | Mem:0.00M, Peak:0.00M | Scene, ViewLayer | Synchronizing object | ENV_leaf_975
Fra:590 Mem:215.93M (Peak 215.93M) | Time:00:00.30 | Mem:0.00M, Peak:0.00M | Scene, ViewLayer | Synchronizing object | ENV_leaf_974
Fra:590 Mem:215.92M (Peak 215.93M) | Time:00:00.30 | Mem:0.00M, Peak:0.00M | Scene, ViewLayer | Synchronizing object | ENV_leaf_973
Fra:590 Mem:215.93M (Peak 215.93M) | Time:00:00.30 | Mem:0.00M, Peak:0.00M | Scene, ViewLayer | Synchronizing object | ENV_leaf_972
Fra:590 Mem:215.93M (Peak 215.93M) | Time:00:00.30 | Mem:0.00M, Peak:0.00M | Scene, ViewLayer | Synchronizing object | ENV_leaf_971
Fra:590 Mem:215.93M (Peak 215.93M) | Time:00:00.30 | Mem:0.00M, Peak:0.00M | Scene, ViewLayer | Synchronizing object | ENV_leaf_970
Fra:590 Mem:215.94M (Peak 215.94M) | Time:00:00.30 | Mem:0.00M, Peak:0.00M | Scene, ViewLayer | Synchronizing object | ENV_leaf_969
Fra:590 Mem:215.94M (Peak 215.94M) | Time:00:00.30 | Mem:0.00M, Peak:0.00M | Scene, ViewLayer | Synchronizing object | ENV_leaf_968
Fra:590 Mem:215.95M (Peak 215.95M) | Time:00:00.30 | Mem:0.00M, Peak:0.00M | Scene, ViewLayer | Synchronizing object | ENV_leaf_967
Fra:590 Mem:215.95M (Peak 215.95M) | Time:00:00.30 | Mem:0.00M, Peak:0.00M | Scene, ViewLayer | Synchronizing object | ENV_leaf_966
Fra:590 Mem:215.95M (Peak 215.95M) | Time:00:00.30 | Mem:0.00M, Peak:0.00M | Scene, ViewLayer | Synchronizing object | ENV_leaf_965
Fra:590 Mem:215.96M (Peak 215.96M) | Time:00:00.30 | Mem:0.00M, Peak:0.00M | Scene, ViewLayer | Synchronizing object | ENV_leaf_964
Fra:590 Mem:215.96M (Peak 215.96M) | Time:00:00.30 | Mem:0.00M, Peak:0.00M | Scene, ViewLayer | Synchronizing object | ENV_leaf_963
Fra:590 Mem:216.01M (Peak 216.01M) | Time:00:00.30 | Mem:0.00M, Peak:0.00M | Scene, ViewLayer | Synchronizing object | ENV_leaf_962
Fra:590 Mem:216.02M (Peak 216.02M) | Time:00:00.30 | Mem:0.00M, Peak:0.00M | Scene, ViewLayer | Synchronizing object | ENV_leaf_961
Fra:590 Mem:216.09M (Peak 216.09M) | Time:00:00.30 | Mem:0.00M, Peak:0.00M | Scene, ViewLayer | Synchronizing object | ENV_leaf_960
Fra:590 Mem:216.09M (Peak 216.09M) | Time:00:00.30 | Mem:0.00M, Peak:0.00M | Scene, ViewLayer | Synchronizing object | ENV_leaf_959
Fra:590 Mem:216.05M (Peak 216.09M) | Time:00:00.30 | Mem:0.00M, Peak:0.00M | Scene, ViewLayer | Synchronizing object | ENV_fern_22
Fra:590 Mem:216.12M (Peak 216.12M) | Time:00:00.30 | Mem:0.00M, Peak:0.00M | Scene, ViewLayer | Synchronizing object | ENV_leaf_958
Fra:590 Mem:216.34M (Peak 216.34M) | Time:00:00.30 | Mem:0.00M, Peak:0.00M | Scene, ViewLayer | Synchronizing object | ENV_leaf_957
Fra:590 Mem:216.43M (Peak 216.43M) | Time:00:00.30 | Mem:0.00M, Peak:0.00M | Scene, ViewLayer | Synchronizing object | ENV_leaf_956
Fra:590 Mem:216.43M (Peak 216.43M) | Time:00:00.30 | Mem:0.00M, Peak:0.00M | Scene, ViewLayer | Synchronizing object | ENV_leaf_955
Fra:590 Mem:216.45M (Peak 216.45M) | Time:00:00.30 | Mem:0.00M, Peak:0.00M | Scene, ViewLayer | Synchronizing object | ENV_leaf_954
Fra:590 Mem:216.52M (Peak 216.52M) | Time:00:00.30 | Mem:0.00M, Peak:0.00M | Scene, ViewLayer | Synchronizing object | ENV_leaf_953
Fra:590 Mem:216.52M (Peak 216.52M) | Time:00:00.30 | Mem:0.00M, Peak:0.00M | Scene, ViewLayer | Synchronizing object | ENV_leaf_952
Fra:590 Mem:216.53M (Peak 216.53M) | Time:00:00.30 | Mem:0.00M, Peak:0.00M | Scene, ViewLayer | Synchronizing object | ENV_leaf_951
Fra:590 Mem:216.53M (Peak 216.53M) | Time:00:00.30 | Mem:0.00M, Peak:0.00M | Scene, ViewLayer | Synchronizing object | ENV_leaf_950
Fra:590 Mem:216.53M (Peak 216.53M) | Time:00:00.30 | Mem:0.00M, Peak:0.00M | Scene, ViewLayer | Synchronizing object | ENV_leaf_949
Fra:590 Mem:216.54M (Peak 216.54M) | Time:00:00.30 | Mem:0.00M, Peak:0.00M | Scene, ViewLayer | Synchronizing object | ENV_leaf_948
Fra:590 Mem:216.53M (Peak 216.54M) | Time:00:00.30 | Mem:0.00M, Peak:0.00M | Scene, ViewLayer | Synchronizing object | ENV_leaf_947
Fra:590 Mem:216.53M (Peak 216.54M) | Time:00:00.30 | Mem:0.00M, Peak:0.00M | Scene, ViewLayer | Synchronizing object | ENV_leaf_946
Fra:590 Mem:216.54M (Peak 216.54M) | Time:00:00.30 | Mem:0.00M, Peak:0.00M | Scene, ViewLayer | Synchronizing object | ENV_leaf_945
Fra:590 Mem:216.54M (Peak 216.54M) | Time:00:00.30 | Mem:0.00M, Peak:0.00M | Scene, ViewLayer | Synchronizing object | ENV_leaf_944
Fra:590 Mem:216.54M (Peak 216.54M) | Time:00:00.30 | Mem:0.00M, Peak:0.00M | Scene, ViewLayer | Synchronizing object | ENV_leaf_943
Fra:590 Mem:216.55M (Peak 216.55M) | Time:00:00.30 | Mem:0.00M, Peak:0.00M | Scene, ViewLayer | Synchronizing object | ENV_leaf_942
Fra:590 Mem:216.55M (Peak 216.55M) | Time:00:00.30 | Mem:0.00M, Peak:0.00M | Scene, ViewLayer | Synchronizing object | ENV_leaf_941
Fra:590 Mem:216.56M (Peak 216.56M) | Time:00:00.30 | Mem:0.00M, Peak:0.00M | Scene, ViewLayer | Synchronizing object | ENV_leaf_940
Fra:590 Mem:216.56M (Peak 216.56M) | Time:00:00.30 | Mem:0.00M, Peak:0.00M | Scene, ViewLayer | Synchronizing object | ENV_leaf_939
Fra:590 Mem:216.56M (Peak 216.56M) | Time:00:00.30 | Mem:0.00M, Peak:0.00M | Scene, ViewLayer | Synchronizing object | ENV_leaf_938
Fra:590 Mem:216.57M (Peak 216.57M) | Time:00:00.30 | Mem:0.00M, Peak:0.00M | Scene, ViewLayer | Synchronizing object | ENV_leaf_937
Fra:590 Mem:216.57M (Peak 216.57M) | Time:00:00.30 | Mem:0.00M, Peak:0.00M | Scene, ViewLayer | Synchronizing object | ENV_leaf_936
Fra:590 Mem:216.58M (Peak 216.58M) | Time:00:00.30 | Mem:0.00M, Peak:0.00M | Scene, ViewLayer | Synchronizing object | ENV_leaf_935
Fra:590 Mem:216.58M (Peak 216.58M) | Time:00:00.30 | Mem:0.00M, Peak:0.00M | Scene, ViewLayer | Synchronizing object | ENV_leaf_934
Fra:590 Mem:216.65M (Peak 216.65M) | Time:00:00.30 | Mem:0.00M, Peak:0.00M | Scene, ViewLayer | Synchronizing object | ENV_leaf_933
Fra:590 Mem:216.65M (Peak 216.65M) | Time:00:00.30 | Mem:0.00M, Peak:0.00M | Scene, ViewLayer | Synchronizing object | ENV_leaf_932
Fra:590 Mem:216.68M (Peak 216.68M) | Time:00:00.30 | Mem:0.00M, Peak:0.00M | Scene, ViewLayer | Synchronizing object | ENV_leaf_931
Fra:590 Mem:216.74M (Peak 216.74M) | Time:00:00.30 | Mem:0.00M, Peak:0.00M | Scene, ViewLayer | Synchronizing object | ENV_leaf_930
Fra:590 Mem:216.75M (Peak 216.75M) | Time:00:00.30 | Mem:0.00M, Peak:0.00M | Scene, ViewLayer | Synchronizing object | ENV_leaf_929
Fra:590 Mem:216.69M (Peak 216.75M) | Time:00:00.30 | Mem:0.00M, Peak:0.00M | Scene, ViewLayer | Synchronizing object | ENV_leaf_928
Fra:590 Mem:216.69M (Peak 216.75M) | Time:00:00.30 | Mem:0.00M, Peak:0.00M | Scene, ViewLayer | Synchronizing object | ENV_fern_23
Fra:590 Mem:216.78M (Peak 216.78M) | Time:00:00.30 | Mem:0.00M, Peak:0.00M | Scene, ViewLayer | Synchronizing object | ENV_leaf_927
Fra:590 Mem:216.78M (Peak 216.78M) | Time:00:00.30 | Mem:0.00M, Peak:0.00M | Scene, ViewLayer | Synchronizing object | ENV_leaf_926
Fra:590 Mem:217.06M (Peak 217.06M) | Time:00:00.30 | Mem:0.00M, Peak:0.00M | Scene, ViewLayer | Synchronizing object | ENV_leaf_925
Fra:590 Mem:217.06M (Peak 217.06M) | Time:00:00.30 | Mem:0.00M, Peak:0.00M | Scene, ViewLayer | Synchronizing object | ENV_leaf_924
Fra:590 Mem:217.17M (Peak 217.17M) | Time:00:00.30 | Mem:0.00M, Peak:0.00M | Scene, ViewLayer | Synchronizing object | ENV_leaf_923
Fra:590 Mem:217.17M (Peak 217.17M) | Time:00:00.30 | Mem:0.00M, Peak:0.00M | Scene, ViewLayer | Synchronizing object | ENV_leaf_922
Fra:590 Mem:217.18M (Peak 217.18M) | Time:00:00.30 | Mem:0.00M, Peak:0.00M | Scene, ViewLayer | Synchronizing object | ENV_leaf_921
Fra:590 Mem:217.20M (Peak 217.20M) | Time:00:00.30 | Mem:0.00M, Peak:0.00M | Scene, ViewLayer | Synchronizing object | ENV_leaf_920
Fra:590 Mem:217.28M (Peak 217.28M) | Time:00:00.30 | Mem:0.00M, Peak:0.00M | Scene, ViewLayer | Synchronizing object | ENV_leaf_919
Fra:590 Mem:217.28M (Peak 217.28M) | Time:00:00.30 | Mem:0.00M, Peak:0.00M | Scene, ViewLayer | Synchronizing object | ENV_leaf_918
Fra:590 Mem:217.29M (Peak 217.29M) | Time:00:00.30 | Mem:0.00M, Peak:0.00M | Scene, ViewLayer | Synchronizing object | ENV_leaf_917
Fra:590 Mem:217.29M (Peak 217.29M) | Time:00:00.30 | Mem:0.00M, Peak:0.00M | Scene, ViewLayer | Synchronizing object | ENV_leaf_916
Fra:590 Mem:217.30M (Peak 217.30M) | Time:00:00.30 | Mem:0.00M, Peak:0.00M | Scene, ViewLayer | Synchronizing object | ENV_leaf_915
Fra:590 Mem:217.30M (Peak 217.30M) | Time:00:00.30 | Mem:0.00M, Peak:0.00M | Scene, ViewLayer | Synchronizing object | ENV_leaf_914
Fra:590 Mem:217.30M (Peak 217.30M) | Time:00:00.30 | Mem:0.00M, Peak:0.00M | Scene, ViewLayer | Synchronizing object | ENV_leaf_913
Fra:590 Mem:217.29M (Peak 217.30M) | Time:00:00.30 | Mem:0.00M, Peak:0.00M | Scene, ViewLayer | Synchronizing object | ENV_leaf_912
Fra:590 Mem:217.29M (Peak 217.30M) | Time:00:00.30 | Mem:0.00M, Peak:0.00M | Scene, ViewLayer | Synchronizing object | ENV_leaf_911
Fra:590 Mem:217.30M (Peak 217.30M) | Time:00:00.30 | Mem:0.00M, Peak:0.00M | Scene, ViewLayer | Synchronizing object | ENV_leaf_910
Fra:590 Mem:217.30M (Peak 217.30M) | Time:00:00.30 | Mem:0.00M, Peak:0.00M | Scene, ViewLayer | Synchronizing object | ENV_leaf_909
Fra:590 Mem:217.31M (Peak 217.31M) | Time:00:00.30 | Mem:0.00M, Peak:0.00M | Scene, ViewLayer | Synchronizing object | ENV_leaf_908
Fra:590 Mem:217.31M (Peak 217.31M) | Time:00:00.30 | Mem:0.00M, Peak:0.00M | Scene, ViewLayer | Synchronizing object | ENV_leaf_907
Fra:590 Mem:217.31M (Peak 217.31M) | Time:00:00.30 | Mem:0.00M, Peak:0.00M | Scene, ViewLayer | Synchronizing object | ENV_leaf_906
Fra:590 Mem:217.32M (Peak 217.32M) | Time:00:00.30 | Mem:0.00M, Peak:0.00M | Scene, ViewLayer | Synchronizing object | ENV_leaf_905
Fra:590 Mem:217.32M (Peak 217.32M) | Time:00:00.30 | Mem:0.00M, Peak:0.00M | Scene, ViewLayer | Synchronizing object | ENV_leaf_904
Fra:590 Mem:217.33M (Peak 217.33M) | Time:00:00.30 | Mem:0.00M, Peak:0.00M | Scene, ViewLayer | Synchronizing object | ENV_leaf_903
Fra:590 Mem:217.33M (Peak 217.33M) | Time:00:00.30 | Mem:0.00M, Peak:0.00M | Scene, ViewLayer | Synchronizing object | ENV_leaf_902
Fra:590 Mem:217.33M (Peak 217.33M) | Time:00:00.30 | Mem:0.00M, Peak:0.00M | Scene, ViewLayer | Synchronizing object | ENV_leaf_901
Fra:590 Mem:217.34M (Peak 217.34M) | Time:00:00.30 | Mem:0.00M, Peak:0.00M | Scene, ViewLayer | Synchronizing object | ENV_leaf_900
Fra:590 Mem:217.34M (Peak 217.34M) | Time:00:00.30 | Mem:0.00M, Peak:0.00M | Scene, ViewLayer | Synchronizing object | ENV_leaf_899
Fra:590 Mem:217.35M (Peak 217.35M) | Time:00:00.30 | Mem:0.00M, Peak:0.00M | Scene, ViewLayer | Synchronizing object | ENV_leaf_898
Fra:590 Mem:217.35M (Peak 217.35M) | Time:00:00.30 | Mem:0.00M, Peak:0.00M | Scene, ViewLayer | Synchronizing object | ENV_leaf_897
Fra:590 Mem:217.35M (Peak 217.35M) | Time:00:00.30 | Mem:0.00M, Peak:0.00M | Scene, ViewLayer | Synchronizing object | ENV_leaf_896
Fra:590 Mem:217.36M (Peak 217.36M) | Time:00:00.30 | Mem:0.00M, Peak:0.00M | Scene, ViewLayer | Synchronizing object | ENV_leaf_895
Fra:590 Mem:217.44M (Peak 217.44M) | Time:00:00.30 | Mem:0.00M, Peak:0.00M | Scene, ViewLayer | Synchronizing object | ENV_leaf_894
Fra:590 Mem:217.44M (Peak 217.44M) | Time:00:00.30 | Mem:0.00M, Peak:0.00M | Scene, ViewLayer | Synchronizing object | ENV_leaf_893
Fra:590 Mem:217.45M (Peak 217.45M) | Time:00:00.30 | Mem:0.00M, Peak:0.00M | Scene, ViewLayer | Synchronizing object | ENV_leaf_892
Fra:590 Mem:217.48M (Peak 217.48M) | Time:00:00.30 | Mem:0.00M, Peak:0.00M | Scene, ViewLayer | Synchronizing object | ENV_leaf_891
Fra:590 Mem:217.56M (Peak 217.56M) | Time:00:00.30 | Mem:0.00M, Peak:0.00M | Scene, ViewLayer | Synchronizing object | ENV_leaf_890
Fra:590 Mem:217.56M (Peak 217.56M) | Time:00:00.30 | Mem:0.00M, Peak:0.00M | Scene, ViewLayer | Synchronizing object | ENV_leaf_889
Fra:590 Mem:217.57M (Peak 217.57M) | Time:00:00.30 | Mem:0.00M, Peak:0.00M | Scene, ViewLayer | Synchronizing object | ENV_leaf_888
Fra:590 Mem:217.49M (Peak 217.57M) | Time:00:00.30 | Mem:0.00M, Peak:0.00M | Scene, ViewLayer | Synchronizing object | ENV_fern_24
Fra:590 Mem:217.55M (Peak 217.57M) | Time:00:00.30 | Mem:0.00M, Peak:0.00M | Scene, ViewLayer | Synchronizing object | ENV_leaf_887
Fra:590 Mem:217.72M (Peak 217.72M) | Time:00:00.31 | Mem:0.00M, Peak:0.00M | Scene, ViewLayer | Synchronizing object | ENV_leaf_886
Fra:590 Mem:217.79M (Peak 217.79M) | Time:00:00.31 | Mem:0.00M, Peak:0.00M | Scene, ViewLayer | Synchronizing object | ENV_leaf_885
Fra:590 Mem:217.79M (Peak 217.79M) | Time:00:00.31 | Mem:0.00M, Peak:0.00M | Scene, ViewLayer | Synchronizing object | ENV_leaf_884
Fra:590 Mem:217.85M (Peak 217.85M) | Time:00:00.31 | Mem:0.00M, Peak:0.00M | Scene, ViewLayer | Synchronizing object | ENV_leaf_883
Fra:590 Mem:217.86M (Peak 217.86M) | Time:00:00.31 | Mem:0.00M, Peak:0.00M | Scene, ViewLayer | Synchronizing object | ENV_leaf_882
Fra:590 Mem:217.87M (Peak 217.87M) | Time:00:00.31 | Mem:0.00M, Peak:0.00M | Scene, ViewLayer | Synchronizing object | ENV_leaf_881
Fra:590 Mem:217.87M (Peak 217.87M) | Time:00:00.31 | Mem:0.00M, Peak:0.00M | Scene, ViewLayer | Synchronizing object | ENV_leaf_880
Fra:590 Mem:217.87M (Peak 217.87M) | Time:00:00.31 | Mem:0.00M, Peak:0.00M | Scene, ViewLayer | Synchronizing object | ENV_leaf_879
Fra:590 Mem:217.87M (Peak 217.87M) | Time:00:00.31 | Mem:0.00M, Peak:0.00M | Scene, ViewLayer | Synchronizing object | ENV_leaf_878
Fra:590 Mem:217.87M (Peak 217.87M) | Time:00:00.31 | Mem:0.00M, Peak:0.00M | Scene, ViewLayer | Synchronizing object | ENV_leaf_877
Fra:590 Mem:217.87M (Peak 217.87M) | Time:00:00.31 | Mem:0.00M, Peak:0.00M | Scene, ViewLayer | Synchronizing object | ENV_leaf_876
Fra:590 Mem:217.88M (Peak 217.88M) | Time:00:00.31 | Mem:0.00M, Peak:0.00M | Scene, ViewLayer | Synchronizing object | ENV_leaf_875
Fra:590 Mem:217.88M (Peak 217.88M) | Time:00:00.31 | Mem:0.00M, Peak:0.00M | Scene, ViewLayer | Synchronizing object | ENV_leaf_874
Fra:590 Mem:217.89M (Peak 217.89M) | Time:00:00.31 | Mem:0.00M, Peak:0.00M | Scene, ViewLayer | Synchronizing object | ENV_leaf_873
Fra:590 Mem:217.89M (Peak 217.89M) | Time:00:00.31 | Mem:0.00M, Peak:0.00M | Scene, ViewLayer | Synchronizing object | ENV_leaf_872
Fra:590 Mem:217.89M (Peak 217.89M) | Time:00:00.31 | Mem:0.00M, Peak:0.00M | Scene, ViewLayer | Synchronizing object | ENV_leaf_871
Fra:590 Mem:217.90M (Peak 217.90M) | Time:00:00.31 | Mem:0.00M, Peak:0.00M | Scene, ViewLayer | Synchronizing object | ENV_leaf_870
Fra:590 Mem:217.90M (Peak 217.90M) | Time:00:00.31 | Mem:0.00M, Peak:0.00M | Scene, ViewLayer | Synchronizing object | ENV_leaf_869
Fra:590 Mem:217.91M (Peak 217.91M) | Time:00:00.31 | Mem:0.00M, Peak:0.00M | Scene, ViewLayer | Synchronizing object | ENV_leaf_868
Fra:590 Mem:217.91M (Peak 217.91M) | Time:00:00.31 | Mem:0.00M, Peak:0.00M | Scene, ViewLayer | Synchronizing object | ENV_leaf_867
Fra:590 Mem:217.96M (Peak 217.96M) | Time:00:00.31 | Mem:0.00M, Peak:0.00M | Scene, ViewLayer | Synchronizing object | ENV_leaf_866
Fra:590 Mem:217.98M (Peak 217.98M) | Time:00:00.31 | Mem:0.00M, Peak:0.00M | Scene, ViewLayer | Synchronizing object | ENV_leaf_865
Fra:590 Mem:218.04M (Peak 218.04M) | Time:00:00.31 | Mem:0.00M, Peak:0.00M | Scene, ViewLayer | Synchronizing object | ENV_leaf_864
Fra:590 Mem:217.99M (Peak 218.04M) | Time:00:00.31 | Mem:0.00M, Peak:0.00M | Scene, ViewLayer | Synchronizing object | ENV_leaf_863
Fra:590 Mem:218.00M (Peak 218.04M) | Time:00:00.31 | Mem:0.00M, Peak:0.00M | Scene, ViewLayer | Synchronizing object | ENV_leaf_862
Fra:590 Mem:218.07M (Peak 218.07M) | Time:00:00.31 | Mem:0.00M, Peak:0.00M | Scene, ViewLayer | Synchronizing object | ENV_leaf_861
Fra:590 Mem:218.07M (Peak 218.07M) | Time:00:00.31 | Mem:0.00M, Peak:0.00M | Scene, ViewLayer | Synchronizing object | ENV_leaf_860
Fra:590 Mem:218.08M (Peak 218.08M) | Time:00:00.31 | Mem:0.00M, Peak:0.00M | Scene, ViewLayer | Synchronizing object | ENV_leaf_859
Fra:590 Mem:218.30M (Peak 218.30M) | Time:00:00.31 | Mem:0.00M, Peak:0.00M | Scene, ViewLayer | Synchronizing object | ENV_leaf_858
Fra:590 Mem:218.39M (Peak 218.39M) | Time:00:00.31 | Mem:0.00M, Peak:0.00M | Scene, ViewLayer | Synchronizing object | ENV_leaf_857
Fra:590 Mem:218.39M (Peak 218.39M) | Time:00:00.31 | Mem:0.00M, Peak:0.00M | Scene, ViewLayer | Synchronizing object | ENV_leaf_856
Fra:590 Mem:218.40M (Peak 218.40M) | Time:00:00.31 | Mem:0.00M, Peak:0.00M | Scene, ViewLayer | Synchronizing object | ENV_leaf_855
Fra:590 Mem:218.46M (Peak 218.46M) | Time:00:00.31 | Mem:0.00M, Peak:0.00M | Scene, ViewLayer | Synchronizing object | ENV_leaf_854
Fra:590 Mem:218.48M (Peak 218.48M) | Time:00:00.31 | Mem:0.00M, Peak:0.00M | Scene, ViewLayer | Synchronizing object | ENV_leaf_853
Fra:590 Mem:218.49M (Peak 218.49M) | Time:00:00.31 | Mem:0.00M, Peak:0.00M | Scene, ViewLayer | Synchronizing object | ENV_leaf_852
Fra:590 Mem:218.49M (Peak 218.49M) | Time:00:00.31 | Mem:0.00M, Peak:0.00M | Scene, ViewLayer | Synchronizing object | ENV_leaf_851
Fra:590 Mem:218.50M (Peak 218.50M) | Time:00:00.31 | Mem:0.00M, Peak:0.00M | Scene, ViewLayer | Synchronizing object | ENV_leaf_850
Fra:590 Mem:218.50M (Peak 218.50M) | Time:00:00.31 | Mem:0.00M, Peak:0.00M | Scene, ViewLayer | Synchronizing object | ENV_leaf_849
Fra:590 Mem:218.49M (Peak 218.50M) | Time:00:00.31 | Mem:0.00M, Peak:0.00M | Scene, ViewLayer | Synchronizing object | ENV_leaf_848
Fra:590 Mem:218.49M (Peak 218.50M) | Time:00:00.31 | Mem:0.00M, Peak:0.00M | Scene, ViewLayer | Synchronizing object | ENV_leaf_847
Fra:590 Mem:218.50M (Peak 218.50M) | Time:00:00.31 | Mem:0.00M, Peak:0.00M | Scene, ViewLayer | Synchronizing object | ENV_leaf_846
Fra:590 Mem:218.50M (Peak 218.50M) | Time:00:00.31 | Mem:0.00M, Peak:0.00M | Scene, ViewLayer | Synchronizing object | ENV_leaf_845
Fra:590 Mem:218.50M (Peak 218.50M) | Time:00:00.31 | Mem:0.00M, Peak:0.00M | Scene, ViewLayer | Synchronizing object | ENV_leaf_844
Fra:590 Mem:218.51M (Peak 218.51M) | Time:00:00.31 | Mem:0.00M, Peak:0.00M | Scene, ViewLayer | Synchronizing object | ENV_leaf_843
Fra:590 Mem:218.51M (Peak 218.51M) | Time:00:00.31 | Mem:0.00M, Peak:0.00M | Scene, ViewLayer | Synchronizing object | ENV_leaf_842
Fra:590 Mem:218.52M (Peak 218.52M) | Time:00:00.31 | Mem:0.00M, Peak:0.00M | Scene, ViewLayer | Synchronizing object | ENV_leaf_841
Fra:590 Mem:218.52M (Peak 218.52M) | Time:00:00.31 | Mem:0.00M, Peak:0.00M | Scene, ViewLayer | Synchronizing object | ENV_leaf_840
Fra:590 Mem:218.52M (Peak 218.52M) | Time:00:00.31 | Mem:0.00M, Peak:0.00M | Scene, ViewLayer | Synchronizing object | ENV_leaf_839
Fra:590 Mem:218.53M (Peak 218.53M) | Time:00:00.31 | Mem:0.00M, Peak:0.00M | Scene, ViewLayer | Synchronizing object | ENV_leaf_838
Fra:590 Mem:218.53M (Peak 218.53M) | Time:00:00.31 | Mem:0.00M, Peak:0.00M | Scene, ViewLayer | Synchronizing object | ENV_leaf_837
Fra:590 Mem:218.54M (Peak 218.54M) | Time:00:00.31 | Mem:0.00M, Peak:0.00M | Scene, ViewLayer | Synchronizing object | ENV_leaf_836
Fra:590 Mem:218.54M (Peak 218.54M) | Time:00:00.31 | Mem:0.00M, Peak:0.00M | Scene, ViewLayer | Synchronizing object | ENV_leaf_835
Fra:590 Mem:218.54M (Peak 218.54M) | Time:00:00.31 | Mem:0.00M, Peak:0.00M | Scene, ViewLayer | Synchronizing object | ENV_leaf_834
Fra:590 Mem:218.61M (Peak 218.61M) | Time:00:00.31 | Mem:0.00M, Peak:0.00M | Scene, ViewLayer | Synchronizing object | ENV_leaf_833
Fra:590 Mem:218.61M (Peak 218.61M) | Time:00:00.31 | Mem:0.00M, Peak:0.00M | Scene, ViewLayer | Synchronizing object | ENV_leaf_832
Fra:590 Mem:218.64M (Peak 218.64M) | Time:00:00.31 | Mem:0.00M, Peak:0.00M | Scene, ViewLayer | Synchronizing object | ENV_leaf_831
Fra:590 Mem:218.71M (Peak 218.71M) | Time:00:00.31 | Mem:0.00M, Peak:0.00M | Scene, ViewLayer | Synchronizing object | ENV_leaf_830
Fra:590 Mem:218.71M (Peak 218.71M) | Time:00:00.31 | Mem:0.00M, Peak:0.00M | Scene, ViewLayer | Synchronizing object | ENV_leaf_829
Fra:590 Mem:218.65M (Peak 218.71M) | Time:00:00.31 | Mem:0.00M, Peak:0.00M | Scene, ViewLayer | Synchronizing object | ENV_fern_26
Fra:590 Mem:218.74M (Peak 218.74M) | Time:00:00.31 | Mem:0.00M, Peak:0.00M | Scene, ViewLayer | Synchronizing object | ENV_leaf_828
Fra:590 Mem:218.74M (Peak 218.74M) | Time:00:00.31 | Mem:0.00M, Peak:0.00M | Scene, ViewLayer | Synchronizing object | ENV_leaf_827
Fra:590 Mem:218.75M (Peak 218.75M) | Time:00:00.31 | Mem:0.00M, Peak:0.00M | Scene, ViewLayer | Synchronizing object | ENV_leaf_826
Fra:590 Mem:219.03M (Peak 219.03M) | Time:00:00.31 | Mem:0.00M, Peak:0.00M | Scene, ViewLayer | Synchronizing object | ENV_leaf_825
Fra:590 Mem:219.03M (Peak 219.03M) | Time:00:00.31 | Mem:0.00M, Peak:0.00M | Scene, ViewLayer | Synchronizing object | ENV_leaf_824
Fra:590 Mem:219.13M (Peak 219.13M) | Time:00:00.31 | Mem:0.00M, Peak:0.00M | Scene, ViewLayer | Synchronizing object | ENV_leaf_823
Fra:590 Mem:219.14M (Peak 219.14M) | Time:00:00.31 | Mem:0.00M, Peak:0.00M | Scene, ViewLayer | Synchronizing object | ENV_leaf_822
Fra:590 Mem:219.14M (Peak 219.14M) | Time:00:00.31 | Mem:0.00M, Peak:0.00M | Scene, ViewLayer | Synchronizing object | ENV_leaf_821
Fra:590 Mem:219.24M (Peak 219.24M) | Time:00:00.31 | Mem:0.00M, Peak:0.00M | Scene, ViewLayer | Synchronizing object | ENV_leaf_820
Fra:590 Mem:219.25M (Peak 219.25M) | Time:00:00.31 | Mem:0.00M, Peak:0.00M | Scene, ViewLayer | Synchronizing object | ENV_leaf_819
Fra:590 Mem:219.25M (Peak 219.25M) | Time:00:00.31 | Mem:0.00M, Peak:0.00M | Scene, ViewLayer | Synchronizing object | ENV_leaf_818
Fra:590 Mem:219.25M (Peak 219.25M) | Time:00:00.31 | Mem:0.00M, Peak:0.00M | Scene, ViewLayer | Synchronizing object | ENV_leaf_817
Fra:590 Mem:219.26M (Peak 219.26M) | Time:00:00.31 | Mem:0.00M, Peak:0.00M | Scene, ViewLayer | Synchronizing object | ENV_leaf_816
Fra:590 Mem:219.26M (Peak 219.26M) | Time:00:00.31 | Mem:0.00M, Peak:0.00M | Scene, ViewLayer | Synchronizing object | ENV_leaf_815
Fra:590 Mem:219.27M (Peak 219.27M) | Time:00:00.31 | Mem:0.00M, Peak:0.00M | Scene, ViewLayer | Synchronizing object | ENV_leaf_814
Fra:590 Mem:219.27M (Peak 219.27M) | Time:00:00.31 | Mem:0.00M, Peak:0.00M | Scene, ViewLayer | Synchronizing object | ENV_leaf_813
Fra:590 Mem:219.27M (Peak 219.27M) | Time:00:00.31 | Mem:0.00M, Peak:0.00M | Scene, ViewLayer | Synchronizing object | ENV_leaf_812
Fra:590 Mem:219.26M (Peak 219.27M) | Time:00:00.31 | Mem:0.00M, Peak:0.00M | Scene, ViewLayer | Synchronizing object | ENV_leaf_811
Fra:590 Mem:219.26M (Peak 219.27M) | Time:00:00.31 | Mem:0.00M, Peak:0.00M | Scene, ViewLayer | Synchronizing object | ENV_leaf_810
Fra:590 Mem:219.27M (Peak 219.27M) | Time:00:00.31 | Mem:0.00M, Peak:0.00M | Scene, ViewLayer | Synchronizing object | ENV_leaf_809
Fra:590 Mem:219.27M (Peak 219.27M) | Time:00:00.31 | Mem:0.00M, Peak:0.00M | Scene, ViewLayer | Synchronizing object | ENV_leaf_808
Fra:590 Mem:219.27M (Peak 219.27M) | Time:00:00.31 | Mem:0.00M, Peak:0.00M | Scene, ViewLayer | Synchronizing object | ENV_leaf_807
Fra:590 Mem:219.28M (Peak 219.28M) | Time:00:00.31 | Mem:0.00M, Peak:0.00M | Scene, ViewLayer | Synchronizing object | ENV_leaf_806
Fra:590 Mem:219.28M (Peak 219.28M) | Time:00:00.31 | Mem:0.00M, Peak:0.00M | Scene, ViewLayer | Synchronizing object | ENV_leaf_805
Fra:590 Mem:219.29M (Peak 219.29M) | Time:00:00.31 | Mem:0.00M, Peak:0.00M | Scene, ViewLayer | Synchronizing object | ENV_leaf_804
Fra:590 Mem:219.29M (Peak 219.29M) | Time:00:00.31 | Mem:0.00M, Peak:0.00M | Scene, ViewLayer | Synchronizing object | ENV_leaf_803
Fra:590 Mem:219.30M (Peak 219.30M) | Time:00:00.31 | Mem:0.00M, Peak:0.00M | Scene, ViewLayer | Synchronizing object | ENV_leaf_802
Fra:590 Mem:219.30M (Peak 219.30M) | Time:00:00.31 | Mem:0.00M, Peak:0.00M | Scene, ViewLayer | Synchronizing object | ENV_leaf_801
Fra:590 Mem:219.30M (Peak 219.30M) | Time:00:00.31 | Mem:0.00M, Peak:0.00M | Scene, ViewLayer | Synchronizing object | ENV_leaf_800
Fra:590 Mem:219.31M (Peak 219.31M) | Time:00:00.31 | Mem:0.00M, Peak:0.00M | Scene, ViewLayer | Synchronizing object | ENV_leaf_799
Fra:590 Mem:219.31M (Peak 219.31M) | Time:00:00.31 | Mem:0.00M, Peak:0.00M | Scene, ViewLayer | Synchronizing object | ENV_leaf_798
Fra:590 Mem:219.32M (Peak 219.32M) | Time:00:00.31 | Mem:0.00M, Peak:0.00M | Scene, ViewLayer | Synchronizing object | ENV_leaf_797
Fra:590 Mem:219.32M (Peak 219.32M) | Time:00:00.31 | Mem:0.00M, Peak:0.00M | Scene, ViewLayer | Synchronizing object | ENV_leaf_796
Fra:590 Mem:219.32M (Peak 219.32M) | Time:00:00.31 | Mem:0.00M, Peak:0.00M | Scene, ViewLayer | Synchronizing object | ENV_leaf_795
Fra:590 Mem:219.33M (Peak 219.33M) | Time:00:00.31 | Mem:0.00M, Peak:0.00M | Scene, ViewLayer | Synchronizing object | ENV_leaf_794
Fra:590 Mem:219.33M (Peak 219.33M) | Time:00:00.31 | Mem:0.00M, Peak:0.00M | Scene, ViewLayer | Synchronizing object | ENV_leaf_793
Fra:590 Mem:219.34M (Peak 219.34M) | Time:00:00.31 | Mem:0.00M, Peak:0.00M | Scene, ViewLayer | Synchronizing object | ENV_leaf_792
Fra:590 Mem:219.34M (Peak 219.34M) | Time:00:00.31 | Mem:0.00M, Peak:0.00M | Scene, ViewLayer | Synchronizing object | ENV_leaf_791
Fra:590 Mem:219.34M (Peak 219.34M) | Time:00:00.31 | Mem:0.00M, Peak:0.00M | Scene, ViewLayer | Synchronizing object | ENV_leaf_790
Fra:590 Mem:219.35M (Peak 219.35M) | Time:00:00.31 | Mem:0.00M, Peak:0.00M | Scene, ViewLayer | Synchronizing object | ENV_leaf_789
Fra:590 Mem:219.43M (Peak 219.43M) | Time:00:00.31 | Mem:0.00M, Peak:0.00M | Scene, ViewLayer | Synchronizing object | ENV_leaf_788
Fra:590 Mem:219.43M (Peak 219.43M) | Time:00:00.31 | Mem:0.00M, Peak:0.00M | Scene, ViewLayer | Synchronizing object | ENV_leaf_787
Fra:590 Mem:219.44M (Peak 219.44M) | Time:00:00.31 | Mem:0.00M, Peak:0.00M | Scene, ViewLayer | Synchronizing object | ENV_leaf_786
Fra:590 Mem:219.47M (Peak 219.47M) | Time:00:00.31 | Mem:0.00M, Peak:0.00M | Scene, ViewLayer | Synchronizing object | ENV_leaf_785
Fra:590 Mem:219.55M (Peak 219.55M) | Time:00:00.31 | Mem:0.00M, Peak:0.00M | Scene, ViewLayer | Synchronizing object | ENV_leaf_784
Fra:590 Mem:219.55M (Peak 219.55M) | Time:00:00.31 | Mem:0.00M, Peak:0.00M | Scene, ViewLayer | Synchronizing object | ENV_leaf_783
Fra:590 Mem:219.56M (Peak 219.56M) | Time:00:00.31 | Mem:0.00M, Peak:0.00M | Scene, ViewLayer | Synchronizing object | ENV_leaf_782
Fra:590 Mem:219.48M (Peak 219.56M) | Time:00:00.31 | Mem:0.00M, Peak:0.00M | Scene, ViewLayer | Synchronizing object | ENV_fern_27
Fra:590 Mem:219.54M (Peak 219.56M) | Time:00:00.31 | Mem:0.00M, Peak:0.00M | Scene, ViewLayer | Synchronizing object | ENV_leaf_781
Fra:590 Mem:219.71M (Peak 219.71M) | Time:00:00.31 | Mem:0.00M, Peak:0.00M | Scene, ViewLayer | Synchronizing object | ENV_leaf_780
Fra:590 Mem:219.78M (Peak 219.78M) | Time:00:00.31 | Mem:0.00M, Peak:0.00M | Scene, ViewLayer | Synchronizing object | ENV_leaf_779
Fra:590 Mem:219.78M (Peak 219.78M) | Time:00:00.31 | Mem:0.00M, Peak:0.00M | Scene, ViewLayer | Synchronizing object | ENV_leaf_778
Fra:590 Mem:219.79M (Peak 219.79M) | Time:00:00.31 | Mem:0.00M, Peak:0.00M | Scene, ViewLayer | Synchronizing object | ENV_leaf_777
Fra:590 Mem:219.85M (Peak 219.85M) | Time:00:00.31 | Mem:0.00M, Peak:0.00M | Scene, ViewLayer | Synchronizing object | ENV_leaf_776
Fra:590 Mem:219.86M (Peak 219.86M) | Time:00:00.31 | Mem:0.00M, Peak:0.00M | Scene, ViewLayer | Synchronizing object | ENV_leaf_775
Fra:590 Mem:219.86M (Peak 219.86M) | Time:00:00.31 | Mem:0.00M, Peak:0.00M | Scene, ViewLayer | Synchronizing object | ENV_leaf_774
Fra:590 Mem:219.86M (Peak 219.86M) | Time:00:00.31 | Mem:0.00M, Peak:0.00M | Scene, ViewLayer | Synchronizing object | ENV_leaf_773
Fra:590 Mem:219.87M (Peak 219.87M) | Time:00:00.31 | Mem:0.00M, Peak:0.00M | Scene, ViewLayer | Synchronizing object | ENV_leaf_772
Fra:590 Mem:219.86M (Peak 219.87M) | Time:00:00.31 | Mem:0.00M, Peak:0.00M | Scene, ViewLayer | Synchronizing object | ENV_leaf_771
Fra:590 Mem:219.86M (Peak 219.87M) | Time:00:00.31 | Mem:0.00M, Peak:0.00M | Scene, ViewLayer | Synchronizing object | ENV_leaf_770
Fra:590 Mem:219.87M (Peak 219.87M) | Time:00:00.31 | Mem:0.00M, Peak:0.00M | Scene, ViewLayer | Synchronizing object | ENV_leaf_769
Fra:590 Mem:219.87M (Peak 219.87M) | Time:00:00.31 | Mem:0.00M, Peak:0.00M | Scene, ViewLayer | Synchronizing object | ENV_leaf_768
Fra:590 Mem:219.88M (Peak 219.88M) | Time:00:00.31 | Mem:0.00M, Peak:0.00M | Scene, ViewLayer | Synchronizing object | ENV_leaf_767
Fra:590 Mem:219.88M (Peak 219.88M) | Time:00:00.31 | Mem:0.00M, Peak:0.00M | Scene, ViewLayer | Synchronizing object | ENV_leaf_766
Fra:590 Mem:219.88M (Peak 219.88M) | Time:00:00.31 | Mem:0.00M, Peak:0.00M | Scene, ViewLayer | Synchronizing object | ENV_leaf_765
Fra:590 Mem:219.89M (Peak 219.89M) | Time:00:00.31 | Mem:0.00M, Peak:0.00M | Scene, ViewLayer | Synchronizing object | ENV_leaf_764
Fra:590 Mem:219.89M (Peak 219.89M) | Time:00:00.31 | Mem:0.00M, Peak:0.00M | Scene, ViewLayer | Synchronizing object | ENV_leaf_763
Fra:590 Mem:219.90M (Peak 219.90M) | Time:00:00.31 | Mem:0.00M, Peak:0.00M | Scene, ViewLayer | Synchronizing object | ENV_leaf_762
Fra:590 Mem:219.90M (Peak 219.90M) | Time:00:00.31 | Mem:0.00M, Peak:0.00M | Scene, ViewLayer | Synchronizing object | ENV_leaf_761
Fra:590 Mem:219.90M (Peak 219.90M) | Time:00:00.31 | Mem:0.00M, Peak:0.00M | Scene, ViewLayer | Synchronizing object | ENV_leaf_760
Fra:590 Mem:219.91M (Peak 219.91M) | Time:00:00.31 | Mem:0.00M, Peak:0.00M | Scene, ViewLayer | Synchronizing object | ENV_leaf_759
Fra:590 Mem:219.91M (Peak 219.91M) | Time:00:00.31 | Mem:0.00M, Peak:0.00M | Scene, ViewLayer | Synchronizing object | ENV_leaf_758
Fra:590 Mem:219.96M (Peak 219.96M) | Time:00:00.31 | Mem:0.00M, Peak:0.00M | Scene, ViewLayer | Synchronizing object | ENV_leaf_757
Fra:590 Mem:220.03M (Peak 220.03M) | Time:00:00.31 | Mem:0.00M, Peak:0.00M | Scene, ViewLayer | Synchronizing object | ENV_leaf_756
Fra:590 Mem:219.99M (Peak 220.03M) | Time:00:00.31 | Mem:0.00M, Peak:0.00M | Scene, ViewLayer | Synchronizing object | ENV_leaf_755
Fra:590 Mem:219.99M (Peak 220.03M) | Time:00:00.31 | Mem:0.00M, Peak:0.00M | Scene, ViewLayer | Synchronizing object | ENV_fern_28
Fra:590 Mem:220.06M (Peak 220.06M) | Time:00:00.31 | Mem:0.00M, Peak:0.00M | Scene, ViewLayer | Synchronizing object | ENV_leaf_754
Fra:590 Mem:220.23M (Peak 220.23M) | Time:00:00.31 | Mem:0.00M, Peak:0.00M | Scene, ViewLayer | Synchronizing object | ENV_leaf_753
Fra:590 Mem:220.29M (Peak 220.29M) | Time:00:00.31 | Mem:0.00M, Peak:0.00M | Scene, ViewLayer | Synchronizing object | ENV_leaf_752
Fra:590 Mem:220.38M (Peak 220.38M) | Time:00:00.31 | Mem:0.00M, Peak:0.00M | Scene, ViewLayer | Synchronizing object | ENV_leaf_751
Fra:590 Mem:220.38M (Peak 220.38M) | Time:00:00.31 | Mem:0.00M, Peak:0.00M | Scene, ViewLayer | Synchronizing object | ENV_leaf_750
Fra:590 Mem:220.40M (Peak 220.40M) | Time:00:00.31 | Mem:0.00M, Peak:0.00M | Scene, ViewLayer | Synchronizing object | ENV_leaf_749
Fra:590 Mem:220.47M (Peak 220.47M) | Time:00:00.31 | Mem:0.00M, Peak:0.00M | Scene, ViewLayer | Synchronizing object | ENV_leaf_748
Fra:590 Mem:220.47M (Peak 220.47M) | Time:00:00.31 | Mem:0.00M, Peak:0.00M | Scene, ViewLayer | Synchronizing object | ENV_leaf_747
Fra:590 Mem:220.48M (Peak 220.48M) | Time:00:00.31 | Mem:0.00M, Peak:0.00M | Scene, ViewLayer | Synchronizing object | ENV_leaf_746
Fra:590 Mem:220.48M (Peak 220.48M) | Time:00:00.31 | Mem:0.00M, Peak:0.00M | Scene, ViewLayer | Synchronizing object | ENV_leaf_745
Fra:590 Mem:220.49M (Peak 220.49M) | Time:00:00.31 | Mem:0.00M, Peak:0.00M | Scene, ViewLayer | Synchronizing object | ENV_leaf_744
Fra:590 Mem:220.49M (Peak 220.49M) | Time:00:00.31 | Mem:0.00M, Peak:0.00M | Scene, ViewLayer | Synchronizing object | ENV_leaf_743
Fra:590 Mem:220.48M (Peak 220.49M) | Time:00:00.31 | Mem:0.00M, Peak:0.00M | Scene, ViewLayer | Synchronizing object | ENV_leaf_742
Fra:590 Mem:220.48M (Peak 220.49M) | Time:00:00.31 | Mem:0.00M, Peak:0.00M | Scene, ViewLayer | Synchronizing object | ENV_leaf_741
Fra:590 Mem:220.49M (Peak 220.49M) | Time:00:00.31 | Mem:0.00M, Peak:0.00M | Scene, ViewLayer | Synchronizing object | ENV_leaf_740
Fra:590 Mem:220.49M (Peak 220.49M) | Time:00:00.31 | Mem:0.00M, Peak:0.00M | Scene, ViewLayer | Synchronizing object | ENV_leaf_739
Fra:590 Mem:220.49M (Peak 220.49M) | Time:00:00.31 | Mem:0.00M, Peak:0.00M | Scene, ViewLayer | Synchronizing object | ENV_leaf_738
Fra:590 Mem:220.50M (Peak 220.50M) | Time:00:00.31 | Mem:0.00M, Peak:0.00M | Scene, ViewLayer | Synchronizing object | ENV_leaf_737
Fra:590 Mem:220.50M (Peak 220.50M) | Time:00:00.31 | Mem:0.00M, Peak:0.00M | Scene, ViewLayer | Synchronizing object | ENV_leaf_736
Fra:590 Mem:220.51M (Peak 220.51M) | Time:00:00.31 | Mem:0.00M, Peak:0.00M | Scene, ViewLayer | Synchronizing object | ENV_leaf_735
Fra:590 Mem:220.51M (Peak 220.51M) | Time:00:00.31 | Mem:0.00M, Peak:0.00M | Scene, ViewLayer | Synchronizing object | ENV_leaf_734
Fra:590 Mem:220.51M (Peak 220.51M) | Time:00:00.31 | Mem:0.00M, Peak:0.00M | Scene, ViewLayer | Synchronizing object | ENV_leaf_733
Fra:590 Mem:220.52M (Peak 220.52M) | Time:00:00.31 | Mem:0.00M, Peak:0.00M | Scene, ViewLayer | Synchronizing object | ENV_leaf_732
Fra:590 Mem:220.52M (Peak 220.52M) | Time:00:00.31 | Mem:0.00M, Peak:0.00M | Scene, ViewLayer | Synchronizing object | ENV_leaf_731
Fra:590 Mem:220.53M (Peak 220.53M) | Time:00:00.31 | Mem:0.00M, Peak:0.00M | Scene, ViewLayer | Synchronizing object | ENV_leaf_730
Fra:590 Mem:220.53M (Peak 220.53M) | Time:00:00.31 | Mem:0.00M, Peak:0.00M | Scene, ViewLayer | Synchronizing object | ENV_leaf_729
Fra:590 Mem:220.60M (Peak 220.60M) | Time:00:00.31 | Mem:0.00M, Peak:0.00M | Scene, ViewLayer | Synchronizing object | ENV_leaf_727
Fra:590 Mem:220.60M (Peak 220.60M) | Time:00:00.31 | Mem:0.00M, Peak:0.00M | Scene, ViewLayer | Synchronizing object | ENV_leaf_726
Fra:590 Mem:220.63M (Peak 220.63M) | Time:00:00.31 | Mem:0.00M, Peak:0.00M | Scene, ViewLayer | Synchronizing object | ENV_leaf_725
Fra:590 Mem:220.69M (Peak 220.69M) | Time:00:00.31 | Mem:0.00M, Peak:0.00M | Scene, ViewLayer | Synchronizing object | ENV_leaf_723
Fra:590 Mem:220.70M (Peak 220.70M) | Time:00:00.31 | Mem:0.00M, Peak:0.00M | Scene, ViewLayer | Synchronizing object | ENV_leaf_722
Fra:590 Mem:220.64M (Peak 220.70M) | Time:00:00.31 | Mem:0.00M, Peak:0.00M | Scene, ViewLayer | Synchronizing object | ENV_fern_29
Fra:590 Mem:220.73M (Peak 220.73M) | Time:00:00.31 | Mem:0.00M, Peak:0.00M | Scene, ViewLayer | Synchronizing object | ENV_leaf_721
Fra:590 Mem:220.73M (Peak 220.73M) | Time:00:00.31 | Mem:0.00M, Peak:0.00M | Scene, ViewLayer | Synchronizing object | ENV_leaf_720
Fra:590 Mem:220.93M (Peak 220.93M) | Time:00:00.31 | Mem:0.00M, Peak:0.00M | Scene, ViewLayer | Synchronizing object | ENV_leaf_719
Fra:590 Mem:221.01M (Peak 221.01M) | Time:00:00.31 | Mem:0.00M, Peak:0.00M | Scene, ViewLayer | Synchronizing object | ENV_leaf_718
Fra:590 Mem:221.12M (Peak 221.12M) | Time:00:00.31 | Mem:0.00M, Peak:0.00M | Scene, ViewLayer | Synchronizing object | ENV_leaf_717
Fra:590 Mem:221.12M (Peak 221.12M) | Time:00:00.31 | Mem:0.00M, Peak:0.00M | Scene, ViewLayer | Synchronizing object | ENV_leaf_715
Fra:590 Mem:221.12M (Peak 221.12M) | Time:00:00.31 | Mem:0.00M, Peak:0.00M | Scene, ViewLayer | Synchronizing object | ENV_leaf_714
Fra:590 Mem:221.13M (Peak 221.13M) | Time:00:00.31 | Mem:0.00M, Peak:0.00M | Scene, ViewLayer | Synchronizing object | ENV_leaf_713
Fra:590 Mem:221.23M (Peak 221.23M) | Time:00:00.31 | Mem:0.00M, Peak:0.00M | Scene, ViewLayer | Synchronizing object | ENV_leaf_712
Fra:590 Mem:221.23M (Peak 221.23M) | Time:00:00.31 | Mem:0.00M, Peak:0.00M | Scene, ViewLayer | Synchronizing object | ENV_leaf_711
Fra:590 Mem:221.23M (Peak 221.23M) | Time:00:00.31 | Mem:0.00M, Peak:0.00M | Scene, ViewLayer | Synchronizing object | ENV_leaf_710
Fra:590 Mem:221.24M (Peak 221.24M) | Time:00:00.31 | Mem:0.00M, Peak:0.00M | Scene, ViewLayer | Synchronizing object | ENV_leaf_709
Fra:590 Mem:221.24M (Peak 221.24M) | Time:00:00.31 | Mem:0.00M, Peak:0.00M | Scene, ViewLayer | Synchronizing object | ENV_leaf_708
Fra:590 Mem:221.25M (Peak 221.25M) | Time:00:00.31 | Mem:0.00M, Peak:0.00M | Scene, ViewLayer | Synchronizing object | ENV_leaf_707
Fra:590 Mem:221.25M (Peak 221.25M) | Time:00:00.31 | Mem:0.00M, Peak:0.00M | Scene, ViewLayer | Synchronizing object | ENV_leaf_706
Fra:590 Mem:221.24M (Peak 221.25M) | Time:00:00.31 | Mem:0.00M, Peak:0.00M | Scene, ViewLayer | Synchronizing object | ENV_leaf_705
Fra:590 Mem:221.24M (Peak 221.25M) | Time:00:00.31 | Mem:0.00M, Peak:0.00M | Scene, ViewLayer | Synchronizing object | ENV_leaf_704
Fra:590 Mem:221.24M (Peak 221.25M) | Time:00:00.31 | Mem:0.00M, Peak:0.00M | Scene, ViewLayer | Synchronizing object | ENV_leaf_703
Fra:590 Mem:221.25M (Peak 221.25M) | Time:00:00.31 | Mem:0.00M, Peak:0.00M | Scene, ViewLayer | Synchronizing object | ENV_leaf_702
Fra:590 Mem:221.25M (Peak 221.25M) | Time:00:00.31 | Mem:0.00M, Peak:0.00M | Scene, ViewLayer | Synchronizing object | ENV_leaf_701
Fra:590 Mem:221.26M (Peak 221.26M) | Time:00:00.31 | Mem:0.00M, Peak:0.00M | Scene, ViewLayer | Synchronizing object | ENV_leaf_700
Fra:590 Mem:221.26M (Peak 221.26M) | Time:00:00.31 | Mem:0.00M, Peak:0.00M | Scene, ViewLayer | Synchronizing object | ENV_leaf_699
Fra:590 Mem:221.26M (Peak 221.26M) | Time:00:00.31 | Mem:0.00M, Peak:0.00M | Scene, ViewLayer | Synchronizing object | ENV_leaf_698
Fra:590 Mem:221.27M (Peak 221.27M) | Time:00:00.31 | Mem:0.00M, Peak:0.00M | Scene, ViewLayer | Synchronizing object | ENV_leaf_697
Fra:590 Mem:221.27M (Peak 221.27M) | Time:00:00.31 | Mem:0.00M, Peak:0.00M | Scene, ViewLayer | Synchronizing object | ENV_leaf_696
Fra:590 Mem:221.28M (Peak 221.28M) | Time:00:00.31 | Mem:0.00M, Peak:0.00M | Scene, ViewLayer | Synchronizing object | ENV_leaf_695
Fra:590 Mem:221.28M (Peak 221.28M) | Time:00:00.31 | Mem:0.00M, Peak:0.00M | Scene, ViewLayer | Synchronizing object | ENV_leaf_694
Fra:590 Mem:221.28M (Peak 221.28M) | Time:00:00.31 | Mem:0.00M, Peak:0.00M | Scene, ViewLayer | Synchronizing object | ENV_leaf_693
Fra:590 Mem:221.29M (Peak 221.29M) | Time:00:00.31 | Mem:0.00M, Peak:0.00M | Scene, ViewLayer | Synchronizing object | ENV_leaf_692
Fra:590 Mem:221.29M (Peak 221.29M) | Time:00:00.31 | Mem:0.00M, Peak:0.00M | Scene, ViewLayer | Synchronizing object | ENV_leaf_691
Fra:590 Mem:221.30M (Peak 221.30M) | Time:00:00.31 | Mem:0.00M, Peak:0.00M | Scene, ViewLayer | Synchronizing object | ENV_leaf_690
Fra:590 Mem:221.30M (Peak 221.30M) | Time:00:00.31 | Mem:0.00M, Peak:0.00M | Scene, ViewLayer | Synchronizing object | ENV_leaf_689
Fra:590 Mem:221.30M (Peak 221.30M) | Time:00:00.31 | Mem:0.00M, Peak:0.00M | Scene, ViewLayer | Synchronizing object | ENV_leaf_688
Fra:590 Mem:221.31M (Peak 221.31M) | Time:00:00.31 | Mem:0.00M, Peak:0.00M | Scene, ViewLayer | Synchronizing object | ENV_leaf_687
Fra:590 Mem:221.39M (Peak 221.39M) | Time:00:00.31 | Mem:0.00M, Peak:0.00M | Scene, ViewLayer | Synchronizing object | ENV_leaf_686
Fra:590 Mem:221.39M (Peak 221.39M) | Time:00:00.31 | Mem:0.00M, Peak:0.00M | Scene, ViewLayer | Synchronizing object | ENV_leaf_685
Fra:590 Mem:221.43M (Peak 221.43M) | Time:00:00.31 | Mem:0.00M, Peak:0.00M | Scene, ViewLayer | Synchronizing object | ENV_leaf_684
Fra:590 Mem:221.51M (Peak 221.51M) | Time:00:00.31 | Mem:0.00M, Peak:0.00M | Scene, ViewLayer | Synchronizing object | ENV_leaf_683
Fra:590 Mem:221.51M (Peak 221.51M) | Time:00:00.31 | Mem:0.00M, Peak:0.00M | Scene, ViewLayer | Synchronizing object | ENV_leaf_682
Fra:590 Mem:221.51M (Peak 221.51M) | Time:00:00.31 | Mem:0.00M, Peak:0.00M | Scene, ViewLayer | Synchronizing object | ENV_leaf_681
Fra:590 Mem:221.44M (Peak 221.51M) | Time:00:00.31 | Mem:0.00M, Peak:0.00M | Scene, ViewLayer | Synchronizing object | ENV_fern_30
Fra:590 Mem:221.44M (Peak 221.51M) | Time:00:00.31 | Mem:0.00M, Peak:0.00M | Scene, ViewLayer | Synchronizing object | ENV_leaf_680
Fra:590 Mem:221.50M (Peak 221.51M) | Time:00:00.31 | Mem:0.00M, Peak:0.00M | Scene, ViewLayer | Synchronizing object | ENV_leaf_679
Fra:590 Mem:221.67M (Peak 221.67M) | Time:00:00.31 | Mem:0.00M, Peak:0.00M | Scene, ViewLayer | Synchronizing object | ENV_leaf_678
Fra:590 Mem:221.74M (Peak 221.74M) | Time:00:00.31 | Mem:0.00M, Peak:0.00M | Scene, ViewLayer | Synchronizing object | ENV_leaf_677
Fra:590 Mem:221.75M (Peak 221.75M) | Time:00:00.31 | Mem:0.00M, Peak:0.00M | Scene, ViewLayer | Synchronizing object | ENV_leaf_676
Fra:590 Mem:221.76M (Peak 221.76M) | Time:00:00.31 | Mem:0.00M, Peak:0.00M | Scene, ViewLayer | Synchronizing object | ENV_leaf_675
Fra:590 Mem:221.81M (Peak 221.81M) | Time:00:00.31 | Mem:0.00M, Peak:0.00M | Scene, ViewLayer | Synchronizing object | ENV_leaf_674
Fra:590 Mem:221.82M (Peak 221.82M) | Time:00:00.31 | Mem:0.00M, Peak:0.00M | Scene, ViewLayer | Synchronizing object | ENV_leaf_673
Fra:590 Mem:221.82M (Peak 221.82M) | Time:00:00.31 | Mem:0.00M, Peak:0.00M | Scene, ViewLayer | Synchronizing object | ENV_leaf_672
Fra:590 Mem:221.82M (Peak 221.82M) | Time:00:00.31 | Mem:0.00M, Peak:0.00M | Scene, ViewLayer | Synchronizing object | ENV_leaf_671
Fra:590 Mem:221.83M (Peak 221.83M) | Time:00:00.31 | Mem:0.00M, Peak:0.00M | Scene, ViewLayer | Synchronizing object | ENV_leaf_670
Fra:590 Mem:221.83M (Peak 221.83M) | Time:00:00.31 | Mem:0.00M, Peak:0.00M | Scene, ViewLayer | Synchronizing object | ENV_leaf_669
Fra:590 Mem:221.82M (Peak 221.83M) | Time:00:00.31 | Mem:0.00M, Peak:0.00M | Scene, ViewLayer | Synchronizing object | ENV_leaf_668
Fra:590 Mem:221.83M (Peak 221.83M) | Time:00:00.31 | Mem:0.00M, Peak:0.00M | Scene, ViewLayer | Synchronizing object | ENV_leaf_667
Fra:590 Mem:221.83M (Peak 221.83M) | Time:00:00.31 | Mem:0.00M, Peak:0.00M | Scene, ViewLayer | Synchronizing object | ENV_leaf_666
Fra:590 Mem:221.84M (Peak 221.84M) | Time:00:00.31 | Mem:0.00M, Peak:0.00M | Scene, ViewLayer | Synchronizing object | ENV_leaf_665
Fra:590 Mem:221.84M (Peak 221.84M) | Time:00:00.31 | Mem:0.00M, Peak:0.00M | Scene, ViewLayer | Synchronizing object | ENV_leaf_664
Fra:590 Mem:221.85M (Peak 221.85M) | Time:00:00.31 | Mem:0.00M, Peak:0.00M | Scene, ViewLayer | Synchronizing object | ENV_leaf_663
Fra:590 Mem:221.85M (Peak 221.85M) | Time:00:00.31 | Mem:0.00M, Peak:0.00M | Scene, ViewLayer | Synchronizing object | ENV_leaf_662
Fra:590 Mem:221.85M (Peak 221.85M) | Time:00:00.31 | Mem:0.00M, Peak:0.00M | Scene, ViewLayer | Synchronizing object | ENV_leaf_661
Fra:590 Mem:221.86M (Peak 221.86M) | Time:00:00.31 | Mem:0.00M, Peak:0.00M | Scene, ViewLayer | Synchronizing object | ENV_leaf_660
Fra:590 Mem:221.86M (Peak 221.86M) | Time:00:00.31 | Mem:0.00M, Peak:0.00M | Scene, ViewLayer | Synchronizing object | ENV_leaf_659
Fra:590 Mem:221.87M (Peak 221.87M) | Time:00:00.31 | Mem:0.00M, Peak:0.00M | Scene, ViewLayer | Synchronizing object | ENV_leaf_658
Fra:590 Mem:221.87M (Peak 221.87M) | Time:00:00.31 | Mem:0.00M, Peak:0.00M | Scene, ViewLayer | Synchronizing object | ENV_leaf_657
Fra:590 Mem:221.92M (Peak 221.92M) | Time:00:00.31 | Mem:0.00M, Peak:0.00M | Scene, ViewLayer | Synchronizing object | ENV_leaf_656
Fra:590 Mem:221.93M (Peak 221.93M) | Time:00:00.31 | Mem:0.00M, Peak:0.00M | Scene, ViewLayer | Synchronizing object | ENV_leaf_655
Fra:590 Mem:221.93M (Peak 221.93M) | Time:00:00.31 | Mem:0.00M, Peak:0.00M | Scene, ViewLayer | Synchronizing object | ENV_leaf_654
Fra:590 Mem:221.95M (Peak 221.95M) | Time:00:00.31 | Mem:0.00M, Peak:0.00M | Scene, ViewLayer | Synchronizing object | ENV_leaf_653
Fra:590 Mem:222.00M (Peak 222.00M) | Time:00:00.31 | Mem:0.00M, Peak:0.00M | Scene, ViewLayer | Synchronizing object | ENV_leaf_652
Fra:590 Mem:221.96M (Peak 222.00M) | Time:00:00.31 | Mem:0.00M, Peak:0.00M | Scene, ViewLayer | Synchronizing object | ENV_leaf_651
Fra:590 Mem:221.96M (Peak 222.00M) | Time:00:00.31 | Mem:0.00M, Peak:0.00M | Scene, ViewLayer | Synchronizing object | ENV_leaf_650
Fra:590 Mem:222.04M (Peak 222.04M) | Time:00:00.31 | Mem:0.00M, Peak:0.00M | Scene, ViewLayer | Synchronizing object | ENV_leaf_649
Fra:590 Mem:222.04M (Peak 222.04M) | Time:00:00.31 | Mem:0.00M, Peak:0.00M | Scene, ViewLayer | Synchronizing object | ENV_leaf_648
Fra:590 Mem:222.04M (Peak 222.04M) | Time:00:00.31 | Mem:0.00M, Peak:0.00M | Scene, ViewLayer | Synchronizing object | ENV_leaf_647
Fra:590 Mem:222.27M (Peak 222.27M) | Time:00:00.31 | Mem:0.00M, Peak:0.00M | Scene, ViewLayer | Synchronizing object | ENV_leaf_646
Fra:590 Mem:222.36M (Peak 222.36M) | Time:00:00.31 | Mem:0.00M, Peak:0.00M | Scene, ViewLayer | Synchronizing object | ENV_leaf_645
Fra:590 Mem:222.36M (Peak 222.36M) | Time:00:00.31 | Mem:0.00M, Peak:0.00M | Scene, ViewLayer | Synchronizing object | ENV_leaf_644
Fra:590 Mem:222.36M (Peak 222.36M) | Time:00:00.31 | Mem:0.00M, Peak:0.00M | Scene, ViewLayer | Synchronizing object | ENV_leaf_643
Fra:590 Mem:222.38M (Peak 222.38M) | Time:00:00.31 | Mem:0.00M, Peak:0.00M | Scene, ViewLayer | Synchronizing object | ENV_leaf_642
Fra:590 Mem:222.45M (Peak 222.45M) | Time:00:00.31 | Mem:0.00M, Peak:0.00M | Scene, ViewLayer | Synchronizing object | ENV_leaf_641
Fra:590 Mem:222.45M (Peak 222.45M) | Time:00:00.31 | Mem:0.00M, Peak:0.00M | Scene, ViewLayer | Synchronizing object | ENV_leaf_640
Fra:590 Mem:222.46M (Peak 222.46M) | Time:00:00.31 | Mem:0.00M, Peak:0.00M | Scene, ViewLayer | Synchronizing object | ENV_leaf_639
Fra:590 Mem:222.46M (Peak 222.46M) | Time:00:00.31 | Mem:0.00M, Peak:0.00M | Scene, ViewLayer | Synchronizing object | ENV_leaf_638
Fra:590 Mem:222.47M (Peak 222.47M) | Time:00:00.31 | Mem:0.00M, Peak:0.00M | Scene, ViewLayer | Synchronizing object | ENV_leaf_637
Fra:590 Mem:222.46M (Peak 222.47M) | Time:00:00.31 | Mem:0.00M, Peak:0.00M | Scene, ViewLayer | Synchronizing object | ENV_leaf_636
Fra:590 Mem:222.46M (Peak 222.47M) | Time:00:00.31 | Mem:0.00M, Peak:0.00M | Scene, ViewLayer | Synchronizing object | ENV_leaf_635
Fra:590 Mem:222.46M (Peak 222.47M) | Time:00:00.31 | Mem:0.00M, Peak:0.00M | Scene, ViewLayer | Synchronizing object | ENV_leaf_634
Fra:590 Mem:222.47M (Peak 222.47M) | Time:00:00.31 | Mem:0.00M, Peak:0.00M | Scene, ViewLayer | Synchronizing object | ENV_leaf_633
Fra:590 Mem:222.47M (Peak 222.47M) | Time:00:00.31 | Mem:0.00M, Peak:0.00M | Scene, ViewLayer | Synchronizing object | ENV_leaf_632
Fra:590 Mem:222.48M (Peak 222.48M) | Time:00:00.31 | Mem:0.00M, Peak:0.00M | Scene, ViewLayer | Synchronizing object | ENV_leaf_631
Fra:590 Mem:222.48M (Peak 222.48M) | Time:00:00.31 | Mem:0.00M, Peak:0.00M | Scene, ViewLayer | Synchronizing object | ENV_leaf_630
Fra:590 Mem:222.48M (Peak 222.48M) | Time:00:00.31 | Mem:0.00M, Peak:0.00M | Scene, ViewLayer | Synchronizing object | ENV_leaf_629
Fra:590 Mem:222.49M (Peak 222.49M) | Time:00:00.31 | Mem:0.00M, Peak:0.00M | Scene, ViewLayer | Synchronizing object | ENV_leaf_628
Fra:590 Mem:222.49M (Peak 222.49M) | Time:00:00.31 | Mem:0.00M, Peak:0.00M | Scene, ViewLayer | Synchronizing object | ENV_leaf_627
Fra:590 Mem:222.50M (Peak 222.50M) | Time:00:00.31 | Mem:0.00M, Peak:0.00M | Scene, ViewLayer | Synchronizing object | ENV_leaf_626
Fra:590 Mem:222.50M (Peak 222.50M) | Time:00:00.31 | Mem:0.00M, Peak:0.00M | Scene, ViewLayer | Synchronizing object | ENV_leaf_625
Fra:590 Mem:222.50M (Peak 222.50M) | Time:00:00.31 | Mem:0.00M, Peak:0.00M | Scene, ViewLayer | Synchronizing object | ENV_leaf_624
Fra:590 Mem:222.51M (Peak 222.51M) | Time:00:00.31 | Mem:0.00M, Peak:0.00M | Scene, ViewLayer | Synchronizing object | ENV_leaf_623
Fra:590 Mem:222.51M (Peak 222.51M) | Time:00:00.31 | Mem:0.00M, Peak:0.00M | Scene, ViewLayer | Synchronizing object | ENV_leaf_622
Fra:590 Mem:222.58M (Peak 222.58M) | Time:00:00.31 | Mem:0.00M, Peak:0.00M | Scene, ViewLayer | Synchronizing object | ENV_leaf_621
Fra:590 Mem:222.58M (Peak 222.58M) | Time:00:00.31 | Mem:0.00M, Peak:0.00M | Scene, ViewLayer | Synchronizing object | ENV_leaf_620
Fra:590 Mem:222.67M (Peak 222.67M) | Time:00:00.31 | Mem:0.00M, Peak:0.00M | Scene, ViewLayer | Synchronizing object | ENV_leaf_619
Fra:590 Mem:222.67M (Peak 222.67M) | Time:00:00.31 | Mem:0.00M, Peak:0.00M | Scene, ViewLayer | Synchronizing object | ENV_leaf_618
Fra:590 Mem:222.68M (Peak 222.68M) | Time:00:00.31 | Mem:0.00M, Peak:0.00M | Scene, ViewLayer | Synchronizing object | ENV_leaf_617
Fra:590 Mem:222.62M (Peak 222.68M) | Time:00:00.31 | Mem:0.00M, Peak:0.00M | Scene, ViewLayer | Synchronizing object | ENV_fern_32
Fra:590 Mem:222.71M (Peak 222.71M) | Time:00:00.31 | Mem:0.00M, Peak:0.00M | Scene, ViewLayer | Synchronizing object | ENV_leaf_616
Fra:590 Mem:222.91M (Peak 222.91M) | Time:00:00.31 | Mem:0.00M, Peak:0.00M | Scene, ViewLayer | Synchronizing object | ENV_leaf_615
Fra:590 Mem:222.99M (Peak 222.99M) | Time:00:00.31 | Mem:0.00M, Peak:0.00M | Scene, ViewLayer | Synchronizing object | ENV_leaf_614
Fra:590 Mem:223.09M (Peak 223.09M) | Time:00:00.31 | Mem:0.00M, Peak:0.00M | Scene, ViewLayer | Synchronizing object | ENV_leaf_613
Fra:590 Mem:223.10M (Peak 223.10M) | Time:00:00.31 | Mem:0.00M, Peak:0.00M | Scene, ViewLayer | Synchronizing object | ENV_leaf_612
Fra:590 Mem:223.10M (Peak 223.10M) | Time:00:00.31 | Mem:0.00M, Peak:0.00M | Scene, ViewLayer | Synchronizing object | ENV_leaf_611
Fra:590 Mem:223.10M (Peak 223.10M) | Time:00:00.31 | Mem:0.00M, Peak:0.00M | Scene, ViewLayer | Synchronizing object | ENV_leaf_610
Fra:590 Mem:223.20M (Peak 223.20M) | Time:00:00.31 | Mem:0.00M, Peak:0.00M | Scene, ViewLayer | Synchronizing object | ENV_leaf_609
Fra:590 Mem:223.21M (Peak 223.21M) | Time:00:00.31 | Mem:0.00M, Peak:0.00M | Scene, ViewLayer | Synchronizing object | ENV_leaf_608
Fra:590 Mem:223.21M (Peak 223.21M) | Time:00:00.31 | Mem:0.00M, Peak:0.00M | Scene, ViewLayer | Synchronizing object | ENV_leaf_607
Fra:590 Mem:223.22M (Peak 223.22M) | Time:00:00.31 | Mem:0.00M, Peak:0.00M | Scene, ViewLayer | Synchronizing object | ENV_leaf_606
Fra:590 Mem:223.22M (Peak 223.22M) | Time:00:00.31 | Mem:0.00M, Peak:0.00M | Scene, ViewLayer | Synchronizing object | ENV_leaf_605
Fra:590 Mem:223.22M (Peak 223.22M) | Time:00:00.31 | Mem:0.00M, Peak:0.00M | Scene, ViewLayer | Synchronizing object | ENV_leaf_604
Fra:590 Mem:223.23M (Peak 223.23M) | Time:00:00.31 | Mem:0.00M, Peak:0.00M | Scene, ViewLayer | Synchronizing object | ENV_leaf_602
Fra:590 Mem:223.23M (Peak 223.23M) | Time:00:00.31 | Mem:0.00M, Peak:0.00M | Scene, ViewLayer | Synchronizing object | ENV_leaf_601
Fra:590 Mem:223.22M (Peak 223.23M) | Time:00:00.31 | Mem:0.00M, Peak:0.00M | Scene, ViewLayer | Synchronizing object | ENV_leaf_600
Fra:590 Mem:223.22M (Peak 223.23M) | Time:00:00.31 | Mem:0.00M, Peak:0.00M | Scene, ViewLayer | Synchronizing object | ENV_leaf_599
Fra:590 Mem:223.23M (Peak 223.23M) | Time:00:00.31 | Mem:0.00M, Peak:0.00M | Scene, ViewLayer | Synchronizing object | ENV_leaf_598
Fra:590 Mem:223.23M (Peak 223.23M) | Time:00:00.31 | Mem:0.00M, Peak:0.00M | Scene, ViewLayer | Synchronizing object | ENV_leaf_597
Fra:590 Mem:223.23M (Peak 223.23M) | Time:00:00.31 | Mem:0.00M, Peak:0.00M | Scene, ViewLayer | Synchronizing object | ENV_leaf_596
Fra:590 Mem:223.24M (Peak 223.24M) | Time:00:00.31 | Mem:0.00M, Peak:0.00M | Scene, ViewLayer | Synchronizing object | ENV_leaf_595
Fra:590 Mem:223.24M (Peak 223.24M) | Time:00:00.31 | Mem:0.00M, Peak:0.00M | Scene, ViewLayer | Synchronizing object | ENV_leaf_594
Fra:590 Mem:223.25M (Peak 223.25M) | Time:00:00.31 | Mem:0.00M, Peak:0.00M | Scene, ViewLayer | Synchronizing object | ENV_leaf_593
Fra:590 Mem:223.25M (Peak 223.25M) | Time:00:00.31 | Mem:0.00M, Peak:0.00M | Scene, ViewLayer | Synchronizing object | ENV_leaf_592
Fra:590 Mem:223.25M (Peak 223.25M) | Time:00:00.31 | Mem:0.00M, Peak:0.00M | Scene, ViewLayer | Synchronizing object | ENV_leaf_591
Fra:590 Mem:223.26M (Peak 223.26M) | Time:00:00.31 | Mem:0.00M, Peak:0.00M | Scene, ViewLayer | Synchronizing object | ENV_leaf_590
Fra:590 Mem:223.26M (Peak 223.26M) | Time:00:00.31 | Mem:0.00M, Peak:0.00M | Scene, ViewLayer | Synchronizing object | ENV_leaf_589
Fra:590 Mem:223.27M (Peak 223.27M) | Time:00:00.31 | Mem:0.00M, Peak:0.00M | Scene, ViewLayer | Synchronizing object | ENV_leaf_588
Fra:590 Mem:223.27M (Peak 223.27M) | Time:00:00.31 | Mem:0.00M, Peak:0.00M | Scene, ViewLayer | Synchronizing object | ENV_leaf_587
Fra:590 Mem:223.27M (Peak 223.27M) | Time:00:00.31 | Mem:0.00M, Peak:0.00M | Scene, ViewLayer | Synchronizing object | ENV_leaf_586
Fra:590 Mem:223.28M (Peak 223.28M) | Time:00:00.31 | Mem:0.00M, Peak:0.00M | Scene, ViewLayer | Synchronizing object | ENV_leaf_585
Fra:590 Mem:223.28M (Peak 223.28M) | Time:00:00.31 | Mem:0.00M, Peak:0.00M | Scene, ViewLayer | Synchronizing object | ENV_leaf_584
Fra:590 Mem:223.29M (Peak 223.29M) | Time:00:00.31 | Mem:0.00M, Peak:0.00M | Scene, ViewLayer | Synchronizing object | ENV_leaf_583
Fra:590 Mem:223.29M (Peak 223.29M) | Time:00:00.31 | Mem:0.00M, Peak:0.00M | Scene, ViewLayer | Synchronizing object | ENV_leaf_582
Fra:590 Mem:223.37M (Peak 223.37M) | Time:00:00.31 | Mem:0.00M, Peak:0.00M | Scene, ViewLayer | Synchronizing object | ENV_leaf_581
Fra:590 Mem:223.37M (Peak 223.37M) | Time:00:00.31 | Mem:0.00M, Peak:0.00M | Scene, ViewLayer | Synchronizing object | ENV_leaf_580
Fra:590 Mem:223.41M (Peak 223.41M) | Time:00:00.31 | Mem:0.00M, Peak:0.00M | Scene, ViewLayer | Synchronizing object | ENV_leaf_579
Fra:590 Mem:223.49M (Peak 223.49M) | Time:00:00.31 | Mem:0.00M, Peak:0.00M | Scene, ViewLayer | Synchronizing object | ENV_leaf_578
Fra:590 Mem:223.49M (Peak 223.49M) | Time:00:00.31 | Mem:0.00M, Peak:0.00M | Scene, ViewLayer | Synchronizing object | ENV_leaf_577
Fra:590 Mem:223.50M (Peak 223.50M) | Time:00:00.31 | Mem:0.00M, Peak:0.00M | Scene, ViewLayer | Synchronizing object | ENV_leaf_576
Fra:590 Mem:223.42M (Peak 223.50M) | Time:00:00.31 | Mem:0.00M, Peak:0.00M | Scene, ViewLayer | Synchronizing object | ENV_fern_33
Fra:590 Mem:223.42M (Peak 223.50M) | Time:00:00.31 | Mem:0.00M, Peak:0.00M | Scene, ViewLayer | Synchronizing object | ENV_leaf_575
Fra:590 Mem:223.48M (Peak 223.50M) | Time:00:00.31 | Mem:0.00M, Peak:0.00M | Scene, ViewLayer | Synchronizing object | ENV_leaf_574
Fra:590 Mem:223.61M (Peak 223.61M) | Time:00:00.31 | Mem:0.00M, Peak:0.00M | Scene, ViewLayer | Synchronizing object | ENV_leaf_573
Fra:590 Mem:223.72M (Peak 223.72M) | Time:00:00.31 | Mem:0.00M, Peak:0.00M | Scene, ViewLayer | Synchronizing object | ENV_leaf_572
Fra:590 Mem:223.73M (Peak 223.73M) | Time:00:00.31 | Mem:0.00M, Peak:0.00M | Scene, ViewLayer | Synchronizing object | ENV_leaf_571
Fra:590 Mem:223.74M (Peak 223.74M) | Time:00:00.31 | Mem:0.00M, Peak:0.00M | Scene, ViewLayer | Synchronizing object | ENV_leaf_570
Fra:590 Mem:223.79M (Peak 223.79M) | Time:00:00.31 | Mem:0.00M, Peak:0.00M | Scene, ViewLayer | Synchronizing object | ENV_leaf_569
Fra:590 Mem:223.80M (Peak 223.80M) | Time:00:00.31 | Mem:0.00M, Peak:0.00M | Scene, ViewLayer | Synchronizing object | ENV_leaf_568
Fra:590 Mem:223.80M (Peak 223.80M) | Time:00:00.31 | Mem:0.00M, Peak:0.00M | Scene, ViewLayer | Synchronizing object | ENV_leaf_567
Fra:590 Mem:223.81M (Peak 223.81M) | Time:00:00.31 | Mem:0.00M, Peak:0.00M | Scene, ViewLayer | Synchronizing object | ENV_leaf_566
Fra:590 Mem:223.81M (Peak 223.81M) | Time:00:00.31 | Mem:0.00M, Peak:0.00M | Scene, ViewLayer | Synchronizing object | ENV_leaf_565
Fra:590 Mem:223.80M (Peak 223.81M) | Time:00:00.31 | Mem:0.00M, Peak:0.00M | Scene, ViewLayer | Synchronizing object | ENV_leaf_564
Fra:590 Mem:223.81M (Peak 223.81M) | Time:00:00.31 | Mem:0.00M, Peak:0.00M | Scene, ViewLayer | Synchronizing object | ENV_leaf_563
Fra:590 Mem:223.81M (Peak 223.81M) | Time:00:00.31 | Mem:0.00M, Peak:0.00M | Scene, ViewLayer | Synchronizing object | ENV_leaf_562
Fra:590 Mem:223.81M (Peak 223.81M) | Time:00:00.31 | Mem:0.00M, Peak:0.00M | Scene, ViewLayer | Synchronizing object | ENV_leaf_561
Fra:590 Mem:223.82M (Peak 223.82M) | Time:00:00.31 | Mem:0.00M, Peak:0.00M | Scene, ViewLayer | Synchronizing object | ENV_leaf_560
Fra:590 Mem:223.82M (Peak 223.82M) | Time:00:00.31 | Mem:0.00M, Peak:0.00M | Scene, ViewLayer | Synchronizing object | ENV_leaf_559
Fra:590 Mem:223.83M (Peak 223.83M) | Time:00:00.31 | Mem:0.00M, Peak:0.00M | Scene, ViewLayer | Synchronizing object | ENV_leaf_558
Fra:590 Mem:223.83M (Peak 223.83M) | Time:00:00.31 | Mem:0.00M, Peak:0.00M | Scene, ViewLayer | Synchronizing object | ENV_leaf_557
Fra:590 Mem:223.83M (Peak 223.83M) | Time:00:00.31 | Mem:0.00M, Peak:0.00M | Scene, ViewLayer | Synchronizing object | ENV_leaf_556
Fra:590 Mem:223.84M (Peak 223.84M) | Time:00:00.31 | Mem:0.00M, Peak:0.00M | Scene, ViewLayer | Synchronizing object | ENV_leaf_555
Fra:590 Mem:223.84M (Peak 223.84M) | Time:00:00.31 | Mem:0.00M, Peak:0.00M | Scene, ViewLayer | Synchronizing object | ENV_leaf_554
Fra:590 Mem:223.89M (Peak 223.89M) | Time:00:00.31 | Mem:0.00M, Peak:0.00M | Scene, ViewLayer | Synchronizing object | ENV_leaf_553
Fra:590 Mem:223.90M (Peak 223.90M) | Time:00:00.31 | Mem:0.00M, Peak:0.00M | Scene, ViewLayer | Synchronizing object | ENV_leaf_552
Fra:590 Mem:223.92M (Peak 223.92M) | Time:00:00.31 | Mem:0.00M, Peak:0.00M | Scene, ViewLayer | Synchronizing object | ENV_leaf_551
Fra:590 Mem:223.97M (Peak 223.97M) | Time:00:00.31 | Mem:0.00M, Peak:0.00M | Scene, ViewLayer | Synchronizing object | ENV_leaf_550
Fra:590 Mem:223.98M (Peak 223.98M) | Time:00:00.31 | Mem:0.00M, Peak:0.00M | Scene, ViewLayer | Synchronizing object | ENV_leaf_549
Fra:590 Mem:223.93M (Peak 223.98M) | Time:00:00.31 | Mem:0.00M, Peak:0.00M | Scene, ViewLayer | Synchronizing object | ENV_leaf_548
Fra:590 Mem:223.94M (Peak 223.98M) | Time:00:00.31 | Mem:0.00M, Peak:0.00M | Scene, ViewLayer | Synchronizing object | ENV_leaf_547
Fra:590 Mem:224.01M (Peak 224.01M) | Time:00:00.31 | Mem:0.00M, Peak:0.00M | Scene, ViewLayer | Synchronizing object | ENV_leaf_546
Fra:590 Mem:224.01M (Peak 224.01M) | Time:00:00.31 | Mem:0.00M, Peak:0.00M | Scene, ViewLayer | Synchronizing object | ENV_leaf_545
Fra:590 Mem:224.18M (Peak 224.18M) | Time:00:00.31 | Mem:0.00M, Peak:0.00M | Scene, ViewLayer | Synchronizing object | ENV_leaf_544
Fra:590 Mem:224.24M (Peak 224.24M) | Time:00:00.31 | Mem:0.00M, Peak:0.00M | Scene, ViewLayer | Synchronizing object | ENV_leaf_543
Fra:590 Mem:224.33M (Peak 224.33M) | Time:00:00.31 | Mem:0.00M, Peak:0.00M | Scene, ViewLayer | Synchronizing object | ENV_leaf_542
Fra:590 Mem:224.33M (Peak 224.33M) | Time:00:00.31 | Mem:0.00M, Peak:0.00M | Scene, ViewLayer | Synchronizing object | ENV_leaf_541
Fra:590 Mem:224.35M (Peak 224.35M) | Time:00:00.31 | Mem:0.00M, Peak:0.00M | Scene, ViewLayer | Synchronizing object | ENV_leaf_540
Fra:590 Mem:224.42M (Peak 224.42M) | Time:00:00.31 | Mem:0.00M, Peak:0.00M | Scene, ViewLayer | Synchronizing object | ENV_leaf_539
Fra:590 Mem:224.42M (Peak 224.42M) | Time:00:00.31 | Mem:0.00M, Peak:0.00M | Scene, ViewLayer | Synchronizing object | ENV_leaf_538
Fra:590 Mem:224.43M (Peak 224.43M) | Time:00:00.31 | Mem:0.00M, Peak:0.00M | Scene, ViewLayer | Synchronizing object | ENV_leaf_537
Fra:590 Mem:224.43M (Peak 224.43M) | Time:00:00.31 | Mem:0.00M, Peak:0.00M | Scene, ViewLayer | Synchronizing object | ENV_leaf_536
Fra:590 Mem:224.44M (Peak 224.44M) | Time:00:00.31 | Mem:0.00M, Peak:0.00M | Scene, ViewLayer | Synchronizing object | ENV_leaf_535
Fra:590 Mem:224.44M (Peak 224.44M) | Time:00:00.31 | Mem:0.00M, Peak:0.00M | Scene, ViewLayer | Synchronizing object | ENV_leaf_534
Fra:590 Mem:224.44M (Peak 224.44M) | Time:00:00.31 | Mem:0.00M, Peak:0.00M | Scene, ViewLayer | Synchronizing object | ENV_leaf_533
Fra:590 Mem:224.43M (Peak 224.44M) | Time:00:00.31 | Mem:0.00M, Peak:0.00M | Scene, ViewLayer | Synchronizing object | ENV_leaf_532
Fra:590 Mem:224.44M (Peak 224.44M) | Time:00:00.31 | Mem:0.00M, Peak:0.00M | Scene, ViewLayer | Synchronizing object | ENV_leaf_531
Fra:590 Mem:224.44M (Peak 224.44M) | Time:00:00.31 | Mem:0.00M, Peak:0.00M | Scene, ViewLayer | Synchronizing object | ENV_leaf_530
Fra:590 Mem:224.44M (Peak 224.44M) | Time:00:00.31 | Mem:0.00M, Peak:0.00M | Scene, ViewLayer | Synchronizing object | ENV_leaf_529
Fra:590 Mem:224.45M (Peak 224.45M) | Time:00:00.31 | Mem:0.00M, Peak:0.00M | Scene, ViewLayer | Synchronizing object | ENV_leaf_528
Fra:590 Mem:224.45M (Peak 224.45M) | Time:00:00.31 | Mem:0.00M, Peak:0.00M | Scene, ViewLayer | Synchronizing object | ENV_leaf_527
Fra:590 Mem:224.46M (Peak 224.46M) | Time:00:00.31 | Mem:0.00M, Peak:0.00M | Scene, ViewLayer | Synchronizing object | ENV_leaf_525
Fra:590 Mem:224.46M (Peak 224.46M) | Time:00:00.31 | Mem:0.00M, Peak:0.00M | Scene, ViewLayer | Synchronizing object | ENV_leaf_524
Fra:590 Mem:224.46M (Peak 224.46M) | Time:00:00.31 | Mem:0.00M, Peak:0.00M | Scene, ViewLayer | Synchronizing object | ENV_leaf_523
Fra:590 Mem:224.47M (Peak 224.47M) | Time:00:00.31 | Mem:0.00M, Peak:0.00M | Scene, ViewLayer | Synchronizing object | ENV_leaf_522
Fra:590 Mem:224.47M (Peak 224.47M) | Time:00:00.31 | Mem:0.00M, Peak:0.00M | Scene, ViewLayer | Synchronizing object | ENV_leaf_521
Fra:590 Mem:224.48M (Peak 224.48M) | Time:00:00.31 | Mem:0.00M, Peak:0.00M | Scene, ViewLayer | Synchronizing object | ENV_leaf_520
Fra:590 Mem:224.48M (Peak 224.48M) | Time:00:00.31 | Mem:0.00M, Peak:0.00M | Scene, ViewLayer | Synchronizing object | ENV_leaf_519
Fra:590 Mem:224.48M (Peak 224.48M) | Time:00:00.31 | Mem:0.00M, Peak:0.00M | Scene, ViewLayer | Synchronizing object | ENV_leaf_518
Fra:590 Mem:224.55M (Peak 224.55M) | Time:00:00.31 | Mem:0.00M, Peak:0.00M | Scene, ViewLayer | Synchronizing object | ENV_leaf_517
Fra:590 Mem:224.55M (Peak 224.55M) | Time:00:00.31 | Mem:0.00M, Peak:0.00M | Scene, ViewLayer | Synchronizing object | ENV_leaf_516
Fra:590 Mem:224.56M (Peak 224.56M) | Time:00:00.31 | Mem:0.00M, Peak:0.00M | Scene, ViewLayer | Synchronizing object | ENV_leaf_515
Fra:590 Mem:224.59M (Peak 224.59M) | Time:00:00.31 | Mem:0.00M, Peak:0.00M | Scene, ViewLayer | Synchronizing object | ENV_leaf_514
Fra:590 Mem:224.65M (Peak 224.65M) | Time:00:00.31 | Mem:0.00M, Peak:0.00M | Scene, ViewLayer | Synchronizing object | ENV_leaf_513
Fra:590 Mem:224.66M (Peak 224.66M) | Time:00:00.31 | Mem:0.00M, Peak:0.00M | Scene, ViewLayer | Synchronizing object | ENV_leaf_512
Fra:590 Mem:224.60M (Peak 224.66M) | Time:00:00.31 | Mem:0.00M, Peak:0.00M | Scene, ViewLayer | Synchronizing object | ENV_fern_35
Fra:590 Mem:224.68M (Peak 224.68M) | Time:00:00.31 | Mem:0.00M, Peak:0.00M | Scene, ViewLayer | Synchronizing object | ENV_leaf_511
Fra:590 Mem:224.69M (Peak 224.69M) | Time:00:00.31 | Mem:0.00M, Peak:0.00M | Scene, ViewLayer | Synchronizing object | ENV_leaf_510
Fra:590 Mem:224.89M (Peak 224.89M) | Time:00:00.31 | Mem:0.00M, Peak:0.00M | Scene, ViewLayer | Synchronizing object | ENV_leaf_509
Fra:590 Mem:224.97M (Peak 224.97M) | Time:00:00.31 | Mem:0.00M, Peak:0.00M | Scene, ViewLayer | Synchronizing object | ENV_leaf_508
Fra:590 Mem:225.07M (Peak 225.07M) | Time:00:00.31 | Mem:0.00M, Peak:0.00M | Scene, ViewLayer | Synchronizing object | ENV_leaf_507
Fra:590 Mem:225.08M (Peak 225.08M) | Time:00:00.31 | Mem:0.00M, Peak:0.00M | Scene, ViewLayer | Synchronizing object | ENV_leaf_506
Fra:590 Mem:225.08M (Peak 225.08M) | Time:00:00.31 | Mem:0.00M, Peak:0.00M | Scene, ViewLayer | Synchronizing object | ENV_leaf_505
Fra:590 Mem:225.11M (Peak 225.11M) | Time:00:00.31 | Mem:0.00M, Peak:0.00M | Scene, ViewLayer | Synchronizing object | ENV_leaf_504
Fra:590 Mem:225.19M (Peak 225.19M) | Time:00:00.31 | Mem:0.00M, Peak:0.00M | Scene, ViewLayer | Synchronizing object | ENV_leaf_503
Fra:590 Mem:225.19M (Peak 225.19M) | Time:00:00.31 | Mem:0.00M, Peak:0.00M | Scene, ViewLayer | Synchronizing object | ENV_leaf_502
Fra:590 Mem:225.19M (Peak 225.19M) | Time:00:00.31 | Mem:0.00M, Peak:0.00M | Scene, ViewLayer | Synchronizing object | ENV_leaf_501
Fra:590 Mem:225.20M (Peak 225.20M) | Time:00:00.31 | Mem:0.00M, Peak:0.00M | Scene, ViewLayer | Synchronizing object | ENV_leaf_500
Fra:590 Mem:225.20M (Peak 225.20M) | Time:00:00.31 | Mem:0.00M, Peak:0.00M | Scene, ViewLayer | Synchronizing object | ENV_leaf_499
Fra:590 Mem:225.21M (Peak 225.21M) | Time:00:00.31 | Mem:0.00M, Peak:0.00M | Scene, ViewLayer | Synchronizing object | ENV_leaf_498
Fra:590 Mem:225.21M (Peak 225.21M) | Time:00:00.31 | Mem:0.00M, Peak:0.00M | Scene, ViewLayer | Synchronizing object | ENV_leaf_497
Fra:590 Mem:225.19M (Peak 225.21M) | Time:00:00.31 | Mem:0.00M, Peak:0.00M | Scene, ViewLayer | Synchronizing object | ENV_leaf_496
Fra:590 Mem:225.20M (Peak 225.21M) | Time:00:00.31 | Mem:0.00M, Peak:0.00M | Scene, ViewLayer | Synchronizing object | ENV_leaf_495
Fra:590 Mem:225.20M (Peak 225.21M) | Time:00:00.31 | Mem:0.00M, Peak:0.00M | Scene, ViewLayer | Synchronizing object | ENV_leaf_494
Fra:590 Mem:225.21M (Peak 225.21M) | Time:00:00.31 | Mem:0.00M, Peak:0.00M | Scene, ViewLayer | Synchronizing object | ENV_leaf_493
Fra:590 Mem:225.21M (Peak 225.21M) | Time:00:00.31 | Mem:0.00M, Peak:0.00M | Scene, ViewLayer | Synchronizing object | ENV_leaf_492
Fra:590 Mem:225.21M (Peak 225.21M) | Time:00:00.31 | Mem:0.00M, Peak:0.00M | Scene, ViewLayer | Synchronizing object | ENV_leaf_491
Fra:590 Mem:225.22M (Peak 225.22M) | Time:00:00.31 | Mem:0.00M, Peak:0.00M | Scene, ViewLayer | Synchronizing object | ENV_leaf_490
Fra:590 Mem:225.22M (Peak 225.22M) | Time:00:00.31 | Mem:0.00M, Peak:0.00M | Scene, ViewLayer | Synchronizing object | ENV_leaf_489
Fra:590 Mem:225.23M (Peak 225.23M) | Time:00:00.31 | Mem:0.00M, Peak:0.00M | Scene, ViewLayer | Synchronizing object | ENV_leaf_488
Fra:590 Mem:225.23M (Peak 225.23M) | Time:00:00.31 | Mem:0.00M, Peak:0.00M | Scene, ViewLayer | Synchronizing object | ENV_leaf_487
Fra:590 Mem:225.23M (Peak 225.23M) | Time:00:00.31 | Mem:0.00M, Peak:0.00M | Scene, ViewLayer | Synchronizing object | ENV_leaf_486
Fra:590 Mem:225.24M (Peak 225.24M) | Time:00:00.31 | Mem:0.00M, Peak:0.00M | Scene, ViewLayer | Synchronizing object | ENV_leaf_485
Fra:590 Mem:225.24M (Peak 225.24M) | Time:00:00.31 | Mem:0.00M, Peak:0.00M | Scene, ViewLayer | Synchronizing object | ENV_leaf_484
Fra:590 Mem:225.25M (Peak 225.25M) | Time:00:00.31 | Mem:0.00M, Peak:0.00M | Scene, ViewLayer | Synchronizing object | ENV_leaf_483
Fra:590 Mem:225.25M (Peak 225.25M) | Time:00:00.31 | Mem:0.00M, Peak:0.00M | Scene, ViewLayer | Synchronizing object | ENV_leaf_482
Fra:590 Mem:225.26M (Peak 225.26M) | Time:00:00.31 | Mem:0.00M, Peak:0.00M | Scene, ViewLayer | Synchronizing object | ENV_leaf_481
Fra:590 Mem:225.26M (Peak 225.26M) | Time:00:00.31 | Mem:0.00M, Peak:0.00M | Scene, ViewLayer | Synchronizing object | ENV_leaf_480
Fra:590 Mem:225.26M (Peak 225.26M) | Time:00:00.31 | Mem:0.00M, Peak:0.00M | Scene, ViewLayer | Synchronizing object | ENV_leaf_479
Fra:590 Mem:225.27M (Peak 225.27M) | Time:00:00.31 | Mem:0.00M, Peak:0.00M | Scene, ViewLayer | Synchronizing object | ENV_leaf_478
Fra:590 Mem:225.35M (Peak 225.35M) | Time:00:00.31 | Mem:0.00M, Peak:0.00M | Scene, ViewLayer | Synchronizing object | ENV_leaf_477
Fra:590 Mem:225.35M (Peak 225.35M) | Time:00:00.31 | Mem:0.00M, Peak:0.00M | Scene, ViewLayer | Synchronizing object | ENV_leaf_476
Fra:590 Mem:225.38M (Peak 225.38M) | Time:00:00.31 | Mem:0.00M, Peak:0.00M | Scene, ViewLayer | Synchronizing object | ENV_leaf_475
Fra:590 Mem:225.39M (Peak 225.39M) | Time:00:00.31 | Mem:0.00M, Peak:0.00M | Scene, ViewLayer | Synchronizing object | ENV_leaf_474
Fra:590 Mem:225.47M (Peak 225.47M) | Time:00:00.31 | Mem:0.00M, Peak:0.00M | Scene, ViewLayer | Synchronizing object | ENV_leaf_473
Fra:590 Mem:225.47M (Peak 225.47M) | Time:00:00.31 | Mem:0.00M, Peak:0.00M | Scene, ViewLayer | Synchronizing object | ENV_leaf_472
Fra:590 Mem:225.40M (Peak 225.47M) | Time:00:00.31 | Mem:0.00M, Peak:0.00M | Scene, ViewLayer | Synchronizing object | ENV_leaf_471
Fra:590 Mem:225.58M (Peak 225.58M) | Time:00:00.31 | Mem:0.00M, Peak:0.00M | Scene, ViewLayer | Synchronizing object | ENV_leaf_470
Fra:590 Mem:225.70M (Peak 225.70M) | Time:00:00.31 | Mem:0.00M, Peak:0.00M | Scene, ViewLayer | Synchronizing object | ENV_leaf_468
Fra:590 Mem:225.70M (Peak 225.70M) | Time:00:00.31 | Mem:0.00M, Peak:0.00M | Scene, ViewLayer | Synchronizing object | ENV_leaf_467
Fra:590 Mem:225.76M (Peak 225.76M) | Time:00:00.31 | Mem:0.00M, Peak:0.00M | Scene, ViewLayer | Synchronizing object | ENV_leaf_466
Fra:590 Mem:225.77M (Peak 225.77M) | Time:00:00.31 | Mem:0.00M, Peak:0.00M | Scene, ViewLayer | Synchronizing object | ENV_leaf_465
Fra:590 Mem:225.77M (Peak 225.77M) | Time:00:00.31 | Mem:0.00M, Peak:0.00M | Scene, ViewLayer | Synchronizing object | ENV_leaf_464
Fra:590 Mem:225.78M (Peak 225.78M) | Time:00:00.31 | Mem:0.00M, Peak:0.00M | Scene, ViewLayer | Synchronizing object | ENV_leaf_463
Fra:590 Mem:225.78M (Peak 225.78M) | Time:00:00.31 | Mem:0.00M, Peak:0.00M | Scene, ViewLayer | Synchronizing object | ENV_leaf_462
Fra:590 Mem:225.77M (Peak 225.78M) | Time:00:00.31 | Mem:0.00M, Peak:0.00M | Scene, ViewLayer | Synchronizing object | ENV_leaf_461
Fra:590 Mem:225.78M (Peak 225.78M) | Time:00:00.31 | Mem:0.00M, Peak:0.00M | Scene, ViewLayer | Synchronizing object | ENV_leaf_460
Fra:590 Mem:225.78M (Peak 225.78M) | Time:00:00.31 | Mem:0.00M, Peak:0.00M | Scene, ViewLayer | Synchronizing object | ENV_leaf_459
Fra:590 Mem:225.78M (Peak 225.78M) | Time:00:00.31 | Mem:0.00M, Peak:0.00M | Scene, ViewLayer | Synchronizing object | ENV_leaf_458
Fra:590 Mem:225.79M (Peak 225.79M) | Time:00:00.31 | Mem:0.00M, Peak:0.00M | Scene, ViewLayer | Synchronizing object | ENV_leaf_457
Fra:590 Mem:225.79M (Peak 225.79M) | Time:00:00.31 | Mem:0.00M, Peak:0.00M | Scene, ViewLayer | Synchronizing object | ENV_leaf_456
Fra:590 Mem:225.80M (Peak 225.80M) | Time:00:00.31 | Mem:0.00M, Peak:0.00M | Scene, ViewLayer | Synchronizing object | ENV_leaf_455
Fra:590 Mem:225.80M (Peak 225.80M) | Time:00:00.31 | Mem:0.00M, Peak:0.00M | Scene, ViewLayer | Synchronizing object | ENV_leaf_454
Fra:590 Mem:225.80M (Peak 225.80M) | Time:00:00.31 | Mem:0.00M, Peak:0.00M | Scene, ViewLayer | Synchronizing object | ENV_leaf_453
Fra:590 Mem:225.81M (Peak 225.81M) | Time:00:00.31 | Mem:0.00M, Peak:0.00M | Scene, ViewLayer | Synchronizing object | ENV_leaf_452
Fra:590 Mem:225.81M (Peak 225.81M) | Time:00:00.31 | Mem:0.00M, Peak:0.00M | Scene, ViewLayer | Synchronizing object | ENV_leaf_451
Fra:590 Mem:225.86M (Peak 225.86M) | Time:00:00.31 | Mem:0.00M, Peak:0.00M | Scene, ViewLayer | Synchronizing object | ENV_leaf_450
Fra:590 Mem:225.87M (Peak 225.87M) | Time:00:00.31 | Mem:0.00M, Peak:0.00M | Scene, ViewLayer | Synchronizing object | ENV_leaf_449
Fra:590 Mem:225.89M (Peak 225.89M) | Time:00:00.31 | Mem:0.00M, Peak:0.00M | Scene, ViewLayer | Synchronizing object | ENV_leaf_448
Fra:590 Mem:225.94M (Peak 225.94M) | Time:00:00.31 | Mem:0.00M, Peak:0.00M | Scene, ViewLayer | Synchronizing object | ENV_leaf_447
Fra:590 Mem:225.95M (Peak 225.95M) | Time:00:00.31 | Mem:0.00M, Peak:0.00M | Scene, ViewLayer | Synchronizing object | ENV_leaf_446
Fra:590 Mem:225.90M (Peak 225.95M) | Time:00:00.31 | Mem:0.00M, Peak:0.00M | Scene, ViewLayer | Synchronizing object | ENV_fern_37
Fra:590 Mem:225.90M (Peak 225.95M) | Time:00:00.31 | Mem:0.00M, Peak:0.00M | Scene, ViewLayer | Synchronizing object | ENV_leaf_445
Fra:590 Mem:225.98M (Peak 225.98M) | Time:00:00.31 | Mem:0.00M, Peak:0.00M | Scene, ViewLayer | Synchronizing object | ENV_leaf_444
Fra:590 Mem:225.98M (Peak 225.98M) | Time:00:00.31 | Mem:0.00M, Peak:0.00M | Scene, ViewLayer | Synchronizing object | ENV_leaf_443
Fra:590 Mem:226.21M (Peak 226.21M) | Time:00:00.31 | Mem:0.00M, Peak:0.00M | Scene, ViewLayer | Synchronizing object | ENV_leaf_442
Fra:590 Mem:226.29M (Peak 226.29M) | Time:00:00.31 | Mem:0.00M, Peak:0.00M | Scene, ViewLayer | Synchronizing object | ENV_leaf_441
Fra:590 Mem:226.30M (Peak 226.30M) | Time:00:00.31 | Mem:0.00M, Peak:0.00M | Scene, ViewLayer | Synchronizing object | ENV_leaf_440
Fra:590 Mem:226.30M (Peak 226.30M) | Time:00:00.31 | Mem:0.00M, Peak:0.00M | Scene, ViewLayer | Synchronizing object | ENV_leaf_439
Fra:590 Mem:226.37M (Peak 226.37M) | Time:00:00.31 | Mem:0.00M, Peak:0.00M | Scene, ViewLayer | Synchronizing object | ENV_leaf_438
Fra:590 Mem:226.38M (Peak 226.38M) | Time:00:00.31 | Mem:0.00M, Peak:0.00M | Scene, ViewLayer | Synchronizing object | ENV_leaf_437
Fra:590 Mem:226.39M (Peak 226.39M) | Time:00:00.31 | Mem:0.00M, Peak:0.00M | Scene, ViewLayer | Synchronizing object | ENV_leaf_436
Fra:590 Mem:226.39M (Peak 226.39M) | Time:00:00.31 | Mem:0.00M, Peak:0.00M | Scene, ViewLayer | Synchronizing object | ENV_leaf_435
Fra:590 Mem:226.40M (Peak 226.40M) | Time:00:00.31 | Mem:0.00M, Peak:0.00M | Scene, ViewLayer | Synchronizing object | ENV_leaf_434
Fra:590 Mem:226.40M (Peak 226.40M) | Time:00:00.31 | Mem:0.00M, Peak:0.00M | Scene, ViewLayer | Synchronizing object | ENV_leaf_433
Fra:590 Mem:226.40M (Peak 226.40M) | Time:00:00.31 | Mem:0.00M, Peak:0.00M | Scene, ViewLayer | Synchronizing object | ENV_leaf_432
Fra:590 Mem:226.39M (Peak 226.40M) | Time:00:00.31 | Mem:0.00M, Peak:0.00M | Scene, ViewLayer | Synchronizing object | ENV_leaf_431
Fra:590 Mem:226.40M (Peak 226.40M) | Time:00:00.31 | Mem:0.00M, Peak:0.00M | Scene, ViewLayer | Synchronizing object | ENV_leaf_430
Fra:590 Mem:226.40M (Peak 226.40M) | Time:00:00.31 | Mem:0.00M, Peak:0.00M | Scene, ViewLayer | Synchronizing object | ENV_leaf_429
Fra:590 Mem:226.41M (Peak 226.41M) | Time:00:00.31 | Mem:0.00M, Peak:0.00M | Scene, ViewLayer | Synchronizing object | ENV_leaf_428
Fra:590 Mem:226.41M (Peak 226.41M) | Time:00:00.31 | Mem:0.00M, Peak:0.00M | Scene, ViewLayer | Synchronizing object | ENV_leaf_427
Fra:590 Mem:226.41M (Peak 226.41M) | Time:00:00.31 | Mem:0.00M, Peak:0.00M | Scene, ViewLayer | Synchronizing object | ENV_leaf_426
Fra:590 Mem:226.42M (Peak 226.42M) | Time:00:00.31 | Mem:0.00M, Peak:0.00M | Scene, ViewLayer | Synchronizing object | ENV_leaf_425
Fra:590 Mem:226.42M (Peak 226.42M) | Time:00:00.31 | Mem:0.00M, Peak:0.00M | Scene, ViewLayer | Synchronizing object | ENV_leaf_424
Fra:590 Mem:226.43M (Peak 226.43M) | Time:00:00.31 | Mem:0.00M, Peak:0.00M | Scene, ViewLayer | Synchronizing object | ENV_leaf_423
Fra:590 Mem:226.43M (Peak 226.43M) | Time:00:00.31 | Mem:0.00M, Peak:0.00M | Scene, ViewLayer | Synchronizing object | ENV_leaf_422
Fra:590 Mem:226.43M (Peak 226.43M) | Time:00:00.31 | Mem:0.00M, Peak:0.00M | Scene, ViewLayer | Synchronizing object | ENV_leaf_421
Fra:590 Mem:226.44M (Peak 226.44M) | Time:00:00.31 | Mem:0.00M, Peak:0.00M | Scene, ViewLayer | Synchronizing object | ENV_leaf_420
Fra:590 Mem:226.44M (Peak 226.44M) | Time:00:00.31 | Mem:0.00M, Peak:0.00M | Scene, ViewLayer | Synchronizing object | ENV_leaf_419
Fra:590 Mem:226.45M (Peak 226.45M) | Time:00:00.31 | Mem:0.00M, Peak:0.00M | Scene, ViewLayer | Synchronizing object | ENV_leaf_418
Fra:590 Mem:226.45M (Peak 226.45M) | Time:00:00.31 | Mem:0.00M, Peak:0.00M | Scene, ViewLayer | Synchronizing object | ENV_leaf_417
Fra:590 Mem:226.52M (Peak 226.52M) | Time:00:00.31 | Mem:0.00M, Peak:0.00M | Scene, ViewLayer | Synchronizing object | ENV_leaf_416
Fra:590 Mem:226.52M (Peak 226.52M) | Time:00:00.31 | Mem:0.00M, Peak:0.00M | Scene, ViewLayer | Synchronizing object | ENV_leaf_415
Fra:590 Mem:226.55M (Peak 226.55M) | Time:00:00.31 | Mem:0.00M, Peak:0.00M | Scene, ViewLayer | Synchronizing object | ENV_leaf_414
Fra:590 Mem:226.61M (Peak 226.61M) | Time:00:00.31 | Mem:0.00M, Peak:0.00M | Scene, ViewLayer | Synchronizing object | ENV_leaf_413
Fra:590 Mem:226.62M (Peak 226.62M) | Time:00:00.31 | Mem:0.00M, Peak:0.00M | Scene, ViewLayer | Synchronizing object | ENV_leaf_412
Fra:590 Mem:226.56M (Peak 226.62M) | Time:00:00.31 | Mem:0.00M, Peak:0.00M | Scene, ViewLayer | Synchronizing object | ENV_leaf_411
Fra:590 Mem:226.56M (Peak 226.62M) | Time:00:00.31 | Mem:0.00M, Peak:0.00M | Scene, ViewLayer | Synchronizing object | ENV_leaf_410
Fra:590 Mem:226.65M (Peak 226.65M) | Time:00:00.31 | Mem:0.00M, Peak:0.00M | Scene, ViewLayer | Synchronizing object | ENV_leaf_409
Fra:590 Mem:226.66M (Peak 226.66M) | Time:00:00.31 | Mem:0.00M, Peak:0.00M | Scene, ViewLayer | Synchronizing object | ENV_leaf_407
Fra:590 Mem:226.66M (Peak 226.66M) | Time:00:00.31 | Mem:0.00M, Peak:0.00M | Scene, ViewLayer | Synchronizing object | ENV_leaf_406
Fra:590 Mem:226.86M (Peak 226.86M) | Time:00:00.31 | Mem:0.00M, Peak:0.00M | Scene, ViewLayer | Synchronizing object | ENV_leaf_405
Fra:590 Mem:226.94M (Peak 226.94M) | Time:00:00.31 | Mem:0.00M, Peak:0.00M | Scene, ViewLayer | Synchronizing object | ENV_leaf_404
Fra:590 Mem:227.05M (Peak 227.05M) | Time:00:00.31 | Mem:0.00M, Peak:0.00M | Scene, ViewLayer | Synchronizing object | ENV_leaf_403
Fra:590 Mem:227.05M (Peak 227.05M) | Time:00:00.31 | Mem:0.00M, Peak:0.00M | Scene, ViewLayer | Synchronizing object | ENV_leaf_402
Fra:590 Mem:227.06M (Peak 227.06M) | Time:00:00.31 | Mem:0.00M, Peak:0.00M | Scene, ViewLayer | Synchronizing object | ENV_leaf_401
Fra:590 Mem:227.08M (Peak 227.08M) | Time:00:00.32 | Mem:0.00M, Peak:0.00M | Scene, ViewLayer | Synchronizing object | ENV_leaf_400
Fra:590 Mem:227.16M (Peak 227.16M) | Time:00:00.32 | Mem:0.00M, Peak:0.00M | Scene, ViewLayer | Synchronizing object | ENV_leaf_399
Fra:590 Mem:227.16M (Peak 227.16M) | Time:00:00.32 | Mem:0.00M, Peak:0.00M | Scene, ViewLayer | Synchronizing object | ENV_leaf_398
Fra:590 Mem:227.17M (Peak 227.17M) | Time:00:00.32 | Mem:0.00M, Peak:0.00M | Scene, ViewLayer | Synchronizing object | ENV_leaf_397
Fra:590 Mem:227.17M (Peak 227.17M) | Time:00:00.32 | Mem:0.00M, Peak:0.00M | Scene, ViewLayer | Synchronizing object | ENV_leaf_396
Fra:590 Mem:227.17M (Peak 227.17M) | Time:00:00.32 | Mem:0.00M, Peak:0.00M | Scene, ViewLayer | Synchronizing object | ENV_leaf_395
Fra:590 Mem:227.18M (Peak 227.18M) | Time:00:00.32 | Mem:0.00M, Peak:0.00M | Scene, ViewLayer | Synchronizing object | ENV_leaf_394
Fra:590 Mem:227.18M (Peak 227.18M) | Time:00:00.32 | Mem:0.00M, Peak:0.00M | Scene, ViewLayer | Synchronizing object | ENV_leaf_393
Fra:590 Mem:227.17M (Peak 227.18M) | Time:00:00.32 | Mem:0.00M, Peak:0.00M | Scene, ViewLayer | Synchronizing object | ENV_leaf_392
Fra:590 Mem:227.17M (Peak 227.18M) | Time:00:00.32 | Mem:0.00M, Peak:0.00M | Scene, ViewLayer | Synchronizing object | ENV_leaf_391
Fra:590 Mem:227.18M (Peak 227.18M) | Time:00:00.32 | Mem:0.00M, Peak:0.00M | Scene, ViewLayer | Synchronizing object | ENV_leaf_390
Fra:590 Mem:227.18M (Peak 227.18M) | Time:00:00.32 | Mem:0.00M, Peak:0.00M | Scene, ViewLayer | Synchronizing object | ENV_leaf_389
Fra:590 Mem:227.18M (Peak 227.18M) | Time:00:00.32 | Mem:0.00M, Peak:0.00M | Scene, ViewLayer | Synchronizing object | ENV_leaf_388
Fra:590 Mem:227.19M (Peak 227.19M) | Time:00:00.32 | Mem:0.00M, Peak:0.00M | Scene, ViewLayer | Synchronizing object | ENV_leaf_387
Fra:590 Mem:227.19M (Peak 227.19M) | Time:00:00.32 | Mem:0.00M, Peak:0.00M | Scene, ViewLayer | Synchronizing object | ENV_leaf_386
Fra:590 Mem:227.20M (Peak 227.20M) | Time:00:00.32 | Mem:0.00M, Peak:0.00M | Scene, ViewLayer | Synchronizing object | ENV_leaf_385
Fra:590 Mem:227.20M (Peak 227.20M) | Time:00:00.32 | Mem:0.00M, Peak:0.00M | Scene, ViewLayer | Synchronizing object | ENV_leaf_384
Fra:590 Mem:227.20M (Peak 227.20M) | Time:00:00.32 | Mem:0.00M, Peak:0.00M | Scene, ViewLayer | Synchronizing object | ENV_leaf_383
Fra:590 Mem:227.21M (Peak 227.21M) | Time:00:00.32 | Mem:0.00M, Peak:0.00M | Scene, ViewLayer | Synchronizing object | ENV_leaf_382
Fra:590 Mem:227.21M (Peak 227.21M) | Time:00:00.32 | Mem:0.00M, Peak:0.00M | Scene, ViewLayer | Synchronizing object | ENV_leaf_381
Fra:590 Mem:227.22M (Peak 227.22M) | Time:00:00.32 | Mem:0.00M, Peak:0.00M | Scene, ViewLayer | Synchronizing object | ENV_leaf_380
Fra:590 Mem:227.22M (Peak 227.22M) | Time:00:00.32 | Mem:0.00M, Peak:0.00M | Scene, ViewLayer | Synchronizing object | ENV_leaf_379
Fra:590 Mem:227.22M (Peak 227.22M) | Time:00:00.32 | Mem:0.00M, Peak:0.00M | Scene, ViewLayer | Synchronizing object | ENV_leaf_378
Fra:590 Mem:227.23M (Peak 227.23M) | Time:00:00.32 | Mem:0.00M, Peak:0.00M | Scene, ViewLayer | Synchronizing object | ENV_leaf_377
Fra:590 Mem:227.23M (Peak 227.23M) | Time:00:00.32 | Mem:0.00M, Peak:0.00M | Scene, ViewLayer | Synchronizing object | ENV_leaf_376
Fra:590 Mem:227.31M (Peak 227.31M) | Time:00:00.32 | Mem:0.00M, Peak:0.00M | Scene, ViewLayer | Synchronizing object | ENV_leaf_375
Fra:590 Mem:227.32M (Peak 227.32M) | Time:00:00.32 | Mem:0.00M, Peak:0.00M | Scene, ViewLayer | Synchronizing object | ENV_leaf_374
Fra:590 Mem:227.35M (Peak 227.35M) | Time:00:00.32 | Mem:0.00M, Peak:0.00M | Scene, ViewLayer | Synchronizing object | ENV_leaf_373
Fra:590 Mem:227.35M (Peak 227.35M) | Time:00:00.32 | Mem:0.00M, Peak:0.00M | Scene, ViewLayer | Synchronizing object | ENV_leaf_372
Fra:590 Mem:227.43M (Peak 227.43M) | Time:00:00.32 | Mem:0.00M, Peak:0.00M | Scene, ViewLayer | Synchronizing object | ENV_leaf_371
Fra:590 Mem:227.44M (Peak 227.44M) | Time:00:00.32 | Mem:0.00M, Peak:0.00M | Scene, ViewLayer | Synchronizing object | ENV_leaf_370
Fra:590 Mem:227.37M (Peak 227.44M) | Time:00:00.32 | Mem:0.00M, Peak:0.00M | Scene, ViewLayer | Synchronizing object | ENV_leaf_369
Fra:590 Mem:227.37M (Peak 227.44M) | Time:00:00.32 | Mem:0.00M, Peak:0.00M | Scene, ViewLayer | Synchronizing object | ENV_leaf_368
Fra:590 Mem:227.43M (Peak 227.44M) | Time:00:00.32 | Mem:0.00M, Peak:0.00M | Scene, ViewLayer | Synchronizing object | ENV_leaf_367
Fra:590 Mem:227.43M (Peak 227.44M) | Time:00:00.32 | Mem:0.00M, Peak:0.00M | Scene, ViewLayer | Synchronizing object | ENV_leaf_366
Fra:590 Mem:227.56M (Peak 227.56M) | Time:00:00.32 | Mem:0.00M, Peak:0.00M | Scene, ViewLayer | Synchronizing object | ENV_leaf_365
Fra:590 Mem:227.61M (Peak 227.61M) | Time:00:00.32 | Mem:0.00M, Peak:0.00M | Scene, ViewLayer | Synchronizing object | ENV_leaf_364
Fra:590 Mem:227.68M (Peak 227.68M) | Time:00:00.32 | Mem:0.00M, Peak:0.00M | Scene, ViewLayer | Synchronizing object | ENV_leaf_363
Fra:590 Mem:227.68M (Peak 227.68M) | Time:00:00.32 | Mem:0.00M, Peak:0.00M | Scene, ViewLayer | Synchronizing object | ENV_leaf_362
Fra:590 Mem:227.74M (Peak 227.74M) | Time:00:00.32 | Mem:0.00M, Peak:0.00M | Scene, ViewLayer | Synchronizing object | ENV_leaf_361
Fra:590 Mem:227.75M (Peak 227.75M) | Time:00:00.32 | Mem:0.00M, Peak:0.00M | Scene, ViewLayer | Synchronizing object | ENV_leaf_360
Fra:590 Mem:227.75M (Peak 227.75M) | Time:00:00.32 | Mem:0.00M, Peak:0.00M | Scene, ViewLayer | Synchronizing object | ENV_leaf_359
Fra:590 Mem:227.76M (Peak 227.76M) | Time:00:00.32 | Mem:0.00M, Peak:0.00M | Scene, ViewLayer | Synchronizing object | ENV_leaf_358
Fra:590 Mem:227.76M (Peak 227.76M) | Time:00:00.32 | Mem:0.00M, Peak:0.00M | Scene, ViewLayer | Synchronizing object | ENV_leaf_357
Fra:590 Mem:227.75M (Peak 227.76M) | Time:00:00.32 | Mem:0.00M, Peak:0.00M | Scene, ViewLayer | Synchronizing object | ENV_leaf_356
Fra:590 Mem:227.76M (Peak 227.76M) | Time:00:00.32 | Mem:0.00M, Peak:0.00M | Scene, ViewLayer | Synchronizing object | ENV_leaf_355
Fra:590 Mem:227.76M (Peak 227.76M) | Time:00:00.32 | Mem:0.00M, Peak:0.00M | Scene, ViewLayer | Synchronizing object | ENV_leaf_354
Fra:590 Mem:227.76M (Peak 227.76M) | Time:00:00.32 | Mem:0.00M, Peak:0.00M | Scene, ViewLayer | Synchronizing object | ENV_leaf_353
Fra:590 Mem:227.77M (Peak 227.77M) | Time:00:00.32 | Mem:0.00M, Peak:0.00M | Scene, ViewLayer | Synchronizing object | ENV_leaf_352
Fra:590 Mem:227.77M (Peak 227.77M) | Time:00:00.32 | Mem:0.00M, Peak:0.00M | Scene, ViewLayer | Synchronizing object | ENV_leaf_351
Fra:590 Mem:227.78M (Peak 227.78M) | Time:00:00.32 | Mem:0.00M, Peak:0.00M | Scene, ViewLayer | Synchronizing object | ENV_leaf_350
Fra:590 Mem:227.78M (Peak 227.78M) | Time:00:00.32 | Mem:0.00M, Peak:0.00M | Scene, ViewLayer | Synchronizing object | ENV_leaf_349
Fra:590 Mem:227.79M (Peak 227.79M) | Time:00:00.32 | Mem:0.00M, Peak:0.00M | Scene, ViewLayer | Synchronizing object | ENV_leaf_348
Fra:590 Mem:227.79M (Peak 227.79M) | Time:00:00.32 | Mem:0.00M, Peak:0.00M | Scene, ViewLayer | Synchronizing object | ENV_leaf_347
Fra:590 Mem:227.79M (Peak 227.79M) | Time:00:00.32 | Mem:0.00M, Peak:0.00M | Scene, ViewLayer | Synchronizing object | ENV_leaf_346
Fra:590 Mem:227.80M (Peak 227.80M) | Time:00:00.32 | Mem:0.00M, Peak:0.00M | Scene, ViewLayer | Synchronizing object | ENV_leaf_345
Fra:590 Mem:227.85M (Peak 227.85M) | Time:00:00.32 | Mem:0.00M, Peak:0.00M | Scene, ViewLayer | Synchronizing object | ENV_leaf_344
Fra:590 Mem:227.87M (Peak 227.87M) | Time:00:00.32 | Mem:0.00M, Peak:0.00M | Scene, ViewLayer | Synchronizing object | ENV_leaf_343
Fra:590 Mem:227.92M (Peak 227.92M) | Time:00:00.32 | Mem:0.00M, Peak:0.00M | Scene, ViewLayer | Synchronizing object | ENV_leaf_342
Fra:590 Mem:227.93M (Peak 227.93M) | Time:00:00.32 | Mem:0.00M, Peak:0.00M | Scene, ViewLayer | Synchronizing object | ENV_leaf_341
Fra:590 Mem:227.88M (Peak 227.93M) | Time:00:00.32 | Mem:0.00M, Peak:0.00M | Scene, ViewLayer | Synchronizing object | ENV_fern_40
Fra:590 Mem:227.88M (Peak 227.93M) | Time:00:00.32 | Mem:0.00M, Peak:0.00M | Scene, ViewLayer | Synchronizing object | ENV_leaf_340
Fra:590 Mem:227.96M (Peak 227.96M) | Time:00:00.32 | Mem:0.00M, Peak:0.00M | Scene, ViewLayer | Synchronizing object | ENV_leaf_339
Fra:590 Mem:227.96M (Peak 227.96M) | Time:00:00.32 | Mem:0.00M, Peak:0.00M | Scene, ViewLayer | Synchronizing object | ENV_leaf_338
Fra:590 Mem:228.19M (Peak 228.19M) | Time:00:00.32 | Mem:0.00M, Peak:0.00M | Scene, ViewLayer | Synchronizing object | ENV_leaf_337
Fra:590 Mem:228.19M (Peak 228.19M) | Time:00:00.32 | Mem:0.00M, Peak:0.00M | Scene, ViewLayer | Synchronizing object | ENV_leaf_336
Fra:590 Mem:228.28M (Peak 228.28M) | Time:00:00.32 | Mem:0.00M, Peak:0.00M | Scene, ViewLayer | Synchronizing object | ENV_leaf_335
Fra:590 Mem:228.28M (Peak 228.28M) | Time:00:00.32 | Mem:0.00M, Peak:0.00M | Scene, ViewLayer | Synchronizing object | ENV_leaf_334
Fra:590 Mem:228.30M (Peak 228.30M) | Time:00:00.32 | Mem:0.00M, Peak:0.00M | Scene, ViewLayer | Synchronizing object | ENV_leaf_333
Fra:590 Mem:228.37M (Peak 228.37M) | Time:00:00.32 | Mem:0.00M, Peak:0.00M | Scene, ViewLayer | Synchronizing object | ENV_leaf_332
Fra:590 Mem:228.37M (Peak 228.37M) | Time:00:00.32 | Mem:0.00M, Peak:0.00M | Scene, ViewLayer | Synchronizing object | ENV_leaf_331
Fra:590 Mem:228.37M (Peak 228.37M) | Time:00:00.32 | Mem:0.00M, Peak:0.00M | Scene, ViewLayer | Synchronizing object | ENV_leaf_330
Fra:590 Mem:228.38M (Peak 228.38M) | Time:00:00.32 | Mem:0.00M, Peak:0.00M | Scene, ViewLayer | Synchronizing object | ENV_leaf_329
Fra:590 Mem:228.38M (Peak 228.38M) | Time:00:00.32 | Mem:0.00M, Peak:0.00M | Scene, ViewLayer | Synchronizing object | ENV_leaf_328
Fra:590 Mem:228.39M (Peak 228.39M) | Time:00:00.32 | Mem:0.00M, Peak:0.00M | Scene, ViewLayer | Synchronizing object | ENV_leaf_327
Fra:590 Mem:228.37M (Peak 228.39M) | Time:00:00.32 | Mem:0.00M, Peak:0.00M | Scene, ViewLayer | Synchronizing object | ENV_leaf_326
Fra:590 Mem:228.38M (Peak 228.39M) | Time:00:00.32 | Mem:0.00M, Peak:0.00M | Scene, ViewLayer | Synchronizing object | ENV_leaf_325
Fra:590 Mem:228.38M (Peak 228.39M) | Time:00:00.32 | Mem:0.00M, Peak:0.00M | Scene, ViewLayer | Synchronizing object | ENV_leaf_324
Fra:590 Mem:228.39M (Peak 228.39M) | Time:00:00.32 | Mem:0.00M, Peak:0.00M | Scene, ViewLayer | Synchronizing object | ENV_leaf_323
Fra:590 Mem:228.39M (Peak 228.39M) | Time:00:00.32 | Mem:0.00M, Peak:0.00M | Scene, ViewLayer | Synchronizing object | ENV_leaf_322
Fra:590 Mem:228.39M (Peak 228.39M) | Time:00:00.32 | Mem:0.00M, Peak:0.00M | Scene, ViewLayer | Synchronizing object | ENV_leaf_321
Fra:590 Mem:228.40M (Peak 228.40M) | Time:00:00.32 | Mem:0.00M, Peak:0.00M | Scene, ViewLayer | Synchronizing object | ENV_leaf_320
Fra:590 Mem:228.40M (Peak 228.40M) | Time:00:00.32 | Mem:0.00M, Peak:0.00M | Scene, ViewLayer | Synchronizing object | ENV_leaf_319
Fra:590 Mem:228.41M (Peak 228.41M) | Time:00:00.32 | Mem:0.00M, Peak:0.00M | Scene, ViewLayer | Synchronizing object | ENV_leaf_318
Fra:590 Mem:228.41M (Peak 228.41M) | Time:00:00.32 | Mem:0.00M, Peak:0.00M | Scene, ViewLayer | Synchronizing object | ENV_leaf_317
Fra:590 Mem:228.42M (Peak 228.42M) | Time:00:00.32 | Mem:0.00M, Peak:0.00M | Scene, ViewLayer | Synchronizing object | ENV_leaf_316
Fra:590 Mem:228.42M (Peak 228.42M) | Time:00:00.32 | Mem:0.00M, Peak:0.00M | Scene, ViewLayer | Synchronizing object | ENV_leaf_315
Fra:590 Mem:228.42M (Peak 228.42M) | Time:00:00.32 | Mem:0.00M, Peak:0.00M | Scene, ViewLayer | Synchronizing object | ENV_leaf_314
Fra:590 Mem:228.43M (Peak 228.43M) | Time:00:00.32 | Mem:0.00M, Peak:0.00M | Scene, ViewLayer | Synchronizing object | ENV_leaf_313
Fra:590 Mem:228.43M (Peak 228.43M) | Time:00:00.32 | Mem:0.00M, Peak:0.00M | Scene, ViewLayer | Synchronizing object | ENV_leaf_312
Fra:590 Mem:228.50M (Peak 228.50M) | Time:00:00.32 | Mem:0.00M, Peak:0.00M | Scene, ViewLayer | Synchronizing object | ENV_leaf_311
Fra:590 Mem:228.50M (Peak 228.50M) | Time:00:00.32 | Mem:0.00M, Peak:0.00M | Scene, ViewLayer | Synchronizing object | ENV_leaf_310
Fra:590 Mem:228.53M (Peak 228.53M) | Time:00:00.32 | Mem:0.00M, Peak:0.00M | Scene, ViewLayer | Synchronizing object | ENV_leaf_309
Fra:590 Mem:228.59M (Peak 228.59M) | Time:00:00.32 | Mem:0.00M, Peak:0.00M | Scene, ViewLayer | Synchronizing object | ENV_leaf_308
Fra:590 Mem:228.60M (Peak 228.60M) | Time:00:00.32 | Mem:0.00M, Peak:0.00M | Scene, ViewLayer | Synchronizing object | ENV_leaf_307
Fra:590 Mem:228.54M (Peak 228.60M) | Time:00:00.32 | Mem:0.00M, Peak:0.00M | Scene, ViewLayer | Synchronizing object | ENV_fern_41
Fra:590 Mem:228.63M (Peak 228.63M) | Time:00:00.32 | Mem:0.00M, Peak:0.00M | Scene, ViewLayer | Synchronizing object | ENV_leaf_306
Fra:590 Mem:228.63M (Peak 228.63M) | Time:00:00.32 | Mem:0.00M, Peak:0.00M | Scene, ViewLayer | Synchronizing object | ENV_leaf_305
Fra:590 Mem:228.83M (Peak 228.83M) | Time:00:00.32 | Mem:0.00M, Peak:0.00M | Scene, ViewLayer | Synchronizing object | ENV_leaf_304
Fra:590 Mem:228.91M (Peak 228.91M) | Time:00:00.32 | Mem:0.00M, Peak:0.00M | Scene, ViewLayer | Synchronizing object | ENV_leaf_303
Fra:590 Mem:229.02M (Peak 229.02M) | Time:00:00.32 | Mem:0.00M, Peak:0.00M | Scene, ViewLayer | Synchronizing object | ENV_leaf_302
Fra:590 Mem:229.02M (Peak 229.02M) | Time:00:00.32 | Mem:0.00M, Peak:0.00M | Scene, ViewLayer | Synchronizing object | ENV_leaf_301
Fra:590 Mem:229.02M (Peak 229.02M) | Time:00:00.32 | Mem:0.00M, Peak:0.00M | Scene, ViewLayer | Synchronizing object | ENV_leaf_300
Fra:590 Mem:229.03M (Peak 229.03M) | Time:00:00.32 | Mem:0.00M, Peak:0.00M | Scene, ViewLayer | Synchronizing object | ENV_leaf_299
Fra:590 Mem:229.05M (Peak 229.05M) | Time:00:00.32 | Mem:0.00M, Peak:0.00M | Scene, ViewLayer | Synchronizing object | ENV_leaf_298
Fra:590 Mem:229.11M (Peak 229.11M) | Time:00:00.32 | Mem:0.00M, Peak:0.00M | Scene, ViewLayer | Synchronizing object | ENV_leaf_297
Fra:590 Mem:229.14M (Peak 229.14M) | Time:00:00.32 | Mem:0.00M, Peak:0.00M | Scene, ViewLayer | Synchronizing object | ENV_leaf_296
Fra:590 Mem:229.14M (Peak 229.14M) | Time:00:00.32 | Mem:0.00M, Peak:0.00M | Scene, ViewLayer | Synchronizing object | ENV_leaf_295
Fra:590 Mem:229.14M (Peak 229.14M) | Time:00:00.32 | Mem:0.00M, Peak:0.00M | Scene, ViewLayer | Synchronizing object | ENV_leaf_294
Fra:590 Mem:229.15M (Peak 229.15M) | Time:00:00.32 | Mem:0.00M, Peak:0.00M | Scene, ViewLayer | Synchronizing object | ENV_leaf_292
Fra:590 Mem:229.15M (Peak 229.15M) | Time:00:00.32 | Mem:0.00M, Peak:0.00M | Scene, ViewLayer | Synchronizing object | ENV_leaf_291
Fra:590 Mem:229.16M (Peak 229.16M) | Time:00:00.32 | Mem:0.00M, Peak:0.00M | Scene, ViewLayer | Synchronizing object | ENV_leaf_290
Fra:590 Mem:229.16M (Peak 229.16M) | Time:00:00.32 | Mem:0.00M, Peak:0.00M | Scene, ViewLayer | Synchronizing object | ENV_leaf_289
Fra:590 Mem:229.16M (Peak 229.16M) | Time:00:00.32 | Mem:0.00M, Peak:0.00M | Scene, ViewLayer | Synchronizing object | ENV_leaf_288
Fra:590 Mem:229.15M (Peak 229.16M) | Time:00:00.32 | Mem:0.00M, Peak:0.00M | Scene, ViewLayer | Synchronizing object | ENV_leaf_287
Fra:590 Mem:229.15M (Peak 229.16M) | Time:00:00.32 | Mem:0.00M, Peak:0.00M | Scene, ViewLayer | Synchronizing object | ENV_leaf_286
Fra:590 Mem:229.16M (Peak 229.16M) | Time:00:00.32 | Mem:0.00M, Peak:0.00M | Scene, ViewLayer | Synchronizing object | ENV_leaf_285
Fra:590 Mem:229.16M (Peak 229.16M) | Time:00:00.32 | Mem:0.00M, Peak:0.00M | Scene, ViewLayer | Synchronizing object | ENV_leaf_284
Fra:590 Mem:229.17M (Peak 229.17M) | Time:00:00.32 | Mem:0.00M, Peak:0.00M | Scene, ViewLayer | Synchronizing object | ENV_leaf_283
Fra:590 Mem:229.17M (Peak 229.17M) | Time:00:00.32 | Mem:0.00M, Peak:0.00M | Scene, ViewLayer | Synchronizing object | ENV_leaf_282
Fra:590 Mem:229.17M (Peak 229.17M) | Time:00:00.32 | Mem:0.00M, Peak:0.00M | Scene, ViewLayer | Synchronizing object | ENV_leaf_281
Fra:590 Mem:229.18M (Peak 229.18M) | Time:00:00.32 | Mem:0.00M, Peak:0.00M | Scene, ViewLayer | Synchronizing object | ENV_leaf_280
Fra:590 Mem:229.18M (Peak 229.18M) | Time:00:00.32 | Mem:0.00M, Peak:0.00M | Scene, ViewLayer | Synchronizing object | ENV_leaf_279
Fra:590 Mem:229.19M (Peak 229.19M) | Time:00:00.32 | Mem:0.00M, Peak:0.00M | Scene, ViewLayer | Synchronizing object | ENV_leaf_278
Fra:590 Mem:229.19M (Peak 229.19M) | Time:00:00.32 | Mem:0.00M, Peak:0.00M | Scene, ViewLayer | Synchronizing object | ENV_leaf_277
Fra:590 Mem:229.19M (Peak 229.19M) | Time:00:00.32 | Mem:0.00M, Peak:0.00M | Scene, ViewLayer | Synchronizing object | ENV_leaf_276
Fra:590 Mem:229.20M (Peak 229.20M) | Time:00:00.32 | Mem:0.00M, Peak:0.00M | Scene, ViewLayer | Synchronizing object | ENV_leaf_275
Fra:590 Mem:229.20M (Peak 229.20M) | Time:00:00.32 | Mem:0.00M, Peak:0.00M | Scene, ViewLayer | Synchronizing object | ENV_leaf_274
Fra:590 Mem:229.21M (Peak 229.21M) | Time:00:00.32 | Mem:0.00M, Peak:0.00M | Scene, ViewLayer | Synchronizing object | ENV_leaf_273
Fra:590 Mem:229.21M (Peak 229.21M) | Time:00:00.32 | Mem:0.00M, Peak:0.00M | Scene, ViewLayer | Synchronizing object | ENV_leaf_272
Fra:590 Mem:229.21M (Peak 229.21M) | Time:00:00.32 | Mem:0.00M, Peak:0.00M | Scene, ViewLayer | Synchronizing object | ENV_leaf_271
Fra:590 Mem:229.22M (Peak 229.22M) | Time:00:00.32 | Mem:0.00M, Peak:0.00M | Scene, ViewLayer | Synchronizing object | ENV_leaf_270
Fra:590 Mem:229.22M (Peak 229.22M) | Time:00:00.32 | Mem:0.00M, Peak:0.00M | Scene, ViewLayer | Synchronizing object | ENV_leaf_269
Fra:590 Mem:229.30M (Peak 229.30M) | Time:00:00.32 | Mem:0.00M, Peak:0.00M | Scene, ViewLayer | Synchronizing object | ENV_leaf_268
Fra:590 Mem:229.31M (Peak 229.31M) | Time:00:00.32 | Mem:0.00M, Peak:0.00M | Scene, ViewLayer | Synchronizing object | ENV_leaf_267
Fra:590 Mem:229.31M (Peak 229.31M) | Time:00:00.32 | Mem:0.00M, Peak:0.00M | Scene, ViewLayer | Synchronizing object | ENV_leaf_266
Fra:590 Mem:229.31M (Peak 229.31M) | Time:00:00.32 | Mem:0.00M, Peak:0.00M | Scene, ViewLayer | Synchronizing object | ENV_leaf_265
Fra:590 Mem:229.35M (Peak 229.35M) | Time:00:00.32 | Mem:0.00M, Peak:0.00M | Scene, ViewLayer | Synchronizing object | ENV_leaf_264
Fra:590 Mem:229.43M (Peak 229.43M) | Time:00:00.32 | Mem:0.00M, Peak:0.00M | Scene, ViewLayer | Synchronizing object | ENV_leaf_263
Fra:590 Mem:229.43M (Peak 229.43M) | Time:00:00.32 | Mem:0.00M, Peak:0.00M | Scene, ViewLayer | Synchronizing object | ENV_leaf_262
Fra:590 Mem:229.44M (Peak 229.44M) | Time:00:00.32 | Mem:0.00M, Peak:0.00M | Scene, ViewLayer | Synchronizing object | ENV_leaf_261
Fra:590 Mem:229.44M (Peak 229.44M) | Time:00:00.32 | Mem:0.00M, Peak:0.00M | Scene, ViewLayer | Synchronizing object | ENV_leaf_260
Fra:590 Mem:229.37M (Peak 229.44M) | Time:00:00.32 | Mem:0.00M, Peak:0.00M | Scene, ViewLayer | Synchronizing object | ENV_leaf_259
Fra:590 Mem:229.37M (Peak 229.44M) | Time:00:00.32 | Mem:0.00M, Peak:0.00M | Scene, ViewLayer | Synchronizing object | ENV_fern_42
Fra:590 Mem:229.42M (Peak 229.44M) | Time:00:00.32 | Mem:0.00M, Peak:0.00M | Scene, ViewLayer | Synchronizing object | ENV_leaf_258
Fra:590 Mem:229.55M (Peak 229.55M) | Time:00:00.32 | Mem:0.00M, Peak:0.00M | Scene, ViewLayer | Synchronizing object | ENV_leaf_257
Fra:590 Mem:229.60M (Peak 229.60M) | Time:00:00.32 | Mem:0.00M, Peak:0.00M | Scene, ViewLayer | Synchronizing object | ENV_leaf_256
Fra:590 Mem:229.61M (Peak 229.61M) | Time:00:00.32 | Mem:0.00M, Peak:0.00M | Scene, ViewLayer | Synchronizing object | ENV_leaf_255
Fra:590 Mem:229.67M (Peak 229.67M) | Time:00:00.32 | Mem:0.00M, Peak:0.00M | Scene, ViewLayer | Synchronizing object | ENV_leaf_254
Fra:590 Mem:229.68M (Peak 229.68M) | Time:00:00.32 | Mem:0.00M, Peak:0.00M | Scene, ViewLayer | Synchronizing object | ENV_leaf_253
Fra:590 Mem:229.69M (Peak 229.69M) | Time:00:00.32 | Mem:0.00M, Peak:0.00M | Scene, ViewLayer | Synchronizing object | ENV_leaf_252
Fra:590 Mem:229.75M (Peak 229.75M) | Time:00:00.32 | Mem:0.00M, Peak:0.00M | Scene, ViewLayer | Synchronizing object | ENV_leaf_251
Fra:590 Mem:229.75M (Peak 229.75M) | Time:00:00.32 | Mem:0.00M, Peak:0.00M | Scene, ViewLayer | Synchronizing object | ENV_leaf_250
Fra:590 Mem:229.75M (Peak 229.75M) | Time:00:00.32 | Mem:0.00M, Peak:0.00M | Scene, ViewLayer | Synchronizing object | ENV_leaf_249
Fra:590 Mem:229.76M (Peak 229.76M) | Time:00:00.32 | Mem:0.00M, Peak:0.00M | Scene, ViewLayer | Synchronizing object | ENV_leaf_248
Fra:590 Mem:229.76M (Peak 229.76M) | Time:00:00.32 | Mem:0.00M, Peak:0.00M | Scene, ViewLayer | Synchronizing object | ENV_leaf_247
Fra:590 Mem:229.75M (Peak 229.76M) | Time:00:00.32 | Mem:0.00M, Peak:0.00M | Scene, ViewLayer | Synchronizing object | ENV_leaf_246
Fra:590 Mem:229.76M (Peak 229.76M) | Time:00:00.32 | Mem:0.00M, Peak:0.00M | Scene, ViewLayer | Synchronizing object | ENV_leaf_245
Fra:590 Mem:229.76M (Peak 229.76M) | Time:00:00.32 | Mem:0.00M, Peak:0.00M | Scene, ViewLayer | Synchronizing object | ENV_leaf_244
Fra:590 Mem:229.77M (Peak 229.77M) | Time:00:00.32 | Mem:0.00M, Peak:0.00M | Scene, ViewLayer | Synchronizing object | ENV_leaf_243
Fra:590 Mem:229.77M (Peak 229.77M) | Time:00:00.32 | Mem:0.00M, Peak:0.00M | Scene, ViewLayer | Synchronizing object | ENV_leaf_242
Fra:590 Mem:229.77M (Peak 229.77M) | Time:00:00.32 | Mem:0.00M, Peak:0.00M | Scene, ViewLayer | Synchronizing object | ENV_leaf_241
Fra:590 Mem:229.78M (Peak 229.78M) | Time:00:00.32 | Mem:0.00M, Peak:0.00M | Scene, ViewLayer | Synchronizing object | ENV_leaf_240
Fra:590 Mem:229.78M (Peak 229.78M) | Time:00:00.32 | Mem:0.00M, Peak:0.00M | Scene, ViewLayer | Synchronizing object | ENV_leaf_239
Fra:590 Mem:229.79M (Peak 229.79M) | Time:00:00.32 | Mem:0.00M, Peak:0.00M | Scene, ViewLayer | Synchronizing object | ENV_leaf_238
Fra:590 Mem:229.79M (Peak 229.79M) | Time:00:00.32 | Mem:0.00M, Peak:0.00M | Scene, ViewLayer | Synchronizing object | ENV_leaf_237
Fra:590 Mem:229.79M (Peak 229.79M) | Time:00:00.32 | Mem:0.00M, Peak:0.00M | Scene, ViewLayer | Synchronizing object | ENV_leaf_236
Fra:590 Mem:229.80M (Peak 229.80M) | Time:00:00.32 | Mem:0.00M, Peak:0.00M | Scene, ViewLayer | Synchronizing object | ENV_leaf_235
Fra:590 Mem:229.85M (Peak 229.85M) | Time:00:00.32 | Mem:0.00M, Peak:0.00M | Scene, ViewLayer | Synchronizing object | ENV_leaf_234
Fra:590 Mem:229.85M (Peak 229.85M) | Time:00:00.32 | Mem:0.00M, Peak:0.00M | Scene, ViewLayer | Synchronizing object | ENV_leaf_233
Fra:590 Mem:229.86M (Peak 229.86M) | Time:00:00.32 | Mem:0.00M, Peak:0.00M | Scene, ViewLayer | Synchronizing object | ENV_leaf_232
Fra:590 Mem:229.88M (Peak 229.88M) | Time:00:00.32 | Mem:0.00M, Peak:0.00M | Scene, ViewLayer | Synchronizing object | ENV_leaf_231
Fra:590 Mem:229.93M (Peak 229.93M) | Time:00:00.32 | Mem:0.00M, Peak:0.00M | Scene, ViewLayer | Synchronizing object | ENV_leaf_230
Fra:590 Mem:229.94M (Peak 229.94M) | Time:00:00.32 | Mem:0.00M, Peak:0.00M | Scene, ViewLayer | Synchronizing object | ENV_leaf_229
Fra:590 Mem:229.94M (Peak 229.94M) | Time:00:00.32 | Mem:0.00M, Peak:0.00M | Scene, ViewLayer | Synchronizing object | ENV_leaf_228
Fra:590 Mem:229.90M (Peak 229.94M) | Time:00:00.32 | Mem:0.00M, Peak:0.00M | Scene, ViewLayer | Synchronizing object | ENV_fern_43
Fra:590 Mem:229.97M (Peak 229.97M) | Time:00:00.32 | Mem:0.00M, Peak:0.00M | Scene, ViewLayer | Synchronizing object | ENV_leaf_227
Fra:590 Mem:229.97M (Peak 229.97M) | Time:00:00.32 | Mem:0.00M, Peak:0.00M | Scene, ViewLayer | Synchronizing object | ENV_leaf_226
Fra:590 Mem:230.11M (Peak 230.11M) | Time:00:00.32 | Mem:0.00M, Peak:0.00M | Scene, ViewLayer | Synchronizing object | ENV_leaf_225
Fra:590 Mem:230.14M (Peak 230.14M) | Time:00:00.32 | Mem:0.00M, Peak:0.00M | Scene, ViewLayer | Synchronizing object | ENV_leaf_224
Fra:590 Mem:230.20M (Peak 230.20M) | Time:00:00.32 | Mem:0.00M, Peak:0.00M | Scene, ViewLayer | Synchronizing object | ENV_leaf_223
Fra:590 Mem:230.21M (Peak 230.21M) | Time:00:00.32 | Mem:0.00M, Peak:0.00M | Scene, ViewLayer | Synchronizing object | ENV_leaf_222
Fra:590 Mem:230.29M (Peak 230.29M) | Time:00:00.32 | Mem:0.00M, Peak:0.00M | Scene, ViewLayer | Synchronizing object | ENV_leaf_221
Fra:590 Mem:230.30M (Peak 230.30M) | Time:00:00.32 | Mem:0.00M, Peak:0.00M | Scene, ViewLayer | Synchronizing object | ENV_leaf_220
Fra:590 Mem:230.30M (Peak 230.30M) | Time:00:00.32 | Mem:0.00M, Peak:0.00M | Scene, ViewLayer | Synchronizing object | ENV_leaf_219
Fra:590 Mem:230.31M (Peak 230.31M) | Time:00:00.32 | Mem:0.00M, Peak:0.00M | Scene, ViewLayer | Synchronizing object | ENV_leaf_218
Fra:590 Mem:230.37M (Peak 230.37M) | Time:00:00.32 | Mem:0.00M, Peak:0.00M | Scene, ViewLayer | Synchronizing object | ENV_leaf_217
Fra:590 Mem:230.39M (Peak 230.39M) | Time:00:00.32 | Mem:0.00M, Peak:0.00M | Scene, ViewLayer | Synchronizing object | ENV_leaf_216
Fra:590 Mem:230.40M (Peak 230.40M) | Time:00:00.32 | Mem:0.00M, Peak:0.00M | Scene, ViewLayer | Synchronizing object | ENV_leaf_215
Fra:590 Mem:230.40M (Peak 230.40M) | Time:00:00.32 | Mem:0.00M, Peak:0.00M | Scene, ViewLayer | Synchronizing object | ENV_leaf_214
Fra:590 Mem:230.40M (Peak 230.40M) | Time:00:00.32 | Mem:0.00M, Peak:0.00M | Scene, ViewLayer | Synchronizing object | ENV_leaf_213
Fra:590 Mem:230.41M (Peak 230.41M) | Time:00:00.32 | Mem:0.00M, Peak:0.00M | Scene, ViewLayer | Synchronizing object | ENV_leaf_212
Fra:590 Mem:230.41M (Peak 230.41M) | Time:00:00.32 | Mem:0.00M, Peak:0.00M | Scene, ViewLayer | Synchronizing object | ENV_leaf_211
Fra:590 Mem:230.42M (Peak 230.42M) | Time:00:00.32 | Mem:0.00M, Peak:0.00M | Scene, ViewLayer | Synchronizing object | ENV_leaf_210
Fra:590 Mem:230.40M (Peak 230.42M) | Time:00:00.32 | Mem:0.00M, Peak:0.00M | Scene, ViewLayer | Synchronizing object | ENV_leaf_209
Fra:590 Mem:230.41M (Peak 230.42M) | Time:00:00.32 | Mem:0.00M, Peak:0.00M | Scene, ViewLayer | Synchronizing object | ENV_leaf_208
Fra:590 Mem:230.41M (Peak 230.42M) | Time:00:00.32 | Mem:0.00M, Peak:0.00M | Scene, ViewLayer | Synchronizing object | ENV_leaf_207
Fra:590 Mem:230.42M (Peak 230.42M) | Time:00:00.32 | Mem:0.00M, Peak:0.00M | Scene, ViewLayer | Synchronizing object | ENV_leaf_206
Fra:590 Mem:230.42M (Peak 230.42M) | Time:00:00.32 | Mem:0.00M, Peak:0.00M | Scene, ViewLayer | Synchronizing object | ENV_leaf_205
Fra:590 Mem:230.42M (Peak 230.42M) | Time:00:00.32 | Mem:0.00M, Peak:0.00M | Scene, ViewLayer | Synchronizing object | ENV_leaf_204
Fra:590 Mem:230.43M (Peak 230.43M) | Time:00:00.32 | Mem:0.00M, Peak:0.00M | Scene, ViewLayer | Synchronizing object | ENV_leaf_203
Fra:590 Mem:230.43M (Peak 230.43M) | Time:00:00.32 | Mem:0.00M, Peak:0.00M | Scene, ViewLayer | Synchronizing object | ENV_leaf_202
Fra:590 Mem:230.44M (Peak 230.44M) | Time:00:00.32 | Mem:0.00M, Peak:0.00M | Scene, ViewLayer | Synchronizing object | ENV_leaf_201
Fra:590 Mem:230.44M (Peak 230.44M) | Time:00:00.32 | Mem:0.00M, Peak:0.00M | Scene, ViewLayer | Synchronizing object | ENV_leaf_200
Fra:590 Mem:230.44M (Peak 230.44M) | Time:00:00.32 | Mem:0.00M, Peak:0.00M | Scene, ViewLayer | Synchronizing object | ENV_leaf_199
Fra:590 Mem:230.45M (Peak 230.45M) | Time:00:00.32 | Mem:0.00M, Peak:0.00M | Scene, ViewLayer | Synchronizing object | ENV_leaf_198
Fra:590 Mem:230.45M (Peak 230.45M) | Time:00:00.32 | Mem:0.00M, Peak:0.00M | Scene, ViewLayer | Synchronizing object | ENV_leaf_197
Fra:590 Mem:230.46M (Peak 230.46M) | Time:00:00.32 | Mem:0.00M, Peak:0.00M | Scene, ViewLayer | Synchronizing object | ENV_leaf_196
Fra:590 Mem:230.46M (Peak 230.46M) | Time:00:00.32 | Mem:0.00M, Peak:0.00M | Scene, ViewLayer | Synchronizing object | ENV_leaf_195
Fra:590 Mem:230.53M (Peak 230.53M) | Time:00:00.32 | Mem:0.00M, Peak:0.00M | Scene, ViewLayer | Synchronizing object | ENV_leaf_194
Fra:590 Mem:230.53M (Peak 230.53M) | Time:00:00.32 | Mem:0.00M, Peak:0.00M | Scene, ViewLayer | Synchronizing object | ENV_leaf_193
Fra:590 Mem:230.54M (Peak 230.54M) | Time:00:00.32 | Mem:0.00M, Peak:0.00M | Scene, ViewLayer | Synchronizing object | ENV_leaf_192
Fra:590 Mem:230.54M (Peak 230.54M) | Time:00:00.32 | Mem:0.00M, Peak:0.00M | Scene, ViewLayer | Synchronizing object | ENV_leaf_191
Fra:590 Mem:230.57M (Peak 230.57M) | Time:00:00.32 | Mem:0.00M, Peak:0.00M | Scene, ViewLayer | Synchronizing object | ENV_leaf_190
Fra:590 Mem:230.57M (Peak 230.57M) | Time:00:00.32 | Mem:0.00M, Peak:0.00M | Scene, ViewLayer | Synchronizing object | ENV_leaf_189
Fra:590 Mem:230.64M (Peak 230.64M) | Time:00:00.32 | Mem:0.00M, Peak:0.00M | Scene, ViewLayer | Synchronizing object | ENV_leaf_188
Fra:590 Mem:230.64M (Peak 230.64M) | Time:00:00.32 | Mem:0.00M, Peak:0.00M | Scene, ViewLayer | Synchronizing object | ENV_leaf_187
Fra:590 Mem:230.64M (Peak 230.64M) | Time:00:00.32 | Mem:0.00M, Peak:0.00M | Scene, ViewLayer | Synchronizing object | ENV_leaf_186
Fra:590 Mem:230.59M (Peak 230.64M) | Time:00:00.32 | Mem:0.00M, Peak:0.00M | Scene, ViewLayer | Synchronizing object | ENV_fern_44
Fra:590 Mem:230.67M (Peak 230.67M) | Time:00:00.32 | Mem:0.00M, Peak:0.00M | Scene, ViewLayer | Synchronizing object | ENV_leaf_185
Fra:590 Mem:230.68M (Peak 230.68M) | Time:00:00.32 | Mem:0.00M, Peak:0.00M | Scene, ViewLayer | Synchronizing object | ENV_leaf_184
Fra:590 Mem:230.68M (Peak 230.68M) | Time:00:00.32 | Mem:0.00M, Peak:0.00M | Scene, ViewLayer | Synchronizing object | ENV_leaf_183
Fra:590 Mem:230.88M (Peak 230.88M) | Time:00:00.32 | Mem:0.00M, Peak:0.00M | Scene, ViewLayer | Synchronizing object | ENV_leaf_182
Fra:590 Mem:230.89M (Peak 230.89M) | Time:00:00.32 | Mem:0.00M, Peak:0.00M | Scene, ViewLayer | Synchronizing object | ENV_leaf_181
Fra:590 Mem:230.97M (Peak 230.97M) | Time:00:00.32 | Mem:0.00M, Peak:0.00M | Scene, ViewLayer | Synchronizing object | ENV_leaf_180
Fra:590 Mem:230.97M (Peak 230.97M) | Time:00:00.32 | Mem:0.00M, Peak:0.00M | Scene, ViewLayer | Synchronizing object | ENV_leaf_179
Fra:590 Mem:230.97M (Peak 230.97M) | Time:00:00.32 | Mem:0.00M, Peak:0.00M | Scene, ViewLayer | Synchronizing object | ENV_leaf_178
Fra:590 Mem:231.08M (Peak 231.08M) | Time:00:00.32 | Mem:0.00M, Peak:0.00M | Scene, ViewLayer | Synchronizing object | ENV_leaf_177
Fra:590 Mem:231.08M (Peak 231.08M) | Time:00:00.32 | Mem:0.00M, Peak:0.00M | Scene, ViewLayer | Synchronizing object | ENV_leaf_176
Fra:590 Mem:231.09M (Peak 231.09M) | Time:00:00.32 | Mem:0.00M, Peak:0.00M | Scene, ViewLayer | Synchronizing object | ENV_leaf_175
Fra:590 Mem:231.09M (Peak 231.09M) | Time:00:00.32 | Mem:0.00M, Peak:0.00M | Scene, ViewLayer | Synchronizing object | ENV_leaf_174
Fra:590 Mem:231.11M (Peak 231.11M) | Time:00:00.32 | Mem:0.00M, Peak:0.00M | Scene, ViewLayer | Synchronizing object | ENV_leaf_173
Fra:590 Mem:231.19M (Peak 231.19M) | Time:00:00.32 | Mem:0.00M, Peak:0.00M | Scene, ViewLayer | Synchronizing object | ENV_leaf_172
Fra:590 Mem:231.20M (Peak 231.20M) | Time:00:00.32 | Mem:0.00M, Peak:0.00M | Scene, ViewLayer | Synchronizing object | ENV_leaf_171
Fra:590 Mem:231.20M (Peak 231.20M) | Time:00:00.32 | Mem:0.00M, Peak:0.00M | Scene, ViewLayer | Synchronizing object | ENV_leaf_170
Fra:590 Mem:231.21M (Peak 231.21M) | Time:00:00.32 | Mem:0.00M, Peak:0.00M | Scene, ViewLayer | Synchronizing object | ENV_leaf_169
Fra:590 Mem:231.21M (Peak 231.21M) | Time:00:00.32 | Mem:0.00M, Peak:0.00M | Scene, ViewLayer | Synchronizing object | ENV_leaf_168
Fra:590 Mem:231.21M (Peak 231.21M) | Time:00:00.32 | Mem:0.00M, Peak:0.00M | Scene, ViewLayer | Synchronizing object | ENV_leaf_167
Fra:590 Mem:231.22M (Peak 231.22M) | Time:00:00.32 | Mem:0.00M, Peak:0.00M | Scene, ViewLayer | Synchronizing object | ENV_leaf_166
Fra:590 Mem:231.22M (Peak 231.22M) | Time:00:00.32 | Mem:0.00M, Peak:0.00M | Scene, ViewLayer | Synchronizing object | ENV_leaf_165
Fra:590 Mem:231.23M (Peak 231.23M) | Time:00:00.32 | Mem:0.00M, Peak:0.00M | Scene, ViewLayer | Synchronizing object | ENV_leaf_164
Fra:590 Mem:231.21M (Peak 231.23M) | Time:00:00.32 | Mem:0.00M, Peak:0.00M | Scene, ViewLayer | Synchronizing object | ENV_leaf_163
Fra:590 Mem:231.22M (Peak 231.23M) | Time:00:00.32 | Mem:0.00M, Peak:0.00M | Scene, ViewLayer | Synchronizing object | ENV_leaf_162
Fra:590 Mem:231.22M (Peak 231.23M) | Time:00:00.32 | Mem:0.00M, Peak:0.00M | Scene, ViewLayer | Synchronizing object | ENV_leaf_161
Fra:590 Mem:231.22M (Peak 231.23M) | Time:00:00.32 | Mem:0.00M, Peak:0.00M | Scene, ViewLayer | Synchronizing object | ENV_leaf_160
Fra:590 Mem:231.23M (Peak 231.23M) | Time:00:00.32 | Mem:0.00M, Peak:0.00M | Scene, ViewLayer | Synchronizing object | ENV_leaf_159
Fra:590 Mem:231.23M (Peak 231.23M) | Time:00:00.32 | Mem:0.00M, Peak:0.00M | Scene, ViewLayer | Synchronizing object | ENV_leaf_158
Fra:590 Mem:231.24M (Peak 231.24M) | Time:00:00.32 | Mem:0.00M, Peak:0.00M | Scene, ViewLayer | Synchronizing object | ENV_leaf_157
Fra:590 Mem:231.24M (Peak 231.24M) | Time:00:00.32 | Mem:0.00M, Peak:0.00M | Scene, ViewLayer | Synchronizing object | ENV_leaf_156
Fra:590 Mem:231.24M (Peak 231.24M) | Time:00:00.32 | Mem:0.00M, Peak:0.00M | Scene, ViewLayer | Synchronizing object | ENV_leaf_155
Fra:590 Mem:231.25M (Peak 231.25M) | Time:00:00.32 | Mem:0.00M, Peak:0.00M | Scene, ViewLayer | Synchronizing object | ENV_leaf_154
Fra:590 Mem:231.25M (Peak 231.25M) | Time:00:00.32 | Mem:0.00M, Peak:0.00M | Scene, ViewLayer | Synchronizing object | ENV_leaf_153
Fra:590 Mem:231.26M (Peak 231.26M) | Time:00:00.32 | Mem:0.00M, Peak:0.00M | Scene, ViewLayer | Synchronizing object | ENV_leaf_152
Fra:590 Mem:231.26M (Peak 231.26M) | Time:00:00.32 | Mem:0.00M, Peak:0.00M | Scene, ViewLayer | Synchronizing object | ENV_leaf_151
Fra:590 Mem:231.26M (Peak 231.26M) | Time:00:00.32 | Mem:0.00M, Peak:0.00M | Scene, ViewLayer | Synchronizing object | ENV_leaf_150
Fra:590 Mem:231.27M (Peak 231.27M) | Time:00:00.32 | Mem:0.00M, Peak:0.00M | Scene, ViewLayer | Synchronizing object | ENV_leaf_149
Fra:590 Mem:231.27M (Peak 231.27M) | Time:00:00.32 | Mem:0.00M, Peak:0.00M | Scene, ViewLayer | Synchronizing object | ENV_leaf_148
Fra:590 Mem:231.28M (Peak 231.28M) | Time:00:00.32 | Mem:0.00M, Peak:0.00M | Scene, ViewLayer | Synchronizing object | ENV_leaf_147
Fra:590 Mem:231.28M (Peak 231.28M) | Time:00:00.32 | Mem:0.00M, Peak:0.00M | Scene, ViewLayer | Synchronizing object | ENV_leaf_146
Fra:590 Mem:231.28M (Peak 231.28M) | Time:00:00.32 | Mem:0.00M, Peak:0.00M | Scene, ViewLayer | Synchronizing object | ENV_leaf_145
Fra:590 Mem:231.36M (Peak 231.36M) | Time:00:00.32 | Mem:0.00M, Peak:0.00M | Scene, ViewLayer | Synchronizing object | ENV_leaf_144
Fra:590 Mem:231.37M (Peak 231.37M) | Time:00:00.32 | Mem:0.00M, Peak:0.00M | Scene, ViewLayer | Synchronizing object | ENV_leaf_143
Fra:590 Mem:231.37M (Peak 231.37M) | Time:00:00.32 | Mem:0.00M, Peak:0.00M | Scene, ViewLayer | Synchronizing object | ENV_leaf_142
Fra:590 Mem:231.38M (Peak 231.38M) | Time:00:00.32 | Mem:0.00M, Peak:0.00M | Scene, ViewLayer | Synchronizing object | ENV_leaf_141
Fra:590 Mem:231.38M (Peak 231.38M) | Time:00:00.32 | Mem:0.00M, Peak:0.00M | Scene, ViewLayer | Synchronizing object | ENV_leaf_140
Fra:590 Mem:231.41M (Peak 231.41M) | Time:00:00.32 | Mem:0.00M, Peak:0.00M | Scene, ViewLayer | Synchronizing object | ENV_leaf_139
Fra:590 Mem:231.42M (Peak 231.42M) | Time:00:00.32 | Mem:0.00M, Peak:0.00M | Scene, ViewLayer | Synchronizing object | ENV_leaf_138
Fra:590 Mem:231.42M (Peak 231.42M) | Time:00:00.32 | Mem:0.00M, Peak:0.00M | Scene, ViewLayer | Synchronizing object | ENV_leaf_137
Fra:590 Mem:231.50M (Peak 231.50M) | Time:00:00.32 | Mem:0.00M, Peak:0.00M | Scene, ViewLayer | Synchronizing object | ENV_leaf_136
Fra:590 Mem:231.51M (Peak 231.51M) | Time:00:00.32 | Mem:0.00M, Peak:0.00M | Scene, ViewLayer | Synchronizing object | ENV_leaf_135
Fra:590 Mem:231.51M (Peak 231.51M) | Time:00:00.32 | Mem:0.00M, Peak:0.00M | Scene, ViewLayer | Synchronizing object | ENV_leaf_134
Fra:590 Mem:231.51M (Peak 231.51M) | Time:00:00.32 | Mem:0.00M, Peak:0.00M | Scene, ViewLayer | Synchronizing object | ENV_leaf_133
Fra:590 Mem:231.44M (Peak 231.51M) | Time:00:00.32 | Mem:0.00M, Peak:0.00M | Scene, ViewLayer | Synchronizing object | ENV_fern_45
Fra:590 Mem:231.49M (Peak 231.51M) | Time:00:00.32 | Mem:0.00M, Peak:0.00M | Scene, ViewLayer | Synchronizing object | ENV_leaf_132
Fra:590 Mem:231.55M (Peak 231.55M) | Time:00:00.32 | Mem:0.00M, Peak:0.00M | Scene, ViewLayer | Synchronizing object | ENV_leaf_131
Fra:590 Mem:231.67M (Peak 231.67M) | Time:00:00.32 | Mem:0.00M, Peak:0.00M | Scene, ViewLayer | Synchronizing object | ENV_leaf_130
Fra:590 Mem:231.68M (Peak 231.68M) | Time:00:00.32 | Mem:0.00M, Peak:0.00M | Scene, ViewLayer | Synchronizing object | ENV_leaf_129
Fra:590 Mem:231.74M (Peak 231.74M) | Time:00:00.32 | Mem:0.00M, Peak:0.00M | Scene, ViewLayer | Synchronizing object | ENV_leaf_128
Fra:590 Mem:231.75M (Peak 231.75M) | Time:00:00.32 | Mem:0.00M, Peak:0.00M | Scene, ViewLayer | Synchronizing object | ENV_leaf_127
Fra:590 Mem:231.76M (Peak 231.76M) | Time:00:00.32 | Mem:0.00M, Peak:0.00M | Scene, ViewLayer | Synchronizing object | ENV_leaf_126
Fra:590 Mem:231.82M (Peak 231.82M) | Time:00:00.32 | Mem:0.00M, Peak:0.00M | Scene, ViewLayer | Synchronizing object | ENV_leaf_125
Fra:590 Mem:231.82M (Peak 231.82M) | Time:00:00.32 | Mem:0.00M, Peak:0.00M | Scene, ViewLayer | Synchronizing object | ENV_leaf_124
Fra:590 Mem:231.82M (Peak 231.82M) | Time:00:00.32 | Mem:0.00M, Peak:0.00M | Scene, ViewLayer | Synchronizing object | ENV_leaf_123
Fra:590 Mem:231.83M (Peak 231.83M) | Time:00:00.32 | Mem:0.00M, Peak:0.00M | Scene, ViewLayer | Synchronizing object | ENV_leaf_122
Fra:590 Mem:231.83M (Peak 231.83M) | Time:00:00.32 | Mem:0.00M, Peak:0.00M | Scene, ViewLayer | Synchronizing object | ENV_leaf_121
Fra:590 Mem:231.84M (Peak 231.84M) | Time:00:00.32 | Mem:0.00M, Peak:0.00M | Scene, ViewLayer | Synchronizing object | ENV_leaf_120
Fra:590 Mem:231.83M (Peak 231.84M) | Time:00:00.32 | Mem:0.00M, Peak:0.00M | Scene, ViewLayer | Synchronizing object | ENV_leaf_119
Fra:590 Mem:231.83M (Peak 231.84M) | Time:00:00.32 | Mem:0.00M, Peak:0.00M | Scene, ViewLayer | Synchronizing object | ENV_leaf_118
Fra:590 Mem:231.84M (Peak 231.84M) | Time:00:00.32 | Mem:0.00M, Peak:0.00M | Scene, ViewLayer | Synchronizing object | ENV_leaf_117
Fra:590 Mem:231.84M (Peak 231.84M) | Time:00:00.32 | Mem:0.00M, Peak:0.00M | Scene, ViewLayer | Synchronizing object | ENV_leaf_116
Fra:590 Mem:231.84M (Peak 231.84M) | Time:00:00.32 | Mem:0.00M, Peak:0.00M | Scene, ViewLayer | Synchronizing object | ENV_leaf_115
Fra:590 Mem:231.85M (Peak 231.85M) | Time:00:00.32 | Mem:0.00M, Peak:0.00M | Scene, ViewLayer | Synchronizing object | ENV_leaf_114
Fra:590 Mem:231.85M (Peak 231.85M) | Time:00:00.32 | Mem:0.00M, Peak:0.00M | Scene, ViewLayer | Synchronizing object | ENV_leaf_113
Fra:590 Mem:231.86M (Peak 231.86M) | Time:00:00.32 | Mem:0.00M, Peak:0.00M | Scene, ViewLayer | Synchronizing object | ENV_leaf_112
Fra:590 Mem:231.86M (Peak 231.86M) | Time:00:00.32 | Mem:0.00M, Peak:0.00M | Scene, ViewLayer | Synchronizing object | ENV_leaf_111
Fra:590 Mem:231.87M (Peak 231.87M) | Time:00:00.32 | Mem:0.00M, Peak:0.00M | Scene, ViewLayer | Synchronizing object | ENV_leaf_110
Fra:590 Mem:231.87M (Peak 231.87M) | Time:00:00.32 | Mem:0.00M, Peak:0.00M | Scene, ViewLayer | Synchronizing object | ENV_leaf_109
Fra:590 Mem:231.87M (Peak 231.87M) | Time:00:00.32 | Mem:0.00M, Peak:0.00M | Scene, ViewLayer | Synchronizing object | ENV_leaf_108
Fra:590 Mem:231.92M (Peak 231.92M) | Time:00:00.32 | Mem:0.00M, Peak:0.00M | Scene, ViewLayer | Synchronizing object | ENV_leaf_107
Fra:590 Mem:231.93M (Peak 231.93M) | Time:00:00.32 | Mem:0.00M, Peak:0.00M | Scene, ViewLayer | Synchronizing object | ENV_leaf_106
Fra:590 Mem:231.93M (Peak 231.93M) | Time:00:00.32 | Mem:0.00M, Peak:0.00M | Scene, ViewLayer | Synchronizing object | ENV_leaf_105
Fra:590 Mem:231.95M (Peak 231.95M) | Time:00:00.32 | Mem:0.00M, Peak:0.00M | Scene, ViewLayer | Synchronizing object | ENV_leaf_104
Fra:590 Mem:232.01M (Peak 232.01M) | Time:00:00.32 | Mem:0.00M, Peak:0.00M | Scene, ViewLayer | Synchronizing object | ENV_leaf_103
Fra:590 Mem:232.01M (Peak 232.01M) | Time:00:00.32 | Mem:0.00M, Peak:0.00M | Scene, ViewLayer | Synchronizing object | ENV_leaf_102
Fra:590 Mem:231.97M (Peak 232.01M) | Time:00:00.32 | Mem:0.00M, Peak:0.00M | Scene, ViewLayer | Synchronizing object | ENV_leaf_101
Fra:590 Mem:231.97M (Peak 232.01M) | Time:00:00.32 | Mem:0.00M, Peak:0.00M | Scene, ViewLayer | Synchronizing object | ENV_fern_46
Fra:590 Mem:231.97M (Peak 232.01M) | Time:00:00.32 | Mem:0.00M, Peak:0.00M | Scene, ViewLayer | Synchronizing object | ENV_leaf_100
Fra:590 Mem:232.04M (Peak 232.04M) | Time:00:00.32 | Mem:0.00M, Peak:0.00M | Scene, ViewLayer | Synchronizing object | ENV_leaf_99
Fra:590 Mem:232.05M (Peak 232.05M) | Time:00:00.32 | Mem:0.00M, Peak:0.00M | Scene, ViewLayer | Synchronizing object | ENV_leaf_98
Fra:590 Mem:232.21M (Peak 232.21M) | Time:00:00.32 | Mem:0.00M, Peak:0.00M | Scene, ViewLayer | Synchronizing object | ENV_leaf_97
Fra:590 Mem:232.22M (Peak 232.22M) | Time:00:00.32 | Mem:0.00M, Peak:0.00M | Scene, ViewLayer | Synchronizing object | ENV_leaf_96
Fra:590 Mem:232.28M (Peak 232.28M) | Time:00:00.32 | Mem:0.00M, Peak:0.00M | Scene, ViewLayer | Synchronizing object | ENV_leaf_95
Fra:590 Mem:232.29M (Peak 232.29M) | Time:00:00.32 | Mem:0.00M, Peak:0.00M | Scene, ViewLayer | Synchronizing object | ENV_leaf_94
Fra:590 Mem:232.34M (Peak 232.34M) | Time:00:00.32 | Mem:0.00M, Peak:0.00M | Scene, ViewLayer | Synchronizing object | ENV_leaf_93
Fra:590 Mem:232.38M (Peak 232.38M) | Time:00:00.32 | Mem:0.00M, Peak:0.00M | Scene, ViewLayer | Synchronizing object | ENV_leaf_92
Fra:590 Mem:232.38M (Peak 232.38M) | Time:00:00.32 | Mem:0.00M, Peak:0.00M | Scene, ViewLayer | Synchronizing object | ENV_leaf_91
Fra:590 Mem:232.38M (Peak 232.38M) | Time:00:00.32 | Mem:0.00M, Peak:0.00M | Scene, ViewLayer | Synchronizing object | ENV_leaf_90
Fra:590 Mem:232.40M (Peak 232.40M) | Time:00:00.32 | Mem:0.00M, Peak:0.00M | Scene, ViewLayer | Synchronizing object | ENV_leaf_89
Fra:590 Mem:232.47M (Peak 232.47M) | Time:00:00.32 | Mem:0.00M, Peak:0.00M | Scene, ViewLayer | Synchronizing object | ENV_leaf_88
Fra:590 Mem:232.47M (Peak 232.47M) | Time:00:00.32 | Mem:0.00M, Peak:0.00M | Scene, ViewLayer | Synchronizing object | ENV_leaf_87
Fra:590 Mem:232.48M (Peak 232.48M) | Time:00:00.32 | Mem:0.00M, Peak:0.00M | Scene, ViewLayer | Synchronizing object | ENV_leaf_86
Fra:590 Mem:232.48M (Peak 232.48M) | Time:00:00.32 | Mem:0.00M, Peak:0.00M | Scene, ViewLayer | Synchronizing object | ENV_leaf_85
Fra:590 Mem:232.49M (Peak 232.49M) | Time:00:00.32 | Mem:0.00M, Peak:0.00M | Scene, ViewLayer | Synchronizing object | ENV_leaf_84
Fra:590 Mem:232.49M (Peak 232.49M) | Time:00:00.32 | Mem:0.00M, Peak:0.00M | Scene, ViewLayer | Synchronizing object | ENV_leaf_83
Fra:590 Mem:232.49M (Peak 232.49M) | Time:00:00.32 | Mem:0.00M, Peak:0.00M | Scene, ViewLayer | Synchronizing object | ENV_leaf_82
Fra:590 Mem:232.48M (Peak 232.49M) | Time:00:00.32 | Mem:0.00M, Peak:0.00M | Scene, ViewLayer | Synchronizing object | ENV_leaf_81
Fra:590 Mem:232.49M (Peak 232.49M) | Time:00:00.32 | Mem:0.00M, Peak:0.00M | Scene, ViewLayer | Synchronizing object | ENV_leaf_80
Fra:590 Mem:232.49M (Peak 232.49M) | Time:00:00.32 | Mem:0.00M, Peak:0.00M | Scene, ViewLayer | Synchronizing object | ENV_leaf_79
Fra:590 Mem:232.50M (Peak 232.50M) | Time:00:00.32 | Mem:0.00M, Peak:0.00M | Scene, ViewLayer | Synchronizing object | ENV_leaf_78
Fra:590 Mem:232.50M (Peak 232.50M) | Time:00:00.32 | Mem:0.00M, Peak:0.00M | Scene, ViewLayer | Synchronizing object | ENV_leaf_77
Fra:590 Mem:232.50M (Peak 232.50M) | Time:00:00.32 | Mem:0.00M, Peak:0.00M | Scene, ViewLayer | Synchronizing object | ENV_leaf_76
Fra:590 Mem:232.51M (Peak 232.51M) | Time:00:00.32 | Mem:0.00M, Peak:0.00M | Scene, ViewLayer | Synchronizing object | ENV_leaf_75
Fra:590 Mem:232.51M (Peak 232.51M) | Time:00:00.32 | Mem:0.00M, Peak:0.00M | Scene, ViewLayer | Synchronizing object | ENV_leaf_74
Fra:590 Mem:232.52M (Peak 232.52M) | Time:00:00.32 | Mem:0.00M, Peak:0.00M | Scene, ViewLayer | Synchronizing object | ENV_leaf_73
Fra:590 Mem:232.52M (Peak 232.52M) | Time:00:00.32 | Mem:0.00M, Peak:0.00M | Scene, ViewLayer | Synchronizing object | ENV_leaf_72
Fra:590 Mem:232.52M (Peak 232.52M) | Time:00:00.32 | Mem:0.00M, Peak:0.00M | Scene, ViewLayer | Synchronizing object | ENV_leaf_71
Fra:590 Mem:232.53M (Peak 232.53M) | Time:00:00.32 | Mem:0.00M, Peak:0.00M | Scene, ViewLayer | Synchronizing object | ENV_leaf_70
Fra:590 Mem:232.53M (Peak 232.53M) | Time:00:00.32 | Mem:0.00M, Peak:0.00M | Scene, ViewLayer | Synchronizing object | ENV_leaf_69
Fra:590 Mem:232.54M (Peak 232.54M) | Time:00:00.32 | Mem:0.00M, Peak:0.00M | Scene, ViewLayer | Synchronizing object | ENV_leaf_68
Fra:590 Mem:232.54M (Peak 232.54M) | Time:00:00.32 | Mem:0.00M, Peak:0.00M | Scene, ViewLayer | Synchronizing object | ENV_leaf_67
Fra:590 Mem:232.61M (Peak 232.61M) | Time:00:00.32 | Mem:0.00M, Peak:0.00M | Scene, ViewLayer | Synchronizing object | ENV_leaf_66
Fra:590 Mem:232.61M (Peak 232.61M) | Time:00:00.32 | Mem:0.00M, Peak:0.00M | Scene, ViewLayer | Synchronizing object | ENV_leaf_65
Fra:590 Mem:232.61M (Peak 232.61M) | Time:00:00.32 | Mem:0.00M, Peak:0.00M | Scene, ViewLayer | Synchronizing object | ENV_leaf_64
Fra:590 Mem:232.62M (Peak 232.62M) | Time:00:00.32 | Mem:0.00M, Peak:0.00M | Scene, ViewLayer | Synchronizing object | ENV_leaf_63
Fra:590 Mem:232.62M (Peak 232.62M) | Time:00:00.32 | Mem:0.00M, Peak:0.00M | Scene, ViewLayer | Synchronizing object | ENV_leaf_62
Fra:590 Mem:232.63M (Peak 232.63M) | Time:00:00.32 | Mem:0.00M, Peak:0.00M | Scene, ViewLayer | Synchronizing object | ENV_leaf_61
Fra:590 Mem:232.65M (Peak 232.65M) | Time:00:00.32 | Mem:0.00M, Peak:0.00M | Scene, ViewLayer | Synchronizing object | ENV_leaf_60
Fra:590 Mem:232.66M (Peak 232.66M) | Time:00:00.32 | Mem:0.00M, Peak:0.00M | Scene, ViewLayer | Synchronizing object | ENV_leaf_59
Fra:590 Mem:232.72M (Peak 232.72M) | Time:00:00.32 | Mem:0.00M, Peak:0.00M | Scene, ViewLayer | Synchronizing object | ENV_leaf_58
Fra:590 Mem:232.73M (Peak 232.73M) | Time:00:00.32 | Mem:0.00M, Peak:0.00M | Scene, ViewLayer | Synchronizing object | ENV_leaf_57
Fra:590 Mem:232.73M (Peak 232.73M) | Time:00:00.32 | Mem:0.00M, Peak:0.00M | Scene, ViewLayer | Synchronizing object | ENV_leaf_56
Fra:590 Mem:232.67M (Peak 232.73M) | Time:00:00.32 | Mem:0.00M, Peak:0.00M | Scene, ViewLayer | Synchronizing object | ENV_fern_47
Fra:590 Mem:232.76M (Peak 232.76M) | Time:00:00.32 | Mem:0.00M, Peak:0.00M | Scene, ViewLayer | Synchronizing object | ENV_leaf_55
Fra:590 Mem:232.76M (Peak 232.76M) | Time:00:00.32 | Mem:0.00M, Peak:0.00M | Scene, ViewLayer | Synchronizing object | ENV_leaf_54
Fra:590 Mem:232.77M (Peak 232.77M) | Time:00:00.32 | Mem:0.00M, Peak:0.00M | Scene, ViewLayer | Synchronizing object | ENV_leaf_53
Fra:590 Mem:232.97M (Peak 232.97M) | Time:00:00.32 | Mem:0.00M, Peak:0.00M | Scene, ViewLayer | Synchronizing object | ENV_leaf_52
Fra:590 Mem:232.97M (Peak 232.97M) | Time:00:00.32 | Mem:0.00M, Peak:0.00M | Scene, ViewLayer | Synchronizing object | ENV_leaf_51
Fra:590 Mem:233.05M (Peak 233.05M) | Time:00:00.32 | Mem:0.00M, Peak:0.00M | Scene, ViewLayer | Synchronizing object | ENV_leaf_50
Fra:590 Mem:233.06M (Peak 233.06M) | Time:00:00.32 | Mem:0.00M, Peak:0.00M | Scene, ViewLayer | Synchronizing object | ENV_leaf_49
Fra:590 Mem:233.12M (Peak 233.12M) | Time:00:00.32 | Mem:0.00M, Peak:0.00M | Scene, ViewLayer | Synchronizing object | ENV_leaf_48
Fra:590 Mem:233.16M (Peak 233.16M) | Time:00:00.32 | Mem:0.00M, Peak:0.00M | Scene, ViewLayer | Synchronizing object | ENV_leaf_47
Fra:590 Mem:233.17M (Peak 233.17M) | Time:00:00.32 | Mem:0.00M, Peak:0.00M | Scene, ViewLayer | Synchronizing object | ENV_leaf_46
Fra:590 Mem:233.17M (Peak 233.17M) | Time:00:00.32 | Mem:0.00M, Peak:0.00M | Scene, ViewLayer | Synchronizing object | ENV_leaf_45
Fra:590 Mem:233.18M (Peak 233.18M) | Time:00:00.32 | Mem:0.00M, Peak:0.00M | Scene, ViewLayer | Synchronizing object | ENV_leaf_44
Fra:590 Mem:233.20M (Peak 233.20M) | Time:00:00.32 | Mem:0.00M, Peak:0.00M | Scene, ViewLayer | Synchronizing object | ENV_leaf_43
Fra:590 Mem:233.28M (Peak 233.28M) | Time:00:00.32 | Mem:0.00M, Peak:0.00M | Scene, ViewLayer | Synchronizing object | ENV_leaf_42
Fra:590 Mem:233.28M (Peak 233.28M) | Time:00:00.32 | Mem:0.00M, Peak:0.00M | Scene, ViewLayer | Synchronizing object | ENV_leaf_41
Fra:590 Mem:233.29M (Peak 233.29M) | Time:00:00.32 | Mem:0.00M, Peak:0.00M | Scene, ViewLayer | Synchronizing object | ENV_leaf_40
Fra:590 Mem:233.29M (Peak 233.29M) | Time:00:00.32 | Mem:0.00M, Peak:0.00M | Scene, ViewLayer | Synchronizing object | ENV_leaf_39
Fra:590 Mem:233.30M (Peak 233.30M) | Time:00:00.32 | Mem:0.00M, Peak:0.00M | Scene, ViewLayer | Synchronizing object | ENV_leaf_38
Fra:590 Mem:233.30M (Peak 233.30M) | Time:00:00.32 | Mem:0.00M, Peak:0.00M | Scene, ViewLayer | Synchronizing object | ENV_leaf_37
Fra:590 Mem:233.30M (Peak 233.30M) | Time:00:00.32 | Mem:0.00M, Peak:0.00M | Scene, ViewLayer | Synchronizing object | ENV_leaf_36
Fra:590 Mem:233.31M (Peak 233.31M) | Time:00:00.32 | Mem:0.00M, Peak:0.00M | Scene, ViewLayer | Synchronizing object | ENV_leaf_35
Fra:590 Mem:233.31M (Peak 233.31M) | Time:00:00.32 | Mem:0.00M, Peak:0.00M | Scene, ViewLayer | Synchronizing object | ENV_leaf_34
Fra:590 Mem:233.30M (Peak 233.31M) | Time:00:00.32 | Mem:0.00M, Peak:0.00M | Scene, ViewLayer | Synchronizing object | ENV_leaf_33
Fra:590 Mem:233.30M (Peak 233.31M) | Time:00:00.32 | Mem:0.00M, Peak:0.00M | Scene, ViewLayer | Synchronizing object | ENV_leaf_32
Fra:590 Mem:233.31M (Peak 233.31M) | Time:00:00.32 | Mem:0.00M, Peak:0.00M | Scene, ViewLayer | Synchronizing object | ENV_leaf_31
Fra:590 Mem:233.31M (Peak 233.31M) | Time:00:00.32 | Mem:0.00M, Peak:0.00M | Scene, ViewLayer | Synchronizing object | ENV_leaf_30
Fra:590 Mem:233.31M (Peak 233.31M) | Time:00:00.32 | Mem:0.00M, Peak:0.00M | Scene, ViewLayer | Synchronizing object | ENV_leaf_29
Fra:590 Mem:233.32M (Peak 233.32M) | Time:00:00.32 | Mem:0.00M, Peak:0.00M | Scene, ViewLayer | Synchronizing object | ENV_leaf_28
Fra:590 Mem:233.32M (Peak 233.32M) | Time:00:00.32 | Mem:0.00M, Peak:0.00M | Scene, ViewLayer | Synchronizing object | ENV_leaf_27
Fra:590 Mem:233.33M (Peak 233.33M) | Time:00:00.32 | Mem:0.00M, Peak:0.00M | Scene, ViewLayer | Synchronizing object | ENV_leaf_26
Fra:590 Mem:233.33M (Peak 233.33M) | Time:00:00.32 | Mem:0.00M, Peak:0.00M | Scene, ViewLayer | Synchronizing object | ENV_leaf_25
Fra:590 Mem:233.33M (Peak 233.33M) | Time:00:00.32 | Mem:0.00M, Peak:0.00M | Scene, ViewLayer | Synchronizing object | ENV_leaf_24
Fra:590 Mem:233.34M (Peak 233.34M) | Time:00:00.32 | Mem:0.00M, Peak:0.00M | Scene, ViewLayer | Synchronizing object | ENV_leaf_23
Fra:590 Mem:233.34M (Peak 233.34M) | Time:00:00.32 | Mem:0.00M, Peak:0.00M | Scene, ViewLayer | Synchronizing object | ENV_leaf_22
Fra:590 Mem:233.35M (Peak 233.35M) | Time:00:00.32 | Mem:0.00M, Peak:0.00M | Scene, ViewLayer | Synchronizing object | ENV_leaf_21
Fra:590 Mem:233.35M (Peak 233.35M) | Time:00:00.32 | Mem:0.00M, Peak:0.00M | Scene, ViewLayer | Synchronizing object | ENV_leaf_20
Fra:590 Mem:233.35M (Peak 233.35M) | Time:00:00.32 | Mem:0.00M, Peak:0.00M | Scene, ViewLayer | Synchronizing object | ENV_leaf_19
Fra:590 Mem:233.36M (Peak 233.36M) | Time:00:00.32 | Mem:0.00M, Peak:0.00M | Scene, ViewLayer | Synchronizing object | ENV_leaf_18
Fra:590 Mem:233.36M (Peak 233.36M) | Time:00:00.32 | Mem:0.00M, Peak:0.00M | Scene, ViewLayer | Synchronizing object | ENV_leaf_17
Fra:590 Mem:233.37M (Peak 233.37M) | Time:00:00.32 | Mem:0.00M, Peak:0.00M | Scene, ViewLayer | Synchronizing object | ENV_leaf_16
Fra:590 Mem:233.37M (Peak 233.37M) | Time:00:00.32 | Mem:0.00M, Peak:0.00M | Scene, ViewLayer | Synchronizing object | ENV_leaf_15
Fra:590 Mem:233.37M (Peak 233.37M) | Time:00:00.32 | Mem:0.00M, Peak:0.00M | Scene, ViewLayer | Synchronizing object | ENV_leaf_14
Fra:590 Mem:233.45M (Peak 233.45M) | Time:00:00.32 | Mem:0.00M, Peak:0.00M | Scene, ViewLayer | Synchronizing object | ENV_leaf_13
Fra:590 Mem:233.46M (Peak 233.46M) | Time:00:00.32 | Mem:0.00M, Peak:0.00M | Scene, ViewLayer | Synchronizing object | ENV_leaf_12
Fra:590 Mem:233.46M (Peak 233.46M) | Time:00:00.32 | Mem:0.00M, Peak:0.00M | Scene, ViewLayer | Synchronizing object | ENV_leaf_11
Fra:590 Mem:233.47M (Peak 233.47M) | Time:00:00.32 | Mem:0.00M, Peak:0.00M | Scene, ViewLayer | Synchronizing object | ENV_leaf_10
Fra:590 Mem:233.47M (Peak 233.47M) | Time:00:00.32 | Mem:0.00M, Peak:0.00M | Scene, ViewLayer | Synchronizing object | ENV_leaf_9
Fra:590 Mem:233.50M (Peak 233.50M) | Time:00:00.32 | Mem:0.00M, Peak:0.00M | Scene, ViewLayer | Synchronizing object | ENV_leaf_8
Fra:590 Mem:233.51M (Peak 233.51M) | Time:00:00.32 | Mem:0.00M, Peak:0.00M | Scene, ViewLayer | Synchronizing object | ENV_leaf_7
Fra:590 Mem:233.51M (Peak 233.51M) | Time:00:00.32 | Mem:0.00M, Peak:0.00M | Scene, ViewLayer | Synchronizing object | ENV_leaf_6
Fra:590 Mem:233.52M (Peak 233.52M) | Time:00:00.32 | Mem:0.00M, Peak:0.00M | Scene, ViewLayer | Synchronizing object | ENV_leaf_5
Fra:590 Mem:233.60M (Peak 233.60M) | Time:00:00.32 | Mem:0.00M, Peak:0.00M | Scene, ViewLayer | Synchronizing object | ENV_leaf_4
Fra:590 Mem:233.60M (Peak 233.60M) | Time:00:00.32 | Mem:0.00M, Peak:0.00M | Scene, ViewLayer | Synchronizing object | ENV_leaf_3
Fra:590 Mem:233.60M (Peak 233.60M) | Time:00:00.32 | Mem:0.00M, Peak:0.00M | Scene, ViewLayer | Synchronizing object | ENV_leaf_2
Fra:590 Mem:233.61M (Peak 233.61M) | Time:00:00.32 | Mem:0.00M, Peak:0.00M | Scene, ViewLayer | Synchronizing object | ENV_leaf_1
Fra:590 Mem:233.54M (Peak 233.61M) | Time:00:00.32 | Mem:0.00M, Peak:0.00M | Scene, ViewLayer | Synchronizing object | ENV_fern_48
Fra:590 Mem:233.59M (Peak 233.61M) | Time:00:00.32 | Mem:0.00M, Peak:0.00M | Scene, ViewLayer | Synchronizing object | ENV_leaf_0
Fra:590 Mem:233.59M (Peak 233.61M) | Time:00:00.32 | Mem:0.00M, Peak:0.00M | Scene, ViewLayer | Synchronizing object | ENV_fern_77
Fra:590 Mem:234.48M (Peak 234.48M) | Time:00:00.32 | Mem:0.00M, Peak:0.00M | Scene, ViewLayer | Synchronizing object | ENV_fern_49
Fra:590 Mem:235.03M (Peak 235.03M) | Time:00:00.32 | Mem:0.00M, Peak:0.00M | Scene, ViewLayer | Synchronizing object | ENV_fern_76
Fra:590 Mem:235.60M (Peak 235.60M) | Time:00:00.32 | Mem:0.00M, Peak:0.00M | Scene, ViewLayer | Synchronizing object | ENV_fern_50
Fra:590 Mem:235.71M (Peak 235.71M) | Time:00:00.32 | Mem:0.00M, Peak:0.00M | Scene, ViewLayer | Synchronizing object | ENV_fern_75
Fra:590 Mem:236.56M (Peak 236.56M) | Time:00:00.33 | Mem:0.00M, Peak:0.00M | Scene, ViewLayer | Synchronizing object | ENV_fern_74
Fra:590 Mem:237.20M (Peak 237.20M) | Time:00:00.33 | Mem:0.00M, Peak:0.00M | Scene, ViewLayer | Synchronizing object | ENV_fern_51
Fra:590 Mem:237.64M (Peak 237.64M) | Time:00:00.33 | Mem:0.00M, Peak:0.00M | Scene, ViewLayer | Synchronizing object | ENV_fern_73
Fra:590 Mem:238.14M (Peak 238.14M) | Time:00:00.33 | Mem:0.00M, Peak:0.00M | Scene, ViewLayer | Synchronizing object | ENV_fern_52
Fra:590 Mem:238.67M (Peak 238.67M) | Time:00:00.33 | Mem:0.00M, Peak:0.00M | Scene, ViewLayer | Synchronizing object | ENV_fern_72
Fra:590 Mem:239.20M (Peak 239.20M) | Time:00:00.33 | Mem:0.00M, Peak:0.00M | Scene, ViewLayer | Synchronizing object | ENV_fern_71
Fra:590 Mem:239.23M (Peak 239.23M) | Time:00:00.33 | Mem:0.00M, Peak:0.00M | Scene, ViewLayer | Synchronizing object | ENV_fern_53
Fra:590 Mem:240.32M (Peak 240.32M) | Time:00:00.33 | Mem:0.00M, Peak:0.00M | Scene, ViewLayer | Synchronizing object | ENV_fern_70
Fra:590 Mem:240.86M (Peak 240.86M) | Time:00:00.33 | Mem:0.00M, Peak:0.00M | Scene, ViewLayer | Synchronizing object | ENV_fern_54
Fra:590 Mem:241.28M (Peak 241.28M) | Time:00:00.33 | Mem:0.00M, Peak:0.00M | Scene, ViewLayer | Synchronizing object | ENV_fern_69
Fra:590 Mem:241.68M (Peak 241.68M) | Time:00:00.33 | Mem:0.00M, Peak:0.00M | Scene, ViewLayer | Synchronizing object | ENV_fern_55
Fra:590 Mem:242.13M (Peak 242.13M) | Time:00:00.33 | Mem:0.00M, Peak:0.00M | Scene, ViewLayer | Synchronizing object | ENV_fern_68
Fra:590 Mem:242.80M (Peak 242.80M) | Time:00:00.33 | Mem:0.00M, Peak:0.00M | Scene, ViewLayer | Synchronizing object | ENV_fern_56
Fra:590 Mem:243.26M (Peak 243.26M) | Time:00:00.33 | Mem:0.00M, Peak:0.00M | Scene, ViewLayer | Synchronizing object | ENV_fern_67
Fra:590 Mem:244.04M (Peak 244.04M) | Time:00:00.33 | Mem:0.00M, Peak:0.00M | Scene, ViewLayer | Synchronizing object | ENV_fern_66
Fra:590 Mem:244.41M (Peak 244.41M) | Time:00:00.33 | Mem:0.00M, Peak:0.00M | Scene, ViewLayer | Synchronizing object | ENV_fern_57
Fra:590 Mem:244.80M (Peak 244.80M) | Time:00:00.33 | Mem:0.00M, Peak:0.00M | Scene, ViewLayer | Synchronizing object | ENV_fern_65
Fra:590 Mem:245.40M (Peak 245.40M) | Time:00:00.33 | Mem:0.00M, Peak:0.00M | Scene, ViewLayer | Synchronizing object | ENV_fern_58
Fra:590 Mem:245.94M (Peak 245.94M) | Time:00:00.33 | Mem:0.00M, Peak:0.00M | Scene, ViewLayer | Synchronizing object | ENV_fern_64
Fra:590 Mem:246.46M (Peak 246.46M) | Time:00:00.33 | Mem:0.00M, Peak:0.00M | Scene, ViewLayer | Synchronizing object | ENV_fern_59
Fra:590 Mem:247.10M (Peak 247.10M) | Time:00:00.33 | Mem:0.00M, Peak:0.00M | Scene, ViewLayer | Synchronizing object | ENV_fern_63
Fra:590 Mem:247.56M (Peak 247.56M) | Time:00:00.33 | Mem:0.00M, Peak:0.00M | Scene, ViewLayer | Synchronizing object | ENV_fern_62
Fra:590 Mem:248.14M (Peak 248.14M) | Time:00:00.33 | Mem:0.00M, Peak:0.00M | Scene, ViewLayer | Synchronizing object | ENV_fern_60
Fra:590 Mem:248.63M (Peak 248.63M) | Time:00:00.33 | Mem:0.00M, Peak:0.00M | Scene, ViewLayer | Synchronizing object | ENV_fern_61
Fra:590 Mem:249.15M (Peak 249.15M) | Time:00:00.34 | Mem:0.00M, Peak:0.00M | Scene, ViewLayer | Initializing
Fra:590 Mem:125.43M (Peak 249.15M) | Time:00:00.37 | Mem:0.00M, Peak:0.00M | Scene, ViewLayer | Waiting for render to start
Fra:590 Mem:125.43M (Peak 249.15M) | Time:00:00.37 | Mem:0.00M, Peak:0.00M | Scene, ViewLayer | Updating Scene
Fra:590 Mem:125.43M (Peak 249.15M) | Time:00:00.37 | Mem:0.00M, Peak:0.00M | Scene, ViewLayer | Updating Shaders
Fra:590 Mem:125.43M (Peak 249.15M) | Time:00:00.37 | Mem:0.00M, Peak:0.00M | Scene, ViewLayer | Loading render kernels (may take a few minutes the first time)
Fra:590 Mem:125.55M (Peak 249.15M) | Time:00:00.37 | Mem:0.05M, Peak:0.05M | Scene, ViewLayer | Updating Procedurals
Fra:590 Mem:125.55M (Peak 249.15M) | Time:00:00.37 | Mem:0.05M, Peak:0.05M | Scene, ViewLayer | Updating Background
Fra:590 Mem:125.55M (Peak 249.15M) | Time:00:00.37 | Mem:0.05M, Peak:0.05M | Scene, ViewLayer | Updating Camera
Fra:590 Mem:125.55M (Peak 249.15M) | Time:00:00.37 | Mem:0.05M, Peak:0.05M | Scene, ViewLayer | Updating Meshes Flags
Fra:590 Mem:125.55M (Peak 249.15M) | Time:00:00.37 | Mem:0.05M, Peak:0.05M | Scene, ViewLayer | Updating Objects
Fra:590 Mem:125.55M (Peak 249.15M) | Time:00:00.37 | Mem:0.05M, Peak:0.05M | Scene, ViewLayer | Updating Objects | Copying Transformations to device
Fra:590 Mem:126.10M (Peak 249.15M) | Time:00:00.37 | Mem:0.57M, Peak:0.57M | Scene, ViewLayer | Updating Particle Systems
Fra:590 Mem:126.10M (Peak 249.15M) | Time:00:00.37 | Mem:0.57M, Peak:0.57M | Scene, ViewLayer | Updating Particle Systems | Copying Particles to device
Fra:590 Mem:126.10M (Peak 249.15M) | Time:00:00.37 | Mem:0.57M, Peak:0.57M | Scene, ViewLayer | Updating Meshes
Fra:590 Mem:126.10M (Peak 249.15M) | Time:00:00.37 | Mem:0.57M, Peak:0.57M | Scene, ViewLayer | Updating Objects | Applying Static Transformations
Fra:590 Mem:126.10M (Peak 249.15M) | Time:00:00.38 | Mem:0.57M, Peak:0.57M | Scene, ViewLayer | Updating Mesh | Computing attributes
Fra:590 Mem:134.18M (Peak 249.15M) | Time:00:00.38 | Mem:0.65M, Peak:0.65M | Scene, ViewLayer | Updating Mesh | Copying Attributes to device
Fra:590 Mem:133.95M (Peak 249.15M) | Time:00:00.38 | Mem:8.43M, Peak:8.43M | Scene, ViewLayer | Updating Geometry BVH FX_010_dot_src 2/4 | Building BVH
Fra:590 Mem:133.95M (Peak 249.15M) | Time:00:00.38 | Mem:8.43M, Peak:8.43M | Scene, ViewLayer | Updating Geometry BVH FX_010_dot_src 2/4 | Building BVH 0%
Fra:590 Mem:133.95M (Peak 249.15M) | Time:00:00.38 | Mem:8.44M, Peak:8.44M | Scene, ViewLayer | Updating Geometry BVH MOSS_PATCH_A.001 3/4 | Building BVH
Fra:590 Mem:133.95M (Peak 249.15M) | Time:00:00.38 | Mem:8.45M, Peak:8.46M | Scene, ViewLayer | Updating Geometry BVH MOSS_PATCH_B.001 4/4 | Building BVH
Fra:590 Mem:133.95M (Peak 249.15M) | Time:00:00.38 | Mem:8.47M, Peak:8.47M | Scene, ViewLayer | Updating Geometry BVH ROCK_SMALL.001 5/4 | Building BVH
Fra:590 Mem:133.95M (Peak 249.15M) | Time:00:00.38 | Mem:8.48M, Peak:8.49M | Scene, ViewLayer | Updating Scene BVH | Building
Fra:590 Mem:133.98M (Peak 249.15M) | Time:00:00.38 | Mem:8.48M, Peak:8.49M | Scene, ViewLayer | Updating Scene BVH | Building BVH
Fra:590 Mem:133.98M (Peak 249.15M) | Time:00:00.63 | Mem:114.54M, Peak:114.54M | Scene, ViewLayer | Updating Scene BVH | Building BVH 98%
Fra:590 Mem:133.98M (Peak 249.15M) | Time:00:00.64 | Mem:80.79M, Peak:116.54M | Scene, ViewLayer | Updating Scene BVH | Copying BVH to device
Fra:590 Mem:133.98M (Peak 249.15M) | Time:00:00.64 | Mem:80.79M, Peak:116.54M | Scene, ViewLayer | Updating Mesh | Computing normals
Fra:590 Mem:167.36M (Peak 249.15M) | Time:00:00.65 | Mem:80.79M, Peak:116.54M | Scene, ViewLayer | Updating Mesh | Copying Mesh to device
Fra:590 Mem:167.36M (Peak 249.15M) | Time:00:00.65 | Mem:114.16M, Peak:116.54M | Scene, ViewLayer | Updating Objects Flags
Fra:590 Mem:167.36M (Peak 249.15M) | Time:00:00.65 | Mem:114.18M, Peak:116.54M | Scene, ViewLayer | Updating Primitive Offsets
Fra:590 Mem:167.37M (Peak 249.15M) | Time:00:00.65 | Mem:114.19M, Peak:116.54M | Scene, ViewLayer | Updating Images
Fra:590 Mem:167.37M (Peak 249.15M) | Time:00:00.65 | Mem:114.19M, Peak:116.54M | Scene, ViewLayer | Updating Camera Volume
Fra:590 Mem:167.37M (Peak 249.15M) | Time:00:00.65 | Mem:114.19M, Peak:116.54M | Scene, ViewLayer | Updating Lookup Tables
Fra:590 Mem:167.37M (Peak 249.15M) | Time:00:00.65 | Mem:114.27M, Peak:116.54M | Scene, ViewLayer | Updating Lights
Fra:590 Mem:167.37M (Peak 249.15M) | Time:00:00.65 | Mem:114.27M, Peak:116.54M | Scene, ViewLayer | Updating Lights | Computing tree
Fra:590 Mem:168.10M (Peak 249.15M) | Time:00:00.67 | Mem:115.00M, Peak:116.54M | Scene, ViewLayer | Updating Integrator
Fra:590 Mem:168.10M (Peak 249.15M) | Time:00:00.67 | Mem:115.00M, Peak:116.54M | Scene, ViewLayer | Updating Film
Fra:590 Mem:168.10M (Peak 249.15M) | Time:00:00.67 | Mem:114.92M, Peak:116.54M | Scene, ViewLayer | Updating Lookup Tables
Fra:590 Mem:168.10M (Peak 249.15M) | Time:00:00.67 | Mem:115.00M, Peak:116.54M | Scene, ViewLayer | Updating Baking
Fra:590 Mem:168.10M (Peak 249.15M) | Time:00:00.67 | Mem:115.00M, Peak:116.54M | Scene, ViewLayer | Updating Device | Writing constant memory
Fra:590 Mem:168.14M (Peak 249.15M) | Time:00:00.67 | Mem:115.00M, Peak:116.54M | Scene, ViewLayer | Loading denoising kernels (may take a few minutes the first time)
Fra:590 Mem:168.14M (Peak 249.15M) | Time:00:00.67 | Mem:115.00M, Peak:116.54M | Scene, ViewLayer | Sample 0/64
Fra:590 Mem:318.45M (Peak 318.45M) | Time:00:18.38 | Remaining:18:35.81 | Mem:265.30M, Peak:265.30M | Scene, ViewLayer | Sample 1/64
Fra:590 Mem:318.45M (Peak 318.45M) | Time:00:35.78 | Remaining:18:08.39 | Mem:265.30M, Peak:265.30M | Scene, ViewLayer | Sample 2/64
Fra:590 Mem:318.45M (Peak 318.45M) | Time:00:54.31 | Remaining:18:10.74 | Mem:265.30M, Peak:265.30M | Scene, ViewLayer | Sample 3/64
Fra:590 Mem:318.45M (Peak 318.45M) | Time:01:12.66 | Remaining:17:59.93 | Mem:265.30M, Peak:265.30M | Scene, ViewLayer | Sample 4/64
Fra:590 Mem:318.45M (Peak 318.45M) | Time:01:31.20 | Remaining:17:48.29 | Mem:265.30M, Peak:265.30M | Scene, ViewLayer | Sample 5/64
Fra:590 Mem:318.45M (Peak 318.45M) | Time:01:50.13 | Remaining:17:38.16 | Mem:265.30M, Peak:265.30M | Scene, ViewLayer | Sample 6/64
Fra:590 Mem:318.45M (Peak 318.45M) | Time:02:10.60 | Remaining:17:38.03 | Mem:265.30M, Peak:265.30M | Scene, ViewLayer | Sample 7/64
Fra:590 Mem:318.45M (Peak 318.45M) | Time:02:31.77 | Remaining:17:37.68 | Mem:265.30M, Peak:265.30M | Scene, ViewLayer | Sample 8/64
Fra:590 Mem:318.45M (Peak 318.45M) | Time:02:51.12 | Remaining:17:21.62 | Mem:265.30M, Peak:265.30M | Scene, ViewLayer | Sample 9/64
Fra:590 Mem:318.45M (Peak 318.45M) | Time:03:11.04 | Remaining:17:08.02 | Mem:265.30M, Peak:265.30M | Scene, ViewLayer | Sample 10/64
Fra:590 Mem:318.45M (Peak 318.45M) | Time:03:31.29 | Remaining:16:54.83 | Mem:265.30M, Peak:265.30M | Scene, ViewLayer | Sample 11/64
Fra:590 Mem:318.45M (Peak 318.45M) | Time:03:50.80 | Remaining:16:37.24 | Mem:265.30M, Peak:265.30M | Scene, ViewLayer | Sample 12/64
Fra:590 Mem:318.45M (Peak 318.45M) | Time:04:09.32 | Remaining:16:15.49 | Mem:265.30M, Peak:265.30M | Scene, ViewLayer | Sample 13/64
Fra:590 Mem:318.45M (Peak 318.45M) | Time:04:28.09 | Remaining:15:55.05 | Mem:265.30M, Peak:265.30M | Scene, ViewLayer | Sample 14/64
Fra:590 Mem:318.45M (Peak 318.45M) | Time:04:48.00 | Remaining:15:38.60 | Mem:265.30M, Peak:265.30M | Scene, ViewLayer | Sample 15/64
Fra:590 Mem:318.45M (Peak 318.45M) | Time:05:08.58 | Remaining:15:23.74 | Mem:265.30M, Peak:265.30M | Scene, ViewLayer | Sample 16/64
Fra:590 Mem:318.45M (Peak 318.45M) | Time:05:26.71 | Remaining:15:01.39 | Mem:265.30M, Peak:265.30M | Scene, ViewLayer | Sample 17/64
Fra:590 Mem:318.45M (Peak 318.45M) | Time:05:45.38 | Remaining:14:40.91 | Mem:265.30M, Peak:265.30M | Scene, ViewLayer | Sample 18/64
Fra:590 Mem:318.45M (Peak 318.45M) | Time:06:03.36 | Remaining:14:18.99 | Mem:265.30M, Peak:265.30M | Scene, ViewLayer | Sample 19/64
Fra:590 Mem:318.45M (Peak 318.45M) | Time:06:21.69 | Remaining:13:58.25 | Mem:265.30M, Peak:265.30M | Scene, ViewLayer | Sample 20/64
Fra:590 Mem:318.45M (Peak 318.45M) | Time:06:40.57 | Remaining:13:38.85 | Mem:265.30M, Peak:265.30M | Scene, ViewLayer | Sample 21/64
Fra:590 Mem:318.45M (Peak 318.45M) | Time:06:59.80 | Remaining:13:20.15 | Mem:265.30M, Peak:265.30M | Scene, ViewLayer | Sample 22/64
Fra:590 Mem:318.45M (Peak 318.45M) | Time:07:18.72 | Remaining:13:00.86 | Mem:265.30M, Peak:265.30M | Scene, ViewLayer | Sample 23/64
Fra:590 Mem:318.45M (Peak 318.45M) | Time:07:37.40 | Remaining:12:41.22 | Mem:265.30M, Peak:265.30M | Scene, ViewLayer | Sample 24/64
Fra:590 Mem:318.45M (Peak 318.45M) | Time:07:55.83 | Remaining:12:21.25 | Mem:265.30M, Peak:265.30M | Scene, ViewLayer | Sample 25/64
Fra:590 Mem:318.45M (Peak 318.45M) | Time:08:13.99 | Remaining:12:01.01 | Mem:265.30M, Peak:265.30M | Scene, ViewLayer | Sample 26/64
Fra:590 Mem:318.45M (Peak 318.45M) | Time:08:33.26 | Remaining:11:42.43 | Mem:265.30M, Peak:265.30M | Scene, ViewLayer | Sample 27/64
Fra:590 Mem:318.45M (Peak 318.45M) | Time:08:55.39 | Remaining:11:27.49 | Mem:265.30M, Peak:265.30M | Scene, ViewLayer | Sample 28/64
Fra:590 Mem:318.45M (Peak 318.45M) | Time:09:16.10 | Remaining:11:10.35 | Mem:265.30M, Peak:265.30M | Scene, ViewLayer | Sample 29/64
Fra:590 Mem:318.45M (Peak 318.45M) | Time:09:36.31 | Remaining:10:52.39 | Mem:265.30M, Peak:265.30M | Scene, ViewLayer | Sample 30/64
Fra:590 Mem:318.45M (Peak 318.45M) | Time:09:56.71 | Remaining:10:34.49 | Mem:265.30M, Peak:265.30M | Scene, ViewLayer | Sample 31/64
Fra:590 Mem:318.45M (Peak 318.45M) | Time:10:15.94 | Remaining:10:15.27 | Mem:265.30M, Peak:265.30M | Scene, ViewLayer | Sample 32/64
Fra:590 Mem:318.45M (Peak 318.45M) | Time:10:35.88 | Remaining:09:56.71 | Mem:265.30M, Peak:265.30M | Scene, ViewLayer | Sample 33/64
Fra:590 Mem:318.45M (Peak 318.45M) | Time:10:56.36 | Remaining:09:38.55 | Mem:265.30M, Peak:265.30M | Scene, ViewLayer | Sample 34/64
Fra:590 Mem:318.45M (Peak 318.45M) | Time:11:16.77 | Remaining:09:20.19 | Mem:265.30M, Peak:265.30M | Scene, ViewLayer | Sample 35/64
Fra:590 Mem:318.45M (Peak 318.45M) | Time:11:37.91 | Remaining:09:02.30 | Mem:265.30M, Peak:265.30M | Scene, ViewLayer | Sample 36/64
Fra:590 Mem:318.45M (Peak 318.45M) | Time:11:58.14 | Remaining:08:43.55 | Mem:265.30M, Peak:265.30M | Scene, ViewLayer | Sample 37/64
Fra:590 Mem:318.45M (Peak 318.45M) | Time:12:18.24 | Remaining:08:24.65 | Mem:265.30M, Peak:265.30M | Scene, ViewLayer | Sample 38/64
Fra:590 Mem:318.45M (Peak 318.45M) | Time:12:38.30 | Remaining:08:05.66 | Mem:265.30M, Peak:265.30M | Scene, ViewLayer | Sample 39/64
Fra:590 Mem:318.45M (Peak 318.45M) | Time:12:55.99 | Remaining:07:45.19 | Mem:265.30M, Peak:265.30M | Scene, ViewLayer | Sample 40/64
Fra:590 Mem:318.45M (Peak 318.45M) | Time:13:13.70 | Remaining:07:24.87 | Mem:265.30M, Peak:265.30M | Scene, ViewLayer | Sample 41/64
Fra:590 Mem:318.45M (Peak 318.45M) | Time:13:31.21 | Remaining:07:04.56 | Mem:265.30M, Peak:265.30M | Scene, ViewLayer | Sample 42/64
Fra:590 Mem:318.45M (Peak 318.45M) | Time:13:48.70 | Remaining:06:44.38 | Mem:265.30M, Peak:265.30M | Scene, ViewLayer | Sample 43/64
Fra:590 Mem:318.45M (Peak 318.45M) | Time:14:07.93 | Remaining:06:25.11 | Mem:265.30M, Peak:265.30M | Scene, ViewLayer | Sample 44/64
Fra:590 Mem:318.45M (Peak 318.45M) | Time:14:25.44 | Remaining:06:05.12 | Mem:265.30M, Peak:265.30M | Scene, ViewLayer | Sample 45/64
Fra:590 Mem:318.45M (Peak 318.45M) | Time:14:42.99 | Remaining:05:45.25 | Mem:265.30M, Peak:265.30M | Scene, ViewLayer | Sample 46/64
Fra:590 Mem:318.45M (Peak 318.45M) | Time:15:01.00 | Remaining:05:25.65 | Mem:265.30M, Peak:265.30M | Scene, ViewLayer | Sample 47/64
Fra:590 Mem:318.45M (Peak 318.45M) | Time:15:19.00 | Remaining:05:06.11 | Mem:265.30M, Peak:265.30M | Scene, ViewLayer | Sample 48/64
Fra:590 Mem:318.45M (Peak 318.45M) | Time:15:36.84 | Remaining:04:46.58 | Mem:265.30M, Peak:265.30M | Scene, ViewLayer | Sample 49/64
Fra:590 Mem:318.45M (Peak 318.45M) | Time:15:54.45 | Remaining:04:27.05 | Mem:265.30M, Peak:265.30M | Scene, ViewLayer | Sample 50/64
Fra:590 Mem:318.45M (Peak 318.45M) | Time:16:12.40 | Remaining:04:07.69 | Mem:265.30M, Peak:265.30M | Scene, ViewLayer | Sample 51/64
Fra:590 Mem:318.45M (Peak 318.45M) | Time:16:29.63 | Remaining:03:48.22 | Mem:265.30M, Peak:265.30M | Scene, ViewLayer | Sample 52/64
Fra:590 Mem:318.45M (Peak 318.45M) | Time:16:47.45 | Remaining:03:28.95 | Mem:265.30M, Peak:265.30M | Scene, ViewLayer | Sample 53/64
Fra:590 Mem:318.45M (Peak 318.45M) | Time:17:05.59 | Remaining:03:09.79 | Mem:265.30M, Peak:265.30M | Scene, ViewLayer | Sample 54/64
Fra:590 Mem:318.45M (Peak 318.45M) | Time:17:23.04 | Remaining:02:50.56 | Mem:265.30M, Peak:265.30M | Scene, ViewLayer | Sample 55/64
Fra:590 Mem:318.45M (Peak 318.45M) | Time:17:40.55 | Remaining:02:31.41 | Mem:265.30M, Peak:265.30M | Scene, ViewLayer | Sample 56/64
Fra:590 Mem:318.45M (Peak 318.45M) | Time:17:57.96 | Remaining:02:12.29 | Mem:265.30M, Peak:265.30M | Scene, ViewLayer | Sample 57/64
Fra:590 Mem:318.45M (Peak 318.45M) | Time:18:16.83 | Remaining:01:53.39 | Mem:265.30M, Peak:265.30M | Scene, ViewLayer | Sample 58/64
Fra:590 Mem:318.45M (Peak 318.45M) | Time:18:35.19 | Remaining:01:34.45 | Mem:265.30M, Peak:265.30M | Scene, ViewLayer | Sample 59/64
Fra:590 Mem:318.45M (Peak 318.45M) | Time:18:52.28 | Remaining:01:15.44 | Mem:265.30M, Peak:265.30M | Scene, ViewLayer | Sample 60/64
Fra:590 Mem:318.45M (Peak 318.45M) | Time:19:09.53 | Remaining:00:56.50 | Mem:265.30M, Peak:265.30M | Scene, ViewLayer | Sample 61/64
Fra:590 Mem:318.45M (Peak 318.45M) | Time:19:26.97 | Remaining:00:37.62 | Mem:265.30M, Peak:265.30M | Scene, ViewLayer | Sample 62/64
Fra:590 Mem:318.45M (Peak 318.45M) | Time:19:44.12 | Remaining:00:18.78 | Mem:265.30M, Peak:265.30M | Scene, ViewLayer | Sample 63/64
Fra:590 Mem:381.74M (Peak 476.66M) | Time:20:16.92 | Mem:265.30M, Peak:265.30M | Scene, ViewLayer | Sample 64/64
Fra:590 Mem:381.74M (Peak 476.66M) | Time:20:16.92 | Mem:265.30M, Peak:265.30M | Scene, ViewLayer | Finished
Saved: '/home/user/liuflexrobo/GLIMMER/renders/final/SHOT_009/frame_0590.jpg'
Time: 20:17.09 (Saving: 00:00.13)

FINAL_FR SHOT_009 590 1217.2s
Fra:690 Mem:135.20M (Peak 135.20M) | Time:00:00.15 | Mem:0.00M, Peak:0.00M | Scene, ViewLayer | Synchronizing object | FX_001_abdomen
Fra:690 Mem:135.23M (Peak 135.23M) | Time:00:00.15 | Mem:0.00M, Peak:0.00M | Scene, ViewLayer | Synchronizing object | FX_001_body
Fra:690 Mem:135.25M (Peak 135.25M) | Time:00:00.15 | Mem:0.00M, Peak:0.00M | Scene, ViewLayer | Synchronizing object | FX_001_wing_L
Fra:690 Mem:135.26M (Peak 135.26M) | Time:00:00.15 | Mem:0.00M, Peak:0.00M | Scene, ViewLayer | Synchronizing object | FX_001_wing_R
Fra:690 Mem:135.27M (Peak 135.27M) | Time:00:00.15 | Mem:0.00M, Peak:0.00M | Scene, ViewLayer | Synchronizing object | FX_010_dot_src
Fra:690 Mem:135.42M (Peak 135.42M) | Time:00:00.15 | Mem:0.00M, Peak:0.00M | Scene, ViewLayer | Synchronizing object | FX_010_swarm
Fra:690 Mem:135.23M (Peak 135.42M) | Time:00:00.15 | Mem:0.00M, Peak:0.00M | Scene, ViewLayer | Synchronizing object | LIGHT_ff_practical
Fra:690 Mem:135.23M (Peak 135.42M) | Time:00:00.15 | Mem:0.00M, Peak:0.00M | Scene, ViewLayer | Synchronizing object | LIGHT_sun
Fra:690 Mem:135.23M (Peak 135.42M) | Time:00:00.15 | Mem:0.00M, Peak:0.00M | Scene, ViewLayer | Synchronizing object | LIGHT_moon
Fra:690 Mem:135.24M (Peak 135.42M) | Time:00:00.15 | Mem:0.00M, Peak:0.00M | Scene, ViewLayer | Synchronizing object | LIGHT_shaft_0
Fra:690 Mem:135.25M (Peak 135.42M) | Time:00:00.15 | Mem:0.00M, Peak:0.00M | Scene, ViewLayer | Synchronizing object | LIGHT_shaft_1
Fra:690 Mem:135.25M (Peak 135.42M) | Time:00:00.15 | Mem:0.00M, Peak:0.00M | Scene, ViewLayer | Synchronizing object | LIGHT_char_fill
Fra:690 Mem:135.25M (Peak 135.42M) | Time:00:00.15 | Mem:0.00M, Peak:0.00M | Scene, ViewLayer | Synchronizing object | LIGHT_night_rim
Fra:690 Mem:135.25M (Peak 135.42M) | Time:00:00.15 | Mem:0.00M, Peak:0.00M | Scene, ViewLayer | Synchronizing object | LIGHT_night_fill
Fra:690 Mem:135.25M (Peak 135.42M) | Time:00:00.15 | Mem:0.00M, Peak:0.00M | Scene, ViewLayer | Synchronizing object | LIGHT_robot_key
Fra:690 Mem:136.01M (Peak 136.01M) | Time:00:00.19 | Mem:0.00M, Peak:0.00M | Scene, ViewLayer | Synchronizing object | CHAR_001_head
Fra:690 Mem:136.28M (Peak 136.28M) | Time:00:00.19 | Mem:0.00M, Peak:0.00M | Scene, ViewLayer | Synchronizing object | CHAR_001_antenna
Fra:690 Mem:139.19M (Peak 139.19M) | Time:00:00.19 | Mem:0.00M, Peak:0.00M | Scene, ViewLayer | Synchronizing object | TWIG_A
Fra:690 Mem:139.24M (Peak 139.24M) | Time:00:00.19 | Mem:0.00M, Peak:0.00M | Scene, ViewLayer | Synchronizing object | TWIG_B
Fra:690 Mem:139.81M (Peak 139.81M) | Time:00:00.20 | Mem:0.00M, Peak:0.00M | Scene, ViewLayer | Synchronizing object | CHAR_001_head_hatch
Fra:690 Mem:140.14M (Peak 140.14M) | Time:00:00.20 | Mem:0.00M, Peak:0.00M | Scene, ViewLayer | Synchronizing object | CHAR_001_head_seam
Fra:690 Mem:140.14M (Peak 140.14M) | Time:00:00.20 | Mem:0.00M, Peak:0.00M | Scene, ViewLayer | Synchronizing object | CHAR_001_eye_rim_L
Fra:690 Mem:140.16M (Peak 140.16M) | Time:00:00.20 | Mem:0.00M, Peak:0.00M | Scene, ViewLayer | Synchronizing object | CHAR_001_eye_L
Fra:690 Mem:140.18M (Peak 140.18M) | Time:00:00.20 | Mem:0.00M, Peak:0.00M | Scene, ViewLayer | Synchronizing object | CHAR_001_iris_L
Fra:690 Mem:140.19M (Peak 140.19M) | Time:00:00.20 | Mem:0.00M, Peak:0.00M | Scene, ViewLayer | Synchronizing object | CHAR_001_eye_rim_R
Fra:690 Mem:140.22M (Peak 140.22M) | Time:00:00.20 | Mem:0.00M, Peak:0.00M | Scene, ViewLayer | Synchronizing object | CHAR_001_eye_R
Fra:690 Mem:140.24M (Peak 140.24M) | Time:00:00.20 | Mem:0.00M, Peak:0.00M | Scene, ViewLayer | Synchronizing object | CHAR_001_iris_R
Fra:690 Mem:140.25M (Peak 140.25M) | Time:00:00.20 | Mem:0.00M, Peak:0.00M | Scene, ViewLayer | Synchronizing object | CHAR_001_antenna_tip
Fra:690 Mem:140.26M (Peak 140.26M) | Time:00:00.20 | Mem:0.00M, Peak:0.00M | Scene, ViewLayer | Synchronizing object | CHAR_001_torso
Fra:690 Mem:140.27M (Peak 140.27M) | Time:00:00.20 | Mem:0.00M, Peak:0.00M | Scene, ViewLayer | Synchronizing object | CHAR_001_torso_panel
Fra:690 Mem:140.29M (Peak 140.29M) | Time:00:00.20 | Mem:0.00M, Peak:0.00M | Scene, ViewLayer | Synchronizing object | CHAR_001_rivets
Fra:690 Mem:140.31M (Peak 140.31M) | Time:00:00.20 | Mem:0.00M, Peak:0.00M | Scene, ViewLayer | Synchronizing object | CHAR_001_vents
Fra:690 Mem:140.31M (Peak 140.31M) | Time:00:00.20 | Mem:0.00M, Peak:0.00M | Scene, ViewLayer | Synchronizing object | CHAR_001_neck
Fra:690 Mem:140.32M (Peak 140.32M) | Time:00:00.20 | Mem:0.00M, Peak:0.00M | Scene, ViewLayer | Synchronizing object | CHAR_001_shoulder_L
Fra:690 Mem:140.33M (Peak 140.33M) | Time:00:00.20 | Mem:0.00M, Peak:0.00M | Scene, ViewLayer | Synchronizing object | CHAR_001_upperarm_L
Fra:690 Mem:140.34M (Peak 140.34M) | Time:00:00.20 | Mem:0.00M, Peak:0.00M | Scene, ViewLayer | Synchronizing object | CHAR_001_forearm_L
Fra:690 Mem:140.35M (Peak 140.35M) | Time:00:00.20 | Mem:0.00M, Peak:0.00M | Scene, ViewLayer | Synchronizing object | CHAR_001_hand_L
Fra:690 Mem:140.41M (Peak 140.41M) | Time:00:00.20 | Mem:0.00M, Peak:0.00M | Scene, ViewLayer | Synchronizing object | CHAR_001_shoulder_R
Fra:690 Mem:140.43M (Peak 140.43M) | Time:00:00.20 | Mem:0.00M, Peak:0.00M | Scene, ViewLayer | Synchronizing object | CHAR_001_upperarm_R
Fra:690 Mem:140.44M (Peak 140.44M) | Time:00:00.20 | Mem:0.00M, Peak:0.00M | Scene, ViewLayer | Synchronizing object | CHAR_001_forearm_R
Fra:690 Mem:140.44M (Peak 140.44M) | Time:00:00.20 | Mem:0.00M, Peak:0.00M | Scene, ViewLayer | Synchronizing object | CHAR_001_hand_R
Fra:690 Mem:140.49M (Peak 140.49M) | Time:00:00.20 | Mem:0.00M, Peak:0.00M | Scene, ViewLayer | Synchronizing object | CHAR_001_finger_R_index
Fra:690 Mem:140.50M (Peak 140.50M) | Time:00:00.20 | Mem:0.00M, Peak:0.00M | Scene, ViewLayer | Synchronizing object | CHAR_001_chassis
Fra:690 Mem:140.51M (Peak 140.51M) | Time:00:00.20 | Mem:0.00M, Peak:0.00M | Scene, ViewLayer | Synchronizing object | CHAR_001_track_plates_L
Fra:690 Mem:140.87M (Peak 140.87M) | Time:00:00.20 | Mem:0.00M, Peak:0.00M | Scene, ViewLayer | Synchronizing object | CHAR_001_wheel_L_0
Fra:690 Mem:140.88M (Peak 140.88M) | Time:00:00.20 | Mem:0.00M, Peak:0.00M | Scene, ViewLayer | Synchronizing object | CHAR_001_wheel_L_1
Fra:690 Mem:140.88M (Peak 140.88M) | Time:00:00.20 | Mem:0.00M, Peak:0.00M | Scene, ViewLayer | Synchronizing object | CHAR_001_wheel_L_2
Fra:690 Mem:140.89M (Peak 140.89M) | Time:00:00.20 | Mem:0.00M, Peak:0.00M | Scene, ViewLayer | Synchronizing object | CHAR_001_wheel_L_3
Fra:690 Mem:140.90M (Peak 140.90M) | Time:00:00.20 | Mem:0.00M, Peak:0.00M | Scene, ViewLayer | Synchronizing object | CHAR_001_wheel_L_4
Fra:690 Mem:140.90M (Peak 140.90M) | Time:00:00.20 | Mem:0.00M, Peak:0.00M | Scene, ViewLayer | Synchronizing object | CHAR_001_fender_L
Fra:690 Mem:140.91M (Peak 140.91M) | Time:00:00.20 | Mem:0.00M, Peak:0.00M | Scene, ViewLayer | Synchronizing object | CHAR_001_track_plates_R
Fra:690 Mem:140.96M (Peak 140.96M) | Time:00:00.20 | Mem:0.00M, Peak:0.00M | Scene, ViewLayer | Synchronizing object | CHAR_001_wheel_R_0
Fra:690 Mem:140.96M (Peak 140.96M) | Time:00:00.20 | Mem:0.00M, Peak:0.00M | Scene, ViewLayer | Synchronizing object | CHAR_001_wheel_R_1
Fra:690 Mem:140.97M (Peak 140.97M) | Time:00:00.20 | Mem:0.00M, Peak:0.00M | Scene, ViewLayer | Synchronizing object | CHAR_001_wheel_R_2
Fra:690 Mem:140.98M (Peak 140.98M) | Time:00:00.20 | Mem:0.00M, Peak:0.00M | Scene, ViewLayer | Synchronizing object | CHAR_001_wheel_R_3
Fra:690 Mem:140.98M (Peak 140.98M) | Time:00:00.20 | Mem:0.00M, Peak:0.00M | Scene, ViewLayer | Synchronizing object | CHAR_001_wheel_R_4
Fra:690 Mem:140.99M (Peak 140.99M) | Time:00:00.20 | Mem:0.00M, Peak:0.00M | Scene, ViewLayer | Synchronizing object | CHAR_001_fender_R
Fra:690 Mem:141.00M (Peak 141.00M) | Time:00:00.20 | Mem:0.00M, Peak:0.00M | Scene, ViewLayer | Synchronizing object | TREE_TRUNK_A
Fra:690 Mem:141.76M (Peak 142.33M) | Time:00:00.21 | Mem:0.00M, Peak:0.00M | Scene, ViewLayer | Synchronizing object | TREE_TRUNK_B
Fra:690 Mem:142.52M (Peak 143.09M) | Time:00:00.21 | Mem:0.00M, Peak:0.00M | Scene, ViewLayer | Synchronizing object | TREE_TRUNK_C
Fra:690 Mem:143.28M (Peak 143.85M) | Time:00:00.21 | Mem:0.00M, Peak:0.00M | Scene, ViewLayer | Synchronizing object | ROOT_A
Fra:690 Mem:143.30M (Peak 143.85M) | Time:00:00.21 | Mem:0.00M, Peak:0.00M | Scene, ViewLayer | Synchronizing object | ROOT_B
Fra:690 Mem:143.31M (Peak 143.85M) | Time:00:00.21 | Mem:0.00M, Peak:0.00M | Scene, ViewLayer | Synchronizing object | ROOT_C
Fra:690 Mem:143.33M (Peak 143.85M) | Time:00:00.21 | Mem:0.00M, Peak:0.00M | Scene, ViewLayer | Synchronizing object | FALLEN_LOG_HERO
Fra:690 Mem:143.40M (Peak 143.85M) | Time:00:00.21 | Mem:0.00M, Peak:0.00M | Scene, ViewLayer | Synchronizing object | FERN_A
Fra:690 Mem:144.10M (Peak 144.10M) | Time:00:00.21 | Mem:0.00M, Peak:0.00M | Scene, ViewLayer | Synchronizing object | FERN_B
Fra:690 Mem:144.62M (Peak 144.62M) | Time:00:00.21 | Mem:0.00M, Peak:0.00M | Scene, ViewLayer | Synchronizing object | FERN_C
Fra:690 Mem:145.55M (Peak 145.55M) | Time:00:00.21 | Mem:0.00M, Peak:0.00M | Scene, ViewLayer | Synchronizing object | MOSS_PATCH_A
Fra:690 Mem:145.56M (Peak 145.56M) | Time:00:00.21 | Mem:0.00M, Peak:0.00M | Scene, ViewLayer | Synchronizing object | MOSS_PATCH_B
Fra:690 Mem:145.57M (Peak 145.57M) | Time:00:00.21 | Mem:0.00M, Peak:0.00M | Scene, ViewLayer | Synchronizing object | GROUND_LEAF_A
Fra:690 Mem:145.58M (Peak 145.58M) | Time:00:00.21 | Mem:0.00M, Peak:0.00M | Scene, ViewLayer | Synchronizing object | GROUND_LEAF_B
Fra:690 Mem:145.58M (Peak 145.58M) | Time:00:00.21 | Mem:0.00M, Peak:0.00M | Scene, ViewLayer | Synchronizing object | GROUND_LEAF_C
Fra:690 Mem:145.58M (Peak 145.58M) | Time:00:00.21 | Mem:0.00M, Peak:0.00M | Scene, ViewLayer | Synchronizing object | ROCK_SMALL
Fra:690 Mem:145.59M (Peak 145.59M) | Time:00:00.21 | Mem:0.00M, Peak:0.00M | Scene, ViewLayer | Synchronizing object | BACKGROUND_TREE
Fra:690 Mem:146.17M (Peak 146.17M) | Time:00:00.21 | Mem:0.00M, Peak:0.00M | Scene, ViewLayer | Synchronizing object | ENV_ground
Fra:690 Mem:147.41M (Peak 147.56M) | Time:00:00.22 | Mem:0.00M, Peak:0.00M | Scene, ViewLayer | Synchronizing object | ENV_hero_tree
Fra:690 Mem:148.17M (Peak 148.74M) | Time:00:00.22 | Mem:0.00M, Peak:0.00M | Scene, ViewLayer | Synchronizing object | ENV_root_0
Fra:690 Mem:148.19M (Peak 148.74M) | Time:00:00.22 | Mem:0.00M, Peak:0.00M | Scene, ViewLayer | Synchronizing object | ENV_root_1
Fra:690 Mem:148.20M (Peak 148.74M) | Time:00:00.22 | Mem:0.00M, Peak:0.00M | Scene, ViewLayer | Synchronizing object | ENV_root_2
Fra:690 Mem:148.22M (Peak 148.74M) | Time:00:00.22 | Mem:0.00M, Peak:0.00M | Scene, ViewLayer | Synchronizing object | ENV_root_3
Fra:690 Mem:148.23M (Peak 148.74M) | Time:00:00.22 | Mem:0.00M, Peak:0.00M | Scene, ViewLayer | Synchronizing object | ENV_root_4
Fra:690 Mem:148.23M (Peak 148.74M) | Time:00:00.22 | Mem:0.00M, Peak:0.00M | Scene, ViewLayer | Synchronizing object | ENV_root_5
Fra:690 Mem:148.26M (Peak 148.74M) | Time:00:00.22 | Mem:0.00M, Peak:0.00M | Scene, ViewLayer | Synchronizing object | ENV_fallen_log
Fra:690 Mem:148.63M (Peak 148.74M) | Time:00:00.22 | Mem:0.00M, Peak:0.00M | Scene, ViewLayer | Synchronizing object | ENV_midtree_0
Fra:690 Mem:149.08M (Peak 149.66M) | Time:00:00.22 | Mem:0.00M, Peak:0.00M | Scene, ViewLayer | Synchronizing object | ENV_midtree_1
Fra:690 Mem:149.86M (Peak 150.42M) | Time:00:00.22 | Mem:0.00M, Peak:0.00M | Scene, ViewLayer | Synchronizing object | ENV_midtree_2
Fra:690 Mem:150.62M (Peak 151.19M) | Time:00:00.22 | Mem:0.00M, Peak:0.00M | Scene, ViewLayer | Synchronizing object | ENV_midtree_3
Fra:690 Mem:151.38M (Peak 151.95M) | Time:00:00.23 | Mem:0.00M, Peak:0.00M | Scene, ViewLayer | Synchronizing object | ENV_midtree_4
Fra:690 Mem:152.14M (Peak 152.71M) | Time:00:00.23 | Mem:0.00M, Peak:0.00M | Scene, ViewLayer | Synchronizing object | ENV_midtree_5
Fra:690 Mem:152.91M (Peak 153.48M) | Time:00:00.23 | Mem:0.00M, Peak:0.00M | Scene, ViewLayer | Synchronizing object | ENV_bgtree_0
Fra:690 Mem:153.47M (Peak 153.48M) | Time:00:00.23 | Mem:0.00M, Peak:0.00M | Scene, ViewLayer | Synchronizing object | ENV_bgtree_1
Fra:690 Mem:154.37M (Peak 154.37M) | Time:00:00.23 | Mem:0.00M, Peak:0.00M | Scene, ViewLayer | Synchronizing object | ENV_bgtree_2
Fra:690 Mem:154.94M (Peak 154.94M) | Time:00:00.23 | Mem:0.00M, Peak:0.00M | Scene, ViewLayer | Synchronizing object | ENV_bgtree_3
Fra:690 Mem:155.82M (Peak 155.82M) | Time:00:00.23 | Mem:0.00M, Peak:0.00M | Scene, ViewLayer | Synchronizing object | ENV_bgtree_4
Fra:690 Mem:156.40M (Peak 156.40M) | Time:00:00.23 | Mem:0.00M, Peak:0.00M | Scene, ViewLayer | Synchronizing object | ENV_bgtree_5
Fra:690 Mem:157.28M (Peak 157.28M) | Time:00:00.23 | Mem:0.00M, Peak:0.00M | Scene, ViewLayer | Synchronizing object | ENV_bgtree_6
Fra:690 Mem:157.87M (Peak 157.87M) | Time:00:00.23 | Mem:0.00M, Peak:0.00M | Scene, ViewLayer | Synchronizing object | ENV_bgtree_7
Fra:690 Mem:158.74M (Peak 158.74M) | Time:00:00.24 | Mem:0.00M, Peak:0.00M | Scene, ViewLayer | Synchronizing object | ENV_bgtree_8
Fra:690 Mem:159.33M (Peak 159.33M) | Time:00:00.24 | Mem:0.00M, Peak:0.00M | Scene, ViewLayer | Synchronizing object | ENV_bgtree_9
Fra:690 Mem:160.20M (Peak 160.20M) | Time:00:00.24 | Mem:0.00M, Peak:0.00M | Scene, ViewLayer | Synchronizing object | ENV_bgtree_10
Fra:690 Mem:160.79M (Peak 160.79M) | Time:00:00.24 | Mem:0.00M, Peak:0.00M | Scene, ViewLayer | Synchronizing object | ENV_bgtree_11
Fra:690 Mem:161.66M (Peak 161.66M) | Time:00:00.24 | Mem:0.00M, Peak:0.00M | Scene, ViewLayer | Synchronizing object | ENV_bgtree_12
Fra:690 Mem:162.25M (Peak 162.25M) | Time:00:00.24 | Mem:0.00M, Peak:0.00M | Scene, ViewLayer | Synchronizing object | ENV_bgtree_13
Fra:690 Mem:162.81M (Peak 162.81M) | Time:00:00.24 | Mem:0.00M, Peak:0.00M | Scene, ViewLayer | Synchronizing object | ENV_bgtree_14
Fra:690 Mem:163.71M (Peak 163.71M) | Time:00:00.24 | Mem:0.00M, Peak:0.00M | Scene, ViewLayer | Synchronizing object | ENV_bgtree_15
Fra:690 Mem:164.28M (Peak 164.28M) | Time:00:00.24 | Mem:0.00M, Peak:0.00M | Scene, ViewLayer | Synchronizing object | ENV_bgtree_16
Fra:690 Mem:165.15M (Peak 165.15M) | Time:00:00.24 | Mem:0.00M, Peak:0.00M | Scene, ViewLayer | Synchronizing object | ENV_bgtree_17
Fra:690 Mem:166.02M (Peak 166.02M) | Time:00:00.25 | Mem:0.00M, Peak:0.00M | Scene, ViewLayer | Synchronizing object | ENV_bgtree_18
Fra:690 Mem:166.90M (Peak 166.90M) | Time:00:00.25 | Mem:0.00M, Peak:0.00M | Scene, ViewLayer | Synchronizing object | ENV_bgtree_19
Fra:690 Mem:167.78M (Peak 167.78M) | Time:00:00.25 | Mem:0.00M, Peak:0.00M | Scene, ViewLayer | Synchronizing object | ENV_bgtree_20
Fra:690 Mem:168.66M (Peak 168.66M) | Time:00:00.25 | Mem:0.00M, Peak:0.00M | Scene, ViewLayer | Synchronizing object | ENV_bgtree_21
Fra:690 Mem:169.54M (Peak 169.54M) | Time:00:00.25 | Mem:0.00M, Peak:0.00M | Scene, ViewLayer | Synchronizing object | ENV_bgtree_22
Fra:690 Mem:170.41M (Peak 170.41M) | Time:00:00.25 | Mem:0.00M, Peak:0.00M | Scene, ViewLayer | Synchronizing object | ENV_bgtree_23
Fra:690 Mem:171.29M (Peak 171.29M) | Time:00:00.26 | Mem:0.00M, Peak:0.00M | Scene, ViewLayer | Synchronizing object | ENV_bgtree_24
Fra:690 Mem:172.17M (Peak 172.17M) | Time:00:00.26 | Mem:0.00M, Peak:0.00M | Scene, ViewLayer | Synchronizing object | ENV_bgtree_25
Fra:690 Mem:173.06M (Peak 173.06M) | Time:00:00.26 | Mem:0.00M, Peak:0.00M | Scene, ViewLayer | Synchronizing object | ENV_bgtree_26
Fra:690 Mem:173.95M (Peak 173.95M) | Time:00:00.26 | Mem:0.00M, Peak:0.00M | Scene, ViewLayer | Synchronizing object | ENV_bgtree_27
Fra:690 Mem:174.82M (Peak 174.82M) | Time:00:00.26 | Mem:0.00M, Peak:0.00M | Scene, ViewLayer | Synchronizing object | ENV_bgtree_28
Fra:690 Mem:175.69M (Peak 175.69M) | Time:00:00.26 | Mem:0.00M, Peak:0.00M | Scene, ViewLayer | Synchronizing object | ENV_bgtree_29
Fra:690 Mem:176.58M (Peak 176.58M) | Time:00:00.27 | Mem:0.00M, Peak:0.00M | Scene, ViewLayer | Synchronizing object | ENV_bgtree_30
Fra:690 Mem:177.45M (Peak 177.45M) | Time:00:00.27 | Mem:0.00M, Peak:0.00M | Scene, ViewLayer | Synchronizing object | ENV_bgtree_31
Fra:690 Mem:178.33M (Peak 178.33M) | Time:00:00.27 | Mem:0.00M, Peak:0.00M | Scene, ViewLayer | Synchronizing object | ENV_bgtree_32
Fra:690 Mem:179.20M (Peak 179.20M) | Time:00:00.27 | Mem:0.00M, Peak:0.00M | Scene, ViewLayer | Synchronizing object | ENV_bgtree_33
Fra:690 Mem:180.08M (Peak 180.08M) | Time:00:00.27 | Mem:0.00M, Peak:0.00M | Scene, ViewLayer | Synchronizing object | ENV_bgtree_34
Fra:690 Mem:180.96M (Peak 180.96M) | Time:00:00.27 | Mem:0.00M, Peak:0.00M | Scene, ViewLayer | Synchronizing object | ENV_bgtree_35
Fra:690 Mem:181.84M (Peak 181.84M) | Time:00:00.28 | Mem:0.00M, Peak:0.00M | Scene, ViewLayer | Synchronizing object | ENV_bgtree_36
Fra:690 Mem:182.72M (Peak 182.72M) | Time:00:00.28 | Mem:0.00M, Peak:0.00M | Scene, ViewLayer | Synchronizing object | ENV_bgtree_37
Fra:690 Mem:183.60M (Peak 183.60M) | Time:00:00.28 | Mem:0.00M, Peak:0.00M | Scene, ViewLayer | Synchronizing object | ENV_bgtree_38
Fra:690 Mem:184.47M (Peak 184.47M) | Time:00:00.28 | Mem:0.00M, Peak:0.00M | Scene, ViewLayer | Synchronizing object | ENV_bgtree_39
Fra:690 Mem:185.37M (Peak 185.37M) | Time:00:00.28 | Mem:0.00M, Peak:0.00M | Scene, ViewLayer | Synchronizing object | ENV_bgtree_40
Fra:690 Mem:186.24M (Peak 186.24M) | Time:00:00.28 | Mem:0.00M, Peak:0.00M | Scene, ViewLayer | Synchronizing object | ENV_bgtree_41
Fra:690 Mem:187.11M (Peak 187.11M) | Time:00:00.29 | Mem:0.00M, Peak:0.00M | Scene, ViewLayer | Synchronizing object | ENV_bgtree_42
Fra:690 Mem:187.99M (Peak 187.99M) | Time:00:00.29 | Mem:0.00M, Peak:0.00M | Scene, ViewLayer | Synchronizing object | ENV_bgtree_43
Fra:690 Mem:188.86M (Peak 188.86M) | Time:00:00.29 | Mem:0.00M, Peak:0.00M | Scene, ViewLayer | Synchronizing object | ENV_bgtree_44
Fra:690 Mem:189.75M (Peak 189.75M) | Time:00:00.29 | Mem:0.00M, Peak:0.00M | Scene, ViewLayer | Synchronizing object | ENV_bgtree_45
Fra:690 Mem:190.63M (Peak 190.63M) | Time:00:00.29 | Mem:0.00M, Peak:0.00M | Scene, ViewLayer | Synchronizing object | ENV_bgtree_46
Fra:690 Mem:191.50M (Peak 191.50M) | Time:00:00.30 | Mem:0.00M, Peak:0.00M | Scene, ViewLayer | Synchronizing object | ENV_bgtree_47
Fra:690 Mem:192.38M (Peak 192.38M) | Time:00:00.30 | Mem:0.00M, Peak:0.00M | Scene, ViewLayer | Synchronizing object | ENV_bgtree_48
Fra:690 Mem:193.26M (Peak 193.26M) | Time:00:00.30 | Mem:0.00M, Peak:0.00M | Scene, ViewLayer | Synchronizing object | ENV_bgtree_49
Fra:690 Mem:194.13M (Peak 194.13M) | Time:00:00.30 | Mem:0.00M, Peak:0.00M | Scene, ViewLayer | Synchronizing object | ENV_bgtree_50
Fra:690 Mem:195.01M (Peak 195.01M) | Time:00:00.30 | Mem:0.00M, Peak:0.00M | Scene, ViewLayer | Synchronizing object | ENV_bgtree_51
Fra:690 Mem:195.89M (Peak 195.89M) | Time:00:00.30 | Mem:0.00M, Peak:0.00M | Scene, ViewLayer | Synchronizing object | ENV_bgtree_52
Fra:690 Mem:196.77M (Peak 196.77M) | Time:00:00.31 | Mem:0.00M, Peak:0.00M | Scene, ViewLayer | Synchronizing object | ENV_bgtree_53
Fra:690 Mem:197.65M (Peak 197.65M) | Time:00:00.31 | Mem:0.00M, Peak:0.00M | Scene, ViewLayer | Synchronizing object | ENV_bgtree_54
Fra:690 Mem:198.53M (Peak 198.53M) | Time:00:00.31 | Mem:0.00M, Peak:0.00M | Scene, ViewLayer | Synchronizing object | ENV_bgtree_55
Fra:690 Mem:199.40M (Peak 199.40M) | Time:00:00.31 | Mem:0.00M, Peak:0.00M | Scene, ViewLayer | Synchronizing object | ENV_bgtree_56
Fra:690 Mem:200.28M (Peak 200.28M) | Time:00:00.31 | Mem:0.00M, Peak:0.00M | Scene, ViewLayer | Synchronizing object | ENV_bgtree_57
Fra:690 Mem:201.16M (Peak 201.16M) | Time:00:00.31 | Mem:0.00M, Peak:0.00M | Scene, ViewLayer | Synchronizing object | ENV_bgtree_58
Fra:690 Mem:202.04M (Peak 202.04M) | Time:00:00.32 | Mem:0.00M, Peak:0.00M | Scene, ViewLayer | Synchronizing object | ENV_bgtree_59
Fra:690 Mem:202.64M (Peak 202.64M) | Time:00:00.32 | Mem:0.00M, Peak:0.00M | Scene, ViewLayer | Synchronizing object | ENV_fern_0
Fra:690 Mem:203.05M (Peak 203.05M) | Time:00:00.32 | Mem:0.00M, Peak:0.00M | Scene, ViewLayer | Synchronizing object | ENV_fern_1
Fra:690 Mem:203.59M (Peak 203.59M) | Time:00:00.32 | Mem:0.00M, Peak:0.00M | Scene, ViewLayer | Synchronizing object | ENV_fern_2
Fra:690 Mem:204.25M (Peak 204.25M) | Time:00:00.32 | Mem:0.00M, Peak:0.00M | Scene, ViewLayer | Synchronizing object | ENV_fern_3
Fra:690 Mem:204.67M (Peak 204.67M) | Time:00:00.32 | Mem:0.00M, Peak:0.00M | Scene, ViewLayer | Synchronizing object | ENV_fern_4
Fra:690 Mem:205.21M (Peak 205.21M) | Time:00:00.32 | Mem:0.00M, Peak:0.00M | Scene, ViewLayer | Synchronizing object | ENV_fern_5
Fra:690 Mem:205.88M (Peak 205.88M) | Time:00:00.32 | Mem:0.00M, Peak:0.00M | Scene, ViewLayer | Synchronizing object | ENV_fern_6
Fra:690 Mem:206.30M (Peak 206.30M) | Time:00:00.32 | Mem:0.00M, Peak:0.00M | Scene, ViewLayer | Synchronizing object | ENV_fern_7
Fra:690 Mem:206.84M (Peak 206.84M) | Time:00:00.32 | Mem:0.00M, Peak:0.00M | Scene, ViewLayer | Synchronizing object | ENV_fern_8
Fra:690 Mem:207.50M (Peak 207.50M) | Time:00:00.32 | Mem:0.00M, Peak:0.00M | Scene, ViewLayer | Synchronizing object | ENV_fern_9
Fra:690 Mem:207.92M (Peak 207.92M) | Time:00:00.32 | Mem:0.00M, Peak:0.00M | Scene, ViewLayer | Synchronizing object | ENV_fern_10
Fra:690 Mem:208.46M (Peak 208.46M) | Time:00:00.33 | Mem:0.00M, Peak:0.00M | Scene, ViewLayer | Synchronizing object | ENV_fern_11
Fra:690 Mem:209.13M (Peak 209.13M) | Time:00:00.33 | Mem:0.00M, Peak:0.00M | Scene, ViewLayer | Synchronizing object | ENV_fern_12
Fra:690 Mem:209.56M (Peak 209.56M) | Time:00:00.33 | Mem:0.00M, Peak:0.00M | Scene, ViewLayer | Synchronizing object | ENV_fern_13
Fra:690 Mem:210.10M (Peak 210.10M) | Time:00:00.33 | Mem:0.00M, Peak:0.00M | Scene, ViewLayer | Synchronizing object | ENV_fern_14
Fra:690 Mem:210.66M (Peak 210.66M) | Time:00:00.33 | Mem:0.00M, Peak:0.00M | Scene, ViewLayer | Synchronizing object | ENV_twig_0
Fra:690 Mem:210.80M (Peak 210.80M) | Time:00:00.33 | Mem:0.00M, Peak:0.00M | Scene, ViewLayer | Synchronizing object | ENV_fern_15
Fra:690 Mem:210.99M (Peak 210.99M) | Time:00:00.33 | Mem:0.00M, Peak:0.00M | Scene, ViewLayer | Synchronizing object | ENV_twig_1
Fra:690 Mem:211.20M (Peak 211.20M) | Time:00:00.33 | Mem:0.00M, Peak:0.00M | Scene, ViewLayer | Synchronizing object | ENV_twig_2
Fra:690 Mem:211.24M (Peak 211.24M) | Time:00:00.33 | Mem:0.00M, Peak:0.00M | Scene, ViewLayer | Synchronizing object | ENV_twig_3
Fra:690 Mem:211.28M (Peak 211.28M) | Time:00:00.33 | Mem:0.00M, Peak:0.00M | Scene, ViewLayer | Synchronizing object | ENV_twig_4
Fra:690 Mem:211.38M (Peak 211.38M) | Time:00:00.33 | Mem:0.00M, Peak:0.00M | Scene, ViewLayer | Synchronizing object | ENV_twig_5
Fra:690 Mem:211.44M (Peak 211.44M) | Time:00:00.33 | Mem:0.00M, Peak:0.00M | Scene, ViewLayer | Synchronizing object | ENV_fern_16
Fra:690 Mem:211.51M (Peak 211.51M) | Time:00:00.33 | Mem:0.00M, Peak:0.00M | Scene, ViewLayer | Synchronizing object | ENV_twig_6
Fra:690 Mem:211.86M (Peak 211.86M) | Time:00:00.33 | Mem:0.00M, Peak:0.00M | Scene, ViewLayer | Synchronizing object | ENV_twig_7
Fra:690 Mem:211.98M (Peak 211.98M) | Time:00:00.33 | Mem:0.00M, Peak:0.00M | Scene, ViewLayer | Synchronizing object | ENV_twig_8
Fra:690 Mem:212.01M (Peak 212.01M) | Time:00:00.33 | Mem:0.00M, Peak:0.00M | Scene, ViewLayer | Synchronizing object | ENV_twig_9
Fra:690 Mem:212.06M (Peak 212.06M) | Time:00:00.33 | Mem:0.00M, Peak:0.00M | Scene, ViewLayer | Synchronizing object | ENV_twig_10
Fra:690 Mem:212.10M (Peak 212.10M) | Time:00:00.33 | Mem:0.00M, Peak:0.00M | Scene, ViewLayer | Synchronizing object | ENV_twig_11
Fra:690 Mem:212.30M (Peak 212.30M) | Time:00:00.33 | Mem:0.00M, Peak:0.00M | Scene, ViewLayer | Synchronizing object | ENV_twig_12
Fra:690 Mem:212.27M (Peak 212.30M) | Time:00:00.33 | Mem:0.00M, Peak:0.00M | Scene, ViewLayer | Synchronizing object | ENV_fern_17
Fra:690 Mem:212.37M (Peak 212.37M) | Time:00:00.33 | Mem:0.00M, Peak:0.00M | Scene, ViewLayer | Synchronizing object | ENV_twig_13
Fra:690 Mem:212.79M (Peak 212.79M) | Time:00:00.33 | Mem:0.00M, Peak:0.00M | Scene, ViewLayer | Synchronizing object | ENV_twig_14
Fra:690 Mem:212.93M (Peak 212.93M) | Time:00:00.33 | Mem:0.00M, Peak:0.00M | Scene, ViewLayer | Synchronizing object | ENV_twig_15
Fra:690 Mem:212.97M (Peak 212.97M) | Time:00:00.33 | Mem:0.00M, Peak:0.00M | Scene, ViewLayer | Synchronizing object | ENV_twig_16
Fra:690 Mem:213.00M (Peak 213.00M) | Time:00:00.33 | Mem:0.00M, Peak:0.00M | Scene, ViewLayer | Synchronizing object | ENV_twig_17
Fra:690 Mem:213.04M (Peak 213.04M) | Time:00:00.33 | Mem:0.00M, Peak:0.00M | Scene, ViewLayer | Synchronizing object | ENV_twig_18
Fra:690 Mem:213.09M (Peak 213.09M) | Time:00:00.33 | Mem:0.00M, Peak:0.00M | Scene, ViewLayer | Synchronizing object | ENV_twig_19
Fra:690 Mem:213.21M (Peak 213.21M) | Time:00:00.33 | Mem:0.00M, Peak:0.00M | Scene, ViewLayer | Synchronizing object | ENV_twig_20
Fra:690 Mem:213.29M (Peak 213.29M) | Time:00:00.33 | Mem:0.00M, Peak:0.00M | Scene, ViewLayer | Synchronizing object | ENV_fern_18
Fra:690 Mem:213.34M (Peak 213.34M) | Time:00:00.33 | Mem:0.00M, Peak:0.00M | Scene, ViewLayer | Synchronizing object | ENV_twig_21
Fra:690 Mem:213.68M (Peak 213.68M) | Time:00:00.33 | Mem:0.00M, Peak:0.00M | Scene, ViewLayer | Synchronizing object | ENV_twig_22
Fra:690 Mem:213.71M (Peak 213.71M) | Time:00:00.33 | Mem:0.00M, Peak:0.00M | Scene, ViewLayer | Synchronizing object | ENV_twig_23
Fra:690 Mem:213.76M (Peak 213.76M) | Time:00:00.33 | Mem:0.00M, Peak:0.00M | Scene, ViewLayer | Synchronizing object | ENV_twig_24
Fra:690 Mem:213.80M (Peak 213.80M) | Time:00:00.33 | Mem:0.00M, Peak:0.00M | Scene, ViewLayer | Synchronizing object | ENV_twig_25
Fra:690 Mem:213.92M (Peak 213.92M) | Time:00:00.33 | Mem:0.00M, Peak:0.00M | Scene, ViewLayer | Synchronizing object | ENV_fern_19
Fra:690 Mem:214.37M (Peak 214.37M) | Time:00:00.33 | Mem:0.00M, Peak:0.00M | Scene, ViewLayer | Synchronizing object | PROP_twig_hero
Fra:690 Mem:214.38M (Peak 214.38M) | Time:00:00.33 | Mem:0.00M, Peak:0.00M | Scene, ViewLayer | Synchronizing object | ENV_mist
Fra:690 Mem:214.36M (Peak 214.38M) | Time:00:00.33 | Mem:0.00M, Peak:0.00M | Scene, ViewLayer | Synchronizing object | ENV_leaf_1099
Fra:690 Mem:214.37M (Peak 214.38M) | Time:00:00.33 | Mem:0.00M, Peak:0.00M | Scene, ViewLayer | Synchronizing object | ENV_leaf_1098
Fra:690 Mem:214.37M (Peak 214.38M) | Time:00:00.33 | Mem:0.00M, Peak:0.00M | Scene, ViewLayer | Synchronizing object | ENV_leaf_1097
Fra:690 Mem:214.38M (Peak 214.38M) | Time:00:00.33 | Mem:0.00M, Peak:0.00M | Scene, ViewLayer | Synchronizing object | ENV_leaf_1096
Fra:690 Mem:214.38M (Peak 214.38M) | Time:00:00.33 | Mem:0.00M, Peak:0.00M | Scene, ViewLayer | Synchronizing object | ENV_leaf_1095
Fra:690 Mem:214.38M (Peak 214.38M) | Time:00:00.33 | Mem:0.00M, Peak:0.00M | Scene, ViewLayer | Synchronizing object | ENV_leaf_1094
Fra:690 Mem:214.39M (Peak 214.39M) | Time:00:00.33 | Mem:0.00M, Peak:0.00M | Scene, ViewLayer | Synchronizing object | ENV_leaf_1093
Fra:690 Mem:214.39M (Peak 214.39M) | Time:00:00.33 | Mem:0.00M, Peak:0.00M | Scene, ViewLayer | Synchronizing object | ENV_leaf_1092
Fra:690 Mem:214.40M (Peak 214.40M) | Time:00:00.33 | Mem:0.00M, Peak:0.00M | Scene, ViewLayer | Synchronizing object | ENV_leaf_1091
Fra:690 Mem:214.40M (Peak 214.40M) | Time:00:00.33 | Mem:0.00M, Peak:0.00M | Scene, ViewLayer | Synchronizing object | ENV_leaf_1090
Fra:690 Mem:214.40M (Peak 214.40M) | Time:00:00.33 | Mem:0.00M, Peak:0.00M | Scene, ViewLayer | Synchronizing object | ENV_leaf_1089
Fra:690 Mem:214.41M (Peak 214.41M) | Time:00:00.33 | Mem:0.00M, Peak:0.00M | Scene, ViewLayer | Synchronizing object | ENV_leaf_1088
Fra:690 Mem:214.41M (Peak 214.41M) | Time:00:00.33 | Mem:0.00M, Peak:0.00M | Scene, ViewLayer | Synchronizing object | ENV_leaf_1087
Fra:690 Mem:214.48M (Peak 214.48M) | Time:00:00.33 | Mem:0.00M, Peak:0.00M | Scene, ViewLayer | Synchronizing object | ENV_leaf_1086
Fra:690 Mem:214.48M (Peak 214.48M) | Time:00:00.33 | Mem:0.00M, Peak:0.00M | Scene, ViewLayer | Synchronizing object | ENV_leaf_1085
Fra:690 Mem:214.51M (Peak 214.51M) | Time:00:00.33 | Mem:0.00M, Peak:0.00M | Scene, ViewLayer | Synchronizing object | ENV_leaf_1084
Fra:690 Mem:214.58M (Peak 214.58M) | Time:00:00.33 | Mem:0.00M, Peak:0.00M | Scene, ViewLayer | Synchronizing object | ENV_leaf_1083
Fra:690 Mem:214.52M (Peak 214.58M) | Time:00:00.33 | Mem:0.00M, Peak:0.00M | Scene, ViewLayer | Synchronizing object | ENV_fern_20
Fra:690 Mem:214.52M (Peak 214.58M) | Time:00:00.33 | Mem:0.00M, Peak:0.00M | Scene, ViewLayer | Synchronizing object | ENV_leaf_1082
Fra:690 Mem:214.61M (Peak 214.61M) | Time:00:00.33 | Mem:0.00M, Peak:0.00M | Scene, ViewLayer | Synchronizing object | ENV_leaf_1081
Fra:690 Mem:214.81M (Peak 214.81M) | Time:00:00.33 | Mem:0.00M, Peak:0.00M | Scene, ViewLayer | Synchronizing object | ENV_leaf_1080
Fra:690 Mem:214.89M (Peak 214.89M) | Time:00:00.33 | Mem:0.00M, Peak:0.00M | Scene, ViewLayer | Synchronizing object | ENV_leaf_1079
Fra:690 Mem:214.99M (Peak 214.99M) | Time:00:00.33 | Mem:0.00M, Peak:0.00M | Scene, ViewLayer | Synchronizing object | ENV_leaf_1078
Fra:690 Mem:215.00M (Peak 215.00M) | Time:00:00.33 | Mem:0.00M, Peak:0.00M | Scene, ViewLayer | Synchronizing object | ENV_leaf_1077
Fra:690 Mem:215.00M (Peak 215.00M) | Time:00:00.33 | Mem:0.00M, Peak:0.00M | Scene, ViewLayer | Synchronizing object | ENV_leaf_1076
Fra:690 Mem:215.01M (Peak 215.01M) | Time:00:00.33 | Mem:0.00M, Peak:0.00M | Scene, ViewLayer | Synchronizing object | ENV_leaf_1075
Fra:690 Mem:215.10M (Peak 215.10M) | Time:00:00.33 | Mem:0.00M, Peak:0.00M | Scene, ViewLayer | Synchronizing object | ENV_leaf_1074
Fra:690 Mem:215.11M (Peak 215.11M) | Time:00:00.33 | Mem:0.00M, Peak:0.00M | Scene, ViewLayer | Synchronizing object | ENV_leaf_1073
Fra:690 Mem:215.11M (Peak 215.11M) | Time:00:00.33 | Mem:0.00M, Peak:0.00M | Scene, ViewLayer | Synchronizing object | ENV_leaf_1072
Fra:690 Mem:215.12M (Peak 215.12M) | Time:00:00.33 | Mem:0.00M, Peak:0.00M | Scene, ViewLayer | Synchronizing object | ENV_leaf_1071
Fra:690 Mem:215.12M (Peak 215.12M) | Time:00:00.33 | Mem:0.00M, Peak:0.00M | Scene, ViewLayer | Synchronizing object | ENV_leaf_1070
Fra:690 Mem:215.12M (Peak 215.12M) | Time:00:00.33 | Mem:0.00M, Peak:0.00M | Scene, ViewLayer | Synchronizing object | ENV_leaf_1069
Fra:690 Mem:215.11M (Peak 215.12M) | Time:00:00.33 | Mem:0.00M, Peak:0.00M | Scene, ViewLayer | Synchronizing object | ENV_leaf_1068
Fra:690 Mem:215.11M (Peak 215.12M) | Time:00:00.33 | Mem:0.00M, Peak:0.00M | Scene, ViewLayer | Synchronizing object | ENV_leaf_1067
Fra:690 Mem:215.12M (Peak 215.12M) | Time:00:00.33 | Mem:0.00M, Peak:0.00M | Scene, ViewLayer | Synchronizing object | ENV_leaf_1066
Fra:690 Mem:215.12M (Peak 215.12M) | Time:00:00.33 | Mem:0.00M, Peak:0.00M | Scene, ViewLayer | Synchronizing object | ENV_leaf_1065
Fra:690 Mem:215.13M (Peak 215.13M) | Time:00:00.33 | Mem:0.00M, Peak:0.00M | Scene, ViewLayer | Synchronizing object | ENV_leaf_1064
Fra:690 Mem:215.13M (Peak 215.13M) | Time:00:00.33 | Mem:0.00M, Peak:0.00M | Scene, ViewLayer | Synchronizing object | ENV_leaf_1063
Fra:690 Mem:215.13M (Peak 215.13M) | Time:00:00.33 | Mem:0.00M, Peak:0.00M | Scene, ViewLayer | Synchronizing object | ENV_leaf_1062
Fra:690 Mem:215.14M (Peak 215.14M) | Time:00:00.33 | Mem:0.00M, Peak:0.00M | Scene, ViewLayer | Synchronizing object | ENV_leaf_1061
Fra:690 Mem:215.14M (Peak 215.14M) | Time:00:00.33 | Mem:0.00M, Peak:0.00M | Scene, ViewLayer | Synchronizing object | ENV_leaf_1060
Fra:690 Mem:215.15M (Peak 215.15M) | Time:00:00.33 | Mem:0.00M, Peak:0.00M | Scene, ViewLayer | Synchronizing object | ENV_leaf_1059
Fra:690 Mem:215.15M (Peak 215.15M) | Time:00:00.33 | Mem:0.00M, Peak:0.00M | Scene, ViewLayer | Synchronizing object | ENV_leaf_1058
Fra:690 Mem:215.15M (Peak 215.15M) | Time:00:00.33 | Mem:0.00M, Peak:0.00M | Scene, ViewLayer | Synchronizing object | ENV_leaf_1057
Fra:690 Mem:215.16M (Peak 215.16M) | Time:00:00.33 | Mem:0.00M, Peak:0.00M | Scene, ViewLayer | Synchronizing object | ENV_leaf_1056
Fra:690 Mem:215.24M (Peak 215.24M) | Time:00:00.33 | Mem:0.00M, Peak:0.00M | Scene, ViewLayer | Synchronizing object | ENV_leaf_1055
Fra:690 Mem:215.24M (Peak 215.24M) | Time:00:00.33 | Mem:0.00M, Peak:0.00M | Scene, ViewLayer | Synchronizing object | ENV_leaf_1054
Fra:690 Mem:215.28M (Peak 215.28M) | Time:00:00.33 | Mem:0.00M, Peak:0.00M | Scene, ViewLayer | Synchronizing object | ENV_leaf_1053
Fra:690 Mem:215.36M (Peak 215.36M) | Time:00:00.33 | Mem:0.00M, Peak:0.00M | Scene, ViewLayer | Synchronizing object | ENV_leaf_1052
Fra:690 Mem:215.36M (Peak 215.36M) | Time:00:00.33 | Mem:0.00M, Peak:0.00M | Scene, ViewLayer | Synchronizing object | ENV_leaf_1051
Fra:690 Mem:215.29M (Peak 215.36M) | Time:00:00.33 | Mem:0.00M, Peak:0.00M | Scene, ViewLayer | Synchronizing object | ENV_leaf_1050
Fra:690 Mem:215.29M (Peak 215.36M) | Time:00:00.33 | Mem:0.00M, Peak:0.00M | Scene, ViewLayer | Synchronizing object | ENV_fern_21
Fra:690 Mem:215.35M (Peak 215.36M) | Time:00:00.33 | Mem:0.00M, Peak:0.00M | Scene, ViewLayer | Synchronizing object | ENV_leaf_1049
Fra:690 Mem:215.47M (Peak 215.47M) | Time:00:00.33 | Mem:0.00M, Peak:0.00M | Scene, ViewLayer | Synchronizing object | ENV_leaf_1048
Fra:690 Mem:215.52M (Peak 215.52M) | Time:00:00.33 | Mem:0.00M, Peak:0.00M | Scene, ViewLayer | Synchronizing object | ENV_leaf_1047
Fra:690 Mem:215.59M (Peak 215.59M) | Time:00:00.33 | Mem:0.00M, Peak:0.00M | Scene, ViewLayer | Synchronizing object | ENV_leaf_1046
Fra:690 Mem:215.61M (Peak 215.61M) | Time:00:00.33 | Mem:0.00M, Peak:0.00M | Scene, ViewLayer | Synchronizing object | ENV_leaf_1045
Fra:690 Mem:215.66M (Peak 215.66M) | Time:00:00.33 | Mem:0.00M, Peak:0.00M | Scene, ViewLayer | Synchronizing object | ENV_leaf_1044
Fra:690 Mem:215.66M (Peak 215.66M) | Time:00:00.33 | Mem:0.00M, Peak:0.00M | Scene, ViewLayer | Synchronizing object | ENV_leaf_1043
Fra:690 Mem:215.67M (Peak 215.67M) | Time:00:00.33 | Mem:0.00M, Peak:0.00M | Scene, ViewLayer | Synchronizing object | ENV_leaf_1042
Fra:690 Mem:215.67M (Peak 215.67M) | Time:00:00.33 | Mem:0.00M, Peak:0.00M | Scene, ViewLayer | Synchronizing object | ENV_leaf_1041
Fra:690 Mem:215.67M (Peak 215.67M) | Time:00:00.33 | Mem:0.00M, Peak:0.00M | Scene, ViewLayer | Synchronizing object | ENV_leaf_1039
Fra:690 Mem:215.67M (Peak 215.67M) | Time:00:00.33 | Mem:0.00M, Peak:0.00M | Scene, ViewLayer | Synchronizing object | ENV_leaf_1038
Fra:690 Mem:215.67M (Peak 215.67M) | Time:00:00.33 | Mem:0.00M, Peak:0.00M | Scene, ViewLayer | Synchronizing object | ENV_leaf_1037
Fra:690 Mem:215.67M (Peak 215.67M) | Time:00:00.33 | Mem:0.00M, Peak:0.00M | Scene, ViewLayer | Synchronizing object | ENV_leaf_1036
Fra:690 Mem:215.68M (Peak 215.68M) | Time:00:00.33 | Mem:0.00M, Peak:0.00M | Scene, ViewLayer | Synchronizing object | ENV_leaf_1035
Fra:690 Mem:215.68M (Peak 215.68M) | Time:00:00.33 | Mem:0.00M, Peak:0.00M | Scene, ViewLayer | Synchronizing object | ENV_leaf_1034
Fra:690 Mem:215.69M (Peak 215.69M) | Time:00:00.33 | Mem:0.00M, Peak:0.00M | Scene, ViewLayer | Synchronizing object | ENV_leaf_1033
Fra:690 Mem:215.69M (Peak 215.69M) | Time:00:00.33 | Mem:0.00M, Peak:0.00M | Scene, ViewLayer | Synchronizing object | ENV_leaf_1032
Fra:690 Mem:215.74M (Peak 215.74M) | Time:00:00.33 | Mem:0.00M, Peak:0.00M | Scene, ViewLayer | Synchronizing object | ENV_leaf_1031
Fra:690 Mem:215.76M (Peak 215.76M) | Time:00:00.33 | Mem:0.00M, Peak:0.00M | Scene, ViewLayer | Synchronizing object | ENV_leaf_1030
Fra:690 Mem:215.82M (Peak 215.82M) | Time:00:00.33 | Mem:0.00M, Peak:0.00M | Scene, ViewLayer | Synchronizing object | ENV_leaf_1029
Fra:690 Mem:215.82M (Peak 215.82M) | Time:00:00.33 | Mem:0.00M, Peak:0.00M | Scene, ViewLayer | Synchronizing object | ENV_leaf_1028
Fra:690 Mem:215.78M (Peak 215.82M) | Time:00:00.33 | Mem:0.00M, Peak:0.00M | Scene, ViewLayer | Synchronizing object | ENV_fern_22
Fra:690 Mem:215.85M (Peak 215.85M) | Time:00:00.33 | Mem:0.00M, Peak:0.00M | Scene, ViewLayer | Synchronizing object | ENV_leaf_1027
Fra:690 Mem:216.01M (Peak 216.01M) | Time:00:00.33 | Mem:0.00M, Peak:0.00M | Scene, ViewLayer | Synchronizing object | ENV_leaf_1026
Fra:690 Mem:216.08M (Peak 216.08M) | Time:00:00.33 | Mem:0.00M, Peak:0.00M | Scene, ViewLayer | Synchronizing object | ENV_leaf_1025
Fra:690 Mem:216.16M (Peak 216.16M) | Time:00:00.33 | Mem:0.00M, Peak:0.00M | Scene, ViewLayer | Synchronizing object | ENV_leaf_1024
Fra:690 Mem:216.17M (Peak 216.17M) | Time:00:00.33 | Mem:0.00M, Peak:0.00M | Scene, ViewLayer | Synchronizing object | ENV_leaf_1023
Fra:690 Mem:216.17M (Peak 216.17M) | Time:00:00.33 | Mem:0.00M, Peak:0.00M | Scene, ViewLayer | Synchronizing object | ENV_leaf_1022
Fra:690 Mem:216.25M (Peak 216.25M) | Time:00:00.33 | Mem:0.00M, Peak:0.00M | Scene, ViewLayer | Synchronizing object | ENV_leaf_1021
Fra:690 Mem:216.26M (Peak 216.26M) | Time:00:00.33 | Mem:0.00M, Peak:0.00M | Scene, ViewLayer | Synchronizing object | ENV_leaf_1020
Fra:690 Mem:216.26M (Peak 216.26M) | Time:00:00.33 | Mem:0.00M, Peak:0.00M | Scene, ViewLayer | Synchronizing object | ENV_leaf_1019
Fra:690 Mem:216.26M (Peak 216.26M) | Time:00:00.33 | Mem:0.00M, Peak:0.00M | Scene, ViewLayer | Synchronizing object | ENV_leaf_1018
Fra:690 Mem:216.25M (Peak 216.26M) | Time:00:00.33 | Mem:0.00M, Peak:0.00M | Scene, ViewLayer | Synchronizing object | ENV_leaf_1017
Fra:690 Mem:216.26M (Peak 216.26M) | Time:00:00.33 | Mem:0.00M, Peak:0.00M | Scene, ViewLayer | Synchronizing object | ENV_leaf_1016
Fra:690 Mem:216.26M (Peak 216.26M) | Time:00:00.33 | Mem:0.00M, Peak:0.00M | Scene, ViewLayer | Synchronizing object | ENV_leaf_1015
Fra:690 Mem:216.26M (Peak 216.26M) | Time:00:00.33 | Mem:0.00M, Peak:0.00M | Scene, ViewLayer | Synchronizing object | ENV_leaf_1014
Fra:690 Mem:216.27M (Peak 216.27M) | Time:00:00.33 | Mem:0.00M, Peak:0.00M | Scene, ViewLayer | Synchronizing object | ENV_leaf_1013
Fra:690 Mem:216.27M (Peak 216.27M) | Time:00:00.33 | Mem:0.00M, Peak:0.00M | Scene, ViewLayer | Synchronizing object | ENV_leaf_1012
Fra:690 Mem:216.28M (Peak 216.28M) | Time:00:00.33 | Mem:0.00M, Peak:0.00M | Scene, ViewLayer | Synchronizing object | ENV_leaf_1011
Fra:690 Mem:216.28M (Peak 216.28M) | Time:00:00.33 | Mem:0.00M, Peak:0.00M | Scene, ViewLayer | Synchronizing object | ENV_leaf_1009
Fra:690 Mem:216.28M (Peak 216.28M) | Time:00:00.33 | Mem:0.00M, Peak:0.00M | Scene, ViewLayer | Synchronizing object | ENV_leaf_1008
Fra:690 Mem:216.29M (Peak 216.29M) | Time:00:00.33 | Mem:0.00M, Peak:0.00M | Scene, ViewLayer | Synchronizing object | ENV_leaf_1007
Fra:690 Mem:216.29M (Peak 216.29M) | Time:00:00.33 | Mem:0.00M, Peak:0.00M | Scene, ViewLayer | Synchronizing object | ENV_leaf_1006
Fra:690 Mem:216.36M (Peak 216.36M) | Time:00:00.33 | Mem:0.00M, Peak:0.00M | Scene, ViewLayer | Synchronizing object | ENV_leaf_1005
Fra:690 Mem:216.36M (Peak 216.36M) | Time:00:00.33 | Mem:0.00M, Peak:0.00M | Scene, ViewLayer | Synchronizing object | ENV_leaf_1004
Fra:690 Mem:216.39M (Peak 216.39M) | Time:00:00.33 | Mem:0.00M, Peak:0.00M | Scene, ViewLayer | Synchronizing object | ENV_leaf_1003
Fra:690 Mem:216.39M (Peak 216.39M) | Time:00:00.33 | Mem:0.00M, Peak:0.00M | Scene, ViewLayer | Synchronizing object | ENV_leaf_1002
Fra:690 Mem:216.46M (Peak 216.46M) | Time:00:00.33 | Mem:0.00M, Peak:0.00M | Scene, ViewLayer | Synchronizing object | ENV_leaf_1001
Fra:690 Mem:216.40M (Peak 216.46M) | Time:00:00.33 | Mem:0.00M, Peak:0.00M | Scene, ViewLayer | Synchronizing object | ENV_fern_23
Fra:690 Mem:216.40M (Peak 216.46M) | Time:00:00.33 | Mem:0.00M, Peak:0.00M | Scene, ViewLayer | Synchronizing object | ENV_leaf_1000
Fra:690 Mem:216.49M (Peak 216.49M) | Time:00:00.33 | Mem:0.00M, Peak:0.00M | Scene, ViewLayer | Synchronizing object | ENV_leaf_998
Fra:690 Mem:216.69M (Peak 216.69M) | Time:00:00.33 | Mem:0.00M, Peak:0.00M | Scene, ViewLayer | Synchronizing object | ENV_leaf_997
Fra:690 Mem:216.87M (Peak 216.87M) | Time:00:00.33 | Mem:0.00M, Peak:0.00M | Scene, ViewLayer | Synchronizing object | ENV_leaf_996
Fra:690 Mem:216.88M (Peak 216.88M) | Time:00:00.33 | Mem:0.00M, Peak:0.00M | Scene, ViewLayer | Synchronizing object | ENV_leaf_995
Fra:690 Mem:216.98M (Peak 216.98M) | Time:00:00.33 | Mem:0.00M, Peak:0.00M | Scene, ViewLayer | Synchronizing object | ENV_leaf_994
Fra:690 Mem:216.98M (Peak 216.98M) | Time:00:00.33 | Mem:0.00M, Peak:0.00M | Scene, ViewLayer | Synchronizing object | ENV_leaf_993
Fra:690 Mem:216.98M (Peak 216.98M) | Time:00:00.33 | Mem:0.00M, Peak:0.00M | Scene, ViewLayer | Synchronizing object | ENV_leaf_992
Fra:690 Mem:216.99M (Peak 216.99M) | Time:00:00.33 | Mem:0.00M, Peak:0.00M | Scene, ViewLayer | Synchronizing object | ENV_leaf_991
Fra:690 Mem:216.99M (Peak 216.99M) | Time:00:00.33 | Mem:0.00M, Peak:0.00M | Scene, ViewLayer | Synchronizing object | ENV_leaf_990
Fra:690 Mem:216.98M (Peak 216.99M) | Time:00:00.33 | Mem:0.00M, Peak:0.00M | Scene, ViewLayer | Synchronizing object | ENV_leaf_989
Fra:690 Mem:216.98M (Peak 216.99M) | Time:00:00.33 | Mem:0.00M, Peak:0.00M | Scene, ViewLayer | Synchronizing object | ENV_leaf_988
Fra:690 Mem:216.99M (Peak 216.99M) | Time:00:00.33 | Mem:0.00M, Peak:0.00M | Scene, ViewLayer | Synchronizing object | ENV_leaf_987
Fra:690 Mem:216.99M (Peak 216.99M) | Time:00:00.33 | Mem:0.00M, Peak:0.00M | Scene, ViewLayer | Synchronizing object | ENV_leaf_986
Fra:690 Mem:216.99M (Peak 216.99M) | Time:00:00.33 | Mem:0.00M, Peak:0.00M | Scene, ViewLayer | Synchronizing object | ENV_leaf_985
Fra:690 Mem:217.00M (Peak 217.00M) | Time:00:00.33 | Mem:0.00M, Peak:0.00M | Scene, ViewLayer | Synchronizing object | ENV_leaf_984
Fra:690 Mem:217.00M (Peak 217.00M) | Time:00:00.33 | Mem:0.00M, Peak:0.00M | Scene, ViewLayer | Synchronizing object | ENV_leaf_983
Fra:690 Mem:217.01M (Peak 217.01M) | Time:00:00.33 | Mem:0.00M, Peak:0.00M | Scene, ViewLayer | Synchronizing object | ENV_leaf_982
Fra:690 Mem:217.09M (Peak 217.09M) | Time:00:00.33 | Mem:0.00M, Peak:0.00M | Scene, ViewLayer | Synchronizing object | ENV_leaf_981
Fra:690 Mem:217.09M (Peak 217.09M) | Time:00:00.33 | Mem:0.00M, Peak:0.00M | Scene, ViewLayer | Synchronizing object | ENV_leaf_980
Fra:690 Mem:217.20M (Peak 217.20M) | Time:00:00.33 | Mem:0.00M, Peak:0.00M | Scene, ViewLayer | Synchronizing object | ENV_leaf_979
Fra:690 Mem:217.13M (Peak 217.20M) | Time:00:00.33 | Mem:0.00M, Peak:0.00M | Scene, ViewLayer | Synchronizing object | ENV_fern_24
Fra:690 Mem:217.18M (Peak 217.20M) | Time:00:00.33 | Mem:0.00M, Peak:0.00M | Scene, ViewLayer | Synchronizing object | ENV_leaf_978
Fra:690 Mem:217.36M (Peak 217.36M) | Time:00:00.33 | Mem:0.00M, Peak:0.00M | Scene, ViewLayer | Synchronizing object | ENV_leaf_977
Fra:690 Mem:217.42M (Peak 217.42M) | Time:00:00.33 | Mem:0.00M, Peak:0.00M | Scene, ViewLayer | Synchronizing object | ENV_leaf_976
Fra:690 Mem:217.49M (Peak 217.49M) | Time:00:00.33 | Mem:0.00M, Peak:0.00M | Scene, ViewLayer | Synchronizing object | ENV_leaf_975
Fra:690 Mem:217.49M (Peak 217.49M) | Time:00:00.33 | Mem:0.00M, Peak:0.00M | Scene, ViewLayer | Synchronizing object | ENV_leaf_974
Fra:690 Mem:217.48M (Peak 217.49M) | Time:00:00.33 | Mem:0.00M, Peak:0.00M | Scene, ViewLayer | Synchronizing object | ENV_leaf_973
Fra:690 Mem:217.49M (Peak 217.49M) | Time:00:00.33 | Mem:0.00M, Peak:0.00M | Scene, ViewLayer | Synchronizing object | ENV_leaf_972
Fra:690 Mem:217.49M (Peak 217.49M) | Time:00:00.33 | Mem:0.00M, Peak:0.00M | Scene, ViewLayer | Synchronizing object | ENV_leaf_971
Fra:690 Mem:217.49M (Peak 217.49M) | Time:00:00.33 | Mem:0.00M, Peak:0.00M | Scene, ViewLayer | Synchronizing object | ENV_leaf_970
Fra:690 Mem:217.50M (Peak 217.50M) | Time:00:00.33 | Mem:0.00M, Peak:0.00M | Scene, ViewLayer | Synchronizing object | ENV_leaf_969
Fra:690 Mem:217.50M (Peak 217.50M) | Time:00:00.33 | Mem:0.00M, Peak:0.00M | Scene, ViewLayer | Synchronizing object | ENV_leaf_968
Fra:690 Mem:217.51M (Peak 217.51M) | Time:00:00.33 | Mem:0.00M, Peak:0.00M | Scene, ViewLayer | Synchronizing object | ENV_leaf_967
Fra:690 Mem:217.51M (Peak 217.51M) | Time:00:00.33 | Mem:0.00M, Peak:0.00M | Scene, ViewLayer | Synchronizing object | ENV_leaf_966
Fra:690 Mem:217.51M (Peak 217.51M) | Time:00:00.33 | Mem:0.00M, Peak:0.00M | Scene, ViewLayer | Synchronizing object | ENV_leaf_965
Fra:690 Mem:217.52M (Peak 217.52M) | Time:00:00.33 | Mem:0.00M, Peak:0.00M | Scene, ViewLayer | Synchronizing object | ENV_leaf_964
Fra:690 Mem:217.52M (Peak 217.52M) | Time:00:00.33 | Mem:0.00M, Peak:0.00M | Scene, ViewLayer | Synchronizing object | ENV_leaf_963
Fra:690 Mem:217.57M (Peak 217.57M) | Time:00:00.33 | Mem:0.00M, Peak:0.00M | Scene, ViewLayer | Synchronizing object | ENV_leaf_962
Fra:690 Mem:217.58M (Peak 217.58M) | Time:00:00.33 | Mem:0.00M, Peak:0.00M | Scene, ViewLayer | Synchronizing object | ENV_leaf_961
Fra:690 Mem:217.65M (Peak 217.65M) | Time:00:00.34 | Mem:0.00M, Peak:0.00M | Scene, ViewLayer | Synchronizing object | ENV_leaf_960
Fra:690 Mem:217.60M (Peak 217.65M) | Time:00:00.34 | Mem:0.00M, Peak:0.00M | Scene, ViewLayer | Synchronizing object | ENV_fern_25
Fra:690 Mem:217.67M (Peak 217.67M) | Time:00:00.34 | Mem:0.00M, Peak:0.00M | Scene, ViewLayer | Synchronizing object | ENV_leaf_959
Fra:690 Mem:217.68M (Peak 217.68M) | Time:00:00.34 | Mem:0.00M, Peak:0.00M | Scene, ViewLayer | Synchronizing object | ENV_leaf_958
Fra:690 Mem:217.84M (Peak 217.84M) | Time:00:00.34 | Mem:0.00M, Peak:0.00M | Scene, ViewLayer | Synchronizing object | ENV_leaf_957
Fra:690 Mem:217.91M (Peak 217.91M) | Time:00:00.34 | Mem:0.00M, Peak:0.00M | Scene, ViewLayer | Synchronizing object | ENV_leaf_956
Fra:690 Mem:217.99M (Peak 217.99M) | Time:00:00.34 | Mem:0.00M, Peak:0.00M | Scene, ViewLayer | Synchronizing object | ENV_leaf_955
Fra:690 Mem:218.08M (Peak 218.08M) | Time:00:00.34 | Mem:0.00M, Peak:0.00M | Scene, ViewLayer | Synchronizing object | ENV_leaf_954
Fra:690 Mem:218.08M (Peak 218.08M) | Time:00:00.34 | Mem:0.00M, Peak:0.00M | Scene, ViewLayer | Synchronizing object | ENV_leaf_953
Fra:690 Mem:218.08M (Peak 218.08M) | Time:00:00.34 | Mem:0.00M, Peak:0.00M | Scene, ViewLayer | Synchronizing object | ENV_leaf_952
Fra:690 Mem:218.09M (Peak 218.09M) | Time:00:00.34 | Mem:0.00M, Peak:0.00M | Scene, ViewLayer | Synchronizing object | ENV_leaf_951
Fra:690 Mem:218.09M (Peak 218.09M) | Time:00:00.34 | Mem:0.00M, Peak:0.00M | Scene, ViewLayer | Synchronizing object | ENV_leaf_950
Fra:690 Mem:218.10M (Peak 218.10M) | Time:00:00.34 | Mem:0.00M, Peak:0.00M | Scene, ViewLayer | Synchronizing object | ENV_leaf_949
Fra:690 Mem:218.08M (Peak 218.10M) | Time:00:00.34 | Mem:0.00M, Peak:0.00M | Scene, ViewLayer | Synchronizing object | ENV_leaf_948
Fra:690 Mem:218.09M (Peak 218.10M) | Time:00:00.34 | Mem:0.00M, Peak:0.00M | Scene, ViewLayer | Synchronizing object | ENV_leaf_947
Fra:690 Mem:218.09M (Peak 218.10M) | Time:00:00.34 | Mem:0.00M, Peak:0.00M | Scene, ViewLayer | Synchronizing object | ENV_leaf_946
Fra:690 Mem:218.10M (Peak 218.10M) | Time:00:00.34 | Mem:0.00M, Peak:0.00M | Scene, ViewLayer | Synchronizing object | ENV_leaf_945
Fra:690 Mem:218.10M (Peak 218.10M) | Time:00:00.34 | Mem:0.00M, Peak:0.00M | Scene, ViewLayer | Synchronizing object | ENV_leaf_944
Fra:690 Mem:218.10M (Peak 218.10M) | Time:00:00.34 | Mem:0.00M, Peak:0.00M | Scene, ViewLayer | Synchronizing object | ENV_leaf_943
Fra:690 Mem:218.11M (Peak 218.11M) | Time:00:00.34 | Mem:0.00M, Peak:0.00M | Scene, ViewLayer | Synchronizing object | ENV_leaf_942
Fra:690 Mem:218.11M (Peak 218.11M) | Time:00:00.34 | Mem:0.00M, Peak:0.00M | Scene, ViewLayer | Synchronizing object | ENV_leaf_941
Fra:690 Mem:218.12M (Peak 218.12M) | Time:00:00.34 | Mem:0.00M, Peak:0.00M | Scene, ViewLayer | Synchronizing object | ENV_leaf_940
Fra:690 Mem:218.12M (Peak 218.12M) | Time:00:00.34 | Mem:0.00M, Peak:0.00M | Scene, ViewLayer | Synchronizing object | ENV_leaf_939
Fra:690 Mem:218.12M (Peak 218.12M) | Time:00:00.34 | Mem:0.00M, Peak:0.00M | Scene, ViewLayer | Synchronizing object | ENV_leaf_938
Fra:690 Mem:218.19M (Peak 218.19M) | Time:00:00.34 | Mem:0.00M, Peak:0.00M | Scene, ViewLayer | Synchronizing object | ENV_leaf_937
Fra:690 Mem:218.28M (Peak 218.28M) | Time:00:00.34 | Mem:0.00M, Peak:0.00M | Scene, ViewLayer | Synchronizing object | ENV_leaf_936
Fra:690 Mem:218.28M (Peak 218.28M) | Time:00:00.34 | Mem:0.00M, Peak:0.00M | Scene, ViewLayer | Synchronizing object | ENV_leaf_935
Fra:690 Mem:218.23M (Peak 218.28M) | Time:00:00.34 | Mem:0.00M, Peak:0.00M | Scene, ViewLayer | Synchronizing object | ENV_fern_26
Fra:690 Mem:218.31M (Peak 218.31M) | Time:00:00.34 | Mem:0.00M, Peak:0.00M | Scene, ViewLayer | Synchronizing object | ENV_leaf_934
Fra:690 Mem:218.59M (Peak 218.59M) | Time:00:00.34 | Mem:0.00M, Peak:0.00M | Scene, ViewLayer | Synchronizing object | ENV_leaf_933
Fra:690 Mem:218.69M (Peak 218.69M) | Time:00:00.34 | Mem:0.00M, Peak:0.00M | Scene, ViewLayer | Synchronizing object | ENV_leaf_932
Fra:690 Mem:218.70M (Peak 218.70M) | Time:00:00.34 | Mem:0.00M, Peak:0.00M | Scene, ViewLayer | Synchronizing object | ENV_leaf_931
Fra:690 Mem:218.80M (Peak 218.80M) | Time:00:00.34 | Mem:0.00M, Peak:0.00M | Scene, ViewLayer | Synchronizing object | ENV_leaf_930
Fra:690 Mem:218.80M (Peak 218.80M) | Time:00:00.34 | Mem:0.00M, Peak:0.00M | Scene, ViewLayer | Synchronizing object | ENV_leaf_929
Fra:690 Mem:218.80M (Peak 218.80M) | Time:00:00.34 | Mem:0.00M, Peak:0.00M | Scene, ViewLayer | Synchronizing object | ENV_leaf_928
Fra:690 Mem:218.81M (Peak 218.81M) | Time:00:00.34 | Mem:0.00M, Peak:0.00M | Scene, ViewLayer | Synchronizing object | ENV_leaf_927
Fra:690 Mem:218.81M (Peak 218.81M) | Time:00:00.34 | Mem:0.00M, Peak:0.00M | Scene, ViewLayer | Synchronizing object | ENV_leaf_926
Fra:690 Mem:218.82M (Peak 218.82M) | Time:00:00.34 | Mem:0.00M, Peak:0.00M | Scene, ViewLayer | Synchronizing object | ENV_leaf_925
Fra:690 Mem:218.80M (Peak 218.82M) | Time:00:00.34 | Mem:0.00M, Peak:0.00M | Scene, ViewLayer | Synchronizing object | ENV_leaf_924
Fra:690 Mem:218.81M (Peak 218.82M) | Time:00:00.34 | Mem:0.00M, Peak:0.00M | Scene, ViewLayer | Synchronizing object | ENV_leaf_923
Fra:690 Mem:218.81M (Peak 218.82M) | Time:00:00.34 | Mem:0.00M, Peak:0.00M | Scene, ViewLayer | Synchronizing object | ENV_leaf_922
Fra:690 Mem:218.81M (Peak 218.82M) | Time:00:00.34 | Mem:0.00M, Peak:0.00M | Scene, ViewLayer | Synchronizing object | ENV_leaf_921
Fra:690 Mem:218.82M (Peak 218.82M) | Time:00:00.34 | Mem:0.00M, Peak:0.00M | Scene, ViewLayer | Synchronizing object | ENV_leaf_920
Fra:690 Mem:218.82M (Peak 218.82M) | Time:00:00.34 | Mem:0.00M, Peak:0.00M | Scene, ViewLayer | Synchronizing object | ENV_leaf_919
Fra:690 Mem:218.83M (Peak 218.83M) | Time:00:00.34 | Mem:0.00M, Peak:0.00M | Scene, ViewLayer | Synchronizing object | ENV_leaf_918
Fra:690 Mem:218.83M (Peak 218.83M) | Time:00:00.34 | Mem:0.00M, Peak:0.00M | Scene, ViewLayer | Synchronizing object | ENV_leaf_917
Fra:690 Mem:218.83M (Peak 218.83M) | Time:00:00.34 | Mem:0.00M, Peak:0.00M | Scene, ViewLayer | Synchronizing object | ENV_leaf_916
Fra:690 Mem:218.84M (Peak 218.84M) | Time:00:00.34 | Mem:0.00M, Peak:0.00M | Scene, ViewLayer | Synchronizing object | ENV_leaf_915
Fra:690 Mem:218.84M (Peak 218.84M) | Time:00:00.34 | Mem:0.00M, Peak:0.00M | Scene, ViewLayer | Synchronizing object | ENV_leaf_914
Fra:690 Mem:218.85M (Peak 218.85M) | Time:00:00.34 | Mem:0.00M, Peak:0.00M | Scene, ViewLayer | Synchronizing object | ENV_leaf_913
Fra:690 Mem:218.85M (Peak 218.85M) | Time:00:00.34 | Mem:0.00M, Peak:0.00M | Scene, ViewLayer | Synchronizing object | ENV_leaf_912
Fra:690 Mem:218.96M (Peak 218.96M) | Time:00:00.34 | Mem:0.00M, Peak:0.00M | Scene, ViewLayer | Synchronizing object | ENV_leaf_911
Fra:690 Mem:219.04M (Peak 219.04M) | Time:00:00.34 | Mem:0.00M, Peak:0.00M | Scene, ViewLayer | Synchronizing object | ENV_leaf_910
Fra:690 Mem:219.04M (Peak 219.04M) | Time:00:00.34 | Mem:0.00M, Peak:0.00M | Scene, ViewLayer | Synchronizing object | ENV_leaf_909
Fra:690 Mem:218.97M (Peak 219.04M) | Time:00:00.34 | Mem:0.00M, Peak:0.00M | Scene, ViewLayer | Synchronizing object | ENV_leaf_908
Fra:690 Mem:218.97M (Peak 219.04M) | Time:00:00.34 | Mem:0.00M, Peak:0.00M | Scene, ViewLayer | Synchronizing object | ENV_fern_27
Fra:690 Mem:218.98M (Peak 219.04M) | Time:00:00.34 | Mem:0.00M, Peak:0.00M | Scene, ViewLayer | Synchronizing object | ENV_leaf_907
Fra:690 Mem:219.03M (Peak 219.04M) | Time:00:00.34 | Mem:0.00M, Peak:0.00M | Scene, ViewLayer | Synchronizing object | ENV_leaf_906
Fra:690 Mem:219.21M (Peak 219.21M) | Time:00:00.34 | Mem:0.00M, Peak:0.00M | Scene, ViewLayer | Synchronizing object | ENV_leaf_905
Fra:690 Mem:219.27M (Peak 219.27M) | Time:00:00.34 | Mem:0.00M, Peak:0.00M | Scene, ViewLayer | Synchronizing object | ENV_leaf_904
Fra:690 Mem:219.34M (Peak 219.34M) | Time:00:00.34 | Mem:0.00M, Peak:0.00M | Scene, ViewLayer | Synchronizing object | ENV_leaf_903
Fra:690 Mem:219.34M (Peak 219.34M) | Time:00:00.34 | Mem:0.00M, Peak:0.00M | Scene, ViewLayer | Synchronizing object | ENV_leaf_902
Fra:690 Mem:219.33M (Peak 219.34M) | Time:00:00.34 | Mem:0.00M, Peak:0.00M | Scene, ViewLayer | Synchronizing object | ENV_leaf_901
Fra:690 Mem:219.34M (Peak 219.34M) | Time:00:00.34 | Mem:0.00M, Peak:0.00M | Scene, ViewLayer | Synchronizing object | ENV_leaf_900
Fra:690 Mem:219.34M (Peak 219.34M) | Time:00:00.34 | Mem:0.00M, Peak:0.00M | Scene, ViewLayer | Synchronizing object | ENV_leaf_899
Fra:690 Mem:219.35M (Peak 219.35M) | Time:00:00.34 | Mem:0.00M, Peak:0.00M | Scene, ViewLayer | Synchronizing object | ENV_leaf_898
Fra:690 Mem:219.35M (Peak 219.35M) | Time:00:00.34 | Mem:0.00M, Peak:0.00M | Scene, ViewLayer | Synchronizing object | ENV_leaf_897
Fra:690 Mem:219.35M (Peak 219.35M) | Time:00:00.34 | Mem:0.00M, Peak:0.00M | Scene, ViewLayer | Synchronizing object | ENV_leaf_896
Fra:690 Mem:219.36M (Peak 219.36M) | Time:00:00.34 | Mem:0.00M, Peak:0.00M | Scene, ViewLayer | Synchronizing object | ENV_leaf_895
Fra:690 Mem:219.36M (Peak 219.36M) | Time:00:00.34 | Mem:0.00M, Peak:0.00M | Scene, ViewLayer | Synchronizing object | ENV_leaf_894
Fra:690 Mem:219.37M (Peak 219.37M) | Time:00:00.34 | Mem:0.00M, Peak:0.00M | Scene, ViewLayer | Synchronizing object | ENV_leaf_893
Fra:690 Mem:219.42M (Peak 219.42M) | Time:00:00.34 | Mem:0.00M, Peak:0.00M | Scene, ViewLayer | Synchronizing object | ENV_leaf_892
Fra:690 Mem:219.44M (Peak 219.44M) | Time:00:00.34 | Mem:0.00M, Peak:0.00M | Scene, ViewLayer | Synchronizing object | ENV_leaf_891
Fra:690 Mem:219.49M (Peak 219.49M) | Time:00:00.34 | Mem:0.00M, Peak:0.00M | Scene, ViewLayer | Synchronizing object | ENV_leaf_890
Fra:690 Mem:219.50M (Peak 219.50M) | Time:00:00.34 | Mem:0.00M, Peak:0.00M | Scene, ViewLayer | Synchronizing object | ENV_leaf_889
Fra:690 Mem:219.45M (Peak 219.50M) | Time:00:00.34 | Mem:0.00M, Peak:0.00M | Scene, ViewLayer | Synchronizing object | ENV_fern_28
Fra:690 Mem:219.52M (Peak 219.52M) | Time:00:00.34 | Mem:0.00M, Peak:0.00M | Scene, ViewLayer | Synchronizing object | ENV_leaf_888
Fra:690 Mem:219.75M (Peak 219.75M) | Time:00:00.34 | Mem:0.00M, Peak:0.00M | Scene, ViewLayer | Synchronizing object | ENV_leaf_887
Fra:690 Mem:219.83M (Peak 219.83M) | Time:00:00.34 | Mem:0.00M, Peak:0.00M | Scene, ViewLayer | Synchronizing object | ENV_leaf_886
Fra:690 Mem:219.91M (Peak 219.91M) | Time:00:00.34 | Mem:0.00M, Peak:0.00M | Scene, ViewLayer | Synchronizing object | ENV_leaf_885
Fra:690 Mem:219.92M (Peak 219.92M) | Time:00:00.34 | Mem:0.00M, Peak:0.00M | Scene, ViewLayer | Synchronizing object | ENV_leaf_884
Fra:690 Mem:219.92M (Peak 219.92M) | Time:00:00.34 | Mem:0.00M, Peak:0.00M | Scene, ViewLayer | Synchronizing object | ENV_leaf_883
Fra:690 Mem:219.93M (Peak 219.93M) | Time:00:00.34 | Mem:0.00M, Peak:0.00M | Scene, ViewLayer | Synchronizing object | ENV_leaf_882
Fra:690 Mem:219.92M (Peak 219.93M) | Time:00:00.34 | Mem:0.00M, Peak:0.00M | Scene, ViewLayer | Synchronizing object | ENV_leaf_881
Fra:690 Mem:219.92M (Peak 219.93M) | Time:00:00.34 | Mem:0.00M, Peak:0.00M | Scene, ViewLayer | Synchronizing object | ENV_leaf_880
Fra:690 Mem:219.92M (Peak 219.93M) | Time:00:00.34 | Mem:0.00M, Peak:0.00M | Scene, ViewLayer | Synchronizing object | ENV_leaf_879
Fra:690 Mem:219.93M (Peak 219.93M) | Time:00:00.34 | Mem:0.00M, Peak:0.00M | Scene, ViewLayer | Synchronizing object | ENV_leaf_878
Fra:690 Mem:219.93M (Peak 219.93M) | Time:00:00.34 | Mem:0.00M, Peak:0.00M | Scene, ViewLayer | Synchronizing object | ENV_leaf_877
Fra:690 Mem:219.94M (Peak 219.94M) | Time:00:00.34 | Mem:0.00M, Peak:0.00M | Scene, ViewLayer | Synchronizing object | ENV_leaf_876
Fra:690 Mem:219.94M (Peak 219.94M) | Time:00:00.34 | Mem:0.00M, Peak:0.00M | Scene, ViewLayer | Synchronizing object | ENV_leaf_875
Fra:690 Mem:219.94M (Peak 219.94M) | Time:00:00.34 | Mem:0.00M, Peak:0.00M | Scene, ViewLayer | Synchronizing object | ENV_leaf_874
Fra:690 Mem:219.95M (Peak 219.95M) | Time:00:00.34 | Mem:0.00M, Peak:0.00M | Scene, ViewLayer | Synchronizing object | ENV_leaf_873
Fra:690 Mem:220.01M (Peak 220.01M) | Time:00:00.34 | Mem:0.00M, Peak:0.00M | Scene, ViewLayer | Synchronizing object | ENV_leaf_872
Fra:690 Mem:220.04M (Peak 220.04M) | Time:00:00.34 | Mem:0.00M, Peak:0.00M | Scene, ViewLayer | Synchronizing object | ENV_leaf_871
Fra:690 Mem:220.11M (Peak 220.11M) | Time:00:00.34 | Mem:0.00M, Peak:0.00M | Scene, ViewLayer | Synchronizing object | ENV_leaf_870
Fra:690 Mem:220.11M (Peak 220.11M) | Time:00:00.34 | Mem:0.00M, Peak:0.00M | Scene, ViewLayer | Synchronizing object | ENV_leaf_869
Fra:690 Mem:220.05M (Peak 220.11M) | Time:00:00.34 | Mem:0.00M, Peak:0.00M | Scene, ViewLayer | Synchronizing object | ENV_fern_29
Fra:690 Mem:220.05M (Peak 220.11M) | Time:00:00.34 | Mem:0.00M, Peak:0.00M | Scene, ViewLayer | Synchronizing object | ENV_leaf_868
Fra:690 Mem:220.14M (Peak 220.14M) | Time:00:00.34 | Mem:0.00M, Peak:0.00M | Scene, ViewLayer | Synchronizing object | ENV_leaf_867
Fra:690 Mem:220.15M (Peak 220.15M) | Time:00:00.34 | Mem:0.00M, Peak:0.00M | Scene, ViewLayer | Synchronizing object | ENV_leaf_866
Fra:690 Mem:220.35M (Peak 220.35M) | Time:00:00.34 | Mem:0.00M, Peak:0.00M | Scene, ViewLayer | Synchronizing object | ENV_leaf_865
Fra:690 Mem:220.43M (Peak 220.43M) | Time:00:00.34 | Mem:0.00M, Peak:0.00M | Scene, ViewLayer | Synchronizing object | ENV_leaf_864
Fra:690 Mem:220.53M (Peak 220.53M) | Time:00:00.34 | Mem:0.00M, Peak:0.00M | Scene, ViewLayer | Synchronizing object | ENV_leaf_863
Fra:690 Mem:220.54M (Peak 220.54M) | Time:00:00.34 | Mem:0.00M, Peak:0.00M | Scene, ViewLayer | Synchronizing object | ENV_leaf_862
Fra:690 Mem:220.54M (Peak 220.54M) | Time:00:00.34 | Mem:0.00M, Peak:0.00M | Scene, ViewLayer | Synchronizing object | ENV_leaf_861
Fra:690 Mem:220.64M (Peak 220.64M) | Time:00:00.34 | Mem:0.00M, Peak:0.00M | Scene, ViewLayer | Synchronizing object | ENV_leaf_860
Fra:690 Mem:220.64M (Peak 220.64M) | Time:00:00.34 | Mem:0.00M, Peak:0.00M | Scene, ViewLayer | Synchronizing object | ENV_leaf_859
Fra:690 Mem:220.65M (Peak 220.65M) | Time:00:00.34 | Mem:0.00M, Peak:0.00M | Scene, ViewLayer | Synchronizing object | ENV_leaf_858
Fra:690 Mem:220.65M (Peak 220.65M) | Time:00:00.34 | Mem:0.00M, Peak:0.00M | Scene, ViewLayer | Synchronizing object | ENV_leaf_857
Fra:690 Mem:220.66M (Peak 220.66M) | Time:00:00.34 | Mem:0.00M, Peak:0.00M | Scene, ViewLayer | Synchronizing object | ENV_leaf_856
Fra:690 Mem:220.64M (Peak 220.66M) | Time:00:00.34 | Mem:0.00M, Peak:0.00M | Scene, ViewLayer | Synchronizing object | ENV_leaf_855
Fra:690 Mem:220.65M (Peak 220.66M) | Time:00:00.34 | Mem:0.00M, Peak:0.00M | Scene, ViewLayer | Synchronizing object | ENV_leaf_854
Fra:690 Mem:220.65M (Peak 220.66M) | Time:00:00.34 | Mem:0.00M, Peak:0.00M | Scene, ViewLayer | Synchronizing object | ENV_leaf_853
Fra:690 Mem:220.65M (Peak 220.66M) | Time:00:00.34 | Mem:0.00M, Peak:0.00M | Scene, ViewLayer | Synchronizing object | ENV_leaf_852
Fra:690 Mem:220.66M (Peak 220.66M) | Time:00:00.34 | Mem:0.00M, Peak:0.00M | Scene, ViewLayer | Synchronizing object | ENV_leaf_851
Fra:690 Mem:220.66M (Peak 220.66M) | Time:00:00.34 | Mem:0.00M, Peak:0.00M | Scene, ViewLayer | Synchronizing object | ENV_leaf_850
Fra:690 Mem:220.67M (Peak 220.67M) | Time:00:00.34 | Mem:0.00M, Peak:0.00M | Scene, ViewLayer | Synchronizing object | ENV_leaf_849
Fra:690 Mem:220.67M (Peak 220.67M) | Time:00:00.34 | Mem:0.00M, Peak:0.00M | Scene, ViewLayer | Synchronizing object | ENV_leaf_848
Fra:690 Mem:220.67M (Peak 220.67M) | Time:00:00.34 | Mem:0.00M, Peak:0.00M | Scene, ViewLayer | Synchronizing object | ENV_leaf_847
Fra:690 Mem:220.68M (Peak 220.68M) | Time:00:00.34 | Mem:0.00M, Peak:0.00M | Scene, ViewLayer | Synchronizing object | ENV_leaf_846
Fra:690 Mem:220.68M (Peak 220.68M) | Time:00:00.34 | Mem:0.00M, Peak:0.00M | Scene, ViewLayer | Synchronizing object | ENV_leaf_845
Fra:690 Mem:220.69M (Peak 220.69M) | Time:00:00.34 | Mem:0.00M, Peak:0.00M | Scene, ViewLayer | Synchronizing object | ENV_leaf_844
Fra:690 Mem:220.69M (Peak 220.69M) | Time:00:00.34 | Mem:0.00M, Peak:0.00M | Scene, ViewLayer | Synchronizing object | ENV_leaf_843
Fra:690 Mem:220.69M (Peak 220.69M) | Time:00:00.34 | Mem:0.00M, Peak:0.00M | Scene, ViewLayer | Synchronizing object | ENV_leaf_842
Fra:690 Mem:220.70M (Peak 220.70M) | Time:00:00.34 | Mem:0.00M, Peak:0.00M | Scene, ViewLayer | Synchronizing object | ENV_leaf_841
Fra:690 Mem:220.78M (Peak 220.78M) | Time:00:00.34 | Mem:0.00M, Peak:0.00M | Scene, ViewLayer | Synchronizing object | ENV_leaf_840
Fra:690 Mem:220.78M (Peak 220.78M) | Time:00:00.34 | Mem:0.00M, Peak:0.00M | Scene, ViewLayer | Synchronizing object | ENV_leaf_839
Fra:690 Mem:220.81M (Peak 220.81M) | Time:00:00.34 | Mem:0.00M, Peak:0.00M | Scene, ViewLayer | Synchronizing object | ENV_leaf_838
Fra:690 Mem:220.90M (Peak 220.90M) | Time:00:00.34 | Mem:0.00M, Peak:0.00M | Scene, ViewLayer | Synchronizing object | ENV_leaf_837
Fra:690 Mem:220.90M (Peak 220.90M) | Time:00:00.34 | Mem:0.00M, Peak:0.00M | Scene, ViewLayer | Synchronizing object | ENV_leaf_836
Fra:690 Mem:220.83M (Peak 220.90M) | Time:00:00.34 | Mem:0.00M, Peak:0.00M | Scene, ViewLayer | Synchronizing object | ENV_fern_30
Fra:690 Mem:220.88M (Peak 220.90M) | Time:00:00.34 | Mem:0.00M, Peak:0.00M | Scene, ViewLayer | Synchronizing object | ENV_leaf_835
Fra:690 Mem:221.06M (Peak 221.06M) | Time:00:00.34 | Mem:0.00M, Peak:0.00M | Scene, ViewLayer | Synchronizing object | ENV_leaf_834
Fra:690 Mem:221.12M (Peak 221.12M) | Time:00:00.34 | Mem:0.00M, Peak:0.00M | Scene, ViewLayer | Synchronizing object | ENV_leaf_833
Fra:690 Mem:221.19M (Peak 221.19M) | Time:00:00.34 | Mem:0.00M, Peak:0.00M | Scene, ViewLayer | Synchronizing object | ENV_leaf_832
Fra:690 Mem:221.19M (Peak 221.19M) | Time:00:00.34 | Mem:0.00M, Peak:0.00M | Scene, ViewLayer | Synchronizing object | ENV_leaf_831
Fra:690 Mem:221.19M (Peak 221.19M) | Time:00:00.34 | Mem:0.00M, Peak:0.00M | Scene, ViewLayer | Synchronizing object | ENV_leaf_830
Fra:690 Mem:221.20M (Peak 221.20M) | Time:00:00.34 | Mem:0.00M, Peak:0.00M | Scene, ViewLayer | Synchronizing object | ENV_leaf_829
Fra:690 Mem:221.19M (Peak 221.20M) | Time:00:00.34 | Mem:0.00M, Peak:0.00M | Scene, ViewLayer | Synchronizing object | ENV_leaf_828
Fra:690 Mem:221.19M (Peak 221.20M) | Time:00:00.34 | Mem:0.00M, Peak:0.00M | Scene, ViewLayer | Synchronizing object | ENV_leaf_827
Fra:690 Mem:221.20M (Peak 221.20M) | Time:00:00.34 | Mem:0.00M, Peak:0.00M | Scene, ViewLayer | Synchronizing object | ENV_leaf_826
Fra:690 Mem:221.20M (Peak 221.20M) | Time:00:00.34 | Mem:0.00M, Peak:0.00M | Scene, ViewLayer | Synchronizing object | ENV_leaf_825
Fra:690 Mem:221.21M (Peak 221.21M) | Time:00:00.34 | Mem:0.00M, Peak:0.00M | Scene, ViewLayer | Synchronizing object | ENV_leaf_824
Fra:690 Mem:221.21M (Peak 221.21M) | Time:00:00.34 | Mem:0.00M, Peak:0.00M | Scene, ViewLayer | Synchronizing object | ENV_leaf_823
Fra:690 Mem:221.21M (Peak 221.21M) | Time:00:00.34 | Mem:0.00M, Peak:0.00M | Scene, ViewLayer | Synchronizing object | ENV_leaf_822
Fra:690 Mem:221.28M (Peak 221.28M) | Time:00:00.34 | Mem:0.00M, Peak:0.00M | Scene, ViewLayer | Synchronizing object | ENV_leaf_821
Fra:690 Mem:221.34M (Peak 221.34M) | Time:00:00.34 | Mem:0.00M, Peak:0.00M | Scene, ViewLayer | Synchronizing object | ENV_leaf_820
Fra:690 Mem:221.29M (Peak 221.34M) | Time:00:00.34 | Mem:0.00M, Peak:0.00M | Scene, ViewLayer | Synchronizing object | ENV_fern_31
Fra:690 Mem:221.29M (Peak 221.34M) | Time:00:00.34 | Mem:0.00M, Peak:0.00M | Scene, ViewLayer | Synchronizing object | ENV_leaf_819
Fra:690 Mem:221.37M (Peak 221.37M) | Time:00:00.34 | Mem:0.00M, Peak:0.00M | Scene, ViewLayer | Synchronizing object | ENV_leaf_818
Fra:690 Mem:221.59M (Peak 221.59M) | Time:00:00.34 | Mem:0.00M, Peak:0.00M | Scene, ViewLayer | Synchronizing object | ENV_leaf_817
Fra:690 Mem:221.68M (Peak 221.68M) | Time:00:00.34 | Mem:0.00M, Peak:0.00M | Scene, ViewLayer | Synchronizing object | ENV_leaf_816
Fra:690 Mem:221.68M (Peak 221.68M) | Time:00:00.34 | Mem:0.00M, Peak:0.00M | Scene, ViewLayer | Synchronizing object | ENV_leaf_815
Fra:690 Mem:221.70M (Peak 221.70M) | Time:00:00.34 | Mem:0.00M, Peak:0.00M | Scene, ViewLayer | Synchronizing object | ENV_leaf_814
Fra:690 Mem:221.77M (Peak 221.77M) | Time:00:00.34 | Mem:0.00M, Peak:0.00M | Scene, ViewLayer | Synchronizing object | ENV_leaf_813
Fra:690 Mem:221.77M (Peak 221.77M) | Time:00:00.34 | Mem:0.00M, Peak:0.00M | Scene, ViewLayer | Synchronizing object | ENV_leaf_812
Fra:690 Mem:221.77M (Peak 221.77M) | Time:00:00.34 | Mem:0.00M, Peak:0.00M | Scene, ViewLayer | Synchronizing object | ENV_leaf_811
Fra:690 Mem:221.78M (Peak 221.78M) | Time:00:00.34 | Mem:0.00M, Peak:0.00M | Scene, ViewLayer | Synchronizing object | ENV_leaf_810
Fra:690 Mem:221.77M (Peak 221.78M) | Time:00:00.34 | Mem:0.00M, Peak:0.00M | Scene, ViewLayer | Synchronizing object | ENV_leaf_809
Fra:690 Mem:221.77M (Peak 221.78M) | Time:00:00.34 | Mem:0.00M, Peak:0.00M | Scene, ViewLayer | Synchronizing object | ENV_leaf_808
Fra:690 Mem:221.78M (Peak 221.78M) | Time:00:00.34 | Mem:0.00M, Peak:0.00M | Scene, ViewLayer | Synchronizing object | ENV_leaf_807
Fra:690 Mem:221.78M (Peak 221.78M) | Time:00:00.34 | Mem:0.00M, Peak:0.00M | Scene, ViewLayer | Synchronizing object | ENV_leaf_806
Fra:690 Mem:221.78M (Peak 221.78M) | Time:00:00.34 | Mem:0.00M, Peak:0.00M | Scene, ViewLayer | Synchronizing object | ENV_leaf_805
Fra:690 Mem:221.79M (Peak 221.79M) | Time:00:00.34 | Mem:0.00M, Peak:0.00M | Scene, ViewLayer | Synchronizing object | ENV_leaf_804
Fra:690 Mem:221.79M (Peak 221.79M) | Time:00:00.34 | Mem:0.00M, Peak:0.00M | Scene, ViewLayer | Synchronizing object | ENV_leaf_803
Fra:690 Mem:221.80M (Peak 221.80M) | Time:00:00.34 | Mem:0.00M, Peak:0.00M | Scene, ViewLayer | Synchronizing object | ENV_leaf_802
Fra:690 Mem:221.80M (Peak 221.80M) | Time:00:00.34 | Mem:0.00M, Peak:0.00M | Scene, ViewLayer | Synchronizing object | ENV_leaf_801
Fra:690 Mem:221.87M (Peak 221.87M) | Time:00:00.34 | Mem:0.00M, Peak:0.00M | Scene, ViewLayer | Synchronizing object | ENV_leaf_800
Fra:690 Mem:221.89M (Peak 221.89M) | Time:00:00.34 | Mem:0.00M, Peak:0.00M | Scene, ViewLayer | Synchronizing object | ENV_leaf_799
Fra:690 Mem:221.96M (Peak 221.96M) | Time:00:00.34 | Mem:0.00M, Peak:0.00M | Scene, ViewLayer | Synchronizing object | ENV_leaf_798
Fra:690 Mem:221.90M (Peak 221.96M) | Time:00:00.34 | Mem:0.00M, Peak:0.00M | Scene, ViewLayer | Synchronizing object | ENV_fern_32
Fra:690 Mem:221.99M (Peak 221.99M) | Time:00:00.34 | Mem:0.00M, Peak:0.00M | Scene, ViewLayer | Synchronizing object | ENV_leaf_797
Fra:690 Mem:221.99M (Peak 221.99M) | Time:00:00.34 | Mem:0.00M, Peak:0.00M | Scene, ViewLayer | Synchronizing object | ENV_leaf_796
Fra:690 Mem:221.99M (Peak 221.99M) | Time:00:00.34 | Mem:0.00M, Peak:0.00M | Scene, ViewLayer | Synchronizing object | ENV_leaf_795
Fra:690 Mem:222.27M (Peak 222.27M) | Time:00:00.34 | Mem:0.00M, Peak:0.00M | Scene, ViewLayer | Synchronizing object | ENV_leaf_794
Fra:690 Mem:222.28M (Peak 222.28M) | Time:00:00.34 | Mem:0.00M, Peak:0.00M | Scene, ViewLayer | Synchronizing object | ENV_leaf_793
Fra:690 Mem:222.38M (Peak 222.38M) | Time:00:00.34 | Mem:0.00M, Peak:0.00M | Scene, ViewLayer | Synchronizing object | ENV_leaf_792
Fra:690 Mem:222.38M (Peak 222.38M) | Time:00:00.34 | Mem:0.00M, Peak:0.00M | Scene, ViewLayer | Synchronizing object | ENV_leaf_791
Fra:690 Mem:222.39M (Peak 222.39M) | Time:00:00.34 | Mem:0.00M, Peak:0.00M | Scene, ViewLayer | Synchronizing object | ENV_leaf_790
Fra:690 Mem:222.49M (Peak 222.49M) | Time:00:00.34 | Mem:0.00M, Peak:0.00M | Scene, ViewLayer | Synchronizing object | ENV_leaf_789
Fra:690 Mem:222.49M (Peak 222.49M) | Time:00:00.34 | Mem:0.00M, Peak:0.00M | Scene, ViewLayer | Synchronizing object | ENV_leaf_788
Fra:690 Mem:222.50M (Peak 222.50M) | Time:00:00.34 | Mem:0.00M, Peak:0.00M | Scene, ViewLayer | Synchronizing object | ENV_leaf_787
Fra:690 Mem:222.50M (Peak 222.50M) | Time:00:00.34 | Mem:0.00M, Peak:0.00M | Scene, ViewLayer | Synchronizing object | ENV_leaf_786
Fra:690 Mem:222.49M (Peak 222.50M) | Time:00:00.34 | Mem:0.00M, Peak:0.00M | Scene, ViewLayer | Synchronizing object | ENV_leaf_785
Fra:690 Mem:222.49M (Peak 222.50M) | Time:00:00.34 | Mem:0.00M, Peak:0.00M | Scene, ViewLayer | Synchronizing object | ENV_leaf_784
Fra:690 Mem:222.49M (Peak 222.50M) | Time:00:00.34 | Mem:0.00M, Peak:0.00M | Scene, ViewLayer | Synchronizing object | ENV_leaf_783
Fra:690 Mem:222.50M (Peak 222.50M) | Time:00:00.34 | Mem:0.00M, Peak:0.00M | Scene, ViewLayer | Synchronizing object | ENV_leaf_782
Fra:690 Mem:222.50M (Peak 222.50M) | Time:00:00.34 | Mem:0.00M, Peak:0.00M | Scene, ViewLayer | Synchronizing object | ENV_leaf_781
Fra:690 Mem:222.51M (Peak 222.51M) | Time:00:00.34 | Mem:0.00M, Peak:0.00M | Scene, ViewLayer | Synchronizing object | ENV_leaf_780
Fra:690 Mem:222.51M (Peak 222.51M) | Time:00:00.34 | Mem:0.00M, Peak:0.00M | Scene, ViewLayer | Synchronizing object | ENV_leaf_779
Fra:690 Mem:222.51M (Peak 222.51M) | Time:00:00.34 | Mem:0.00M, Peak:0.00M | Scene, ViewLayer | Synchronizing object | ENV_leaf_778
Fra:690 Mem:222.52M (Peak 222.52M) | Time:00:00.34 | Mem:0.00M, Peak:0.00M | Scene, ViewLayer | Synchronizing object | ENV_leaf_777
Fra:690 Mem:222.52M (Peak 222.52M) | Time:00:00.34 | Mem:0.00M, Peak:0.00M | Scene, ViewLayer | Synchronizing object | ENV_leaf_776
Fra:690 Mem:222.53M (Peak 222.53M) | Time:00:00.34 | Mem:0.00M, Peak:0.00M | Scene, ViewLayer | Synchronizing object | ENV_leaf_775
Fra:690 Mem:222.53M (Peak 222.53M) | Time:00:00.34 | Mem:0.00M, Peak:0.00M | Scene, ViewLayer | Synchronizing object | ENV_leaf_774
Fra:690 Mem:222.53M (Peak 222.53M) | Time:00:00.34 | Mem:0.00M, Peak:0.00M | Scene, ViewLayer | Synchronizing object | ENV_leaf_773
Fra:690 Mem:222.54M (Peak 222.54M) | Time:00:00.34 | Mem:0.00M, Peak:0.00M | Scene, ViewLayer | Synchronizing object | ENV_leaf_772
Fra:690 Mem:222.54M (Peak 222.54M) | Time:00:00.34 | Mem:0.00M, Peak:0.00M | Scene, ViewLayer | Synchronizing object | ENV_leaf_771
Fra:690 Mem:222.55M (Peak 222.55M) | Time:00:00.34 | Mem:0.00M, Peak:0.00M | Scene, ViewLayer | Synchronizing object | ENV_leaf_770
Fra:690 Mem:222.63M (Peak 222.63M) | Time:00:00.34 | Mem:0.00M, Peak:0.00M | Scene, ViewLayer | Synchronizing object | ENV_leaf_769
Fra:690 Mem:222.66M (Peak 222.66M) | Time:00:00.34 | Mem:0.00M, Peak:0.00M | Scene, ViewLayer | Synchronizing object | ENV_leaf_768
Fra:690 Mem:222.74M (Peak 222.74M) | Time:00:00.34 | Mem:0.00M, Peak:0.00M | Scene, ViewLayer | Synchronizing object | ENV_leaf_767
Fra:690 Mem:222.67M (Peak 222.74M) | Time:00:00.34 | Mem:0.00M, Peak:0.00M | Scene, ViewLayer | Synchronizing object | ENV_leaf_766
Fra:690 Mem:222.67M (Peak 222.74M) | Time:00:00.34 | Mem:0.00M, Peak:0.00M | Scene, ViewLayer | Synchronizing object | ENV_leaf_765
Fra:690 Mem:222.67M (Peak 222.74M) | Time:00:00.34 | Mem:0.00M, Peak:0.00M | Scene, ViewLayer | Synchronizing object | ENV_leaf_764
Fra:690 Mem:222.73M (Peak 222.74M) | Time:00:00.34 | Mem:0.00M, Peak:0.00M | Scene, ViewLayer | Synchronizing object | ENV_leaf_763
Fra:690 Mem:222.86M (Peak 222.86M) | Time:00:00.34 | Mem:0.00M, Peak:0.00M | Scene, ViewLayer | Synchronizing object | ENV_leaf_762
Fra:690 Mem:222.91M (Peak 222.91M) | Time:00:00.34 | Mem:0.00M, Peak:0.00M | Scene, ViewLayer | Synchronizing object | ENV_leaf_761
Fra:690 Mem:222.98M (Peak 222.98M) | Time:00:00.34 | Mem:0.00M, Peak:0.00M | Scene, ViewLayer | Synchronizing object | ENV_leaf_760
Fra:690 Mem:223.04M (Peak 223.04M) | Time:00:00.34 | Mem:0.00M, Peak:0.00M | Scene, ViewLayer | Synchronizing object | ENV_leaf_759
Fra:690 Mem:223.05M (Peak 223.05M) | Time:00:00.34 | Mem:0.00M, Peak:0.00M | Scene, ViewLayer | Synchronizing object | ENV_leaf_758
Fra:690 Mem:223.05M (Peak 223.05M) | Time:00:00.34 | Mem:0.00M, Peak:0.00M | Scene, ViewLayer | Synchronizing object | ENV_leaf_757
Fra:690 Mem:223.05M (Peak 223.05M) | Time:00:00.34 | Mem:0.00M, Peak:0.00M | Scene, ViewLayer | Synchronizing object | ENV_leaf_756
Fra:690 Mem:223.05M (Peak 223.05M) | Time:00:00.34 | Mem:0.00M, Peak:0.00M | Scene, ViewLayer | Synchronizing object | ENV_leaf_755
Fra:690 Mem:223.05M (Peak 223.05M) | Time:00:00.34 | Mem:0.00M, Peak:0.00M | Scene, ViewLayer | Synchronizing object | ENV_leaf_754
Fra:690 Mem:223.05M (Peak 223.05M) | Time:00:00.34 | Mem:0.00M, Peak:0.00M | Scene, ViewLayer | Synchronizing object | ENV_leaf_753
Fra:690 Mem:223.06M (Peak 223.06M) | Time:00:00.34 | Mem:0.00M, Peak:0.00M | Scene, ViewLayer | Synchronizing object | ENV_leaf_752
Fra:690 Mem:223.06M (Peak 223.06M) | Time:00:00.34 | Mem:0.00M, Peak:0.00M | Scene, ViewLayer | Synchronizing object | ENV_leaf_751
Fra:690 Mem:223.07M (Peak 223.07M) | Time:00:00.34 | Mem:0.00M, Peak:0.00M | Scene, ViewLayer | Synchronizing object | ENV_leaf_750
Fra:690 Mem:223.07M (Peak 223.07M) | Time:00:00.34 | Mem:0.00M, Peak:0.00M | Scene, ViewLayer | Synchronizing object | ENV_leaf_749
Fra:690 Mem:223.07M (Peak 223.07M) | Time:00:00.34 | Mem:0.00M, Peak:0.00M | Scene, ViewLayer | Synchronizing object | ENV_leaf_748
Fra:690 Mem:223.13M (Peak 223.13M) | Time:00:00.34 | Mem:0.00M, Peak:0.00M | Scene, ViewLayer | Synchronizing object | ENV_leaf_747
Fra:690 Mem:223.13M (Peak 223.13M) | Time:00:00.34 | Mem:0.00M, Peak:0.00M | Scene, ViewLayer | Synchronizing object | ENV_leaf_746
Fra:690 Mem:223.20M (Peak 223.20M) | Time:00:00.34 | Mem:0.00M, Peak:0.00M | Scene, ViewLayer | Synchronizing object | ENV_leaf_745
Fra:690 Mem:223.15M (Peak 223.20M) | Time:00:00.34 | Mem:0.00M, Peak:0.00M | Scene, ViewLayer | Synchronizing object | ENV_fern_34
Fra:690 Mem:223.23M (Peak 223.23M) | Time:00:00.34 | Mem:0.00M, Peak:0.00M | Scene, ViewLayer | Synchronizing object | ENV_leaf_744
Fra:690 Mem:223.23M (Peak 223.23M) | Time:00:00.34 | Mem:0.00M, Peak:0.00M | Scene, ViewLayer | Synchronizing object | ENV_leaf_743
Fra:690 Mem:223.39M (Peak 223.39M) | Time:00:00.34 | Mem:0.00M, Peak:0.00M | Scene, ViewLayer | Synchronizing object | ENV_leaf_742
Fra:690 Mem:223.46M (Peak 223.46M) | Time:00:00.34 | Mem:0.00M, Peak:0.00M | Scene, ViewLayer | Synchronizing object | ENV_leaf_741
Fra:690 Mem:223.55M (Peak 223.55M) | Time:00:00.34 | Mem:0.00M, Peak:0.00M | Scene, ViewLayer | Synchronizing object | ENV_leaf_740
Fra:690 Mem:223.55M (Peak 223.55M) | Time:00:00.34 | Mem:0.00M, Peak:0.00M | Scene, ViewLayer | Synchronizing object | ENV_leaf_739
Fra:690 Mem:223.57M (Peak 223.57M) | Time:00:00.34 | Mem:0.00M, Peak:0.00M | Scene, ViewLayer | Synchronizing object | ENV_leaf_738
Fra:690 Mem:223.63M (Peak 223.63M) | Time:00:00.34 | Mem:0.00M, Peak:0.00M | Scene, ViewLayer | Synchronizing object | ENV_leaf_737
Fra:690 Mem:223.64M (Peak 223.64M) | Time:00:00.34 | Mem:0.00M, Peak:0.00M | Scene, ViewLayer | Synchronizing object | ENV_leaf_736
Fra:690 Mem:223.64M (Peak 223.64M) | Time:00:00.34 | Mem:0.00M, Peak:0.00M | Scene, ViewLayer | Synchronizing object | ENV_leaf_735
Fra:690 Mem:223.63M (Peak 223.64M) | Time:00:00.34 | Mem:0.00M, Peak:0.00M | Scene, ViewLayer | Synchronizing object | ENV_leaf_734
Fra:690 Mem:223.64M (Peak 223.64M) | Time:00:00.34 | Mem:0.00M, Peak:0.00M | Scene, ViewLayer | Synchronizing object | ENV_leaf_733
Fra:690 Mem:223.64M (Peak 223.64M) | Time:00:00.34 | Mem:0.00M, Peak:0.00M | Scene, ViewLayer | Synchronizing object | ENV_leaf_732
Fra:690 Mem:223.64M (Peak 223.64M) | Time:00:00.34 | Mem:0.00M, Peak:0.00M | Scene, ViewLayer | Synchronizing object | ENV_leaf_731
Fra:690 Mem:223.65M (Peak 223.65M) | Time:00:00.34 | Mem:0.00M, Peak:0.00M | Scene, ViewLayer | Synchronizing object | ENV_leaf_730
Fra:690 Mem:223.65M (Peak 223.65M) | Time:00:00.34 | Mem:0.00M, Peak:0.00M | Scene, ViewLayer | Synchronizing object | ENV_leaf_729
Fra:690 Mem:223.66M (Peak 223.66M) | Time:00:00.34 | Mem:0.00M, Peak:0.00M | Scene, ViewLayer | Synchronizing object | ENV_leaf_727
Fra:690 Mem:223.66M (Peak 223.66M) | Time:00:00.34 | Mem:0.00M, Peak:0.00M | Scene, ViewLayer | Synchronizing object | ENV_leaf_726
Fra:690 Mem:223.66M (Peak 223.66M) | Time:00:00.34 | Mem:0.00M, Peak:0.00M | Scene, ViewLayer | Synchronizing object | ENV_leaf_725
Fra:690 Mem:223.67M (Peak 223.67M) | Time:00:00.34 | Mem:0.00M, Peak:0.00M | Scene, ViewLayer | Synchronizing object | ENV_leaf_723
Fra:690 Mem:223.67M (Peak 223.67M) | Time:00:00.34 | Mem:0.00M, Peak:0.00M | Scene, ViewLayer | Synchronizing object | ENV_leaf_722
Fra:690 Mem:223.68M (Peak 223.68M) | Time:00:00.34 | Mem:0.00M, Peak:0.00M | Scene, ViewLayer | Synchronizing object | ENV_leaf_721
Fra:690 Mem:223.74M (Peak 223.74M) | Time:00:00.34 | Mem:0.00M, Peak:0.00M | Scene, ViewLayer | Synchronizing object | ENV_leaf_720
Fra:690 Mem:223.83M (Peak 223.83M) | Time:00:00.34 | Mem:0.00M, Peak:0.00M | Scene, ViewLayer | Synchronizing object | ENV_leaf_719
Fra:690 Mem:223.77M (Peak 223.83M) | Time:00:00.34 | Mem:0.00M, Peak:0.00M | Scene, ViewLayer | Synchronizing object | ENV_fern_35
Fra:690 Mem:223.77M (Peak 223.83M) | Time:00:00.34 | Mem:0.00M, Peak:0.00M | Scene, ViewLayer | Synchronizing object | ENV_leaf_718
Fra:690 Mem:223.86M (Peak 223.86M) | Time:00:00.34 | Mem:0.00M, Peak:0.00M | Scene, ViewLayer | Synchronizing object | ENV_leaf_717
Fra:690 Mem:223.87M (Peak 223.87M) | Time:00:00.34 | Mem:0.00M, Peak:0.00M | Scene, ViewLayer | Synchronizing object | ENV_leaf_715
Fra:690 Mem:224.07M (Peak 224.07M) | Time:00:00.34 | Mem:0.00M, Peak:0.00M | Scene, ViewLayer | Synchronizing object | ENV_leaf_714
Fra:690 Mem:224.15M (Peak 224.15M) | Time:00:00.34 | Mem:0.00M, Peak:0.00M | Scene, ViewLayer | Synchronizing object | ENV_leaf_713
Fra:690 Mem:224.25M (Peak 224.25M) | Time:00:00.34 | Mem:0.00M, Peak:0.00M | Scene, ViewLayer | Synchronizing object | ENV_leaf_712
Fra:690 Mem:224.26M (Peak 224.26M) | Time:00:00.34 | Mem:0.00M, Peak:0.00M | Scene, ViewLayer | Synchronizing object | ENV_leaf_711
Fra:690 Mem:224.26M (Peak 224.26M) | Time:00:00.34 | Mem:0.00M, Peak:0.00M | Scene, ViewLayer | Synchronizing object | ENV_leaf_710
Fra:690 Mem:224.28M (Peak 224.28M) | Time:00:00.34 | Mem:0.00M, Peak:0.00M | Scene, ViewLayer | Synchronizing object | ENV_leaf_709
Fra:690 Mem:224.36M (Peak 224.36M) | Time:00:00.34 | Mem:0.00M, Peak:0.00M | Scene, ViewLayer | Synchronizing object | ENV_leaf_708
Fra:690 Mem:224.37M (Peak 224.37M) | Time:00:00.34 | Mem:0.00M, Peak:0.00M | Scene, ViewLayer | Synchronizing object | ENV_leaf_707
Fra:690 Mem:224.37M (Peak 224.37M) | Time:00:00.34 | Mem:0.00M, Peak:0.00M | Scene, ViewLayer | Synchronizing object | ENV_leaf_706
Fra:690 Mem:224.38M (Peak 224.38M) | Time:00:00.34 | Mem:0.00M, Peak:0.00M | Scene, ViewLayer | Synchronizing object | ENV_leaf_705
Fra:690 Mem:224.38M (Peak 224.38M) | Time:00:00.34 | Mem:0.00M, Peak:0.00M | Scene, ViewLayer | Synchronizing object | ENV_leaf_704
Fra:690 Mem:224.37M (Peak 224.38M) | Time:00:00.34 | Mem:0.00M, Peak:0.00M | Scene, ViewLayer | Synchronizing object | ENV_leaf_703
Fra:690 Mem:224.37M (Peak 224.38M) | Time:00:00.34 | Mem:0.00M, Peak:0.00M | Scene, ViewLayer | Synchronizing object | ENV_leaf_702
Fra:690 Mem:224.37M (Peak 224.38M) | Time:00:00.34 | Mem:0.00M, Peak:0.00M | Scene, ViewLayer | Synchronizing object | ENV_leaf_701
Fra:690 Mem:224.38M (Peak 224.38M) | Time:00:00.34 | Mem:0.00M, Peak:0.00M | Scene, ViewLayer | Synchronizing object | ENV_leaf_700
Fra:690 Mem:224.38M (Peak 224.38M) | Time:00:00.34 | Mem:0.00M, Peak:0.00M | Scene, ViewLayer | Synchronizing object | ENV_leaf_699
Fra:690 Mem:224.39M (Peak 224.39M) | Time:00:00.34 | Mem:0.00M, Peak:0.00M | Scene, ViewLayer | Synchronizing object | ENV_leaf_698
Fra:690 Mem:224.39M (Peak 224.39M) | Time:00:00.34 | Mem:0.00M, Peak:0.00M | Scene, ViewLayer | Synchronizing object | ENV_leaf_697
Fra:690 Mem:224.39M (Peak 224.39M) | Time:00:00.34 | Mem:0.00M, Peak:0.00M | Scene, ViewLayer | Synchronizing object | ENV_leaf_696
Fra:690 Mem:224.40M (Peak 224.40M) | Time:00:00.34 | Mem:0.00M, Peak:0.00M | Scene, ViewLayer | Synchronizing object | ENV_leaf_695
Fra:690 Mem:224.40M (Peak 224.40M) | Time:00:00.34 | Mem:0.00M, Peak:0.00M | Scene, ViewLayer | Synchronizing object | ENV_leaf_694
Fra:690 Mem:224.41M (Peak 224.41M) | Time:00:00.34 | Mem:0.00M, Peak:0.00M | Scene, ViewLayer | Synchronizing object | ENV_leaf_693
Fra:690 Mem:224.41M (Peak 224.41M) | Time:00:00.34 | Mem:0.00M, Peak:0.00M | Scene, ViewLayer | Synchronizing object | ENV_leaf_692
Fra:690 Mem:224.41M (Peak 224.41M) | Time:00:00.34 | Mem:0.00M, Peak:0.00M | Scene, ViewLayer | Synchronizing object | ENV_leaf_691
Fra:690 Mem:224.42M (Peak 224.42M) | Time:00:00.34 | Mem:0.00M, Peak:0.00M | Scene, ViewLayer | Synchronizing object | ENV_leaf_690
Fra:690 Mem:224.50M (Peak 224.50M) | Time:00:00.34 | Mem:0.00M, Peak:0.00M | Scene, ViewLayer | Synchronizing object | ENV_leaf_689
Fra:690 Mem:224.50M (Peak 224.50M) | Time:00:00.34 | Mem:0.00M, Peak:0.00M | Scene, ViewLayer | Synchronizing object | ENV_leaf_688
Fra:690 Mem:224.61M (Peak 224.61M) | Time:00:00.34 | Mem:0.00M, Peak:0.00M | Scene, ViewLayer | Synchronizing object | ENV_leaf_687
Fra:690 Mem:224.62M (Peak 224.62M) | Time:00:00.34 | Mem:0.00M, Peak:0.00M | Scene, ViewLayer | Synchronizing object | ENV_leaf_686
Fra:690 Mem:224.54M (Peak 224.62M) | Time:00:00.34 | Mem:0.00M, Peak:0.00M | Scene, ViewLayer | Synchronizing object | ENV_fern_36
Fra:690 Mem:224.60M (Peak 224.62M) | Time:00:00.34 | Mem:0.00M, Peak:0.00M | Scene, ViewLayer | Synchronizing object | ENV_leaf_685
Fra:690 Mem:224.83M (Peak 224.83M) | Time:00:00.34 | Mem:0.00M, Peak:0.00M | Scene, ViewLayer | Synchronizing object | ENV_leaf_684
Fra:690 Mem:224.90M (Peak 224.90M) | Time:00:00.34 | Mem:0.00M, Peak:0.00M | Scene, ViewLayer | Synchronizing object | ENV_leaf_683
Fra:690 Mem:224.90M (Peak 224.90M) | Time:00:00.34 | Mem:0.00M, Peak:0.00M | Scene, ViewLayer | Synchronizing object | ENV_leaf_682
Fra:690 Mem:224.91M (Peak 224.91M) | Time:00:00.34 | Mem:0.00M, Peak:0.00M | Scene, ViewLayer | Synchronizing object | ENV_leaf_681
Fra:690 Mem:224.91M (Peak 224.91M) | Time:00:00.34 | Mem:0.00M, Peak:0.00M | Scene, ViewLayer | Synchronizing object | ENV_leaf_680
Fra:690 Mem:224.90M (Peak 224.91M) | Time:00:00.34 | Mem:0.00M, Peak:0.00M | Scene, ViewLayer | Synchronizing object | ENV_leaf_679
Fra:690 Mem:224.91M (Peak 224.91M) | Time:00:00.34 | Mem:0.00M, Peak:0.00M | Scene, ViewLayer | Synchronizing object | ENV_leaf_678
Fra:690 Mem:224.91M (Peak 224.91M) | Time:00:00.34 | Mem:0.00M, Peak:0.00M | Scene, ViewLayer | Synchronizing object | ENV_leaf_677
Fra:690 Mem:224.91M (Peak 224.91M) | Time:00:00.34 | Mem:0.00M, Peak:0.00M | Scene, ViewLayer | Synchronizing object | ENV_leaf_676
Fra:690 Mem:224.92M (Peak 224.92M) | Time:00:00.34 | Mem:0.00M, Peak:0.00M | Scene, ViewLayer | Synchronizing object | ENV_leaf_675
Fra:690 Mem:224.92M (Peak 224.92M) | Time:00:00.34 | Mem:0.00M, Peak:0.00M | Scene, ViewLayer | Synchronizing object | ENV_leaf_674
Fra:690 Mem:224.93M (Peak 224.93M) | Time:00:00.34 | Mem:0.00M, Peak:0.00M | Scene, ViewLayer | Synchronizing object | ENV_leaf_673
Fra:690 Mem:224.93M (Peak 224.93M) | Time:00:00.34 | Mem:0.00M, Peak:0.00M | Scene, ViewLayer | Synchronizing object | ENV_leaf_672
Fra:690 Mem:224.93M (Peak 224.93M) | Time:00:00.34 | Mem:0.00M, Peak:0.00M | Scene, ViewLayer | Synchronizing object | ENV_leaf_671
Fra:690 Mem:224.94M (Peak 224.94M) | Time:00:00.34 | Mem:0.00M, Peak:0.00M | Scene, ViewLayer | Synchronizing object | ENV_leaf_670
Fra:690 Mem:224.99M (Peak 224.99M) | Time:00:00.34 | Mem:0.00M, Peak:0.00M | Scene, ViewLayer | Synchronizing object | ENV_leaf_669
Fra:690 Mem:225.06M (Peak 225.06M) | Time:00:00.34 | Mem:0.00M, Peak:0.00M | Scene, ViewLayer | Synchronizing object | ENV_leaf_668
Fra:690 Mem:225.06M (Peak 225.06M) | Time:00:00.34 | Mem:0.00M, Peak:0.00M | Scene, ViewLayer | Synchronizing object | ENV_leaf_667
Fra:690 Mem:225.02M (Peak 225.06M) | Time:00:00.34 | Mem:0.00M, Peak:0.00M | Scene, ViewLayer | Synchronizing object | ENV_fern_37
Fra:690 Mem:225.09M (Peak 225.09M) | Time:00:00.34 | Mem:0.00M, Peak:0.00M | Scene, ViewLayer | Synchronizing object | ENV_leaf_666
Fra:690 Mem:225.09M (Peak 225.09M) | Time:00:00.34 | Mem:0.00M, Peak:0.00M | Scene, ViewLayer | Synchronizing object | ENV_leaf_665
Fra:690 Mem:225.10M (Peak 225.10M) | Time:00:00.34 | Mem:0.00M, Peak:0.00M | Scene, ViewLayer | Synchronizing object | ENV_leaf_664
Fra:690 Mem:225.32M (Peak 225.32M) | Time:00:00.34 | Mem:0.00M, Peak:0.00M | Scene, ViewLayer | Synchronizing object | ENV_leaf_663
Fra:690 Mem:225.41M (Peak 225.41M) | Time:00:00.34 | Mem:0.00M, Peak:0.00M | Scene, ViewLayer | Synchronizing object | ENV_leaf_662
Fra:690 Mem:225.41M (Peak 225.41M) | Time:00:00.34 | Mem:0.00M, Peak:0.00M | Scene, ViewLayer | Synchronizing object | ENV_leaf_661
Fra:690 Mem:225.42M (Peak 225.42M) | Time:00:00.34 | Mem:0.00M, Peak:0.00M | Scene, ViewLayer | Synchronizing object | ENV_leaf_660
Fra:690 Mem:225.50M (Peak 225.50M) | Time:00:00.34 | Mem:0.00M, Peak:0.00M | Scene, ViewLayer | Synchronizing object | ENV_leaf_659
Fra:690 Mem:225.50M (Peak 225.50M) | Time:00:00.34 | Mem:0.00M, Peak:0.00M | Scene, ViewLayer | Synchronizing object | ENV_leaf_658
Fra:690 Mem:225.51M (Peak 225.51M) | Time:00:00.34 | Mem:0.00M, Peak:0.00M | Scene, ViewLayer | Synchronizing object | ENV_leaf_657
Fra:690 Mem:225.51M (Peak 225.51M) | Time:00:00.34 | Mem:0.00M, Peak:0.00M | Scene, ViewLayer | Synchronizing object | ENV_leaf_656
Fra:690 Mem:225.50M (Peak 225.51M) | Time:00:00.34 | Mem:0.00M, Peak:0.00M | Scene, ViewLayer | Synchronizing object | ENV_leaf_655
Fra:690 Mem:225.50M (Peak 225.51M) | Time:00:00.34 | Mem:0.00M, Peak:0.00M | Scene, ViewLayer | Synchronizing object | ENV_leaf_654
Fra:690 Mem:225.51M (Peak 225.51M) | Time:00:00.34 | Mem:0.00M, Peak:0.00M | Scene, ViewLayer | Synchronizing object | ENV_leaf_653
Fra:690 Mem:225.51M (Peak 225.51M) | Time:00:00.34 | Mem:0.00M, Peak:0.00M | Scene, ViewLayer | Synchronizing object | ENV_leaf_652
Fra:690 Mem:225.52M (Peak 225.52M) | Time:00:00.34 | Mem:0.00M, Peak:0.00M | Scene, ViewLayer | Synchronizing object | ENV_leaf_651
Fra:690 Mem:225.52M (Peak 225.52M) | Time:00:00.34 | Mem:0.00M, Peak:0.00M | Scene, ViewLayer | Synchronizing object | ENV_leaf_650
Fra:690 Mem:225.52M (Peak 225.52M) | Time:00:00.34 | Mem:0.00M, Peak:0.00M | Scene, ViewLayer | Synchronizing object | ENV_leaf_649
Fra:690 Mem:225.53M (Peak 225.53M) | Time:00:00.34 | Mem:0.00M, Peak:0.00M | Scene, ViewLayer | Synchronizing object | ENV_leaf_648
Fra:690 Mem:225.53M (Peak 225.53M) | Time:00:00.34 | Mem:0.00M, Peak:0.00M | Scene, ViewLayer | Synchronizing object | ENV_leaf_647
Fra:690 Mem:225.54M (Peak 225.54M) | Time:00:00.34 | Mem:0.00M, Peak:0.00M | Scene, ViewLayer | Synchronizing object | ENV_leaf_646
Fra:690 Mem:225.54M (Peak 225.54M) | Time:00:00.34 | Mem:0.00M, Peak:0.00M | Scene, ViewLayer | Synchronizing object | ENV_leaf_645
Fra:690 Mem:225.61M (Peak 225.61M) | Time:00:00.34 | Mem:0.00M, Peak:0.00M | Scene, ViewLayer | Synchronizing object | ENV_leaf_644
Fra:690 Mem:225.61M (Peak 225.61M) | Time:00:00.34 | Mem:0.00M, Peak:0.00M | Scene, ViewLayer | Synchronizing object | ENV_leaf_643
Fra:690 Mem:225.64M (Peak 225.64M) | Time:00:00.34 | Mem:0.00M, Peak:0.00M | Scene, ViewLayer | Synchronizing object | ENV_leaf_642
Fra:690 Mem:225.70M (Peak 225.70M) | Time:00:00.34 | Mem:0.00M, Peak:0.00M | Scene, ViewLayer | Synchronizing object | ENV_leaf_641
Fra:690 Mem:225.71M (Peak 225.71M) | Time:00:00.34 | Mem:0.00M, Peak:0.00M | Scene, ViewLayer | Synchronizing object | ENV_leaf_640
Fra:690 Mem:225.65M (Peak 225.71M) | Time:00:00.34 | Mem:0.00M, Peak:0.00M | Scene, ViewLayer | Synchronizing object | ENV_fern_38
Fra:690 Mem:225.74M (Peak 225.74M) | Time:00:00.34 | Mem:0.00M, Peak:0.00M | Scene, ViewLayer | Synchronizing object | ENV_leaf_639
Fra:690 Mem:225.74M (Peak 225.74M) | Time:00:00.34 | Mem:0.00M, Peak:0.00M | Scene, ViewLayer | Synchronizing object | ENV_leaf_638
Fra:690 Mem:226.12M (Peak 226.12M) | Time:00:00.34 | Mem:0.00M, Peak:0.00M | Scene, ViewLayer | Synchronizing object | ENV_leaf_637
Fra:690 Mem:226.12M (Peak 226.12M) | Time:00:00.34 | Mem:0.00M, Peak:0.00M | Scene, ViewLayer | Synchronizing object | ENV_leaf_636
Fra:690 Mem:226.14M (Peak 226.14M) | Time:00:00.34 | Mem:0.00M, Peak:0.00M | Scene, ViewLayer | Synchronizing object | ENV_leaf_635
Fra:690 Mem:226.22M (Peak 226.22M) | Time:00:00.34 | Mem:0.00M, Peak:0.00M | Scene, ViewLayer | Synchronizing object | ENV_leaf_634
Fra:690 Mem:226.23M (Peak 226.23M) | Time:00:00.34 | Mem:0.00M, Peak:0.00M | Scene, ViewLayer | Synchronizing object | ENV_leaf_633
Fra:690 Mem:226.23M (Peak 226.23M) | Time:00:00.34 | Mem:0.00M, Peak:0.00M | Scene, ViewLayer | Synchronizing object | ENV_leaf_632
Fra:690 Mem:226.24M (Peak 226.24M) | Time:00:00.34 | Mem:0.00M, Peak:0.00M | Scene, ViewLayer | Synchronizing object | ENV_leaf_631
Fra:690 Mem:226.24M (Peak 226.24M) | Time:00:00.34 | Mem:0.00M, Peak:0.00M | Scene, ViewLayer | Synchronizing object | ENV_leaf_630
Fra:690 Mem:226.24M (Peak 226.24M) | Time:00:00.34 | Mem:0.00M, Peak:0.00M | Scene, ViewLayer | Synchronizing object | ENV_leaf_629
Fra:690 Mem:226.25M (Peak 226.25M) | Time:00:00.34 | Mem:0.00M, Peak:0.00M | Scene, ViewLayer | Synchronizing object | ENV_leaf_628
Fra:690 Mem:226.23M (Peak 226.25M) | Time:00:00.34 | Mem:0.00M, Peak:0.00M | Scene, ViewLayer | Synchronizing object | ENV_leaf_627
Fra:690 Mem:226.24M (Peak 226.25M) | Time:00:00.34 | Mem:0.00M, Peak:0.00M | Scene, ViewLayer | Synchronizing object | ENV_leaf_626
Fra:690 Mem:226.24M (Peak 226.25M) | Time:00:00.34 | Mem:0.00M, Peak:0.00M | Scene, ViewLayer | Synchronizing object | ENV_leaf_625
Fra:690 Mem:226.25M (Peak 226.25M) | Time:00:00.34 | Mem:0.00M, Peak:0.00M | Scene, ViewLayer | Synchronizing object | ENV_leaf_624
Fra:690 Mem:226.25M (Peak 226.25M) | Time:00:00.34 | Mem:0.00M, Peak:0.00M | Scene, ViewLayer | Synchronizing object | ENV_leaf_623
Fra:690 Mem:226.25M (Peak 226.25M) | Time:00:00.34 | Mem:0.00M, Peak:0.00M | Scene, ViewLayer | Synchronizing object | ENV_leaf_622
Fra:690 Mem:226.26M (Peak 226.26M) | Time:00:00.34 | Mem:0.00M, Peak:0.00M | Scene, ViewLayer | Synchronizing object | ENV_leaf_621
Fra:690 Mem:226.26M (Peak 226.26M) | Time:00:00.34 | Mem:0.00M, Peak:0.00M | Scene, ViewLayer | Synchronizing object | ENV_leaf_620
Fra:690 Mem:226.27M (Peak 226.27M) | Time:00:00.34 | Mem:0.00M, Peak:0.00M | Scene, ViewLayer | Synchronizing object | ENV_leaf_619
Fra:690 Mem:226.27M (Peak 226.27M) | Time:00:00.34 | Mem:0.00M, Peak:0.00M | Scene, ViewLayer | Synchronizing object | ENV_leaf_618
Fra:690 Mem:226.27M (Peak 226.27M) | Time:00:00.34 | Mem:0.00M, Peak:0.00M | Scene, ViewLayer | Synchronizing object | ENV_leaf_617
Fra:690 Mem:226.28M (Peak 226.28M) | Time:00:00.34 | Mem:0.00M, Peak:0.00M | Scene, ViewLayer | Synchronizing object | ENV_leaf_616
Fra:690 Mem:226.28M (Peak 226.28M) | Time:00:00.34 | Mem:0.00M, Peak:0.00M | Scene, ViewLayer | Synchronizing object | ENV_leaf_615
Fra:690 Mem:226.29M (Peak 226.29M) | Time:00:00.34 | Mem:0.00M, Peak:0.00M | Scene, ViewLayer | Synchronizing object | ENV_leaf_614
Fra:690 Mem:226.37M (Peak 226.37M) | Time:00:00.34 | Mem:0.00M, Peak:0.00M | Scene, ViewLayer | Synchronizing object | ENV_leaf_613
Fra:690 Mem:226.37M (Peak 226.37M) | Time:00:00.34 | Mem:0.00M, Peak:0.00M | Scene, ViewLayer | Synchronizing object | ENV_leaf_612
Fra:690 Mem:226.37M (Peak 226.37M) | Time:00:00.34 | Mem:0.00M, Peak:0.00M | Scene, ViewLayer | Synchronizing object | ENV_leaf_611
Fra:690 Mem:226.41M (Peak 226.41M) | Time:00:00.35 | Mem:0.00M, Peak:0.00M | Scene, ViewLayer | Synchronizing object | ENV_leaf_610
Fra:690 Mem:226.49M (Peak 226.49M) | Time:00:00.35 | Mem:0.00M, Peak:0.00M | Scene, ViewLayer | Synchronizing object | ENV_leaf_609
Fra:690 Mem:226.49M (Peak 226.49M) | Time:00:00.35 | Mem:0.00M, Peak:0.00M | Scene, ViewLayer | Synchronizing object | ENV_leaf_608
Fra:690 Mem:226.42M (Peak 226.49M) | Time:00:00.35 | Mem:0.00M, Peak:0.00M | Scene, ViewLayer | Synchronizing object | ENV_leaf_607
Fra:690 Mem:226.42M (Peak 226.49M) | Time:00:00.35 | Mem:0.00M, Peak:0.00M | Scene, ViewLayer | Synchronizing object | ENV_fern_39
Fra:690 Mem:226.48M (Peak 226.49M) | Time:00:00.35 | Mem:0.00M, Peak:0.00M | Scene, ViewLayer | Synchronizing object | ENV_leaf_606
Fra:690 Mem:226.65M (Peak 226.65M) | Time:00:00.35 | Mem:0.00M, Peak:0.00M | Scene, ViewLayer | Synchronizing object | ENV_leaf_605
Fra:690 Mem:226.72M (Peak 226.72M) | Time:00:00.35 | Mem:0.00M, Peak:0.00M | Scene, ViewLayer | Synchronizing object | ENV_leaf_604
Fra:690 Mem:226.78M (Peak 226.78M) | Time:00:00.35 | Mem:0.00M, Peak:0.00M | Scene, ViewLayer | Synchronizing object | ENV_leaf_602
Fra:690 Mem:226.79M (Peak 226.79M) | Time:00:00.35 | Mem:0.00M, Peak:0.00M | Scene, ViewLayer | Synchronizing object | ENV_leaf_601
Fra:690 Mem:226.79M (Peak 226.79M) | Time:00:00.35 | Mem:0.00M, Peak:0.00M | Scene, ViewLayer | Synchronizing object | ENV_leaf_600
Fra:690 Mem:226.79M (Peak 226.79M) | Time:00:00.35 | Mem:0.00M, Peak:0.00M | Scene, ViewLayer | Synchronizing object | ENV_leaf_599
Fra:690 Mem:226.79M (Peak 226.79M) | Time:00:00.35 | Mem:0.00M, Peak:0.00M | Scene, ViewLayer | Synchronizing object | ENV_leaf_598
Fra:690 Mem:226.79M (Peak 226.79M) | Time:00:00.35 | Mem:0.00M, Peak:0.00M | Scene, ViewLayer | Synchronizing object | ENV_leaf_597
Fra:690 Mem:226.79M (Peak 226.79M) | Time:00:00.35 | Mem:0.00M, Peak:0.00M | Scene, ViewLayer | Synchronizing object | ENV_leaf_596
Fra:690 Mem:226.80M (Peak 226.80M) | Time:00:00.35 | Mem:0.00M, Peak:0.00M | Scene, ViewLayer | Synchronizing object | ENV_leaf_595
Fra:690 Mem:226.80M (Peak 226.80M) | Time:00:00.35 | Mem:0.00M, Peak:0.00M | Scene, ViewLayer | Synchronizing object | ENV_leaf_594
Fra:690 Mem:226.81M (Peak 226.81M) | Time:00:00.35 | Mem:0.00M, Peak:0.00M | Scene, ViewLayer | Synchronizing object | ENV_leaf_593
Fra:690 Mem:226.81M (Peak 226.81M) | Time:00:00.35 | Mem:0.00M, Peak:0.00M | Scene, ViewLayer | Synchronizing object | ENV_leaf_592
Fra:690 Mem:226.81M (Peak 226.81M) | Time:00:00.35 | Mem:0.00M, Peak:0.00M | Scene, ViewLayer | Synchronizing object | ENV_leaf_591
Fra:690 Mem:226.82M (Peak 226.82M) | Time:00:00.35 | Mem:0.00M, Peak:0.00M | Scene, ViewLayer | Synchronizing object | ENV_leaf_590
Fra:690 Mem:226.82M (Peak 226.82M) | Time:00:00.35 | Mem:0.00M, Peak:0.00M | Scene, ViewLayer | Synchronizing object | ENV_leaf_589
Fra:690 Mem:226.89M (Peak 226.89M) | Time:00:00.35 | Mem:0.00M, Peak:0.00M | Scene, ViewLayer | Synchronizing object | ENV_leaf_588
Fra:690 Mem:226.94M (Peak 226.94M) | Time:00:00.35 | Mem:0.00M, Peak:0.00M | Scene, ViewLayer | Synchronizing object | ENV_leaf_587
Fra:690 Mem:226.95M (Peak 226.95M) | Time:00:00.35 | Mem:0.00M, Peak:0.00M | Scene, ViewLayer | Synchronizing object | ENV_leaf_586
Fra:690 Mem:226.90M (Peak 226.95M) | Time:00:00.35 | Mem:0.00M, Peak:0.00M | Scene, ViewLayer | Synchronizing object | ENV_fern_40
Fra:690 Mem:226.97M (Peak 226.97M) | Time:00:00.35 | Mem:0.00M, Peak:0.00M | Scene, ViewLayer | Synchronizing object | ENV_leaf_585
Fra:690 Mem:226.98M (Peak 226.98M) | Time:00:00.35 | Mem:0.00M, Peak:0.00M | Scene, ViewLayer | Synchronizing object | ENV_leaf_584
Fra:690 Mem:226.98M (Peak 226.98M) | Time:00:00.35 | Mem:0.00M, Peak:0.00M | Scene, ViewLayer | Synchronizing object | ENV_leaf_583
Fra:690 Mem:227.21M (Peak 227.21M) | Time:00:00.35 | Mem:0.00M, Peak:0.00M | Scene, ViewLayer | Synchronizing object | ENV_leaf_582
Fra:690 Mem:227.29M (Peak 227.29M) | Time:00:00.35 | Mem:0.00M, Peak:0.00M | Scene, ViewLayer | Synchronizing object | ENV_leaf_581
Fra:690 Mem:227.31M (Peak 227.31M) | Time:00:00.35 | Mem:0.00M, Peak:0.00M | Scene, ViewLayer | Synchronizing object | ENV_leaf_580
Fra:690 Mem:227.38M (Peak 227.38M) | Time:00:00.35 | Mem:0.00M, Peak:0.00M | Scene, ViewLayer | Synchronizing object | ENV_leaf_579
Fra:690 Mem:227.38M (Peak 227.38M) | Time:00:00.35 | Mem:0.00M, Peak:0.00M | Scene, ViewLayer | Synchronizing object | ENV_leaf_578
Fra:690 Mem:227.39M (Peak 227.39M) | Time:00:00.35 | Mem:0.00M, Peak:0.00M | Scene, ViewLayer | Synchronizing object | ENV_leaf_577
Fra:690 Mem:227.39M (Peak 227.39M) | Time:00:00.35 | Mem:0.00M, Peak:0.00M | Scene, ViewLayer | Synchronizing object | ENV_leaf_576
Fra:690 Mem:227.40M (Peak 227.40M) | Time:00:00.35 | Mem:0.00M, Peak:0.00M | Scene, ViewLayer | Synchronizing object | ENV_leaf_575
Fra:690 Mem:227.38M (Peak 227.40M) | Time:00:00.35 | Mem:0.00M, Peak:0.00M | Scene, ViewLayer | Synchronizing object | ENV_leaf_574
Fra:690 Mem:227.39M (Peak 227.40M) | Time:00:00.35 | Mem:0.00M, Peak:0.00M | Scene, ViewLayer | Synchronizing object | ENV_leaf_573
Fra:690 Mem:227.39M (Peak 227.40M) | Time:00:00.35 | Mem:0.00M, Peak:0.00M | Scene, ViewLayer | Synchronizing object | ENV_leaf_572
Fra:690 Mem:227.40M (Peak 227.40M) | Time:00:00.35 | Mem:0.00M, Peak:0.00M | Scene, ViewLayer | Synchronizing object | ENV_leaf_571
Fra:690 Mem:227.40M (Peak 227.40M) | Time:00:00.35 | Mem:0.00M, Peak:0.00M | Scene, ViewLayer | Synchronizing object | ENV_leaf_570
Fra:690 Mem:227.40M (Peak 227.40M) | Time:00:00.35 | Mem:0.00M, Peak:0.00M | Scene, ViewLayer | Synchronizing object | ENV_leaf_569
Fra:690 Mem:227.41M (Peak 227.41M) | Time:00:00.35 | Mem:0.00M, Peak:0.00M | Scene, ViewLayer | Synchronizing object | ENV_leaf_568
Fra:690 Mem:227.41M (Peak 227.41M) | Time:00:00.35 | Mem:0.00M, Peak:0.00M | Scene, ViewLayer | Synchronizing object | ENV_leaf_567
Fra:690 Mem:227.42M (Peak 227.42M) | Time:00:00.35 | Mem:0.00M, Peak:0.00M | Scene, ViewLayer | Synchronizing object | ENV_leaf_566
Fra:690 Mem:227.48M (Peak 227.48M) | Time:00:00.35 | Mem:0.00M, Peak:0.00M | Scene, ViewLayer | Synchronizing object | ENV_leaf_565
Fra:690 Mem:227.51M (Peak 227.51M) | Time:00:00.35 | Mem:0.00M, Peak:0.00M | Scene, ViewLayer | Synchronizing object | ENV_leaf_564
Fra:690 Mem:227.58M (Peak 227.58M) | Time:00:00.35 | Mem:0.00M, Peak:0.00M | Scene, ViewLayer | Synchronizing object | ENV_leaf_563
Fra:690 Mem:227.52M (Peak 227.58M) | Time:00:00.35 | Mem:0.00M, Peak:0.00M | Scene, ViewLayer | Synchronizing object | ENV_fern_41
Fra:690 Mem:227.60M (Peak 227.60M) | Time:00:00.35 | Mem:0.00M, Peak:0.00M | Scene, ViewLayer | Synchronizing object | ENV_leaf_562
Fra:690 Mem:227.61M (Peak 227.61M) | Time:00:00.35 | Mem:0.00M, Peak:0.00M | Scene, ViewLayer | Synchronizing object | ENV_leaf_561
Fra:690 Mem:227.89M (Peak 227.89M) | Time:00:00.35 | Mem:0.00M, Peak:0.00M | Scene, ViewLayer | Synchronizing object | ENV_leaf_560
Fra:690 Mem:227.99M (Peak 227.99M) | Time:00:00.35 | Mem:0.00M, Peak:0.00M | Scene, ViewLayer | Synchronizing object | ENV_leaf_559
Fra:690 Mem:227.99M (Peak 227.99M) | Time:00:00.35 | Mem:0.00M, Peak:0.00M | Scene, ViewLayer | Synchronizing object | ENV_leaf_558
Fra:690 Mem:228.02M (Peak 228.02M) | Time:00:00.35 | Mem:0.00M, Peak:0.00M | Scene, ViewLayer | Synchronizing object | ENV_leaf_557
Fra:690 Mem:228.10M (Peak 228.10M) | Time:00:00.35 | Mem:0.00M, Peak:0.00M | Scene, ViewLayer | Synchronizing object | ENV_leaf_556
Fra:690 Mem:228.10M (Peak 228.10M) | Time:00:00.35 | Mem:0.00M, Peak:0.00M | Scene, ViewLayer | Synchronizing object | ENV_leaf_555
Fra:690 Mem:228.10M (Peak 228.10M) | Time:00:00.35 | Mem:0.00M, Peak:0.00M | Scene, ViewLayer | Synchronizing object | ENV_leaf_554
Fra:690 Mem:228.11M (Peak 228.11M) | Time:00:00.35 | Mem:0.00M, Peak:0.00M | Scene, ViewLayer | Synchronizing object | ENV_leaf_553
Fra:690 Mem:228.11M (Peak 228.11M) | Time:00:00.35 | Mem:0.00M, Peak:0.00M | Scene, ViewLayer | Synchronizing object | ENV_leaf_552
Fra:690 Mem:228.12M (Peak 228.12M) | Time:00:00.35 | Mem:0.00M, Peak:0.00M | Scene, ViewLayer | Synchronizing object | ENV_leaf_551
Fra:690 Mem:228.10M (Peak 228.12M) | Time:00:00.35 | Mem:0.00M, Peak:0.00M | Scene, ViewLayer | Synchronizing object | ENV_leaf_550
Fra:690 Mem:228.11M (Peak 228.12M) | Time:00:00.35 | Mem:0.00M, Peak:0.00M | Scene, ViewLayer | Synchronizing object | ENV_leaf_549
Fra:690 Mem:228.11M (Peak 228.12M) | Time:00:00.35 | Mem:0.00M, Peak:0.00M | Scene, ViewLayer | Synchronizing object | ENV_leaf_548
Fra:690 Mem:228.11M (Peak 228.12M) | Time:00:00.35 | Mem:0.00M, Peak:0.00M | Scene, ViewLayer | Synchronizing object | ENV_leaf_547
Fra:690 Mem:228.12M (Peak 228.12M) | Time:00:00.35 | Mem:0.00M, Peak:0.00M | Scene, ViewLayer | Synchronizing object | ENV_leaf_546
Fra:690 Mem:228.12M (Peak 228.12M) | Time:00:00.35 | Mem:0.00M, Peak:0.00M | Scene, ViewLayer | Synchronizing object | ENV_leaf_545
Fra:690 Mem:228.13M (Peak 228.13M) | Time:00:00.35 | Mem:0.00M, Peak:0.00M | Scene, ViewLayer | Synchronizing object | ENV_leaf_544
Fra:690 Mem:228.13M (Peak 228.13M) | Time:00:00.35 | Mem:0.00M, Peak:0.00M | Scene, ViewLayer | Synchronizing object | ENV_leaf_543
Fra:690 Mem:228.13M (Peak 228.13M) | Time:00:00.35 | Mem:0.00M, Peak:0.00M | Scene, ViewLayer | Synchronizing object | ENV_leaf_542
Fra:690 Mem:228.14M (Peak 228.14M) | Time:00:00.35 | Mem:0.00M, Peak:0.00M | Scene, ViewLayer | Synchronizing object | ENV_leaf_541
Fra:690 Mem:228.14M (Peak 228.14M) | Time:00:00.35 | Mem:0.00M, Peak:0.00M | Scene, ViewLayer | Synchronizing object | ENV_leaf_540
Fra:690 Mem:228.22M (Peak 228.22M) | Time:00:00.35 | Mem:0.00M, Peak:0.00M | Scene, ViewLayer | Synchronizing object | ENV_leaf_539
Fra:690 Mem:228.25M (Peak 228.25M) | Time:00:00.35 | Mem:0.00M, Peak:0.00M | Scene, ViewLayer | Synchronizing object | ENV_leaf_538
Fra:690 Mem:228.26M (Peak 228.26M) | Time:00:00.35 | Mem:0.00M, Peak:0.00M | Scene, ViewLayer | Synchronizing object | ENV_leaf_537
Fra:690 Mem:228.34M (Peak 228.34M) | Time:00:00.35 | Mem:0.00M, Peak:0.00M | Scene, ViewLayer | Synchronizing object | ENV_leaf_536
Fra:690 Mem:228.34M (Peak 228.34M) | Time:00:00.35 | Mem:0.00M, Peak:0.00M | Scene, ViewLayer | Synchronizing object | ENV_leaf_535
Fra:690 Mem:228.35M (Peak 228.35M) | Time:00:00.35 | Mem:0.00M, Peak:0.00M | Scene, ViewLayer | Synchronizing object | ENV_leaf_534
Fra:690 Mem:228.35M (Peak 228.35M) | Time:00:00.35 | Mem:0.00M, Peak:0.00M | Scene, ViewLayer | Synchronizing object | ENV_leaf_533
Fra:690 Mem:228.28M (Peak 228.35M) | Time:00:00.35 | Mem:0.00M, Peak:0.00M | Scene, ViewLayer | Synchronizing object | ENV_leaf_532
Fra:690 Mem:228.28M (Peak 228.35M) | Time:00:00.35 | Mem:0.00M, Peak:0.00M | Scene, ViewLayer | Synchronizing object | ENV_fern_42
Fra:690 Mem:228.34M (Peak 228.35M) | Time:00:00.35 | Mem:0.00M, Peak:0.00M | Scene, ViewLayer | Synchronizing object | ENV_leaf_531
Fra:690 Mem:228.46M (Peak 228.46M) | Time:00:00.35 | Mem:0.00M, Peak:0.00M | Scene, ViewLayer | Synchronizing object | ENV_leaf_530
Fra:690 Mem:228.52M (Peak 228.52M) | Time:00:00.35 | Mem:0.00M, Peak:0.00M | Scene, ViewLayer | Synchronizing object | ENV_leaf_529
Fra:690 Mem:228.58M (Peak 228.58M) | Time:00:00.35 | Mem:0.00M, Peak:0.00M | Scene, ViewLayer | Synchronizing object | ENV_leaf_528
Fra:690 Mem:228.60M (Peak 228.60M) | Time:00:00.35 | Mem:0.00M, Peak:0.00M | Scene, ViewLayer | Synchronizing object | ENV_leaf_527
Fra:690 Mem:228.65M (Peak 228.65M) | Time:00:00.35 | Mem:0.00M, Peak:0.00M | Scene, ViewLayer | Synchronizing object | ENV_leaf_525
Fra:690 Mem:228.65M (Peak 228.65M) | Time:00:00.35 | Mem:0.00M, Peak:0.00M | Scene, ViewLayer | Synchronizing object | ENV_leaf_524
Fra:690 Mem:228.65M (Peak 228.65M) | Time:00:00.35 | Mem:0.00M, Peak:0.00M | Scene, ViewLayer | Synchronizing object | ENV_leaf_523
Fra:690 Mem:228.65M (Peak 228.65M) | Time:00:00.35 | Mem:0.00M, Peak:0.00M | Scene, ViewLayer | Synchronizing object | ENV_leaf_522
Fra:690 Mem:228.65M (Peak 228.65M) | Time:00:00.35 | Mem:0.00M, Peak:0.00M | Scene, ViewLayer | Synchronizing object | ENV_leaf_521
Fra:690 Mem:228.66M (Peak 228.66M) | Time:00:00.35 | Mem:0.00M, Peak:0.00M | Scene, ViewLayer | Synchronizing object | ENV_leaf_520
Fra:690 Mem:228.66M (Peak 228.66M) | Time:00:00.35 | Mem:0.00M, Peak:0.00M | Scene, ViewLayer | Synchronizing object | ENV_leaf_519
Fra:690 Mem:228.67M (Peak 228.67M) | Time:00:00.35 | Mem:0.00M, Peak:0.00M | Scene, ViewLayer | Synchronizing object | ENV_leaf_518
Fra:690 Mem:228.67M (Peak 228.67M) | Time:00:00.35 | Mem:0.00M, Peak:0.00M | Scene, ViewLayer | Synchronizing object | ENV_leaf_517
Fra:690 Mem:228.72M (Peak 228.72M) | Time:00:00.35 | Mem:0.00M, Peak:0.00M | Scene, ViewLayer | Synchronizing object | ENV_leaf_516
Fra:690 Mem:228.73M (Peak 228.73M) | Time:00:00.35 | Mem:0.00M, Peak:0.00M | Scene, ViewLayer | Synchronizing object | ENV_leaf_515
Fra:690 Mem:228.75M (Peak 228.75M) | Time:00:00.35 | Mem:0.00M, Peak:0.00M | Scene, ViewLayer | Synchronizing object | ENV_leaf_514
Fra:690 Mem:228.80M (Peak 228.80M) | Time:00:00.35 | Mem:0.00M, Peak:0.00M | Scene, ViewLayer | Synchronizing object | ENV_leaf_513
Fra:690 Mem:228.80M (Peak 228.80M) | Time:00:00.35 | Mem:0.00M, Peak:0.00M | Scene, ViewLayer | Synchronizing object | ENV_leaf_512
Fra:690 Mem:228.76M (Peak 228.80M) | Time:00:00.35 | Mem:0.00M, Peak:0.00M | Scene, ViewLayer | Synchronizing object | ENV_leaf_511
Fra:690 Mem:228.76M (Peak 228.80M) | Time:00:00.35 | Mem:0.00M, Peak:0.00M | Scene, ViewLayer | Synchronizing object | ENV_fern_43
Fra:690 Mem:228.76M (Peak 228.80M) | Time:00:00.35 | Mem:0.00M, Peak:0.00M | Scene, ViewLayer | Synchronizing object | ENV_leaf_510
Fra:690 Mem:228.84M (Peak 228.84M) | Time:00:00.35 | Mem:0.00M, Peak:0.00M | Scene, ViewLayer | Synchronizing object | ENV_leaf_509
Fra:690 Mem:228.97M (Peak 228.97M) | Time:00:00.35 | Mem:0.00M, Peak:0.00M | Scene, ViewLayer | Synchronizing object | ENV_leaf_508
Fra:690 Mem:229.01M (Peak 229.01M) | Time:00:00.35 | Mem:0.00M, Peak:0.00M | Scene, ViewLayer | Synchronizing object | ENV_leaf_507
Fra:690 Mem:229.07M (Peak 229.07M) | Time:00:00.35 | Mem:0.00M, Peak:0.00M | Scene, ViewLayer | Synchronizing object | ENV_leaf_506
Fra:690 Mem:229.08M (Peak 229.08M) | Time:00:00.35 | Mem:0.00M, Peak:0.00M | Scene, ViewLayer | Synchronizing object | ENV_leaf_505
Fra:690 Mem:229.16M (Peak 229.16M) | Time:00:00.35 | Mem:0.00M, Peak:0.00M | Scene, ViewLayer | Synchronizing object | ENV_leaf_504
Fra:690 Mem:229.18M (Peak 229.18M) | Time:00:00.35 | Mem:0.00M, Peak:0.00M | Scene, ViewLayer | Synchronizing object | ENV_leaf_503
Fra:690 Mem:229.25M (Peak 229.25M) | Time:00:00.35 | Mem:0.00M, Peak:0.00M | Scene, ViewLayer | Synchronizing object | ENV_leaf_502
Fra:690 Mem:229.25M (Peak 229.25M) | Time:00:00.35 | Mem:0.00M, Peak:0.00M | Scene, ViewLayer | Synchronizing object | ENV_leaf_501
Fra:690 Mem:229.26M (Peak 229.26M) | Time:00:00.35 | Mem:0.00M, Peak:0.00M | Scene, ViewLayer | Synchronizing object | ENV_leaf_500
Fra:690 Mem:229.26M (Peak 229.26M) | Time:00:00.35 | Mem:0.00M, Peak:0.00M | Scene, ViewLayer | Synchronizing object | ENV_leaf_499
Fra:690 Mem:229.26M (Peak 229.26M) | Time:00:00.35 | Mem:0.00M, Peak:0.00M | Scene, ViewLayer | Synchronizing object | ENV_leaf_498
Fra:690 Mem:229.27M (Peak 229.27M) | Time:00:00.35 | Mem:0.00M, Peak:0.00M | Scene, ViewLayer | Synchronizing object | ENV_leaf_497
Fra:690 Mem:229.27M (Peak 229.27M) | Time:00:00.35 | Mem:0.00M, Peak:0.00M | Scene, ViewLayer | Synchronizing object | ENV_leaf_496
Fra:690 Mem:229.26M (Peak 229.27M) | Time:00:00.35 | Mem:0.00M, Peak:0.00M | Scene, ViewLayer | Synchronizing object | ENV_leaf_495
Fra:690 Mem:229.26M (Peak 229.27M) | Time:00:00.35 | Mem:0.00M, Peak:0.00M | Scene, ViewLayer | Synchronizing object | ENV_leaf_494
Fra:690 Mem:229.27M (Peak 229.27M) | Time:00:00.35 | Mem:0.00M, Peak:0.00M | Scene, ViewLayer | Synchronizing object | ENV_leaf_493
Fra:690 Mem:229.27M (Peak 229.27M) | Time:00:00.35 | Mem:0.00M, Peak:0.00M | Scene, ViewLayer | Synchronizing object | ENV_leaf_492
Fra:690 Mem:229.28M (Peak 229.28M) | Time:00:00.35 | Mem:0.00M, Peak:0.00M | Scene, ViewLayer | Synchronizing object | ENV_leaf_491
Fra:690 Mem:229.28M (Peak 229.28M) | Time:00:00.35 | Mem:0.00M, Peak:0.00M | Scene, ViewLayer | Synchronizing object | ENV_leaf_490
Fra:690 Mem:229.28M (Peak 229.28M) | Time:00:00.35 | Mem:0.00M, Peak:0.00M | Scene, ViewLayer | Synchronizing object | ENV_leaf_489
Fra:690 Mem:229.29M (Peak 229.29M) | Time:00:00.35 | Mem:0.00M, Peak:0.00M | Scene, ViewLayer | Synchronizing object | ENV_leaf_488
Fra:690 Mem:229.29M (Peak 229.29M) | Time:00:00.35 | Mem:0.00M, Peak:0.00M | Scene, ViewLayer | Synchronizing object | ENV_leaf_487
Fra:690 Mem:229.30M (Peak 229.30M) | Time:00:00.35 | Mem:0.00M, Peak:0.00M | Scene, ViewLayer | Synchronizing object | ENV_leaf_486
Fra:690 Mem:229.30M (Peak 229.30M) | Time:00:00.35 | Mem:0.00M, Peak:0.00M | Scene, ViewLayer | Synchronizing object | ENV_leaf_485
Fra:690 Mem:229.30M (Peak 229.30M) | Time:00:00.35 | Mem:0.00M, Peak:0.00M | Scene, ViewLayer | Synchronizing object | ENV_leaf_484
Fra:690 Mem:229.31M (Peak 229.31M) | Time:00:00.35 | Mem:0.00M, Peak:0.00M | Scene, ViewLayer | Synchronizing object | ENV_leaf_483
Fra:690 Mem:229.31M (Peak 229.31M) | Time:00:00.35 | Mem:0.00M, Peak:0.00M | Scene, ViewLayer | Synchronizing object | ENV_leaf_482
Fra:690 Mem:229.38M (Peak 229.38M) | Time:00:00.35 | Mem:0.00M, Peak:0.00M | Scene, ViewLayer | Synchronizing object | ENV_leaf_481
Fra:690 Mem:229.38M (Peak 229.38M) | Time:00:00.35 | Mem:0.00M, Peak:0.00M | Scene, ViewLayer | Synchronizing object | ENV_leaf_480
Fra:690 Mem:229.39M (Peak 229.39M) | Time:00:00.35 | Mem:0.00M, Peak:0.00M | Scene, ViewLayer | Synchronizing object | ENV_leaf_479
Fra:690 Mem:229.41M (Peak 229.41M) | Time:00:00.35 | Mem:0.00M, Peak:0.00M | Scene, ViewLayer | Synchronizing object | ENV_leaf_478
Fra:690 Mem:229.48M (Peak 229.48M) | Time:00:00.35 | Mem:0.00M, Peak:0.00M | Scene, ViewLayer | Synchronizing object | ENV_leaf_477
Fra:690 Mem:229.48M (Peak 229.48M) | Time:00:00.35 | Mem:0.00M, Peak:0.00M | Scene, ViewLayer | Synchronizing object | ENV_leaf_476
Fra:690 Mem:229.49M (Peak 229.49M) | Time:00:00.35 | Mem:0.00M, Peak:0.00M | Scene, ViewLayer | Synchronizing object | ENV_leaf_475
Fra:690 Mem:229.43M (Peak 229.49M) | Time:00:00.35 | Mem:0.00M, Peak:0.00M | Scene, ViewLayer | Synchronizing object | ENV_fern_44
Fra:690 Mem:229.52M (Peak 229.52M) | Time:00:00.35 | Mem:0.00M, Peak:0.00M | Scene, ViewLayer | Synchronizing object | ENV_leaf_474
Fra:690 Mem:229.52M (Peak 229.52M) | Time:00:00.35 | Mem:0.00M, Peak:0.00M | Scene, ViewLayer | Synchronizing object | ENV_leaf_473
Fra:690 Mem:229.72M (Peak 229.72M) | Time:00:00.35 | Mem:0.00M, Peak:0.00M | Scene, ViewLayer | Synchronizing object | ENV_leaf_472
Fra:690 Mem:229.73M (Peak 229.73M) | Time:00:00.35 | Mem:0.00M, Peak:0.00M | Scene, ViewLayer | Synchronizing object | ENV_leaf_471
Fra:690 Mem:229.81M (Peak 229.81M) | Time:00:00.35 | Mem:0.00M, Peak:0.00M | Scene, ViewLayer | Synchronizing object | ENV_leaf_470
Fra:690 Mem:229.91M (Peak 229.91M) | Time:00:00.35 | Mem:0.00M, Peak:0.00M | Scene, ViewLayer | Synchronizing object | ENV_leaf_468
Fra:690 Mem:229.91M (Peak 229.91M) | Time:00:00.35 | Mem:0.00M, Peak:0.00M | Scene, ViewLayer | Synchronizing object | ENV_leaf_467
Fra:690 Mem:229.92M (Peak 229.92M) | Time:00:00.35 | Mem:0.00M, Peak:0.00M | Scene, ViewLayer | Synchronizing object | ENV_leaf_466
Fra:690 Mem:229.92M (Peak 229.92M) | Time:00:00.35 | Mem:0.00M, Peak:0.00M | Scene, ViewLayer | Synchronizing object | ENV_leaf_465
Fra:690 Mem:229.95M (Peak 229.95M) | Time:00:00.35 | Mem:0.00M, Peak:0.00M | Scene, ViewLayer | Synchronizing object | ENV_leaf_464
Fra:690 Mem:230.03M (Peak 230.03M) | Time:00:00.35 | Mem:0.00M, Peak:0.00M | Scene, ViewLayer | Synchronizing object | ENV_leaf_463
Fra:690 Mem:230.03M (Peak 230.03M) | Time:00:00.35 | Mem:0.00M, Peak:0.00M | Scene, ViewLayer | Synchronizing object | ENV_leaf_462
Fra:690 Mem:230.03M (Peak 230.03M) | Time:00:00.35 | Mem:0.00M, Peak:0.00M | Scene, ViewLayer | Synchronizing object | ENV_leaf_461
Fra:690 Mem:230.04M (Peak 230.04M) | Time:00:00.35 | Mem:0.00M, Peak:0.00M | Scene, ViewLayer | Synchronizing object | ENV_leaf_460
Fra:690 Mem:230.04M (Peak 230.04M) | Time:00:00.35 | Mem:0.00M, Peak:0.00M | Scene, ViewLayer | Synchronizing object | ENV_leaf_459
Fra:690 Mem:230.05M (Peak 230.05M) | Time:00:00.35 | Mem:0.00M, Peak:0.00M | Scene, ViewLayer | Synchronizing object | ENV_leaf_458
Fra:690 Mem:230.05M (Peak 230.05M) | Time:00:00.35 | Mem:0.00M, Peak:0.00M | Scene, ViewLayer | Synchronizing object | ENV_leaf_457
Fra:690 Mem:230.05M (Peak 230.05M) | Time:00:00.35 | Mem:0.00M, Peak:0.00M | Scene, ViewLayer | Synchronizing object | ENV_leaf_456
Fra:690 Mem:230.04M (Peak 230.05M) | Time:00:00.35 | Mem:0.00M, Peak:0.00M | Scene, ViewLayer | Synchronizing object | ENV_leaf_455
Fra:690 Mem:230.04M (Peak 230.05M) | Time:00:00.35 | Mem:0.00M, Peak:0.00M | Scene, ViewLayer | Synchronizing object | ENV_leaf_454
Fra:690 Mem:230.05M (Peak 230.05M) | Time:00:00.35 | Mem:0.00M, Peak:0.00M | Scene, ViewLayer | Synchronizing object | ENV_leaf_453
Fra:690 Mem:230.05M (Peak 230.05M) | Time:00:00.35 | Mem:0.00M, Peak:0.00M | Scene, ViewLayer | Synchronizing object | ENV_leaf_452
Fra:690 Mem:230.05M (Peak 230.05M) | Time:00:00.35 | Mem:0.00M, Peak:0.00M | Scene, ViewLayer | Synchronizing object | ENV_leaf_451
Fra:690 Mem:230.06M (Peak 230.06M) | Time:00:00.35 | Mem:0.00M, Peak:0.00M | Scene, ViewLayer | Synchronizing object | ENV_leaf_450
Fra:690 Mem:230.06M (Peak 230.06M) | Time:00:00.35 | Mem:0.00M, Peak:0.00M | Scene, ViewLayer | Synchronizing object | ENV_leaf_449
Fra:690 Mem:230.07M (Peak 230.07M) | Time:00:00.35 | Mem:0.00M, Peak:0.00M | Scene, ViewLayer | Synchronizing object | ENV_leaf_448
Fra:690 Mem:230.07M (Peak 230.07M) | Time:00:00.35 | Mem:0.00M, Peak:0.00M | Scene, ViewLayer | Synchronizing object | ENV_leaf_447
Fra:690 Mem:230.07M (Peak 230.07M) | Time:00:00.35 | Mem:0.00M, Peak:0.00M | Scene, ViewLayer | Synchronizing object | ENV_leaf_446
Fra:690 Mem:230.08M (Peak 230.08M) | Time:00:00.35 | Mem:0.00M, Peak:0.00M | Scene, ViewLayer | Synchronizing object | ENV_leaf_445
Fra:690 Mem:230.08M (Peak 230.08M) | Time:00:00.35 | Mem:0.00M, Peak:0.00M | Scene, ViewLayer | Synchronizing object | ENV_leaf_444
Fra:690 Mem:230.09M (Peak 230.09M) | Time:00:00.35 | Mem:0.00M, Peak:0.00M | Scene, ViewLayer | Synchronizing object | ENV_leaf_443
Fra:690 Mem:230.09M (Peak 230.09M) | Time:00:00.35 | Mem:0.00M, Peak:0.00M | Scene, ViewLayer | Synchronizing object | ENV_leaf_442
Fra:690 Mem:230.10M (Peak 230.10M) | Time:00:00.35 | Mem:0.00M, Peak:0.00M | Scene, ViewLayer | Synchronizing object | ENV_leaf_441
Fra:690 Mem:230.18M (Peak 230.18M) | Time:00:00.35 | Mem:0.00M, Peak:0.00M | Scene, ViewLayer | Synchronizing object | ENV_leaf_440
Fra:690 Mem:230.18M (Peak 230.18M) | Time:00:00.35 | Mem:0.00M, Peak:0.00M | Scene, ViewLayer | Synchronizing object | ENV_leaf_439
Fra:690 Mem:230.18M (Peak 230.18M) | Time:00:00.35 | Mem:0.00M, Peak:0.00M | Scene, ViewLayer | Synchronizing object | ENV_leaf_438
Fra:690 Mem:230.22M (Peak 230.22M) | Time:00:00.35 | Mem:0.00M, Peak:0.00M | Scene, ViewLayer | Synchronizing object | ENV_leaf_437
Fra:690 Mem:230.22M (Peak 230.22M) | Time:00:00.35 | Mem:0.00M, Peak:0.00M | Scene, ViewLayer | Synchronizing object | ENV_leaf_436
Fra:690 Mem:230.30M (Peak 230.30M) | Time:00:00.35 | Mem:0.00M, Peak:0.00M | Scene, ViewLayer | Synchronizing object | ENV_leaf_435
Fra:690 Mem:230.30M (Peak 230.30M) | Time:00:00.35 | Mem:0.00M, Peak:0.00M | Scene, ViewLayer | Synchronizing object | ENV_leaf_434
Fra:690 Mem:230.23M (Peak 230.30M) | Time:00:00.35 | Mem:0.00M, Peak:0.00M | Scene, ViewLayer | Synchronizing object | ENV_fern_45
Fra:690 Mem:230.29M (Peak 230.39M) | Time:00:00.35 | Mem:0.00M, Peak:0.00M | Scene, ViewLayer | Synchronizing object | ENV_leaf_433
Fra:690 Mem:230.46M (Peak 230.46M) | Time:00:00.35 | Mem:0.00M, Peak:0.00M | Scene, ViewLayer | Synchronizing object | ENV_leaf_432
Fra:690 Mem:230.53M (Peak 230.53M) | Time:00:00.35 | Mem:0.00M, Peak:0.00M | Scene, ViewLayer | Synchronizing object | ENV_leaf_431
Fra:690 Mem:230.53M (Peak 230.53M) | Time:00:00.35 | Mem:0.00M, Peak:0.00M | Scene, ViewLayer | Synchronizing object | ENV_leaf_430
Fra:690 Mem:230.58M (Peak 230.58M) | Time:00:00.35 | Mem:0.00M, Peak:0.00M | Scene, ViewLayer | Synchronizing object | ENV_leaf_429
Fra:690 Mem:230.60M (Peak 230.60M) | Time:00:00.35 | Mem:0.00M, Peak:0.00M | Scene, ViewLayer | Synchronizing object | ENV_leaf_428
Fra:690 Mem:230.60M (Peak 230.60M) | Time:00:00.35 | Mem:0.00M, Peak:0.00M | Scene, ViewLayer | Synchronizing object | ENV_leaf_427
Fra:690 Mem:230.60M (Peak 230.60M) | Time:00:00.35 | Mem:0.00M, Peak:0.00M | Scene, ViewLayer | Synchronizing object | ENV_leaf_426
Fra:690 Mem:230.60M (Peak 230.60M) | Time:00:00.35 | Mem:0.00M, Peak:0.00M | Scene, ViewLayer | Synchronizing object | ENV_leaf_425
Fra:690 Mem:230.60M (Peak 230.60M) | Time:00:00.35 | Mem:0.00M, Peak:0.00M | Scene, ViewLayer | Synchronizing object | ENV_leaf_424
Fra:690 Mem:230.61M (Peak 230.61M) | Time:00:00.35 | Mem:0.00M, Peak:0.00M | Scene, ViewLayer | Synchronizing object | ENV_leaf_423
Fra:690 Mem:230.61M (Peak 230.61M) | Time:00:00.35 | Mem:0.00M, Peak:0.00M | Scene, ViewLayer | Synchronizing object | ENV_leaf_422
Fra:690 Mem:230.62M (Peak 230.62M) | Time:00:00.35 | Mem:0.00M, Peak:0.00M | Scene, ViewLayer | Synchronizing object | ENV_leaf_421
Fra:690 Mem:230.62M (Peak 230.62M) | Time:00:00.35 | Mem:0.00M, Peak:0.00M | Scene, ViewLayer | Synchronizing object | ENV_leaf_420
Fra:690 Mem:230.67M (Peak 230.67M) | Time:00:00.35 | Mem:0.00M, Peak:0.00M | Scene, ViewLayer | Synchronizing object | ENV_leaf_419
Fra:690 Mem:230.68M (Peak 230.68M) | Time:00:00.35 | Mem:0.00M, Peak:0.00M | Scene, ViewLayer | Synchronizing object | ENV_leaf_418
Fra:690 Mem:230.74M (Peak 230.74M) | Time:00:00.35 | Mem:0.00M, Peak:0.00M | Scene, ViewLayer | Synchronizing object | ENV_leaf_417
Fra:690 Mem:230.70M (Peak 230.74M) | Time:00:00.35 | Mem:0.00M, Peak:0.00M | Scene, ViewLayer | Synchronizing object | ENV_fern_46
Fra:690 Mem:230.77M (Peak 230.77M) | Time:00:00.35 | Mem:0.00M, Peak:0.00M | Scene, ViewLayer | Synchronizing object | ENV_leaf_416
Fra:690 Mem:230.77M (Peak 230.77M) | Time:00:00.35 | Mem:0.00M, Peak:0.00M | Scene, ViewLayer | Synchronizing object | ENV_leaf_415
Fra:690 Mem:230.78M (Peak 230.78M) | Time:00:00.35 | Mem:0.00M, Peak:0.00M | Scene, ViewLayer | Synchronizing object | ENV_leaf_414
Fra:690 Mem:231.01M (Peak 231.01M) | Time:00:00.35 | Mem:0.00M, Peak:0.00M | Scene, ViewLayer | Synchronizing object | ENV_leaf_413
Fra:690 Mem:231.09M (Peak 231.09M) | Time:00:00.35 | Mem:0.00M, Peak:0.00M | Scene, ViewLayer | Synchronizing object | ENV_leaf_412
Fra:690 Mem:231.11M (Peak 231.11M) | Time:00:00.35 | Mem:0.00M, Peak:0.00M | Scene, ViewLayer | Synchronizing object | ENV_leaf_411
Fra:690 Mem:231.18M (Peak 231.18M) | Time:00:00.35 | Mem:0.00M, Peak:0.00M | Scene, ViewLayer | Synchronizing object | ENV_leaf_410
Fra:690 Mem:231.18M (Peak 231.18M) | Time:00:00.35 | Mem:0.00M, Peak:0.00M | Scene, ViewLayer | Synchronizing object | ENV_leaf_409
Fra:690 Mem:231.18M (Peak 231.18M) | Time:00:00.35 | Mem:0.00M, Peak:0.00M | Scene, ViewLayer | Synchronizing object | ENV_leaf_407
Fra:690 Mem:231.17M (Peak 231.18M) | Time:00:00.35 | Mem:0.00M, Peak:0.00M | Scene, ViewLayer | Synchronizing object | ENV_leaf_406
Fra:690 Mem:231.18M (Peak 231.18M) | Time:00:00.35 | Mem:0.00M, Peak:0.00M | Scene, ViewLayer | Synchronizing object | ENV_leaf_405
Fra:690 Mem:231.18M (Peak 231.18M) | Time:00:00.35 | Mem:0.00M, Peak:0.00M | Scene, ViewLayer | Synchronizing object | ENV_leaf_404
Fra:690 Mem:231.18M (Peak 231.18M) | Time:00:00.35 | Mem:0.00M, Peak:0.00M | Scene, ViewLayer | Synchronizing object | ENV_leaf_403
Fra:690 Mem:231.19M (Peak 231.19M) | Time:00:00.35 | Mem:0.00M, Peak:0.00M | Scene, ViewLayer | Synchronizing object | ENV_leaf_402
Fra:690 Mem:231.19M (Peak 231.19M) | Time:00:00.35 | Mem:0.00M, Peak:0.00M | Scene, ViewLayer | Synchronizing object | ENV_leaf_401
Fra:690 Mem:231.20M (Peak 231.20M) | Time:00:00.35 | Mem:0.00M, Peak:0.00M | Scene, ViewLayer | Synchronizing object | ENV_leaf_400
Fra:690 Mem:231.20M (Peak 231.20M) | Time:00:00.35 | Mem:0.00M, Peak:0.00M | Scene, ViewLayer | Synchronizing object | ENV_leaf_399
Fra:690 Mem:231.21M (Peak 231.21M) | Time:00:00.35 | Mem:0.00M, Peak:0.00M | Scene, ViewLayer | Synchronizing object | ENV_leaf_398
Fra:690 Mem:231.21M (Peak 231.21M) | Time:00:00.35 | Mem:0.00M, Peak:0.00M | Scene, ViewLayer | Synchronizing object | ENV_leaf_397
Fra:690 Mem:231.21M (Peak 231.21M) | Time:00:00.35 | Mem:0.00M, Peak:0.00M | Scene, ViewLayer | Synchronizing object | ENV_leaf_396
Fra:690 Mem:231.22M (Peak 231.22M) | Time:00:00.35 | Mem:0.00M, Peak:0.00M | Scene, ViewLayer | Synchronizing object | ENV_leaf_395
Fra:690 Mem:231.28M (Peak 231.28M) | Time:00:00.35 | Mem:0.00M, Peak:0.00M | Scene, ViewLayer | Synchronizing object | ENV_leaf_394
Fra:690 Mem:231.29M (Peak 231.29M) | Time:00:00.35 | Mem:0.00M, Peak:0.00M | Scene, ViewLayer | Synchronizing object | ENV_leaf_393
Fra:690 Mem:231.29M (Peak 231.29M) | Time:00:00.35 | Mem:0.00M, Peak:0.00M | Scene, ViewLayer | Synchronizing object | ENV_leaf_392
Fra:690 Mem:231.32M (Peak 231.32M) | Time:00:00.35 | Mem:0.00M, Peak:0.00M | Scene, ViewLayer | Synchronizing object | ENV_leaf_391
Fra:690 Mem:231.32M (Peak 231.32M) | Time:00:00.35 | Mem:0.00M, Peak:0.00M | Scene, ViewLayer | Synchronizing object | ENV_leaf_390
Fra:690 Mem:231.39M (Peak 231.39M) | Time:00:00.35 | Mem:0.00M, Peak:0.00M | Scene, ViewLayer | Synchronizing object | ENV_leaf_389
Fra:690 Mem:231.39M (Peak 231.39M) | Time:00:00.35 | Mem:0.00M, Peak:0.00M | Scene, ViewLayer | Synchronizing object | ENV_leaf_388
Fra:690 Mem:231.40M (Peak 231.40M) | Time:00:00.35 | Mem:0.00M, Peak:0.00M | Scene, ViewLayer | Synchronizing object | ENV_leaf_387
Fra:690 Mem:231.34M (Peak 231.40M) | Time:00:00.35 | Mem:0.00M, Peak:0.00M | Scene, ViewLayer | Synchronizing object | ENV_fern_47
Fra:690 Mem:231.42M (Peak 231.42M) | Time:00:00.35 | Mem:0.00M, Peak:0.00M | Scene, ViewLayer | Synchronizing object | ENV_leaf_386
Fra:690 Mem:231.63M (Peak 231.63M) | Time:00:00.35 | Mem:0.00M, Peak:0.00M | Scene, ViewLayer | Synchronizing object | ENV_leaf_385
Fra:690 Mem:231.63M (Peak 231.63M) | Time:00:00.35 | Mem:0.00M, Peak:0.00M | Scene, ViewLayer | Synchronizing object | ENV_leaf_384
Fra:690 Mem:231.71M (Peak 231.71M) | Time:00:00.35 | Mem:0.00M, Peak:0.00M | Scene, ViewLayer | Synchronizing object | ENV_leaf_383
Fra:690 Mem:231.81M (Peak 231.81M) | Time:00:00.35 | Mem:0.00M, Peak:0.00M | Scene, ViewLayer | Synchronizing object | ENV_leaf_382
Fra:690 Mem:231.82M (Peak 231.82M) | Time:00:00.35 | Mem:0.00M, Peak:0.00M | Scene, ViewLayer | Synchronizing object | ENV_leaf_381
Fra:690 Mem:231.82M (Peak 231.82M) | Time:00:00.35 | Mem:0.00M, Peak:0.00M | Scene, ViewLayer | Synchronizing object | ENV_leaf_380
Fra:690 Mem:231.83M (Peak 231.83M) | Time:00:00.35 | Mem:0.00M, Peak:0.00M | Scene, ViewLayer | Synchronizing object | ENV_leaf_379
Fra:690 Mem:231.93M (Peak 231.93M) | Time:00:00.35 | Mem:0.00M, Peak:0.00M | Scene, ViewLayer | Synchronizing object | ENV_leaf_378
Fra:690 Mem:231.93M (Peak 231.93M) | Time:00:00.35 | Mem:0.00M, Peak:0.00M | Scene, ViewLayer | Synchronizing object | ENV_leaf_377
Fra:690 Mem:231.93M (Peak 231.93M) | Time:00:00.35 | Mem:0.00M, Peak:0.00M | Scene, ViewLayer | Synchronizing object | ENV_leaf_376
Fra:690 Mem:231.94M (Peak 231.94M) | Time:00:00.35 | Mem:0.00M, Peak:0.00M | Scene, ViewLayer | Synchronizing object | ENV_leaf_375
Fra:690 Mem:231.94M (Peak 231.94M) | Time:00:00.35 | Mem:0.00M, Peak:0.00M | Scene, ViewLayer | Synchronizing object | ENV_leaf_374
Fra:690 Mem:231.95M (Peak 231.95M) | Time:00:00.35 | Mem:0.00M, Peak:0.00M | Scene, ViewLayer | Synchronizing object | ENV_leaf_373
Fra:690 Mem:231.93M (Peak 231.95M) | Time:00:00.35 | Mem:0.00M, Peak:0.00M | Scene, ViewLayer | Synchronizing object | ENV_leaf_372
Fra:690 Mem:231.93M (Peak 231.95M) | Time:00:00.35 | Mem:0.00M, Peak:0.00M | Scene, ViewLayer | Synchronizing object | ENV_leaf_371
Fra:690 Mem:231.94M (Peak 231.95M) | Time:00:00.35 | Mem:0.00M, Peak:0.00M | Scene, ViewLayer | Synchronizing object | ENV_leaf_370
Fra:690 Mem:231.94M (Peak 231.95M) | Time:00:00.35 | Mem:0.00M, Peak:0.00M | Scene, ViewLayer | Synchronizing object | ENV_leaf_369
Fra:690 Mem:231.95M (Peak 231.95M) | Time:00:00.35 | Mem:0.00M, Peak:0.00M | Scene, ViewLayer | Synchronizing object | ENV_leaf_368
Fra:690 Mem:231.95M (Peak 231.95M) | Time:00:00.35 | Mem:0.00M, Peak:0.00M | Scene, ViewLayer | Synchronizing object | ENV_leaf_367
Fra:690 Mem:231.96M (Peak 231.96M) | Time:00:00.35 | Mem:0.00M, Peak:0.00M | Scene, ViewLayer | Synchronizing object | ENV_leaf_366
Fra:690 Mem:231.96M (Peak 231.96M) | Time:00:00.35 | Mem:0.00M, Peak:0.00M | Scene, ViewLayer | Synchronizing object | ENV_leaf_365
Fra:690 Mem:231.96M (Peak 231.96M) | Time:00:00.35 | Mem:0.00M, Peak:0.00M | Scene, ViewLayer | Synchronizing object | ENV_leaf_364
Fra:690 Mem:231.97M (Peak 231.97M) | Time:00:00.35 | Mem:0.00M, Peak:0.00M | Scene, ViewLayer | Synchronizing object | ENV_leaf_363
Fra:690 Mem:231.97M (Peak 231.97M) | Time:00:00.35 | Mem:0.00M, Peak:0.00M | Scene, ViewLayer | Synchronizing object | ENV_leaf_362
Fra:690 Mem:231.98M (Peak 231.98M) | Time:00:00.35 | Mem:0.00M, Peak:0.00M | Scene, ViewLayer | Synchronizing object | ENV_leaf_361
Fra:690 Mem:231.98M (Peak 231.98M) | Time:00:00.35 | Mem:0.00M, Peak:0.00M | Scene, ViewLayer | Synchronizing object | ENV_leaf_360
Fra:690 Mem:231.98M (Peak 231.98M) | Time:00:00.35 | Mem:0.00M, Peak:0.00M | Scene, ViewLayer | Synchronizing object | ENV_leaf_359
Fra:690 Mem:231.99M (Peak 231.99M) | Time:00:00.35 | Mem:0.00M, Peak:0.00M | Scene, ViewLayer | Synchronizing object | ENV_leaf_358
Fra:690 Mem:231.99M (Peak 231.99M) | Time:00:00.35 | Mem:0.00M, Peak:0.00M | Scene, ViewLayer | Synchronizing object | ENV_leaf_357
Fra:690 Mem:232.00M (Peak 232.00M) | Time:00:00.35 | Mem:0.00M, Peak:0.00M | Scene, ViewLayer | Synchronizing object | ENV_leaf_356
Fra:690 Mem:232.08M (Peak 232.08M) | Time:00:00.35 | Mem:0.00M, Peak:0.00M | Scene, ViewLayer | Synchronizing object | ENV_leaf_355
Fra:690 Mem:232.08M (Peak 232.08M) | Time:00:00.35 | Mem:0.00M, Peak:0.00M | Scene, ViewLayer | Synchronizing object | ENV_leaf_354
Fra:690 Mem:232.08M (Peak 232.08M) | Time:00:00.35 | Mem:0.00M, Peak:0.00M | Scene, ViewLayer | Synchronizing object | ENV_leaf_353
Fra:690 Mem:232.09M (Peak 232.09M) | Time:00:00.35 | Mem:0.00M, Peak:0.00M | Scene, ViewLayer | Synchronizing object | ENV_leaf_352
Fra:690 Mem:232.12M (Peak 232.12M) | Time:00:00.35 | Mem:0.00M, Peak:0.00M | Scene, ViewLayer | Synchronizing object | ENV_leaf_351
Fra:690 Mem:232.12M (Peak 232.12M) | Time:00:00.35 | Mem:0.00M, Peak:0.00M | Scene, ViewLayer | Synchronizing object | ENV_leaf_350
Fra:690 Mem:232.20M (Peak 232.20M) | Time:00:00.35 | Mem:0.00M, Peak:0.00M | Scene, ViewLayer | Synchronizing object | ENV_leaf_349
Fra:690 Mem:232.21M (Peak 232.21M) | Time:00:00.35 | Mem:0.00M, Peak:0.00M | Scene, ViewLayer | Synchronizing object | ENV_leaf_348
Fra:690 Mem:232.21M (Peak 232.21M) | Time:00:00.35 | Mem:0.00M, Peak:0.00M | Scene, ViewLayer | Synchronizing object | ENV_leaf_347
Fra:690 Mem:232.14M (Peak 232.21M) | Time:00:00.35 | Mem:0.00M, Peak:0.00M | Scene, ViewLayer | Synchronizing object | ENV_fern_48
Fra:690 Mem:232.19M (Peak 232.21M) | Time:00:00.35 | Mem:0.00M, Peak:0.00M | Scene, ViewLayer | Synchronizing object | ENV_leaf_346
Fra:690 Mem:232.20M (Peak 232.21M) | Time:00:00.35 | Mem:0.00M, Peak:0.00M | Scene, ViewLayer | Synchronizing object | ENV_leaf_345
Fra:690 Mem:232.37M (Peak 232.37M) | Time:00:00.35 | Mem:0.00M, Peak:0.00M | Scene, ViewLayer | Synchronizing object | ENV_leaf_344
Fra:690 Mem:232.38M (Peak 232.38M) | Time:00:00.35 | Mem:0.00M, Peak:0.00M | Scene, ViewLayer | Synchronizing object | ENV_leaf_343
Fra:690 Mem:232.44M (Peak 232.44M) | Time:00:00.35 | Mem:0.00M, Peak:0.00M | Scene, ViewLayer | Synchronizing object | ENV_leaf_342
Fra:690 Mem:232.45M (Peak 232.45M) | Time:00:00.35 | Mem:0.00M, Peak:0.00M | Scene, ViewLayer | Synchronizing object | ENV_leaf_341
Fra:690 Mem:232.45M (Peak 232.45M) | Time:00:00.35 | Mem:0.00M, Peak:0.00M | Scene, ViewLayer | Synchronizing object | ENV_leaf_340
Fra:690 Mem:232.50M (Peak 232.50M) | Time:00:00.35 | Mem:0.00M, Peak:0.00M | Scene, ViewLayer | Synchronizing object | ENV_leaf_339
Fra:690 Mem:232.52M (Peak 232.52M) | Time:00:00.35 | Mem:0.00M, Peak:0.00M | Scene, ViewLayer | Synchronizing object | ENV_leaf_338
Fra:690 Mem:232.52M (Peak 232.52M) | Time:00:00.35 | Mem:0.00M, Peak:0.00M | Scene, ViewLayer | Synchronizing object | ENV_leaf_337
Fra:690 Mem:232.53M (Peak 232.53M) | Time:00:00.35 | Mem:0.00M, Peak:0.00M | Scene, ViewLayer | Synchronizing object | ENV_leaf_336
Fra:690 Mem:232.52M (Peak 232.53M) | Time:00:00.35 | Mem:0.00M, Peak:0.00M | Scene, ViewLayer | Synchronizing object | ENV_leaf_335
Fra:690 Mem:232.52M (Peak 232.53M) | Time:00:00.35 | Mem:0.00M, Peak:0.00M | Scene, ViewLayer | Synchronizing object | ENV_leaf_334
Fra:690 Mem:232.53M (Peak 232.53M) | Time:00:00.35 | Mem:0.00M, Peak:0.00M | Scene, ViewLayer | Synchronizing object | ENV_leaf_333
Fra:690 Mem:232.53M (Peak 232.53M) | Time:00:00.35 | Mem:0.00M, Peak:0.00M | Scene, ViewLayer | Synchronizing object | ENV_leaf_332
Fra:690 Mem:232.54M (Peak 232.54M) | Time:00:00.35 | Mem:0.00M, Peak:0.00M | Scene, ViewLayer | Synchronizing object | ENV_leaf_331
Fra:690 Mem:232.54M (Peak 232.54M) | Time:00:00.35 | Mem:0.00M, Peak:0.00M | Scene, ViewLayer | Synchronizing object | ENV_leaf_330
Fra:690 Mem:232.54M (Peak 232.54M) | Time:00:00.35 | Mem:0.00M, Peak:0.00M | Scene, ViewLayer | Synchronizing object | ENV_leaf_329
Fra:690 Mem:232.55M (Peak 232.55M) | Time:00:00.35 | Mem:0.00M, Peak:0.00M | Scene, ViewLayer | Synchronizing object | ENV_leaf_328
Fra:690 Mem:232.55M (Peak 232.55M) | Time:00:00.35 | Mem:0.00M, Peak:0.00M | Scene, ViewLayer | Synchronizing object | ENV_leaf_327
Fra:690 Mem:232.56M (Peak 232.56M) | Time:00:00.35 | Mem:0.00M, Peak:0.00M | Scene, ViewLayer | Synchronizing object | ENV_leaf_326
Fra:690 Mem:232.56M (Peak 232.56M) | Time:00:00.35 | Mem:0.00M, Peak:0.00M | Scene, ViewLayer | Synchronizing object | ENV_leaf_325
Fra:690 Mem:232.61M (Peak 232.61M) | Time:00:00.35 | Mem:0.00M, Peak:0.00M | Scene, ViewLayer | Synchronizing object | ENV_leaf_324
Fra:690 Mem:232.62M (Peak 232.62M) | Time:00:00.35 | Mem:0.00M, Peak:0.00M | Scene, ViewLayer | Synchronizing object | ENV_leaf_323
Fra:690 Mem:232.62M (Peak 232.62M) | Time:00:00.35 | Mem:0.00M, Peak:0.00M | Scene, ViewLayer | Synchronizing object | ENV_leaf_322
Fra:690 Mem:232.64M (Peak 232.64M) | Time:00:00.35 | Mem:0.00M, Peak:0.00M | Scene, ViewLayer | Synchronizing object | ENV_leaf_321
Fra:690 Mem:232.65M (Peak 232.65M) | Time:00:00.35 | Mem:0.00M, Peak:0.00M | Scene, ViewLayer | Synchronizing object | ENV_leaf_320
Fra:690 Mem:232.70M (Peak 232.70M) | Time:00:00.35 | Mem:0.00M, Peak:0.00M | Scene, ViewLayer | Synchronizing object | ENV_leaf_319
Fra:690 Mem:232.70M (Peak 232.70M) | Time:00:00.35 | Mem:0.00M, Peak:0.00M | Scene, ViewLayer | Synchronizing object | ENV_leaf_318
Fra:690 Mem:232.66M (Peak 232.70M) | Time:00:00.35 | Mem:0.00M, Peak:0.00M | Scene, ViewLayer | Synchronizing object | ENV_fern_49
Fra:690 Mem:232.73M (Peak 232.73M) | Time:00:00.35 | Mem:0.00M, Peak:0.00M | Scene, ViewLayer | Synchronizing object | ENV_leaf_317
Fra:690 Mem:232.86M (Peak 232.86M) | Time:00:00.35 | Mem:0.00M, Peak:0.00M | Scene, ViewLayer | Synchronizing object | ENV_leaf_316
Fra:690 Mem:232.90M (Peak 232.90M) | Time:00:00.35 | Mem:0.00M, Peak:0.00M | Scene, ViewLayer | Synchronizing object | ENV_leaf_315
Fra:690 Mem:232.96M (Peak 232.96M) | Time:00:00.35 | Mem:0.00M, Peak:0.00M | Scene, ViewLayer | Synchronizing object | ENV_leaf_314
Fra:690 Mem:232.97M (Peak 232.97M) | Time:00:00.35 | Mem:0.00M, Peak:0.00M | Scene, ViewLayer | Synchronizing object | ENV_leaf_313
Fra:690 Mem:233.05M (Peak 233.05M) | Time:00:00.35 | Mem:0.00M, Peak:0.00M | Scene, ViewLayer | Synchronizing object | ENV_leaf_312
Fra:690 Mem:233.06M (Peak 233.06M) | Time:00:00.35 | Mem:0.00M, Peak:0.00M | Scene, ViewLayer | Synchronizing object | ENV_leaf_311
Fra:690 Mem:233.12M (Peak 233.12M) | Time:00:00.35 | Mem:0.00M, Peak:0.00M | Scene, ViewLayer | Synchronizing object | ENV_leaf_310
Fra:690 Mem:233.14M (Peak 233.14M) | Time:00:00.35 | Mem:0.00M, Peak:0.00M | Scene, ViewLayer | Synchronizing object | ENV_leaf_309
Fra:690 Mem:233.15M (Peak 233.15M) | Time:00:00.35 | Mem:0.00M, Peak:0.00M | Scene, ViewLayer | Synchronizing object | ENV_leaf_308
Fra:690 Mem:233.15M (Peak 233.15M) | Time:00:00.35 | Mem:0.00M, Peak:0.00M | Scene, ViewLayer | Synchronizing object | ENV_leaf_307
Fra:690 Mem:233.15M (Peak 233.15M) | Time:00:00.35 | Mem:0.00M, Peak:0.00M | Scene, ViewLayer | Synchronizing object | ENV_leaf_306
Fra:690 Mem:233.16M (Peak 233.16M) | Time:00:00.35 | Mem:0.00M, Peak:0.00M | Scene, ViewLayer | Synchronizing object | ENV_leaf_305
Fra:690 Mem:233.15M (Peak 233.16M) | Time:00:00.35 | Mem:0.00M, Peak:0.00M | Scene, ViewLayer | Synchronizing object | ENV_leaf_304
Fra:690 Mem:233.15M (Peak 233.16M) | Time:00:00.35 | Mem:0.00M, Peak:0.00M | Scene, ViewLayer | Synchronizing object | ENV_leaf_303
Fra:690 Mem:233.15M (Peak 233.16M) | Time:00:00.35 | Mem:0.00M, Peak:0.00M | Scene, ViewLayer | Synchronizing object | ENV_leaf_302
Fra:690 Mem:233.16M (Peak 233.16M) | Time:00:00.35 | Mem:0.00M, Peak:0.00M | Scene, ViewLayer | Synchronizing object | ENV_leaf_301
Fra:690 Mem:233.16M (Peak 233.16M) | Time:00:00.35 | Mem:0.00M, Peak:0.00M | Scene, ViewLayer | Synchronizing object | ENV_leaf_300
Fra:690 Mem:233.17M (Peak 233.17M) | Time:00:00.35 | Mem:0.00M, Peak:0.00M | Scene, ViewLayer | Synchronizing object | ENV_leaf_299
Fra:690 Mem:233.17M (Peak 233.17M) | Time:00:00.35 | Mem:0.00M, Peak:0.00M | Scene, ViewLayer | Synchronizing object | ENV_leaf_298
Fra:690 Mem:233.17M (Peak 233.17M) | Time:00:00.35 | Mem:0.00M, Peak:0.00M | Scene, ViewLayer | Synchronizing object | ENV_leaf_297
Fra:690 Mem:233.18M (Peak 233.18M) | Time:00:00.35 | Mem:0.00M, Peak:0.00M | Scene, ViewLayer | Synchronizing object | ENV_leaf_296
Fra:690 Mem:233.18M (Peak 233.18M) | Time:00:00.35 | Mem:0.00M, Peak:0.00M | Scene, ViewLayer | Synchronizing object | ENV_leaf_295
Fra:690 Mem:233.19M (Peak 233.19M) | Time:00:00.35 | Mem:0.00M, Peak:0.00M | Scene, ViewLayer | Synchronizing object | ENV_leaf_294
Fra:690 Mem:233.19M (Peak 233.19M) | Time:00:00.35 | Mem:0.00M, Peak:0.00M | Scene, ViewLayer | Synchronizing object | ENV_leaf_292
Fra:690 Mem:233.19M (Peak 233.19M) | Time:00:00.35 | Mem:0.00M, Peak:0.00M | Scene, ViewLayer | Synchronizing object | ENV_leaf_291
Fra:690 Mem:233.26M (Peak 233.26M) | Time:00:00.35 | Mem:0.00M, Peak:0.00M | Scene, ViewLayer | Synchronizing object | ENV_leaf_290
Fra:690 Mem:233.26M (Peak 233.26M) | Time:00:00.35 | Mem:0.00M, Peak:0.00M | Scene, ViewLayer | Synchronizing object | ENV_leaf_289
Fra:690 Mem:233.27M (Peak 233.27M) | Time:00:00.35 | Mem:0.00M, Peak:0.00M | Scene, ViewLayer | Synchronizing object | ENV_leaf_288
Fra:690 Mem:233.27M (Peak 233.27M) | Time:00:00.35 | Mem:0.00M, Peak:0.00M | Scene, ViewLayer | Synchronizing object | ENV_leaf_287
Fra:690 Mem:233.30M (Peak 233.30M) | Time:00:00.35 | Mem:0.00M, Peak:0.00M | Scene, ViewLayer | Synchronizing object | ENV_leaf_286
Fra:690 Mem:233.30M (Peak 233.30M) | Time:00:00.35 | Mem:0.00M, Peak:0.00M | Scene, ViewLayer | Synchronizing object | ENV_leaf_285
Fra:690 Mem:233.37M (Peak 233.37M) | Time:00:00.35 | Mem:0.00M, Peak:0.00M | Scene, ViewLayer | Synchronizing object | ENV_leaf_284
Fra:690 Mem:233.37M (Peak 233.37M) | Time:00:00.35 | Mem:0.00M, Peak:0.00M | Scene, ViewLayer | Synchronizing object | ENV_leaf_283
Fra:690 Mem:233.32M (Peak 233.37M) | Time:00:00.35 | Mem:0.00M, Peak:0.00M | Scene, ViewLayer | Synchronizing object | ENV_fern_50
Fra:690 Mem:233.40M (Peak 233.40M) | Time:00:00.35 | Mem:0.00M, Peak:0.00M | Scene, ViewLayer | Synchronizing object | ENV_leaf_282
Fra:690 Mem:233.41M (Peak 233.41M) | Time:00:00.35 | Mem:0.00M, Peak:0.00M | Scene, ViewLayer | Synchronizing object | ENV_leaf_281
Fra:690 Mem:233.41M (Peak 233.41M) | Time:00:00.35 | Mem:0.00M, Peak:0.00M | Scene, ViewLayer | Synchronizing object | ENV_leaf_280
Fra:690 Mem:233.61M (Peak 233.61M) | Time:00:00.35 | Mem:0.00M, Peak:0.00M | Scene, ViewLayer | Synchronizing object | ENV_leaf_279
Fra:690 Mem:233.62M (Peak 233.62M) | Time:00:00.35 | Mem:0.00M, Peak:0.00M | Scene, ViewLayer | Synchronizing object | ENV_leaf_278
Fra:690 Mem:233.70M (Peak 233.70M) | Time:00:00.35 | Mem:0.00M, Peak:0.00M | Scene, ViewLayer | Synchronizing object | ENV_leaf_277
Fra:690 Mem:233.70M (Peak 233.70M) | Time:00:00.35 | Mem:0.00M, Peak:0.00M | Scene, ViewLayer | Synchronizing object | ENV_leaf_276
Fra:690 Mem:233.76M (Peak 233.76M) | Time:00:00.35 | Mem:0.00M, Peak:0.00M | Scene, ViewLayer | Synchronizing object | ENV_leaf_275
Fra:690 Mem:233.81M (Peak 233.81M) | Time:00:00.35 | Mem:0.00M, Peak:0.00M | Scene, ViewLayer | Synchronizing object | ENV_leaf_274
Fra:690 Mem:233.81M (Peak 233.81M) | Time:00:00.35 | Mem:0.00M, Peak:0.00M | Scene, ViewLayer | Synchronizing object | ENV_leaf_273
Fra:690 Mem:233.82M (Peak 233.82M) | Time:00:00.35 | Mem:0.00M, Peak:0.00M | Scene, ViewLayer | Synchronizing object | ENV_leaf_272
Fra:690 Mem:233.84M (Peak 233.84M) | Time:00:00.35 | Mem:0.00M, Peak:0.00M | Scene, ViewLayer | Synchronizing object | ENV_leaf_271
Fra:690 Mem:233.84M (Peak 233.84M) | Time:00:00.35 | Mem:0.00M, Peak:0.00M | Scene, ViewLayer | Synchronizing object | ENV_leaf_270
Fra:690 Mem:233.92M (Peak 233.92M) | Time:00:00.35 | Mem:0.00M, Peak:0.00M | Scene, ViewLayer | Synchronizing object | ENV_leaf_269
Fra:690 Mem:233.93M (Peak 233.93M) | Time:00:00.35 | Mem:0.00M, Peak:0.00M | Scene, ViewLayer | Synchronizing object | ENV_leaf_268
Fra:690 Mem:233.93M (Peak 233.93M) | Time:00:00.35 | Mem:0.00M, Peak:0.00M | Scene, ViewLayer | Synchronizing object | ENV_leaf_267
Fra:690 Mem:233.94M (Peak 233.94M) | Time:00:00.35 | Mem:0.00M, Peak:0.00M | Scene, ViewLayer | Synchronizing object | ENV_leaf_266
Fra:690 Mem:233.94M (Peak 233.94M) | Time:00:00.35 | Mem:0.00M, Peak:0.00M | Scene, ViewLayer | Synchronizing object | ENV_leaf_265
Fra:690 Mem:233.94M (Peak 233.94M) | Time:00:00.35 | Mem:0.00M, Peak:0.00M | Scene, ViewLayer | Synchronizing object | ENV_leaf_264
Fra:690 Mem:233.93M (Peak 233.94M) | Time:00:00.35 | Mem:0.00M, Peak:0.00M | Scene, ViewLayer | Synchronizing object | ENV_leaf_263
Fra:690 Mem:233.93M (Peak 233.94M) | Time:00:00.35 | Mem:0.00M, Peak:0.00M | Scene, ViewLayer | Synchronizing object | ENV_leaf_262
Fra:690 Mem:233.94M (Peak 233.94M) | Time:00:00.35 | Mem:0.00M, Peak:0.00M | Scene, ViewLayer | Synchronizing object | ENV_leaf_261
Fra:690 Mem:233.94M (Peak 233.94M) | Time:00:00.35 | Mem:0.00M, Peak:0.00M | Scene, ViewLayer | Synchronizing object | ENV_leaf_260
Fra:690 Mem:233.94M (Peak 233.94M) | Time:00:00.35 | Mem:0.00M, Peak:0.00M | Scene, ViewLayer | Synchronizing object | ENV_leaf_259
Fra:690 Mem:233.95M (Peak 233.95M) | Time:00:00.35 | Mem:0.00M, Peak:0.00M | Scene, ViewLayer | Synchronizing object | ENV_leaf_258
Fra:690 Mem:233.95M (Peak 233.95M) | Time:00:00.35 | Mem:0.00M, Peak:0.00M | Scene, ViewLayer | Synchronizing object | ENV_leaf_257
Fra:690 Mem:233.96M (Peak 233.96M) | Time:00:00.35 | Mem:0.00M, Peak:0.00M | Scene, ViewLayer | Synchronizing object | ENV_leaf_256
Fra:690 Mem:233.96M (Peak 233.96M) | Time:00:00.36 | Mem:0.00M, Peak:0.00M | Scene, ViewLayer | Synchronizing object | ENV_leaf_255
Fra:690 Mem:233.96M (Peak 233.96M) | Time:00:00.36 | Mem:0.00M, Peak:0.00M | Scene, ViewLayer | Synchronizing object | ENV_leaf_254
Fra:690 Mem:233.97M (Peak 233.97M) | Time:00:00.36 | Mem:0.00M, Peak:0.00M | Scene, ViewLayer | Synchronizing object | ENV_leaf_253
Fra:690 Mem:233.97M (Peak 233.97M) | Time:00:00.36 | Mem:0.00M, Peak:0.00M | Scene, ViewLayer | Synchronizing object | ENV_leaf_252
Fra:690 Mem:233.98M (Peak 233.98M) | Time:00:00.36 | Mem:0.00M, Peak:0.00M | Scene, ViewLayer | Synchronizing object | ENV_leaf_251
Fra:690 Mem:233.98M (Peak 233.98M) | Time:00:00.36 | Mem:0.00M, Peak:0.00M | Scene, ViewLayer | Synchronizing object | ENV_leaf_250
Fra:690 Mem:233.99M (Peak 233.99M) | Time:00:00.36 | Mem:0.00M, Peak:0.00M | Scene, ViewLayer | Synchronizing object | ENV_leaf_249
Fra:690 Mem:233.99M (Peak 233.99M) | Time:00:00.36 | Mem:0.00M, Peak:0.00M | Scene, ViewLayer | Synchronizing object | ENV_leaf_248
Fra:690 Mem:233.99M (Peak 233.99M) | Time:00:00.36 | Mem:0.00M, Peak:0.00M | Scene, ViewLayer | Synchronizing object | ENV_leaf_247
Fra:690 Mem:234.07M (Peak 234.07M) | Time:00:00.36 | Mem:0.00M, Peak:0.00M | Scene, ViewLayer | Synchronizing object | ENV_leaf_246
Fra:690 Mem:234.08M (Peak 234.08M) | Time:00:00.36 | Mem:0.00M, Peak:0.00M | Scene, ViewLayer | Synchronizing object | ENV_leaf_245
Fra:690 Mem:234.08M (Peak 234.08M) | Time:00:00.36 | Mem:0.00M, Peak:0.00M | Scene, ViewLayer | Synchronizing object | ENV_leaf_244
Fra:690 Mem:234.09M (Peak 234.09M) | Time:00:00.36 | Mem:0.00M, Peak:0.00M | Scene, ViewLayer | Synchronizing object | ENV_leaf_243
Fra:690 Mem:234.09M (Peak 234.09M) | Time:00:00.36 | Mem:0.00M, Peak:0.00M | Scene, ViewLayer | Synchronizing object | ENV_leaf_242
Fra:690 Mem:234.12M (Peak 234.12M) | Time:00:00.36 | Mem:0.00M, Peak:0.00M | Scene, ViewLayer | Synchronizing object | ENV_leaf_241
Fra:690 Mem:234.13M (Peak 234.13M) | Time:00:00.36 | Mem:0.00M, Peak:0.00M | Scene, ViewLayer | Synchronizing object | ENV_leaf_240
Fra:690 Mem:234.21M (Peak 234.21M) | Time:00:00.36 | Mem:0.00M, Peak:0.00M | Scene, ViewLayer | Synchronizing object | ENV_leaf_239
Fra:690 Mem:234.21M (Peak 234.21M) | Time:00:00.36 | Mem:0.00M, Peak:0.00M | Scene, ViewLayer | Synchronizing object | ENV_leaf_238
Fra:690 Mem:234.21M (Peak 234.21M) | Time:00:00.36 | Mem:0.00M, Peak:0.00M | Scene, ViewLayer | Synchronizing object | ENV_leaf_237
Fra:690 Mem:234.14M (Peak 234.21M) | Time:00:00.36 | Mem:0.00M, Peak:0.00M | Scene, ViewLayer | Synchronizing object | ENV_fern_51
Fra:690 Mem:234.20M (Peak 234.21M) | Time:00:00.36 | Mem:0.00M, Peak:0.00M | Scene, ViewLayer | Synchronizing object | ENV_leaf_236
Fra:690 Mem:234.20M (Peak 234.21M) | Time:00:00.36 | Mem:0.00M, Peak:0.00M | Scene, ViewLayer | Synchronizing object | ENV_leaf_235
Fra:690 Mem:234.38M (Peak 234.38M) | Time:00:00.36 | Mem:0.00M, Peak:0.00M | Scene, ViewLayer | Synchronizing object | ENV_leaf_234
Fra:690 Mem:234.38M (Peak 234.38M) | Time:00:00.36 | Mem:0.00M, Peak:0.00M | Scene, ViewLayer | Synchronizing object | ENV_leaf_233
Fra:690 Mem:234.45M (Peak 234.45M) | Time:00:00.36 | Mem:0.00M, Peak:0.00M | Scene, ViewLayer | Synchronizing object | ENV_leaf_232
Fra:690 Mem:234.45M (Peak 234.45M) | Time:00:00.36 | Mem:0.00M, Peak:0.00M | Scene, ViewLayer | Synchronizing object | ENV_leaf_231
Fra:690 Mem:234.47M (Peak 234.47M) | Time:00:00.36 | Mem:0.00M, Peak:0.00M | Scene, ViewLayer | Synchronizing object | ENV_leaf_230
Fra:690 Mem:234.52M (Peak 234.52M) | Time:00:00.36 | Mem:0.00M, Peak:0.00M | Scene, ViewLayer | Synchronizing object | ENV_leaf_229
Fra:690 Mem:234.52M (Peak 234.52M) | Time:00:00.36 | Mem:0.00M, Peak:0.00M | Scene, ViewLayer | Synchronizing object | ENV_leaf_228
Fra:690 Mem:234.53M (Peak 234.53M) | Time:00:00.36 | Mem:0.00M, Peak:0.00M | Scene, ViewLayer | Synchronizing object | ENV_leaf_227
Fra:690 Mem:234.52M (Peak 234.53M) | Time:00:00.36 | Mem:0.00M, Peak:0.00M | Scene, ViewLayer | Synchronizing object | ENV_leaf_226
Fra:690 Mem:234.52M (Peak 234.53M) | Time:00:00.36 | Mem:0.00M, Peak:0.00M | Scene, ViewLayer | Synchronizing object | ENV_leaf_225
Fra:690 Mem:234.53M (Peak 234.53M) | Time:00:00.36 | Mem:0.00M, Peak:0.00M | Scene, ViewLayer | Synchronizing object | ENV_leaf_224
Fra:690 Mem:234.53M (Peak 234.53M) | Time:00:00.36 | Mem:0.00M, Peak:0.00M | Scene, ViewLayer | Synchronizing object | ENV_leaf_223
Fra:690 Mem:234.53M (Peak 234.53M) | Time:00:00.36 | Mem:0.00M, Peak:0.00M | Scene, ViewLayer | Synchronizing object | ENV_leaf_222
Fra:690 Mem:234.54M (Peak 234.54M) | Time:00:00.36 | Mem:0.00M, Peak:0.00M | Scene, ViewLayer | Synchronizing object | ENV_leaf_221
Fra:690 Mem:234.54M (Peak 234.54M) | Time:00:00.36 | Mem:0.00M, Peak:0.00M | Scene, ViewLayer | Synchronizing object | ENV_leaf_220
Fra:690 Mem:234.55M (Peak 234.55M) | Time:00:00.36 | Mem:0.00M, Peak:0.00M | Scene, ViewLayer | Synchronizing object | ENV_leaf_219
Fra:690 Mem:234.55M (Peak 234.55M) | Time:00:00.36 | Mem:0.00M, Peak:0.00M | Scene, ViewLayer | Synchronizing object | ENV_leaf_218
Fra:690 Mem:234.55M (Peak 234.55M) | Time:00:00.36 | Mem:0.00M, Peak:0.00M | Scene, ViewLayer | Synchronizing object | ENV_leaf_217
Fra:690 Mem:234.56M (Peak 234.56M) | Time:00:00.36 | Mem:0.00M, Peak:0.00M | Scene, ViewLayer | Synchronizing object | ENV_leaf_216
Fra:690 Mem:234.61M (Peak 234.61M) | Time:00:00.36 | Mem:0.00M, Peak:0.00M | Scene, ViewLayer | Synchronizing object | ENV_leaf_215
Fra:690 Mem:234.61M (Peak 234.61M) | Time:00:00.36 | Mem:0.00M, Peak:0.00M | Scene, ViewLayer | Synchronizing object | ENV_leaf_214
Fra:690 Mem:234.62M (Peak 234.62M) | Time:00:00.36 | Mem:0.00M, Peak:0.00M | Scene, ViewLayer | Synchronizing object | ENV_leaf_213
Fra:690 Mem:234.64M (Peak 234.64M) | Time:00:00.36 | Mem:0.00M, Peak:0.00M | Scene, ViewLayer | Synchronizing object | ENV_leaf_212
Fra:690 Mem:234.69M (Peak 234.69M) | Time:00:00.36 | Mem:0.00M, Peak:0.00M | Scene, ViewLayer | Synchronizing object | ENV_leaf_211
Fra:690 Mem:234.70M (Peak 234.70M) | Time:00:00.36 | Mem:0.00M, Peak:0.00M | Scene, ViewLayer | Synchronizing object | ENV_leaf_210
Fra:690 Mem:234.65M (Peak 234.70M) | Time:00:00.36 | Mem:0.00M, Peak:0.00M | Scene, ViewLayer | Synchronizing object | ENV_fern_52
Fra:690 Mem:234.65M (Peak 234.70M) | Time:00:00.36 | Mem:0.00M, Peak:0.00M | Scene, ViewLayer | Synchronizing object | ENV_leaf_209
Fra:690 Mem:234.73M (Peak 234.73M) | Time:00:00.36 | Mem:0.00M, Peak:0.00M | Scene, ViewLayer | Synchronizing object | ENV_leaf_208
Fra:690 Mem:234.73M (Peak 234.73M) | Time:00:00.36 | Mem:0.00M, Peak:0.00M | Scene, ViewLayer | Synchronizing object | ENV_leaf_207
Fra:690 Mem:234.89M (Peak 234.89M) | Time:00:00.36 | Mem:0.00M, Peak:0.00M | Scene, ViewLayer | Synchronizing object | ENV_leaf_206
Fra:690 Mem:234.96M (Peak 234.96M) | Time:00:00.36 | Mem:0.00M, Peak:0.00M | Scene, ViewLayer | Synchronizing object | ENV_leaf_205
Fra:690 Mem:234.96M (Peak 234.96M) | Time:00:00.36 | Mem:0.00M, Peak:0.00M | Scene, ViewLayer | Synchronizing object | ENV_leaf_204
Fra:690 Mem:235.05M (Peak 235.05M) | Time:00:00.36 | Mem:0.00M, Peak:0.00M | Scene, ViewLayer | Synchronizing object | ENV_leaf_203
Fra:690 Mem:235.05M (Peak 235.05M) | Time:00:00.36 | Mem:0.00M, Peak:0.00M | Scene, ViewLayer | Synchronizing object | ENV_leaf_202
Fra:690 Mem:235.06M (Peak 235.06M) | Time:00:00.36 | Mem:0.00M, Peak:0.00M | Scene, ViewLayer | Synchronizing object | ENV_leaf_201
Fra:690 Mem:235.06M (Peak 235.06M) | Time:00:00.36 | Mem:0.00M, Peak:0.00M | Scene, ViewLayer | Synchronizing object | ENV_leaf_200
Fra:690 Mem:235.08M (Peak 235.08M) | Time:00:00.36 | Mem:0.00M, Peak:0.00M | Scene, ViewLayer | Synchronizing object | ENV_leaf_199
Fra:690 Mem:235.15M (Peak 235.15M) | Time:00:00.36 | Mem:0.00M, Peak:0.00M | Scene, ViewLayer | Synchronizing object | ENV_leaf_198
Fra:690 Mem:235.15M (Peak 235.15M) | Time:00:00.36 | Mem:0.00M, Peak:0.00M | Scene, ViewLayer | Synchronizing object | ENV_leaf_197
Fra:690 Mem:235.15M (Peak 235.15M) | Time:00:00.36 | Mem:0.00M, Peak:0.00M | Scene, ViewLayer | Synchronizing object | ENV_leaf_196
Fra:690 Mem:235.16M (Peak 235.16M) | Time:00:00.36 | Mem:0.00M, Peak:0.00M | Scene, ViewLayer | Synchronizing object | ENV_leaf_195
Fra:690 Mem:235.16M (Peak 235.16M) | Time:00:00.36 | Mem:0.00M, Peak:0.00M | Scene, ViewLayer | Synchronizing object | ENV_leaf_194
Fra:690 Mem:235.17M (Peak 235.17M) | Time:00:00.36 | Mem:0.00M, Peak:0.00M | Scene, ViewLayer | Synchronizing object | ENV_leaf_193
Fra:690 Mem:235.17M (Peak 235.17M) | Time:00:00.36 | Mem:0.00M, Peak:0.00M | Scene, ViewLayer | Synchronizing object | ENV_leaf_192
Fra:690 Mem:235.16M (Peak 235.17M) | Time:00:00.36 | Mem:0.00M, Peak:0.00M | Scene, ViewLayer | Synchronizing object | ENV_leaf_191
Fra:690 Mem:235.16M (Peak 235.17M) | Time:00:00.36 | Mem:0.00M, Peak:0.00M | Scene, ViewLayer | Synchronizing object | ENV_leaf_190
Fra:690 Mem:235.17M (Peak 235.17M) | Time:00:00.36 | Mem:0.00M, Peak:0.00M | Scene, ViewLayer | Synchronizing object | ENV_leaf_189
Fra:690 Mem:235.17M (Peak 235.17M) | Time:00:00.36 | Mem:0.00M, Peak:0.00M | Scene, ViewLayer | Synchronizing object | ENV_leaf_188
Fra:690 Mem:235.18M (Peak 235.18M) | Time:00:00.36 | Mem:0.00M, Peak:0.00M | Scene, ViewLayer | Synchronizing object | ENV_leaf_187
Fra:690 Mem:235.18M (Peak 235.18M) | Time:00:00.36 | Mem:0.00M, Peak:0.00M | Scene, ViewLayer | Synchronizing object | ENV_leaf_186
Fra:690 Mem:235.18M (Peak 235.18M) | Time:00:00.36 | Mem:0.00M, Peak:0.00M | Scene, ViewLayer | Synchronizing object | ENV_leaf_185
Fra:690 Mem:235.19M (Peak 235.19M) | Time:00:00.36 | Mem:0.00M, Peak:0.00M | Scene, ViewLayer | Synchronizing object | ENV_leaf_184
Fra:690 Mem:235.19M (Peak 235.19M) | Time:00:00.36 | Mem:0.00M, Peak:0.00M | Scene, ViewLayer | Synchronizing object | ENV_leaf_183
Fra:690 Mem:235.20M (Peak 235.20M) | Time:00:00.36 | Mem:0.00M, Peak:0.00M | Scene, ViewLayer | Synchronizing object | ENV_leaf_182
Fra:690 Mem:235.20M (Peak 235.20M) | Time:00:00.36 | Mem:0.00M, Peak:0.00M | Scene, ViewLayer | Synchronizing object | ENV_leaf_181
Fra:690 Mem:235.27M (Peak 235.27M) | Time:00:00.36 | Mem:0.00M, Peak:0.00M | Scene, ViewLayer | Synchronizing object | ENV_leaf_180
Fra:690 Mem:235.27M (Peak 235.27M) | Time:00:00.36 | Mem:0.00M, Peak:0.00M | Scene, ViewLayer | Synchronizing object | ENV_leaf_179
Fra:690 Mem:235.27M (Peak 235.27M) | Time:00:00.36 | Mem:0.00M, Peak:0.00M | Scene, ViewLayer | Synchronizing object | ENV_leaf_178
Fra:690 Mem:235.30M (Peak 235.30M) | Time:00:00.36 | Mem:0.00M, Peak:0.00M | Scene, ViewLayer | Synchronizing object | ENV_leaf_177
Fra:690 Mem:235.31M (Peak 235.31M) | Time:00:00.36 | Mem:0.00M, Peak:0.00M | Scene, ViewLayer | Synchronizing object | ENV_leaf_176
Fra:690 Mem:235.37M (Peak 235.37M) | Time:00:00.36 | Mem:0.00M, Peak:0.00M | Scene, ViewLayer | Synchronizing object | ENV_leaf_175
Fra:690 Mem:235.38M (Peak 235.38M) | Time:00:00.36 | Mem:0.00M, Peak:0.00M | Scene, ViewLayer | Synchronizing object | ENV_leaf_174
Fra:690 Mem:235.32M (Peak 235.38M) | Time:00:00.36 | Mem:0.00M, Peak:0.00M | Scene, ViewLayer | Synchronizing object | ENV_fern_53
Fra:690 Mem:235.40M (Peak 235.40M) | Time:00:00.36 | Mem:0.00M, Peak:0.00M | Scene, ViewLayer | Synchronizing object | ENV_leaf_173
Fra:690 Mem:235.57M (Peak 235.57M) | Time:00:00.36 | Mem:0.00M, Peak:0.00M | Scene, ViewLayer | Synchronizing object | ENV_leaf_172
Fra:690 Mem:235.61M (Peak 235.61M) | Time:00:00.36 | Mem:0.00M, Peak:0.00M | Scene, ViewLayer | Synchronizing object | ENV_leaf_171
Fra:690 Mem:235.69M (Peak 235.69M) | Time:00:00.36 | Mem:0.00M, Peak:0.00M | Scene, ViewLayer | Synchronizing object | ENV_leaf_170
Fra:690 Mem:235.69M (Peak 235.69M) | Time:00:00.36 | Mem:0.00M, Peak:0.00M | Scene, ViewLayer | Synchronizing object | ENV_leaf_169
Fra:690 Mem:235.70M (Peak 235.70M) | Time:00:00.36 | Mem:0.00M, Peak:0.00M | Scene, ViewLayer | Synchronizing object | ENV_leaf_168
Fra:690 Mem:235.80M (Peak 235.80M) | Time:00:00.36 | Mem:0.00M, Peak:0.00M | Scene, ViewLayer | Synchronizing object | ENV_leaf_167
Fra:690 Mem:235.81M (Peak 235.81M) | Time:00:00.36 | Mem:0.00M, Peak:0.00M | Scene, ViewLayer | Synchronizing object | ENV_leaf_166
Fra:690 Mem:235.81M (Peak 235.81M) | Time:00:00.36 | Mem:0.00M, Peak:0.00M | Scene, ViewLayer | Synchronizing object | ENV_leaf_165
Fra:690 Mem:235.81M (Peak 235.81M) | Time:00:00.36 | Mem:0.00M, Peak:0.00M | Scene, ViewLayer | Synchronizing object | ENV_leaf_164
Fra:690 Mem:235.84M (Peak 235.84M) | Time:00:00.36 | Mem:0.00M, Peak:0.00M | Scene, ViewLayer | Synchronizing object | ENV_leaf_163
Fra:690 Mem:235.92M (Peak 235.92M) | Time:00:00.36 | Mem:0.00M, Peak:0.00M | Scene, ViewLayer | Synchronizing object | ENV_leaf_162
Fra:690 Mem:235.92M (Peak 235.92M) | Time:00:00.36 | Mem:0.00M, Peak:0.00M | Scene, ViewLayer | Synchronizing object | ENV_leaf_161
Fra:690 Mem:235.92M (Peak 235.92M) | Time:00:00.36 | Mem:0.00M, Peak:0.00M | Scene, ViewLayer | Synchronizing object | ENV_leaf_160
Fra:690 Mem:235.93M (Peak 235.93M) | Time:00:00.36 | Mem:0.00M, Peak:0.00M | Scene, ViewLayer | Synchronizing object | ENV_leaf_159
Fra:690 Mem:235.93M (Peak 235.93M) | Time:00:00.36 | Mem:0.00M, Peak:0.00M | Scene, ViewLayer | Synchronizing object | ENV_leaf_158
Fra:690 Mem:235.94M (Peak 235.94M) | Time:00:00.36 | Mem:0.00M, Peak:0.00M | Scene, ViewLayer | Synchronizing object | ENV_leaf_157
Fra:690 Mem:235.94M (Peak 235.94M) | Time:00:00.36 | Mem:0.00M, Peak:0.00M | Scene, ViewLayer | Synchronizing object | ENV_leaf_156
Fra:690 Mem:235.93M (Peak 235.94M) | Time:00:00.36 | Mem:0.00M, Peak:0.00M | Scene, ViewLayer | Synchronizing object | ENV_leaf_155
Fra:690 Mem:235.93M (Peak 235.94M) | Time:00:00.36 | Mem:0.00M, Peak:0.00M | Scene, ViewLayer | Synchronizing object | ENV_leaf_154
Fra:690 Mem:235.93M (Peak 235.94M) | Time:00:00.36 | Mem:0.00M, Peak:0.00M | Scene, ViewLayer | Synchronizing object | ENV_leaf_153
Fra:690 Mem:235.94M (Peak 235.94M) | Time:00:00.36 | Mem:0.00M, Peak:0.00M | Scene, ViewLayer | Synchronizing object | ENV_leaf_152
Fra:690 Mem:235.94M (Peak 235.94M) | Time:00:00.36 | Mem:0.00M, Peak:0.00M | Scene, ViewLayer | Synchronizing object | ENV_leaf_151
Fra:690 Mem:235.95M (Peak 235.95M) | Time:00:00.36 | Mem:0.00M, Peak:0.00M | Scene, ViewLayer | Synchronizing object | ENV_leaf_150
Fra:690 Mem:235.95M (Peak 235.95M) | Time:00:00.36 | Mem:0.00M, Peak:0.00M | Scene, ViewLayer | Synchronizing object | ENV_leaf_149
Fra:690 Mem:235.95M (Peak 235.95M) | Time:00:00.36 | Mem:0.00M, Peak:0.00M | Scene, ViewLayer | Synchronizing object | ENV_leaf_148
Fra:690 Mem:235.96M (Peak 235.96M) | Time:00:00.36 | Mem:0.00M, Peak:0.00M | Scene, ViewLayer | Synchronizing object | ENV_leaf_147
Fra:690 Mem:235.96M (Peak 235.96M) | Time:00:00.36 | Mem:0.00M, Peak:0.00M | Scene, ViewLayer | Synchronizing object | ENV_leaf_146
Fra:690 Mem:235.97M (Peak 235.97M) | Time:00:00.36 | Mem:0.00M, Peak:0.00M | Scene, ViewLayer | Synchronizing object | ENV_leaf_145
Fra:690 Mem:235.97M (Peak 235.97M) | Time:00:00.36 | Mem:0.00M, Peak:0.00M | Scene, ViewLayer | Synchronizing object | ENV_leaf_144
Fra:690 Mem:235.97M (Peak 235.97M) | Time:00:00.36 | Mem:0.00M, Peak:0.00M | Scene, ViewLayer | Synchronizing object | ENV_leaf_143
Fra:690 Mem:235.98M (Peak 235.98M) | Time:00:00.36 | Mem:0.00M, Peak:0.00M | Scene, ViewLayer | Synchronizing object | ENV_leaf_142
Fra:690 Mem:235.98M (Peak 235.98M) | Time:00:00.36 | Mem:0.00M, Peak:0.00M | Scene, ViewLayer | Synchronizing object | ENV_leaf_141
Fra:690 Mem:235.99M (Peak 235.99M) | Time:00:00.36 | Mem:0.00M, Peak:0.00M | Scene, ViewLayer | Synchronizing object | ENV_leaf_140
Fra:690 Mem:236.07M (Peak 236.07M) | Time:00:00.36 | Mem:0.00M, Peak:0.00M | Scene, ViewLayer | Synchronizing object | ENV_leaf_139
Fra:690 Mem:236.07M (Peak 236.07M) | Time:00:00.36 | Mem:0.00M, Peak:0.00M | Scene, ViewLayer | Synchronizing object | ENV_leaf_138
Fra:690 Mem:236.07M (Peak 236.07M) | Time:00:00.36 | Mem:0.00M, Peak:0.00M | Scene, ViewLayer | Synchronizing object | ENV_leaf_137
Fra:690 Mem:236.08M (Peak 236.08M) | Time:00:00.36 | Mem:0.00M, Peak:0.00M | Scene, ViewLayer | Synchronizing object | ENV_leaf_136
Fra:690 Mem:236.08M (Peak 236.08M) | Time:00:00.36 | Mem:0.00M, Peak:0.00M | Scene, ViewLayer | Synchronizing object | ENV_leaf_135
Fra:690 Mem:236.12M (Peak 236.12M) | Time:00:00.36 | Mem:0.00M, Peak:0.00M | Scene, ViewLayer | Synchronizing object | ENV_leaf_134
Fra:690 Mem:236.12M (Peak 236.12M) | Time:00:00.36 | Mem:0.00M, Peak:0.00M | Scene, ViewLayer | Synchronizing object | ENV_leaf_133
Fra:690 Mem:236.20M (Peak 236.20M) | Time:00:00.36 | Mem:0.00M, Peak:0.00M | Scene, ViewLayer | Synchronizing object | ENV_leaf_132
Fra:690 Mem:236.20M (Peak 236.20M) | Time:00:00.36 | Mem:0.00M, Peak:0.00M | Scene, ViewLayer | Synchronizing object | ENV_leaf_131
Fra:690 Mem:236.13M (Peak 236.20M) | Time:00:00.36 | Mem:0.00M, Peak:0.00M | Scene, ViewLayer | Synchronizing object | ENV_leaf_130
Fra:690 Mem:236.14M (Peak 236.20M) | Time:00:00.36 | Mem:0.00M, Peak:0.00M | Scene, ViewLayer | Synchronizing object | ENV_fern_54
Fra:690 Mem:236.14M (Peak 236.20M) | Time:00:00.36 | Mem:0.00M, Peak:0.00M | Scene, ViewLayer | Synchronizing object | ENV_leaf_129
Fra:690 Mem:236.19M (Peak 236.20M) | Time:00:00.36 | Mem:0.00M, Peak:0.00M | Scene, ViewLayer | Synchronizing object | ENV_leaf_128
Fra:690 Mem:236.32M (Peak 236.32M) | Time:00:00.36 | Mem:0.00M, Peak:0.00M | Scene, ViewLayer | Synchronizing object | ENV_leaf_127
Fra:690 Mem:236.44M (Peak 236.44M) | Time:00:00.36 | Mem:0.00M, Peak:0.00M | Scene, ViewLayer | Synchronizing object | ENV_leaf_126
Fra:690 Mem:236.44M (Peak 236.44M) | Time:00:00.36 | Mem:0.00M, Peak:0.00M | Scene, ViewLayer | Synchronizing object | ENV_leaf_125
Fra:690 Mem:236.44M (Peak 236.44M) | Time:00:00.36 | Mem:0.00M, Peak:0.00M | Scene, ViewLayer | Synchronizing object | ENV_leaf_124
Fra:690 Mem:236.49M (Peak 236.49M) | Time:00:00.36 | Mem:0.00M, Peak:0.00M | Scene, ViewLayer | Synchronizing object | ENV_leaf_123
Fra:690 Mem:236.51M (Peak 236.51M) | Time:00:00.36 | Mem:0.00M, Peak:0.00M | Scene, ViewLayer | Synchronizing object | ENV_leaf_122
Fra:690 Mem:236.51M (Peak 236.51M) | Time:00:00.36 | Mem:0.00M, Peak:0.00M | Scene, ViewLayer | Synchronizing object | ENV_leaf_121
Fra:690 Mem:236.52M (Peak 236.52M) | Time:00:00.36 | Mem:0.00M, Peak:0.00M | Scene, ViewLayer | Synchronizing object | ENV_leaf_120
Fra:690 Mem:236.52M (Peak 236.52M) | Time:00:00.36 | Mem:0.00M, Peak:0.00M | Scene, ViewLayer | Synchronizing object | ENV_leaf_119
Fra:690 Mem:236.52M (Peak 236.52M) | Time:00:00.36 | Mem:0.00M, Peak:0.00M | Scene, ViewLayer | Synchronizing object | ENV_leaf_118
Fra:690 Mem:236.52M (Peak 236.52M) | Time:00:00.36 | Mem:0.00M, Peak:0.00M | Scene, ViewLayer | Synchronizing object | ENV_leaf_117
Fra:690 Mem:236.52M (Peak 236.52M) | Time:00:00.36 | Mem:0.00M, Peak:0.00M | Scene, ViewLayer | Synchronizing object | ENV_leaf_116
Fra:690 Mem:236.53M (Peak 236.53M) | Time:00:00.36 | Mem:0.00M, Peak:0.00M | Scene, ViewLayer | Synchronizing object | ENV_leaf_115
Fra:690 Mem:236.53M (Peak 236.53M) | Time:00:00.36 | Mem:0.00M, Peak:0.00M | Scene, ViewLayer | Synchronizing object | ENV_leaf_114
Fra:690 Mem:236.54M (Peak 236.54M) | Time:00:00.36 | Mem:0.00M, Peak:0.00M | Scene, ViewLayer | Synchronizing object | ENV_leaf_113
Fra:690 Mem:236.54M (Peak 236.54M) | Time:00:00.36 | Mem:0.00M, Peak:0.00M | Scene, ViewLayer | Synchronizing object | ENV_leaf_112
Fra:690 Mem:236.54M (Peak 236.54M) | Time:00:00.36 | Mem:0.00M, Peak:0.00M | Scene, ViewLayer | Synchronizing object | ENV_leaf_111
Fra:690 Mem:236.55M (Peak 236.55M) | Time:00:00.36 | Mem:0.00M, Peak:0.00M | Scene, ViewLayer | Synchronizing object | ENV_leaf_110
Fra:690 Mem:236.55M (Peak 236.55M) | Time:00:00.36 | Mem:0.00M, Peak:0.00M | Scene, ViewLayer | Synchronizing object | ENV_leaf_109
Fra:690 Mem:236.60M (Peak 236.60M) | Time:00:00.36 | Mem:0.00M, Peak:0.00M | Scene, ViewLayer | Synchronizing object | ENV_leaf_108
Fra:690 Mem:236.61M (Peak 236.61M) | Time:00:00.36 | Mem:0.00M, Peak:0.00M | Scene, ViewLayer | Synchronizing object | ENV_leaf_107
Fra:690 Mem:236.63M (Peak 236.63M) | Time:00:00.36 | Mem:0.00M, Peak:0.00M | Scene, ViewLayer | Synchronizing object | ENV_leaf_106
Fra:690 Mem:236.63M (Peak 236.63M) | Time:00:00.36 | Mem:0.00M, Peak:0.00M | Scene, ViewLayer | Synchronizing object | ENV_leaf_105
Fra:690 Mem:236.68M (Peak 236.68M) | Time:00:00.36 | Mem:0.00M, Peak:0.00M | Scene, ViewLayer | Synchronizing object | ENV_leaf_104
Fra:690 Mem:236.69M (Peak 236.69M) | Time:00:00.36 | Mem:0.00M, Peak:0.00M | Scene, ViewLayer | Synchronizing object | ENV_leaf_103
Fra:690 Mem:236.64M (Peak 236.69M) | Time:00:00.36 | Mem:0.00M, Peak:0.00M | Scene, ViewLayer | Synchronizing object | ENV_fern_55
Fra:690 Mem:236.71M (Peak 236.71M) | Time:00:00.36 | Mem:0.00M, Peak:0.00M | Scene, ViewLayer | Synchronizing object | ENV_leaf_102
Fra:690 Mem:236.72M (Peak 236.72M) | Time:00:00.36 | Mem:0.00M, Peak:0.00M | Scene, ViewLayer | Synchronizing object | ENV_leaf_101
Fra:690 Mem:236.88M (Peak 236.88M) | Time:00:00.36 | Mem:0.00M, Peak:0.00M | Scene, ViewLayer | Synchronizing object | ENV_leaf_100
Fra:690 Mem:236.89M (Peak 236.89M) | Time:00:00.36 | Mem:0.00M, Peak:0.00M | Scene, ViewLayer | Synchronizing object | ENV_leaf_99
Fra:690 Mem:236.95M (Peak 236.95M) | Time:00:00.36 | Mem:0.00M, Peak:0.00M | Scene, ViewLayer | Synchronizing object | ENV_leaf_98
Fra:690 Mem:236.96M (Peak 236.96M) | Time:00:00.36 | Mem:0.00M, Peak:0.00M | Scene, ViewLayer | Synchronizing object | ENV_leaf_97
Fra:690 Mem:237.04M (Peak 237.04M) | Time:00:00.36 | Mem:0.00M, Peak:0.00M | Scene, ViewLayer | Synchronizing object | ENV_leaf_96
Fra:690 Mem:237.05M (Peak 237.05M) | Time:00:00.36 | Mem:0.00M, Peak:0.00M | Scene, ViewLayer | Synchronizing object | ENV_leaf_95
Fra:690 Mem:237.05M (Peak 237.05M) | Time:00:00.36 | Mem:0.00M, Peak:0.00M | Scene, ViewLayer | Synchronizing object | ENV_leaf_94
Fra:690 Mem:237.12M (Peak 237.12M) | Time:00:00.36 | Mem:0.00M, Peak:0.00M | Scene, ViewLayer | Synchronizing object | ENV_leaf_93
Fra:690 Mem:237.14M (Peak 237.14M) | Time:00:00.36 | Mem:0.00M, Peak:0.00M | Scene, ViewLayer | Synchronizing object | ENV_leaf_92
Fra:690 Mem:237.14M (Peak 237.14M) | Time:00:00.36 | Mem:0.00M, Peak:0.00M | Scene, ViewLayer | Synchronizing object | ENV_leaf_91
Fra:690 Mem:237.14M (Peak 237.14M) | Time:00:00.36 | Mem:0.00M, Peak:0.00M | Scene, ViewLayer | Synchronizing object | ENV_leaf_90
Fra:690 Mem:237.15M (Peak 237.15M) | Time:00:00.36 | Mem:0.00M, Peak:0.00M | Scene, ViewLayer | Synchronizing object | ENV_leaf_89
Fra:690 Mem:237.15M (Peak 237.15M) | Time:00:00.36 | Mem:0.00M, Peak:0.00M | Scene, ViewLayer | Synchronizing object | ENV_leaf_88
Fra:690 Mem:237.14M (Peak 237.15M) | Time:00:00.36 | Mem:0.00M, Peak:0.00M | Scene, ViewLayer | Synchronizing object | ENV_leaf_87
Fra:690 Mem:237.15M (Peak 237.15M) | Time:00:00.36 | Mem:0.00M, Peak:0.00M | Scene, ViewLayer | Synchronizing object | ENV_leaf_86
Fra:690 Mem:237.15M (Peak 237.15M) | Time:00:00.36 | Mem:0.00M, Peak:0.00M | Scene, ViewLayer | Synchronizing object | ENV_leaf_85
Fra:690 Mem:237.15M (Peak 237.15M) | Time:00:00.36 | Mem:0.00M, Peak:0.00M | Scene, ViewLayer | Synchronizing object | ENV_leaf_84
Fra:690 Mem:237.16M (Peak 237.16M) | Time:00:00.36 | Mem:0.00M, Peak:0.00M | Scene, ViewLayer | Synchronizing object | ENV_leaf_83
Fra:690 Mem:237.16M (Peak 237.16M) | Time:00:00.36 | Mem:0.00M, Peak:0.00M | Scene, ViewLayer | Synchronizing object | ENV_leaf_82
Fra:690 Mem:237.17M (Peak 237.17M) | Time:00:00.36 | Mem:0.00M, Peak:0.00M | Scene, ViewLayer | Synchronizing object | ENV_leaf_81
Fra:690 Mem:237.17M (Peak 237.17M) | Time:00:00.36 | Mem:0.00M, Peak:0.00M | Scene, ViewLayer | Synchronizing object | ENV_leaf_80
Fra:690 Mem:237.17M (Peak 237.17M) | Time:00:00.36 | Mem:0.00M, Peak:0.00M | Scene, ViewLayer | Synchronizing object | ENV_leaf_79
Fra:690 Mem:237.18M (Peak 237.18M) | Time:00:00.36 | Mem:0.00M, Peak:0.00M | Scene, ViewLayer | Synchronizing object | ENV_leaf_78
Fra:690 Mem:237.18M (Peak 237.18M) | Time:00:00.36 | Mem:0.00M, Peak:0.00M | Scene, ViewLayer | Synchronizing object | ENV_leaf_77
Fra:690 Mem:237.25M (Peak 237.25M) | Time:00:00.36 | Mem:0.00M, Peak:0.00M | Scene, ViewLayer | Synchronizing object | ENV_leaf_76
Fra:690 Mem:237.25M (Peak 237.25M) | Time:00:00.36 | Mem:0.00M, Peak:0.00M | Scene, ViewLayer | Synchronizing object | ENV_leaf_75
Fra:690 Mem:237.26M (Peak 237.26M) | Time:00:00.36 | Mem:0.00M, Peak:0.00M | Scene, ViewLayer | Synchronizing object | ENV_leaf_74
Fra:690 Mem:237.26M (Peak 237.26M) | Time:00:00.36 | Mem:0.00M, Peak:0.00M | Scene, ViewLayer | Synchronizing object | ENV_leaf_73
Fra:690 Mem:237.35M (Peak 237.35M) | Time:00:00.36 | Mem:0.00M, Peak:0.00M | Scene, ViewLayer | Synchronizing object | ENV_leaf_72
Fra:690 Mem:237.35M (Peak 237.35M) | Time:00:00.36 | Mem:0.00M, Peak:0.00M | Scene, ViewLayer | Synchronizing object | ENV_leaf_71
Fra:690 Mem:237.36M (Peak 237.36M) | Time:00:00.36 | Mem:0.00M, Peak:0.00M | Scene, ViewLayer | Synchronizing object | ENV_leaf_70
Fra:690 Mem:237.30M (Peak 237.36M) | Time:00:00.36 | Mem:0.00M, Peak:0.00M | Scene, ViewLayer | Synchronizing object | ENV_fern_56
Fra:690 Mem:237.38M (Peak 237.38M) | Time:00:00.36 | Mem:0.00M, Peak:0.00M | Scene, ViewLayer | Synchronizing object | ENV_leaf_69
Fra:690 Mem:237.39M (Peak 237.39M) | Time:00:00.36 | Mem:0.00M, Peak:0.00M | Scene, ViewLayer | Synchronizing object | ENV_leaf_68
Fra:690 Mem:237.55M (Peak 237.55M) | Time:00:00.36 | Mem:0.00M, Peak:0.00M | Scene, ViewLayer | Synchronizing object | ENV_leaf_67
Fra:690 Mem:237.59M (Peak 237.59M) | Time:00:00.36 | Mem:0.00M, Peak:0.00M | Scene, ViewLayer | Synchronizing object | ENV_leaf_66
Fra:690 Mem:237.67M (Peak 237.67M) | Time:00:00.36 | Mem:0.00M, Peak:0.00M | Scene, ViewLayer | Synchronizing object | ENV_leaf_65
Fra:690 Mem:237.78M (Peak 237.78M) | Time:00:00.36 | Mem:0.00M, Peak:0.00M | Scene, ViewLayer | Synchronizing object | ENV_leaf_64
Fra:690 Mem:237.78M (Peak 237.78M) | Time:00:00.36 | Mem:0.00M, Peak:0.00M | Scene, ViewLayer | Synchronizing object | ENV_leaf_63
Fra:690 Mem:237.79M (Peak 237.79M) | Time:00:00.36 | Mem:0.00M, Peak:0.00M | Scene, ViewLayer | Synchronizing object | ENV_leaf_62
Fra:690 Mem:237.81M (Peak 237.81M) | Time:00:00.36 | Mem:0.00M, Peak:0.00M | Scene, ViewLayer | Synchronizing object | ENV_leaf_61
Fra:690 Mem:237.87M (Peak 237.87M) | Time:00:00.36 | Mem:0.00M, Peak:0.00M | Scene, ViewLayer | Synchronizing object | ENV_leaf_60
Fra:690 Mem:237.89M (Peak 237.89M) | Time:00:00.36 | Mem:0.00M, Peak:0.00M | Scene, ViewLayer | Synchronizing object | ENV_leaf_59
Fra:690 Mem:237.90M (Peak 237.90M) | Time:00:00.36 | Mem:0.00M, Peak:0.00M | Scene, ViewLayer | Synchronizing object | ENV_leaf_58
Fra:690 Mem:237.90M (Peak 237.90M) | Time:00:00.36 | Mem:0.00M, Peak:0.00M | Scene, ViewLayer | Synchronizing object | ENV_leaf_57
Fra:690 Mem:237.91M (Peak 237.91M) | Time:00:00.36 | Mem:0.00M, Peak:0.00M | Scene, ViewLayer | Synchronizing object | ENV_leaf_56
Fra:690 Mem:237.91M (Peak 237.91M) | Time:00:00.36 | Mem:0.00M, Peak:0.00M | Scene, ViewLayer | Synchronizing object | ENV_leaf_55
Fra:690 Mem:237.91M (Peak 237.91M) | Time:00:00.36 | Mem:0.00M, Peak:0.00M | Scene, ViewLayer | Synchronizing object | ENV_leaf_54
Fra:690 Mem:237.92M (Peak 237.92M) | Time:00:00.36 | Mem:0.00M, Peak:0.00M | Scene, ViewLayer | Synchronizing object | ENV_leaf_53
Fra:690 Mem:237.92M (Peak 237.92M) | Time:00:00.36 | Mem:0.00M, Peak:0.00M | Scene, ViewLayer | Synchronizing object | ENV_leaf_52
Fra:690 Mem:237.91M (Peak 237.92M) | Time:00:00.36 | Mem:0.00M, Peak:0.00M | Scene, ViewLayer | Synchronizing object | ENV_leaf_51
Fra:690 Mem:237.91M (Peak 237.92M) | Time:00:00.36 | Mem:0.00M, Peak:0.00M | Scene, ViewLayer | Synchronizing object | ENV_leaf_50
Fra:690 Mem:237.92M (Peak 237.92M) | Time:00:00.36 | Mem:0.00M, Peak:0.00M | Scene, ViewLayer | Synchronizing object | ENV_leaf_49
Fra:690 Mem:237.92M (Peak 237.92M) | Time:00:00.36 | Mem:0.00M, Peak:0.00M | Scene, ViewLayer | Synchronizing object | ENV_leaf_48
Fra:690 Mem:237.92M (Peak 237.92M) | Time:00:00.36 | Mem:0.00M, Peak:0.00M | Scene, ViewLayer | Synchronizing object | ENV_leaf_47
Fra:690 Mem:237.93M (Peak 237.93M) | Time:00:00.36 | Mem:0.00M, Peak:0.00M | Scene, ViewLayer | Synchronizing object | ENV_leaf_46
Fra:690 Mem:237.93M (Peak 237.93M) | Time:00:00.36 | Mem:0.00M, Peak:0.00M | Scene, ViewLayer | Synchronizing object | ENV_leaf_45
Fra:690 Mem:237.94M (Peak 237.94M) | Time:00:00.36 | Mem:0.00M, Peak:0.00M | Scene, ViewLayer | Synchronizing object | ENV_leaf_44
Fra:690 Mem:237.94M (Peak 237.94M) | Time:00:00.36 | Mem:0.00M, Peak:0.00M | Scene, ViewLayer | Synchronizing object | ENV_leaf_43
Fra:690 Mem:237.94M (Peak 237.94M) | Time:00:00.36 | Mem:0.00M, Peak:0.00M | Scene, ViewLayer | Synchronizing object | ENV_leaf_42
Fra:690 Mem:237.95M (Peak 237.95M) | Time:00:00.36 | Mem:0.00M, Peak:0.00M | Scene, ViewLayer | Synchronizing object | ENV_leaf_41
Fra:690 Mem:237.95M (Peak 237.95M) | Time:00:00.36 | Mem:0.00M, Peak:0.00M | Scene, ViewLayer | Synchronizing object | ENV_leaf_40
Fra:690 Mem:237.96M (Peak 237.96M) | Time:00:00.36 | Mem:0.00M, Peak:0.00M | Scene, ViewLayer | Synchronizing object | ENV_leaf_39
Fra:690 Mem:237.96M (Peak 237.96M) | Time:00:00.36 | Mem:0.00M, Peak:0.00M | Scene, ViewLayer | Synchronizing object | ENV_leaf_38
Fra:690 Mem:237.96M (Peak 237.96M) | Time:00:00.36 | Mem:0.00M, Peak:0.00M | Scene, ViewLayer | Synchronizing object | ENV_leaf_37
Fra:690 Mem:237.97M (Peak 237.97M) | Time:00:00.36 | Mem:0.00M, Peak:0.00M | Scene, ViewLayer | Synchronizing object | ENV_leaf_36
Fra:690 Mem:238.05M (Peak 238.05M) | Time:00:00.36 | Mem:0.00M, Peak:0.00M | Scene, ViewLayer | Synchronizing object | ENV_leaf_35
Fra:690 Mem:238.05M (Peak 238.05M) | Time:00:00.36 | Mem:0.00M, Peak:0.00M | Scene, ViewLayer | Synchronizing object | ENV_leaf_34
Fra:690 Mem:238.06M (Peak 238.06M) | Time:00:00.36 | Mem:0.00M, Peak:0.00M | Scene, ViewLayer | Synchronizing object | ENV_leaf_33
Fra:690 Mem:238.06M (Peak 238.06M) | Time:00:00.36 | Mem:0.00M, Peak:0.00M | Scene, ViewLayer | Synchronizing object | ENV_leaf_32
Fra:690 Mem:238.09M (Peak 238.09M) | Time:00:00.36 | Mem:0.00M, Peak:0.00M | Scene, ViewLayer | Synchronizing object | ENV_leaf_31
Fra:690 Mem:238.17M (Peak 238.17M) | Time:00:00.36 | Mem:0.00M, Peak:0.00M | Scene, ViewLayer | Synchronizing object | ENV_leaf_30
Fra:690 Mem:238.18M (Peak 238.18M) | Time:00:00.36 | Mem:0.00M, Peak:0.00M | Scene, ViewLayer | Synchronizing object | ENV_leaf_29
Fra:690 Mem:238.18M (Peak 238.18M) | Time:00:00.36 | Mem:0.00M, Peak:0.00M | Scene, ViewLayer | Synchronizing object | ENV_leaf_28
Fra:690 Mem:238.19M (Peak 238.19M) | Time:00:00.36 | Mem:0.00M, Peak:0.00M | Scene, ViewLayer | Synchronizing object | ENV_leaf_27
Fra:690 Mem:238.11M (Peak 238.19M) | Time:00:00.36 | Mem:0.00M, Peak:0.00M | Scene, ViewLayer | Synchronizing object | ENV_fern_57
Fra:690 Mem:238.17M (Peak 238.19M) | Time:00:00.36 | Mem:0.00M, Peak:0.00M | Scene, ViewLayer | Synchronizing object | ENV_leaf_26
Fra:690 Mem:238.29M (Peak 238.29M) | Time:00:00.36 | Mem:0.00M, Peak:0.00M | Scene, ViewLayer | Synchronizing object | ENV_leaf_25
Fra:690 Mem:238.35M (Peak 238.35M) | Time:00:00.36 | Mem:0.00M, Peak:0.00M | Scene, ViewLayer | Synchronizing object | ENV_leaf_24
Fra:690 Mem:238.35M (Peak 238.35M) | Time:00:00.36 | Mem:0.00M, Peak:0.00M | Scene, ViewLayer | Synchronizing object | ENV_leaf_23
Fra:690 Mem:238.42M (Peak 238.42M) | Time:00:00.36 | Mem:0.00M, Peak:0.00M | Scene, ViewLayer | Synchronizing object | ENV_leaf_22
Fra:690 Mem:238.42M (Peak 238.42M) | Time:00:00.36 | Mem:0.00M, Peak:0.00M | Scene, ViewLayer | Synchronizing object | ENV_leaf_21
Fra:690 Mem:238.47M (Peak 238.47M) | Time:00:00.36 | Mem:0.00M, Peak:0.00M | Scene, ViewLayer | Synchronizing object | ENV_leaf_20
Fra:690 Mem:238.49M (Peak 238.49M) | Time:00:00.36 | Mem:0.00M, Peak:0.00M | Scene, ViewLayer | Synchronizing object | ENV_leaf_19
Fra:690 Mem:238.49M (Peak 238.49M) | Time:00:00.36 | Mem:0.00M, Peak:0.00M | Scene, ViewLayer | Synchronizing object | ENV_leaf_18
Fra:690 Mem:238.50M (Peak 238.50M) | Time:00:00.36 | Mem:0.00M, Peak:0.00M | Scene, ViewLayer | Synchronizing object | ENV_leaf_17
Fra:690 Mem:238.50M (Peak 238.50M) | Time:00:00.36 | Mem:0.00M, Peak:0.00M | Scene, ViewLayer | Synchronizing object | ENV_leaf_16
Fra:690 Mem:238.49M (Peak 238.50M) | Time:00:00.36 | Mem:0.00M, Peak:0.00M | Scene, ViewLayer | Synchronizing object | ENV_leaf_15
Fra:690 Mem:238.50M (Peak 238.50M) | Time:00:00.36 | Mem:0.00M, Peak:0.00M | Scene, ViewLayer | Synchronizing object | ENV_leaf_14
Fra:690 Mem:238.50M (Peak 238.50M) | Time:00:00.36 | Mem:0.00M, Peak:0.00M | Scene, ViewLayer | Synchronizing object | ENV_leaf_13
Fra:690 Mem:238.50M (Peak 238.50M) | Time:00:00.36 | Mem:0.00M, Peak:0.00M | Scene, ViewLayer | Synchronizing object | ENV_leaf_12
Fra:690 Mem:238.51M (Peak 238.51M) | Time:00:00.36 | Mem:0.00M, Peak:0.00M | Scene, ViewLayer | Synchronizing object | ENV_leaf_11
Fra:690 Mem:238.51M (Peak 238.51M) | Time:00:00.36 | Mem:0.00M, Peak:0.00M | Scene, ViewLayer | Synchronizing object | ENV_leaf_10
Fra:690 Mem:238.52M (Peak 238.52M) | Time:00:00.36 | Mem:0.00M, Peak:0.00M | Scene, ViewLayer | Synchronizing object | ENV_leaf_9
Fra:690 Mem:238.52M (Peak 238.52M) | Time:00:00.36 | Mem:0.00M, Peak:0.00M | Scene, ViewLayer | Synchronizing object | ENV_leaf_8
Fra:690 Mem:238.52M (Peak 238.52M) | Time:00:00.36 | Mem:0.00M, Peak:0.00M | Scene, ViewLayer | Synchronizing object | ENV_leaf_7
Fra:690 Mem:238.53M (Peak 238.53M) | Time:00:00.36 | Mem:0.00M, Peak:0.00M | Scene, ViewLayer | Synchronizing object | ENV_leaf_6
Fra:690 Mem:238.58M (Peak 238.58M) | Time:00:00.36 | Mem:0.00M, Peak:0.00M | Scene, ViewLayer | Synchronizing object | ENV_leaf_5
Fra:690 Mem:238.58M (Peak 238.58M) | Time:00:00.36 | Mem:0.00M, Peak:0.00M | Scene, ViewLayer | Synchronizing object | ENV_leaf_4
Fra:690 Mem:238.59M (Peak 238.59M) | Time:00:00.36 | Mem:0.00M, Peak:0.00M | Scene, ViewLayer | Synchronizing object | ENV_leaf_3
Fra:690 Mem:238.61M (Peak 238.61M) | Time:00:00.36 | Mem:0.00M, Peak:0.00M | Scene, ViewLayer | Synchronizing object | ENV_leaf_2
Fra:690 Mem:238.66M (Peak 238.66M) | Time:00:00.36 | Mem:0.00M, Peak:0.00M | Scene, ViewLayer | Synchronizing object | ENV_leaf_1
Fra:690 Mem:238.67M (Peak 238.67M) | Time:00:00.36 | Mem:0.00M, Peak:0.00M | Scene, ViewLayer | Synchronizing object | ENV_leaf_0
Fra:690 Mem:238.67M (Peak 238.67M) | Time:00:00.36 | Mem:0.00M, Peak:0.00M | Scene, ViewLayer | Synchronizing object | ENV_fern_77
Fra:690 Mem:238.62M (Peak 238.67M) | Time:00:00.36 | Mem:0.00M, Peak:0.00M | Scene, ViewLayer | Synchronizing object | ENV_fern_58
Fra:690 Mem:239.78M (Peak 239.78M) | Time:00:00.36 | Mem:0.00M, Peak:0.00M | Scene, ViewLayer | Synchronizing object | ENV_fern_59
Fra:690 Mem:239.87M (Peak 239.87M) | Time:00:00.36 | Mem:0.00M, Peak:0.00M | Scene, ViewLayer | Synchronizing object | ENV_fern_76
Fra:690 Mem:240.84M (Peak 240.84M) | Time:00:00.36 | Mem:0.00M, Peak:0.00M | Scene, ViewLayer | Synchronizing object | ENV_fern_75
Fra:690 Mem:241.29M (Peak 241.29M) | Time:00:00.36 | Mem:0.00M, Peak:0.00M | Scene, ViewLayer | Synchronizing object | ENV_fern_60
Fra:690 Mem:241.68M (Peak 241.68M) | Time:00:00.36 | Mem:0.00M, Peak:0.00M | Scene, ViewLayer | Synchronizing object | ENV_fern_74
Fra:690 Mem:242.30M (Peak 242.30M) | Time:00:00.36 | Mem:0.00M, Peak:0.00M | Scene, ViewLayer | Synchronizing object | ENV_fern_61
Fra:690 Mem:242.82M (Peak 242.82M) | Time:00:00.36 | Mem:0.00M, Peak:0.00M | Scene, ViewLayer | Synchronizing object | ENV_fern_73
Fra:690 Mem:243.36M (Peak 243.36M) | Time:00:00.37 | Mem:0.00M, Peak:0.00M | Scene, ViewLayer | Synchronizing object | ENV_fern_62
Fra:690 Mem:243.96M (Peak 243.96M) | Time:00:00.37 | Mem:0.00M, Peak:0.00M | Scene, ViewLayer | Synchronizing object | ENV_fern_72
Fra:690 Mem:244.54M (Peak 244.54M) | Time:00:00.37 | Mem:0.00M, Peak:0.00M | Scene, ViewLayer | Synchronizing object | ENV_fern_71
Fra:690 Mem:244.55M (Peak 244.55M) | Time:00:00.37 | Mem:0.00M, Peak:0.00M | Scene, ViewLayer | Synchronizing object | ENV_fern_63
Fra:690 Mem:245.40M (Peak 245.40M) | Time:00:00.37 | Mem:0.00M, Peak:0.00M | Scene, ViewLayer | Synchronizing object | ENV_fern_64
Fra:690 Mem:245.96M (Peak 245.96M) | Time:00:00.37 | Mem:0.00M, Peak:0.00M | Scene, ViewLayer | Synchronizing object | ENV_fern_70
Fra:690 Mem:246.46M (Peak 246.46M) | Time:00:00.37 | Mem:0.00M, Peak:0.00M | Scene, ViewLayer | Synchronizing object | ENV_fern_65
Fra:690 Mem:247.10M (Peak 247.10M) | Time:00:00.37 | Mem:0.00M, Peak:0.00M | Scene, ViewLayer | Synchronizing object | ENV_fern_69
Fra:690 Mem:247.59M (Peak 247.59M) | Time:00:00.37 | Mem:0.00M, Peak:0.00M | Scene, ViewLayer | Synchronizing object | ENV_fern_68
Fra:690 Mem:247.95M (Peak 247.95M) | Time:00:00.37 | Mem:0.00M, Peak:0.00M | Scene, ViewLayer | Synchronizing object | ENV_fern_66
Fra:690 Mem:248.52M (Peak 248.52M) | Time:00:00.37 | Mem:0.00M, Peak:0.00M | Scene, ViewLayer | Synchronizing object | ENV_fern_67
Fra:690 Mem:249.15M (Peak 249.15M) | Time:00:00.37 | Mem:0.00M, Peak:0.00M | Scene, ViewLayer | Initializing
Fra:690 Mem:125.43M (Peak 249.15M) | Time:00:00.41 | Mem:0.00M, Peak:0.00M | Scene, ViewLayer | Waiting for render to start
Fra:690 Mem:125.43M (Peak 249.15M) | Time:00:00.41 | Mem:0.00M, Peak:0.00M | Scene, ViewLayer | Updating Scene
Fra:690 Mem:125.43M (Peak 249.15M) | Time:00:00.41 | Mem:0.00M, Peak:0.00M | Scene, ViewLayer | Updating Shaders
Fra:690 Mem:125.43M (Peak 249.15M) | Time:00:00.42 | Mem:0.00M, Peak:0.00M | Scene, ViewLayer | Loading render kernels (may take a few minutes the first time)
Fra:690 Mem:125.55M (Peak 249.15M) | Time:00:00.42 | Mem:0.05M, Peak:0.05M | Scene, ViewLayer | Updating Procedurals
Fra:690 Mem:125.55M (Peak 249.15M) | Time:00:00.42 | Mem:0.05M, Peak:0.05M | Scene, ViewLayer | Updating Background
Fra:690 Mem:125.55M (Peak 249.15M) | Time:00:00.42 | Mem:0.05M, Peak:0.05M | Scene, ViewLayer | Updating Camera
Fra:690 Mem:125.55M (Peak 249.15M) | Time:00:00.42 | Mem:0.05M, Peak:0.05M | Scene, ViewLayer | Updating Meshes Flags
Fra:690 Mem:125.55M (Peak 249.15M) | Time:00:00.42 | Mem:0.05M, Peak:0.05M | Scene, ViewLayer | Updating Objects
Fra:690 Mem:125.55M (Peak 249.15M) | Time:00:00.42 | Mem:0.05M, Peak:0.05M | Scene, ViewLayer | Updating Objects | Copying Transformations to device
Fra:690 Mem:126.10M (Peak 249.15M) | Time:00:00.42 | Mem:0.57M, Peak:0.57M | Scene, ViewLayer | Updating Particle Systems
Fra:690 Mem:126.10M (Peak 249.15M) | Time:00:00.42 | Mem:0.57M, Peak:0.57M | Scene, ViewLayer | Updating Particle Systems | Copying Particles to device
Fra:690 Mem:126.10M (Peak 249.15M) | Time:00:00.42 | Mem:0.57M, Peak:0.57M | Scene, ViewLayer | Updating Meshes
Fra:690 Mem:126.10M (Peak 249.15M) | Time:00:00.42 | Mem:0.57M, Peak:0.57M | Scene, ViewLayer | Updating Objects | Applying Static Transformations
Fra:690 Mem:126.10M (Peak 249.15M) | Time:00:00.42 | Mem:0.57M, Peak:0.57M | Scene, ViewLayer | Updating Mesh | Computing attributes
Fra:690 Mem:134.18M (Peak 249.15M) | Time:00:00.42 | Mem:0.65M, Peak:0.65M | Scene, ViewLayer | Updating Mesh | Copying Attributes to device
Fra:690 Mem:133.95M (Peak 249.15M) | Time:00:00.43 | Mem:8.43M, Peak:8.43M | Scene, ViewLayer | Updating Geometry BVH FX_010_dot_src 2/4 | Building BVH
Fra:690 Mem:133.95M (Peak 249.15M) | Time:00:00.43 | Mem:8.43M, Peak:8.43M | Scene, ViewLayer | Updating Geometry BVH FX_010_dot_src 2/4 | Building BVH 0%
Fra:690 Mem:133.95M (Peak 249.15M) | Time:00:00.43 | Mem:8.44M, Peak:8.44M | Scene, ViewLayer | Updating Geometry BVH MOSS_PATCH_A.001 3/4 | Building BVH
Fra:690 Mem:133.95M (Peak 249.15M) | Time:00:00.43 | Mem:8.45M, Peak:8.46M | Scene, ViewLayer | Updating Geometry BVH MOSS_PATCH_B.001 4/4 | Building BVH
Fra:690 Mem:133.95M (Peak 249.15M) | Time:00:00.43 | Mem:8.47M, Peak:8.47M | Scene, ViewLayer | Updating Geometry BVH ROCK_SMALL.001 5/4 | Building BVH
Fra:690 Mem:133.95M (Peak 249.15M) | Time:00:00.43 | Mem:8.48M, Peak:8.49M | Scene, ViewLayer | Updating Scene BVH | Building
Fra:690 Mem:133.98M (Peak 249.15M) | Time:00:00.43 | Mem:8.48M, Peak:8.49M | Scene, ViewLayer | Updating Scene BVH | Building BVH
Fra:690 Mem:133.98M (Peak 249.15M) | Time:00:00.68 | Mem:114.55M, Peak:114.55M | Scene, ViewLayer | Updating Scene BVH | Building BVH 98%
Fra:690 Mem:133.98M (Peak 249.15M) | Time:00:00.68 | Mem:80.79M, Peak:116.55M | Scene, ViewLayer | Updating Scene BVH | Copying BVH to device
Fra:690 Mem:133.98M (Peak 249.15M) | Time:00:00.68 | Mem:80.79M, Peak:116.55M | Scene, ViewLayer | Updating Mesh | Computing normals
Fra:690 Mem:167.36M (Peak 249.15M) | Time:00:00.69 | Mem:80.79M, Peak:116.55M | Scene, ViewLayer | Updating Mesh | Copying Mesh to device
Fra:690 Mem:167.36M (Peak 249.15M) | Time:00:00.69 | Mem:114.17M, Peak:116.55M | Scene, ViewLayer | Updating Objects Flags
Fra:690 Mem:167.36M (Peak 249.15M) | Time:00:00.69 | Mem:114.18M, Peak:116.55M | Scene, ViewLayer | Updating Primitive Offsets
Fra:690 Mem:167.37M (Peak 249.15M) | Time:00:00.69 | Mem:114.19M, Peak:116.55M | Scene, ViewLayer | Updating Images
Fra:690 Mem:167.37M (Peak 249.15M) | Time:00:00.69 | Mem:114.19M, Peak:116.55M | Scene, ViewLayer | Updating Camera Volume
Fra:690 Mem:167.37M (Peak 249.15M) | Time:00:00.69 | Mem:114.19M, Peak:116.55M | Scene, ViewLayer | Updating Lookup Tables
Fra:690 Mem:167.37M (Peak 249.15M) | Time:00:00.69 | Mem:114.27M, Peak:116.55M | Scene, ViewLayer | Updating Lights
Fra:690 Mem:167.37M (Peak 249.15M) | Time:00:00.69 | Mem:114.27M, Peak:116.55M | Scene, ViewLayer | Updating Lights | Computing tree
Fra:690 Mem:168.10M (Peak 249.15M) | Time:00:00.71 | Mem:115.00M, Peak:116.55M | Scene, ViewLayer | Updating Integrator
Fra:690 Mem:168.10M (Peak 249.15M) | Time:00:00.71 | Mem:115.00M, Peak:116.55M | Scene, ViewLayer | Updating Film
Fra:690 Mem:168.10M (Peak 249.15M) | Time:00:00.71 | Mem:114.92M, Peak:116.55M | Scene, ViewLayer | Updating Lookup Tables
Fra:690 Mem:168.10M (Peak 249.15M) | Time:00:00.71 | Mem:115.01M, Peak:116.55M | Scene, ViewLayer | Updating Baking
Fra:690 Mem:168.10M (Peak 249.15M) | Time:00:00.71 | Mem:115.01M, Peak:116.55M | Scene, ViewLayer | Updating Device | Writing constant memory
Fra:690 Mem:168.14M (Peak 249.15M) | Time:00:00.71 | Mem:115.01M, Peak:116.55M | Scene, ViewLayer | Loading denoising kernels (may take a few minutes the first time)
Fra:690 Mem:168.14M (Peak 249.15M) | Time:00:00.71 | Mem:115.01M, Peak:116.55M | Scene, ViewLayer | Sample 0/64
Fra:690 Mem:318.45M (Peak 318.45M) | Time:00:15.90 | Remaining:15:57.18 | Mem:265.30M, Peak:265.30M | Scene, ViewLayer | Sample 1/64
Fra:690 Mem:318.45M (Peak 318.45M) | Time:00:31.33 | Remaining:15:49.20 | Mem:265.30M, Peak:265.30M | Scene, ViewLayer | Sample 2/64
Fra:690 Mem:318.45M (Peak 318.45M) | Time:00:46.80 | Remaining:15:37.33 | Mem:265.30M, Peak:265.30M | Scene, ViewLayer | Sample 3/64
Fra:690 Mem:318.45M (Peak 318.45M) | Time:01:02.08 | Remaining:15:20.61 | Mem:265.30M, Peak:265.30M | Scene, ViewLayer | Sample 4/64
Fra:690 Mem:318.45M (Peak 318.45M) | Time:01:17.11 | Remaining:15:01.61 | Mem:265.30M, Peak:265.30M | Scene, ViewLayer | Sample 5/64
Fra:690 Mem:318.45M (Peak 318.45M) | Time:01:31.80 | Remaining:14:40.55 | Mem:265.30M, Peak:265.30M | Scene, ViewLayer | Sample 6/64
Fra:690 Mem:318.45M (Peak 318.45M) | Time:01:46.14 | Remaining:14:18.55 | Mem:265.30M, Peak:265.30M | Scene, ViewLayer | Sample 7/64
Fra:690 Mem:318.45M (Peak 318.45M) | Time:02:00.42 | Remaining:13:57.98 | Mem:265.30M, Peak:265.30M | Scene, ViewLayer | Sample 8/64
Fra:690 Mem:318.45M (Peak 318.45M) | Time:02:29.37 | Remaining:13:22.81 | Mem:265.30M, Peak:265.30M | Scene, ViewLayer | Sample 10/64
Fra:690 Mem:318.45M (Peak 318.45M) | Time:02:59.24 | Remaining:12:53.63 | Mem:265.30M, Peak:265.30M | Scene, ViewLayer | Sample 12/64
Fra:690 Mem:318.45M (Peak 318.45M) | Time:03:27.74 | Remaining:12:19.40 | Mem:265.30M, Peak:265.30M | Scene, ViewLayer | Sample 14/64
Fra:690 Mem:318.45M (Peak 318.45M) | Time:03:56.28 | Remaining:11:46.72 | Mem:265.30M, Peak:265.30M | Scene, ViewLayer | Sample 16/64
Fra:690 Mem:318.45M (Peak 318.45M) | Time:04:24.93 | Remaining:11:15.23 | Mem:265.30M, Peak:265.30M | Scene, ViewLayer | Sample 18/64
Fra:690 Mem:318.45M (Peak 318.45M) | Time:04:54.33 | Remaining:10:45.96 | Mem:265.30M, Peak:265.30M | Scene, ViewLayer | Sample 20/64
Fra:690 Mem:318.45M (Peak 318.45M) | Time:05:22.95 | Remaining:10:15.18 | Mem:265.30M, Peak:265.30M | Scene, ViewLayer | Sample 22/64
Fra:690 Mem:318.45M (Peak 318.45M) | Time:05:51.17 | Remaining:09:44.11 | Mem:265.30M, Peak:265.30M | Scene, ViewLayer | Sample 24/64
Fra:690 Mem:318.45M (Peak 318.45M) | Time:06:20.22 | Remaining:09:14.67 | Mem:265.30M, Peak:265.30M | Scene, ViewLayer | Sample 26/64
Fra:690 Mem:318.45M (Peak 318.45M) | Time:06:49.58 | Remaining:08:45.70 | Mem:265.30M, Peak:265.30M | Scene, ViewLayer | Sample 28/64
Fra:690 Mem:318.45M (Peak 318.45M) | Time:07:18.26 | Remaining:08:15.89 | Mem:265.30M, Peak:265.30M | Scene, ViewLayer | Sample 30/64
Fra:690 Mem:318.45M (Peak 318.45M) | Time:07:47.97 | Remaining:07:47.26 | Mem:265.30M, Peak:265.30M | Scene, ViewLayer | Sample 32/64
Fra:690 Mem:318.45M (Peak 318.45M) | Time:08:18.01 | Remaining:07:18.79 | Mem:265.30M, Peak:265.30M | Scene, ViewLayer | Sample 34/64
Fra:690 Mem:318.45M (Peak 318.45M) | Time:08:52.96 | Remaining:06:53.97 | Mem:265.30M, Peak:265.30M | Scene, ViewLayer | Sample 36/64
Fra:690 Mem:318.45M (Peak 318.45M) | Time:09:23.69 | Remaining:06:25.19 | Mem:265.30M, Peak:265.30M | Scene, ViewLayer | Sample 38/64
Fra:690 Mem:318.45M (Peak 318.45M) | Time:09:53.19 | Remaining:05:55.48 | Mem:265.30M, Peak:265.30M | Scene, ViewLayer | Sample 40/64
Fra:690 Mem:318.45M (Peak 318.45M) | Time:10:22.46 | Remaining:05:25.68 | Mem:265.30M, Peak:265.30M | Scene, ViewLayer | Sample 42/64
Fra:690 Mem:318.45M (Peak 318.45M) | Time:10:52.68 | Remaining:04:56.35 | Mem:265.30M, Peak:265.30M | Scene, ViewLayer | Sample 44/64
Fra:690 Mem:318.45M (Peak 318.45M) | Time:11:23.12 | Remaining:04:27.03 | Mem:265.30M, Peak:265.30M | Scene, ViewLayer | Sample 46/64
Fra:690 Mem:318.45M (Peak 318.45M) | Time:11:52.46 | Remaining:03:57.25 | Mem:265.30M, Peak:265.30M | Scene, ViewLayer | Sample 48/64
Fra:690 Mem:318.45M (Peak 318.45M) | Time:12:21.64 | Remaining:03:27.46 | Mem:265.30M, Peak:265.30M | Scene, ViewLayer | Sample 50/64
Fra:690 Mem:318.45M (Peak 318.45M) | Time:12:51.72 | Remaining:02:57.92 | Mem:265.30M, Peak:265.30M | Scene, ViewLayer | Sample 52/64
Fra:690 Mem:318.45M (Peak 318.45M) | Time:13:20.77 | Remaining:02:28.15 | Mem:265.30M, Peak:265.30M | Scene, ViewLayer | Sample 54/64
Fra:690 Mem:318.45M (Peak 318.45M) | Time:13:52.00 | Remaining:01:58.75 | Mem:265.30M, Peak:265.30M | Scene, ViewLayer | Sample 56/64
Fra:690 Mem:318.45M (Peak 318.45M) | Time:14:25.55 | Remaining:01:29.46 | Mem:265.30M, Peak:265.30M | Scene, ViewLayer | Sample 58/64
Fra:690 Mem:318.45M (Peak 318.45M) | Time:14:58.53 | Remaining:00:59.85 | Mem:265.30M, Peak:265.30M | Scene, ViewLayer | Sample 60/64
Fra:690 Mem:318.45M (Peak 318.45M) | Time:15:33.91 | Remaining:00:30.10 | Mem:265.30M, Peak:265.30M | Scene, ViewLayer | Sample 62/64
Fra:690 Mem:381.74M (Peak 476.66M) | Time:16:23.03 | Mem:265.30M, Peak:265.30M | Scene, ViewLayer | Sample 64/64
Fra:690 Mem:381.74M (Peak 476.66M) | Time:16:23.03 | Mem:265.30M, Peak:265.30M | Scene, ViewLayer | Finished
Saved: '/home/user/liuflexrobo/GLIMMER/renders/final/SHOT_010/frame_0690.jpg'
Time: 16:23.19 (Saving: 00:00.13)

FINAL_FR SHOT_010 690 983.3s
FINAL_RENDER_DONE
FIN_EXIT=0
