Read blend: "/home/user/liuflexrobo/GLIMMER/blend/final/GLIMMER_master.blend"
Fra:193 Mem:134.86M (Peak 134.86M) | Time:00:00.20 | Mem:0.00M, Peak:0.00M | Scene, ViewLayer | Synchronizing object | FX_001_abdomen
Fra:193 Mem:134.94M (Peak 134.94M) | Time:00:00.20 | Mem:0.00M, Peak:0.00M | Scene, ViewLayer | Synchronizing object | FX_001_body
Fra:193 Mem:135.02M (Peak 135.02M) | Time:00:00.20 | Mem:0.00M, Peak:0.00M | Scene, ViewLayer | Synchronizing object | FX_001_wing_L
Fra:193 Mem:135.04M (Peak 135.04M) | Time:00:00.20 | Mem:0.00M, Peak:0.00M | Scene, ViewLayer | Synchronizing object | FX_001_wing_R
Fra:193 Mem:135.05M (Peak 135.05M) | Time:00:00.20 | Mem:0.00M, Peak:0.00M | Scene, ViewLayer | Synchronizing object | FX_010_dot_src
Fra:193 Mem:135.11M (Peak 135.11M) | Time:00:00.20 | Mem:0.00M, Peak:0.00M | Scene, ViewLayer | Synchronizing object | FX_010_swarm
Fra:193 Mem:134.92M (Peak 135.11M) | Time:00:00.20 | Mem:0.00M, Peak:0.00M | Scene, ViewLayer | Synchronizing object | LIGHT_ff_practical
Fra:193 Mem:134.92M (Peak 135.11M) | Time:00:00.20 | Mem:0.00M, Peak:0.00M | Scene, ViewLayer | Synchronizing object | LIGHT_sun
Fra:193 Mem:134.92M (Peak 135.11M) | Time:00:00.20 | Mem:0.00M, Peak:0.00M | Scene, ViewLayer | Synchronizing object | LIGHT_moon
Fra:193 Mem:134.93M (Peak 135.11M) | Time:00:00.20 | Mem:0.00M, Peak:0.00M | Scene, ViewLayer | Synchronizing object | LIGHT_shaft_0
Fra:193 Mem:134.93M (Peak 135.11M) | Time:00:00.20 | Mem:0.00M, Peak:0.00M | Scene, ViewLayer | Synchronizing object | LIGHT_shaft_1
Fra:193 Mem:134.93M (Peak 135.11M) | Time:00:00.20 | Mem:0.00M, Peak:0.00M | Scene, ViewLayer | Synchronizing object | LIGHT_char_fill
Fra:193 Mem:134.93M (Peak 135.11M) | Time:00:00.20 | Mem:0.00M, Peak:0.00M | Scene, ViewLayer | Synchronizing object | LIGHT_night_rim
Fra:193 Mem:134.93M (Peak 135.11M) | Time:00:00.20 | Mem:0.00M, Peak:0.00M | Scene, ViewLayer | Synchronizing object | LIGHT_night_fill
Fra:193 Mem:134.93M (Peak 135.11M) | Time:00:00.20 | Mem:0.00M, Peak:0.00M | Scene, ViewLayer | Synchronizing object | LIGHT_robot_key
Fra:193 Mem:135.69M (Peak 135.69M) | Time:00:00.25 | Mem:0.00M, Peak:0.00M | Scene, ViewLayer | Synchronizing object | CHAR_001_head
Fra:193 Mem:135.97M (Peak 135.97M) | Time:00:00.25 | Mem:0.00M, Peak:0.00M | Scene, ViewLayer | Synchronizing object | CHAR_001_antenna
Fra:193 Mem:138.88M (Peak 138.88M) | Time:00:00.26 | Mem:0.00M, Peak:0.00M | Scene, ViewLayer | Synchronizing object | TWIG_A
Fra:193 Mem:138.92M (Peak 138.92M) | Time:00:00.26 | Mem:0.00M, Peak:0.00M | Scene, ViewLayer | Synchronizing object | TWIG_B
Fra:193 Mem:139.52M (Peak 139.52M) | Time:00:00.26 | Mem:0.00M, Peak:0.00M | Scene, ViewLayer | Synchronizing object | CHAR_001_head_hatch
Fra:193 Mem:139.53M (Peak 139.53M) | Time:00:00.26 | Mem:0.00M, Peak:0.00M | Scene, ViewLayer | Synchronizing object | CHAR_001_head_seam
Fra:193 Mem:139.53M (Peak 139.53M) | Time:00:00.26 | Mem:0.00M, Peak:0.00M | Scene, ViewLayer | Synchronizing object | CHAR_001_eye_rim_L
Fra:193 Mem:139.55M (Peak 139.55M) | Time:00:00.26 | Mem:0.00M, Peak:0.00M | Scene, ViewLayer | Synchronizing object | CHAR_001_eye_L
Fra:193 Mem:139.60M (Peak 139.60M) | Time:00:00.26 | Mem:0.00M, Peak:0.00M | Scene, ViewLayer | Synchronizing object | CHAR_001_iris_L
Fra:193 Mem:139.62M (Peak 139.62M) | Time:00:00.27 | Mem:0.00M, Peak:0.00M | Scene, ViewLayer | Synchronizing object | CHAR_001_eye_rim_R
Fra:193 Mem:139.64M (Peak 139.64M) | Time:00:00.27 | Mem:0.00M, Peak:0.00M | Scene, ViewLayer | Synchronizing object | CHAR_001_eye_R
Fra:193 Mem:139.69M (Peak 139.69M) | Time:00:00.27 | Mem:0.00M, Peak:0.00M | Scene, ViewLayer | Synchronizing object | CHAR_001_iris_R
Fra:193 Mem:139.71M (Peak 139.71M) | Time:00:00.27 | Mem:0.00M, Peak:0.00M | Scene, ViewLayer | Synchronizing object | CHAR_001_antenna_tip
Fra:193 Mem:139.70M (Peak 139.71M) | Time:00:00.27 | Mem:0.00M, Peak:0.00M | Scene, ViewLayer | Synchronizing object | CHAR_001_torso
Fra:193 Mem:139.72M (Peak 139.72M) | Time:00:00.27 | Mem:0.00M, Peak:0.00M | Scene, ViewLayer | Synchronizing object | CHAR_001_torso_panel
Fra:193 Mem:139.81M (Peak 139.81M) | Time:00:00.27 | Mem:0.00M, Peak:0.00M | Scene, ViewLayer | Synchronizing object | CHAR_001_rivets
Fra:193 Mem:140.09M (Peak 140.09M) | Time:00:00.27 | Mem:0.00M, Peak:0.00M | Scene, ViewLayer | Synchronizing object | CHAR_001_vents
Fra:193 Mem:140.10M (Peak 140.10M) | Time:00:00.27 | Mem:0.00M, Peak:0.00M | Scene, ViewLayer | Synchronizing object | CHAR_001_neck
Fra:193 Mem:140.10M (Peak 140.10M) | Time:00:00.27 | Mem:0.00M, Peak:0.00M | Scene, ViewLayer | Synchronizing object | CHAR_001_shoulder_L
Fra:193 Mem:140.13M (Peak 140.13M) | Time:00:00.27 | Mem:0.00M, Peak:0.00M | Scene, ViewLayer | Synchronizing object | CHAR_001_upperarm_L
Fra:193 Mem:140.14M (Peak 140.14M) | Time:00:00.27 | Mem:0.00M, Peak:0.00M | Scene, ViewLayer | Synchronizing object | CHAR_001_forearm_L
Fra:193 Mem:140.15M (Peak 140.15M) | Time:00:00.27 | Mem:0.00M, Peak:0.00M | Scene, ViewLayer | Synchronizing object | CHAR_001_hand_L
Fra:193 Mem:140.22M (Peak 140.22M) | Time:00:00.27 | Mem:0.00M, Peak:0.00M | Scene, ViewLayer | Synchronizing object | CHAR_001_shoulder_R
Fra:193 Mem:140.24M (Peak 140.24M) | Time:00:00.27 | Mem:0.00M, Peak:0.00M | Scene, ViewLayer | Synchronizing object | CHAR_001_upperarm_R
Fra:193 Mem:140.26M (Peak 140.26M) | Time:00:00.27 | Mem:0.00M, Peak:0.00M | Scene, ViewLayer | Synchronizing object | CHAR_001_forearm_R
Fra:193 Mem:140.27M (Peak 140.27M) | Time:00:00.27 | Mem:0.00M, Peak:0.00M | Scene, ViewLayer | Synchronizing object | CHAR_001_hand_R
Fra:193 Mem:140.32M (Peak 140.32M) | Time:00:00.27 | Mem:0.00M, Peak:0.00M | Scene, ViewLayer | Synchronizing object | CHAR_001_finger_R_index
Fra:193 Mem:140.35M (Peak 140.35M) | Time:00:00.27 | Mem:0.00M, Peak:0.00M | Scene, ViewLayer | Synchronizing object | CHAR_001_chassis
Fra:193 Mem:140.35M (Peak 140.35M) | Time:00:00.27 | Mem:0.00M, Peak:0.00M | Scene, ViewLayer | Synchronizing object | CHAR_001_track_plates_L
Fra:193 Mem:140.40M (Peak 140.40M) | Time:00:00.27 | Mem:0.00M, Peak:0.00M | Scene, ViewLayer | Synchronizing object | CHAR_001_wheel_L_0
Fra:193 Mem:140.41M (Peak 140.41M) | Time:00:00.27 | Mem:0.00M, Peak:0.00M | Scene, ViewLayer | Synchronizing object | CHAR_001_wheel_L_1
Fra:193 Mem:140.42M (Peak 140.42M) | Time:00:00.27 | Mem:0.00M, Peak:0.00M | Scene, ViewLayer | Synchronizing object | CHAR_001_wheel_L_2
Fra:193 Mem:140.42M (Peak 140.42M) | Time:00:00.27 | Mem:0.00M, Peak:0.00M | Scene, ViewLayer | Synchronizing object | CHAR_001_wheel_L_3
Fra:193 Mem:140.41M (Peak 140.42M) | Time:00:00.27 | Mem:0.00M, Peak:0.00M | Scene, ViewLayer | Synchronizing object | CHAR_001_wheel_L_4
Fra:193 Mem:140.44M (Peak 140.44M) | Time:00:00.27 | Mem:0.00M, Peak:0.00M | Scene, ViewLayer | Synchronizing object | CHAR_001_fender_L
Fra:193 Mem:140.45M (Peak 140.45M) | Time:00:00.27 | Mem:0.00M, Peak:0.00M | Scene, ViewLayer | Synchronizing object | CHAR_001_track_plates_R
Fra:193 Mem:140.49M (Peak 140.49M) | Time:00:00.27 | Mem:0.00M, Peak:0.00M | Scene, ViewLayer | Synchronizing object | CHAR_001_wheel_R_0
Fra:193 Mem:140.48M (Peak 140.49M) | Time:00:00.27 | Mem:0.00M, Peak:0.00M | Scene, ViewLayer | Synchronizing object | CHAR_001_wheel_R_1
Fra:193 Mem:140.49M (Peak 140.49M) | Time:00:00.27 | Mem:0.00M, Peak:0.00M | Scene, ViewLayer | Synchronizing object | CHAR_001_wheel_R_2
Fra:193 Mem:140.50M (Peak 140.50M) | Time:00:00.27 | Mem:0.00M, Peak:0.00M | Scene, ViewLayer | Synchronizing object | CHAR_001_wheel_R_3
Fra:193 Mem:140.58M (Peak 140.58M) | Time:00:00.27 | Mem:0.00M, Peak:0.00M | Scene, ViewLayer | Synchronizing object | CHAR_001_wheel_R_4
Fra:193 Mem:140.83M (Peak 140.83M) | Time:00:00.27 | Mem:0.00M, Peak:0.00M | Scene, ViewLayer | Synchronizing object | CHAR_001_fender_R
Fra:193 Mem:140.84M (Peak 140.84M) | Time:00:00.27 | Mem:0.00M, Peak:0.00M | Scene, ViewLayer | Synchronizing object | TREE_TRUNK_A
Fra:193 Mem:141.29M (Peak 141.87M) | Time:00:00.27 | Mem:0.00M, Peak:0.00M | Scene, ViewLayer | Synchronizing object | TREE_TRUNK_B
Fra:193 Mem:142.06M (Peak 142.62M) | Time:00:00.27 | Mem:0.00M, Peak:0.00M | Scene, ViewLayer | Synchronizing object | TREE_TRUNK_C
Fra:193 Mem:142.82M (Peak 143.40M) | Time:00:00.28 | Mem:0.00M, Peak:0.00M | Scene, ViewLayer | Synchronizing object | ROOT_A
Fra:193 Mem:142.84M (Peak 143.40M) | Time:00:00.28 | Mem:0.00M, Peak:0.00M | Scene, ViewLayer | Synchronizing object | ROOT_B
Fra:193 Mem:142.85M (Peak 143.40M) | Time:00:00.28 | Mem:0.00M, Peak:0.00M | Scene, ViewLayer | Synchronizing object | ROOT_C
Fra:193 Mem:142.87M (Peak 143.40M) | Time:00:00.28 | Mem:0.00M, Peak:0.00M | Scene, ViewLayer | Synchronizing object | FALLEN_LOG_HERO
Fra:193 Mem:143.30M (Peak 143.40M) | Time:00:00.28 | Mem:0.00M, Peak:0.00M | Scene, ViewLayer | Synchronizing object | FERN_A
Fra:193 Mem:143.70M (Peak 143.70M) | Time:00:00.28 | Mem:0.00M, Peak:0.00M | Scene, ViewLayer | Synchronizing object | FERN_B
Fra:193 Mem:144.21M (Peak 144.21M) | Time:00:00.28 | Mem:0.00M, Peak:0.00M | Scene, ViewLayer | Synchronizing object | FERN_C
Fra:193 Mem:145.16M (Peak 145.16M) | Time:00:00.28 | Mem:0.00M, Peak:0.00M | Scene, ViewLayer | Synchronizing object | MOSS_PATCH_A
Fra:193 Mem:145.17M (Peak 145.17M) | Time:00:00.28 | Mem:0.00M, Peak:0.00M | Scene, ViewLayer | Synchronizing object | MOSS_PATCH_B
Fra:193 Mem:145.19M (Peak 145.19M) | Time:00:00.28 | Mem:0.00M, Peak:0.00M | Scene, ViewLayer | Synchronizing object | GROUND_LEAF_A
Fra:193 Mem:145.19M (Peak 145.19M) | Time:00:00.28 | Mem:0.00M, Peak:0.00M | Scene, ViewLayer | Synchronizing object | GROUND_LEAF_B
Fra:193 Mem:145.20M (Peak 145.20M) | Time:00:00.28 | Mem:0.00M, Peak:0.00M | Scene, ViewLayer | Synchronizing object | GROUND_LEAF_C
Fra:193 Mem:145.20M (Peak 145.20M) | Time:00:00.28 | Mem:0.00M, Peak:0.00M | Scene, ViewLayer | Synchronizing object | ROCK_SMALL
Fra:193 Mem:145.21M (Peak 145.21M) | Time:00:00.28 | Mem:0.00M, Peak:0.00M | Scene, ViewLayer | Synchronizing object | BACKGROUND_TREE
Fra:193 Mem:146.02M (Peak 146.02M) | Time:00:00.28 | Mem:0.00M, Peak:0.00M | Scene, ViewLayer | Synchronizing object | ENV_ground
Fra:193 Mem:147.26M (Peak 147.26M) | Time:00:00.28 | Mem:0.00M, Peak:0.00M | Scene, ViewLayer | Synchronizing object | ENV_hero_tree
Fra:193 Mem:147.86M (Peak 148.41M) | Time:00:00.29 | Mem:0.00M, Peak:0.00M | Scene, ViewLayer | Synchronizing object | ENV_root_0
Fra:193 Mem:148.17M (Peak 148.41M) | Time:00:00.29 | Mem:0.00M, Peak:0.00M | Scene, ViewLayer | Synchronizing object | ENV_root_1
Fra:193 Mem:148.19M (Peak 148.41M) | Time:00:00.29 | Mem:0.00M, Peak:0.00M | Scene, ViewLayer | Synchronizing object | ENV_root_2
Fra:193 Mem:148.20M (Peak 148.41M) | Time:00:00.29 | Mem:0.00M, Peak:0.00M | Scene, ViewLayer | Synchronizing object | ENV_root_3
Fra:193 Mem:148.22M (Peak 148.41M) | Time:00:00.29 | Mem:0.00M, Peak:0.00M | Scene, ViewLayer | Synchronizing object | ENV_root_4
Fra:193 Mem:148.23M (Peak 148.41M) | Time:00:00.29 | Mem:0.00M, Peak:0.00M | Scene, ViewLayer | Synchronizing object | ENV_root_5
Fra:193 Mem:148.24M (Peak 148.41M) | Time:00:00.29 | Mem:0.00M, Peak:0.00M | Scene, ViewLayer | Synchronizing object | ENV_fallen_log
Fra:193 Mem:148.32M (Peak 148.41M) | Time:00:00.29 | Mem:0.00M, Peak:0.00M | Scene, ViewLayer | Synchronizing object | ENV_midtree_0
Fra:193 Mem:149.08M (Peak 149.65M) | Time:00:00.29 | Mem:0.00M, Peak:0.00M | Scene, ViewLayer | Synchronizing object | ENV_midtree_1
Fra:193 Mem:149.84M (Peak 150.41M) | Time:00:00.29 | Mem:0.00M, Peak:0.00M | Scene, ViewLayer | Synchronizing object | ENV_midtree_2
Fra:193 Mem:150.59M (Peak 151.17M) | Time:00:00.30 | Mem:0.00M, Peak:0.00M | Scene, ViewLayer | Synchronizing object | ENV_midtree_3
Fra:193 Mem:151.66M (Peak 151.92M) | Time:00:00.30 | Mem:0.00M, Peak:0.00M | Scene, ViewLayer | Synchronizing object | ENV_midtree_4
Fra:193 Mem:152.42M (Peak 152.99M) | Time:00:00.30 | Mem:0.00M, Peak:0.00M | Scene, ViewLayer | Synchronizing object | ENV_midtree_5
Fra:193 Mem:153.19M (Peak 153.75M) | Time:00:00.31 | Mem:0.00M, Peak:0.00M | Scene, ViewLayer | Synchronizing object | ENV_bgtree_0
Fra:193 Mem:153.75M (Peak 153.75M) | Time:00:00.31 | Mem:0.00M, Peak:0.00M | Scene, ViewLayer | Synchronizing object | ENV_bgtree_1
Fra:193 Mem:154.65M (Peak 154.65M) | Time:00:00.31 | Mem:0.00M, Peak:0.00M | Scene, ViewLayer | Synchronizing object | ENV_bgtree_2
Fra:193 Mem:155.21M (Peak 155.21M) | Time:00:00.31 | Mem:0.00M, Peak:0.00M | Scene, ViewLayer | Synchronizing object | ENV_bgtree_3
Fra:193 Mem:156.11M (Peak 156.11M) | Time:00:00.31 | Mem:0.00M, Peak:0.00M | Scene, ViewLayer | Synchronizing object | ENV_bgtree_4
Fra:193 Mem:156.98M (Peak 156.98M) | Time:00:00.31 | Mem:0.00M, Peak:0.00M | Scene, ViewLayer | Synchronizing object | ENV_bgtree_5
Fra:193 Mem:157.55M (Peak 157.55M) | Time:00:00.31 | Mem:0.00M, Peak:0.00M | Scene, ViewLayer | Synchronizing object | ENV_bgtree_6
Fra:193 Mem:158.44M (Peak 158.44M) | Time:00:00.32 | Mem:0.00M, Peak:0.00M | Scene, ViewLayer | Synchronizing object | ENV_bgtree_7
Fra:193 Mem:159.19M (Peak 159.19M) | Time:00:00.32 | Mem:0.00M, Peak:0.00M | Scene, ViewLayer | Synchronizing object | ENV_bgtree_8
Fra:193 Mem:159.90M (Peak 159.90M) | Time:00:00.32 | Mem:0.00M, Peak:0.00M | Scene, ViewLayer | Synchronizing object | ENV_bgtree_9
Fra:193 Mem:160.78M (Peak 160.78M) | Time:00:00.32 | Mem:0.00M, Peak:0.00M | Scene, ViewLayer | Synchronizing object | ENV_bgtree_10
Fra:193 Mem:161.36M (Peak 161.36M) | Time:00:00.32 | Mem:0.00M, Peak:0.00M | Scene, ViewLayer | Synchronizing object | ENV_bgtree_11
Fra:193 Mem:162.24M (Peak 162.24M) | Time:00:00.32 | Mem:0.00M, Peak:0.00M | Scene, ViewLayer | Synchronizing object | ENV_bgtree_12
Fra:193 Mem:163.12M (Peak 163.12M) | Time:00:00.32 | Mem:0.00M, Peak:0.00M | Scene, ViewLayer | Synchronizing object | ENV_bgtree_13
Fra:193 Mem:163.70M (Peak 163.70M) | Time:00:00.33 | Mem:0.00M, Peak:0.00M | Scene, ViewLayer | Synchronizing object | ENV_bgtree_14
Fra:193 Mem:164.58M (Peak 164.58M) | Time:00:00.33 | Mem:0.00M, Peak:0.00M | Scene, ViewLayer | Synchronizing object | ENV_bgtree_15
Fra:193 Mem:165.14M (Peak 165.14M) | Time:00:00.33 | Mem:0.00M, Peak:0.00M | Scene, ViewLayer | Synchronizing object | ENV_bgtree_16
Fra:193 Mem:166.04M (Peak 166.04M) | Time:00:00.33 | Mem:0.00M, Peak:0.00M | Scene, ViewLayer | Synchronizing object | ENV_bgtree_17
Fra:193 Mem:166.63M (Peak 166.63M) | Time:00:00.33 | Mem:0.00M, Peak:0.00M | Scene, ViewLayer | Synchronizing object | ENV_bgtree_18
Fra:193 Mem:167.50M (Peak 167.50M) | Time:00:00.33 | Mem:0.00M, Peak:0.00M | Scene, ViewLayer | Synchronizing object | ENV_bgtree_19
Fra:193 Mem:168.06M (Peak 168.06M) | Time:00:00.33 | Mem:0.00M, Peak:0.00M | Scene, ViewLayer | Synchronizing object | ENV_bgtree_20
Fra:193 Mem:168.96M (Peak 168.96M) | Time:00:00.33 | Mem:0.00M, Peak:0.00M | Scene, ViewLayer | Synchronizing object | ENV_bgtree_21
Fra:193 Mem:169.84M (Peak 169.84M) | Time:00:00.34 | Mem:0.00M, Peak:0.00M | Scene, ViewLayer | Synchronizing object | ENV_bgtree_22
Fra:193 Mem:170.40M (Peak 170.40M) | Time:00:00.34 | Mem:0.00M, Peak:0.00M | Scene, ViewLayer | Synchronizing object | ENV_bgtree_23
Fra:193 Mem:171.29M (Peak 171.29M) | Time:00:00.34 | Mem:0.00M, Peak:0.00M | Scene, ViewLayer | Synchronizing object | ENV_bgtree_24
Fra:193 Mem:172.16M (Peak 172.16M) | Time:00:00.34 | Mem:0.00M, Peak:0.00M | Scene, ViewLayer | Synchronizing object | ENV_bgtree_25
Fra:193 Mem:173.04M (Peak 173.04M) | Time:00:00.34 | Mem:0.00M, Peak:0.00M | Scene, ViewLayer | Synchronizing object | ENV_bgtree_26
Fra:193 Mem:173.92M (Peak 173.92M) | Time:00:00.34 | Mem:0.00M, Peak:0.00M | Scene, ViewLayer | Synchronizing object | ENV_bgtree_27
Fra:193 Mem:174.80M (Peak 174.80M) | Time:00:00.35 | Mem:0.00M, Peak:0.00M | Scene, ViewLayer | Synchronizing object | ENV_bgtree_28
Fra:193 Mem:175.68M (Peak 175.68M) | Time:00:00.35 | Mem:0.00M, Peak:0.00M | Scene, ViewLayer | Synchronizing object | ENV_bgtree_29
Fra:193 Mem:176.55M (Peak 176.55M) | Time:00:00.35 | Mem:0.00M, Peak:0.00M | Scene, ViewLayer | Synchronizing object | ENV_bgtree_30
Fra:193 Mem:177.43M (Peak 177.43M) | Time:00:00.35 | Mem:0.00M, Peak:0.00M | Scene, ViewLayer | Synchronizing object | ENV_bgtree_31
Fra:193 Mem:178.31M (Peak 178.31M) | Time:00:00.35 | Mem:0.00M, Peak:0.00M | Scene, ViewLayer | Synchronizing object | ENV_bgtree_32
Fra:193 Mem:179.19M (Peak 179.19M) | Time:00:00.36 | Mem:0.00M, Peak:0.00M | Scene, ViewLayer | Synchronizing object | ENV_bgtree_33
Fra:193 Mem:180.07M (Peak 180.07M) | Time:00:00.36 | Mem:0.00M, Peak:0.00M | Scene, ViewLayer | Synchronizing object | ENV_bgtree_34
Fra:193 Mem:180.95M (Peak 180.95M) | Time:00:00.36 | Mem:0.00M, Peak:0.00M | Scene, ViewLayer | Synchronizing object | ENV_bgtree_35
Fra:193 Mem:181.82M (Peak 181.82M) | Time:00:00.36 | Mem:0.00M, Peak:0.00M | Scene, ViewLayer | Synchronizing object | ENV_bgtree_36
Fra:193 Mem:182.70M (Peak 182.70M) | Time:00:00.36 | Mem:0.00M, Peak:0.00M | Scene, ViewLayer | Synchronizing object | ENV_bgtree_37
Fra:193 Mem:183.59M (Peak 183.59M) | Time:00:00.36 | Mem:0.00M, Peak:0.00M | Scene, ViewLayer | Synchronizing object | ENV_bgtree_38
Fra:193 Mem:184.46M (Peak 184.46M) | Time:00:00.37 | Mem:0.00M, Peak:0.00M | Scene, ViewLayer | Synchronizing object | ENV_bgtree_39
Fra:193 Mem:185.34M (Peak 185.34M) | Time:00:00.37 | Mem:0.00M, Peak:0.00M | Scene, ViewLayer | Synchronizing object | ENV_bgtree_40
Fra:193 Mem:186.22M (Peak 186.22M) | Time:00:00.37 | Mem:0.00M, Peak:0.00M | Scene, ViewLayer | Synchronizing object | ENV_bgtree_41
Fra:193 Mem:187.09M (Peak 187.09M) | Time:00:00.37 | Mem:0.00M, Peak:0.00M | Scene, ViewLayer | Synchronizing object | ENV_bgtree_42
Fra:193 Mem:187.97M (Peak 187.97M) | Time:00:00.38 | Mem:0.00M, Peak:0.00M | Scene, ViewLayer | Synchronizing object | ENV_bgtree_43
Fra:193 Mem:188.85M (Peak 188.85M) | Time:00:00.38 | Mem:0.00M, Peak:0.00M | Scene, ViewLayer | Synchronizing object | ENV_bgtree_44
Fra:193 Mem:189.73M (Peak 189.73M) | Time:00:00.38 | Mem:0.00M, Peak:0.00M | Scene, ViewLayer | Synchronizing object | ENV_bgtree_45
Fra:193 Mem:190.61M (Peak 190.61M) | Time:00:00.38 | Mem:0.00M, Peak:0.00M | Scene, ViewLayer | Synchronizing object | ENV_bgtree_46
Fra:193 Mem:191.48M (Peak 191.48M) | Time:00:00.38 | Mem:0.00M, Peak:0.00M | Scene, ViewLayer | Synchronizing object | ENV_bgtree_47
Fra:193 Mem:192.36M (Peak 192.36M) | Time:00:00.39 | Mem:0.00M, Peak:0.00M | Scene, ViewLayer | Synchronizing object | ENV_bgtree_48
Fra:193 Mem:193.24M (Peak 193.24M) | Time:00:00.39 | Mem:0.00M, Peak:0.00M | Scene, ViewLayer | Synchronizing object | ENV_bgtree_49
Fra:193 Mem:194.12M (Peak 194.12M) | Time:00:00.39 | Mem:0.00M, Peak:0.00M | Scene, ViewLayer | Synchronizing object | ENV_bgtree_50
Fra:193 Mem:195.00M (Peak 195.00M) | Time:00:00.39 | Mem:0.00M, Peak:0.00M | Scene, ViewLayer | Synchronizing object | ENV_bgtree_51
Fra:193 Mem:195.88M (Peak 195.88M) | Time:00:00.39 | Mem:0.00M, Peak:0.00M | Scene, ViewLayer | Synchronizing object | ENV_bgtree_52
Fra:193 Mem:196.75M (Peak 196.75M) | Time:00:00.40 | Mem:0.00M, Peak:0.00M | Scene, ViewLayer | Synchronizing object | ENV_bgtree_53
Fra:193 Mem:197.63M (Peak 197.63M) | Time:00:00.40 | Mem:0.00M, Peak:0.00M | Scene, ViewLayer | Synchronizing object | ENV_bgtree_54
Fra:193 Mem:198.51M (Peak 198.51M) | Time:00:00.40 | Mem:0.00M, Peak:0.00M | Scene, ViewLayer | Synchronizing object | ENV_bgtree_55
Fra:193 Mem:199.39M (Peak 199.39M) | Time:00:00.40 | Mem:0.00M, Peak:0.00M | Scene, ViewLayer | Synchronizing object | ENV_bgtree_56
Fra:193 Mem:200.27M (Peak 200.27M) | Time:00:00.41 | Mem:0.00M, Peak:0.00M | Scene, ViewLayer | Synchronizing object | ENV_bgtree_57
Fra:193 Mem:201.14M (Peak 201.14M) | Time:00:00.41 | Mem:0.00M, Peak:0.00M | Scene, ViewLayer | Synchronizing object | ENV_bgtree_58
Fra:193 Mem:202.02M (Peak 202.02M) | Time:00:00.41 | Mem:0.00M, Peak:0.00M | Scene, ViewLayer | Synchronizing object | ENV_bgtree_59
Fra:193 Mem:202.63M (Peak 202.63M) | Time:00:00.41 | Mem:0.00M, Peak:0.00M | Scene, ViewLayer | Synchronizing object | ENV_fern_0
Fra:193 Mem:203.05M (Peak 203.05M) | Time:00:00.41 | Mem:0.00M, Peak:0.00M | Scene, ViewLayer | Synchronizing object | ENV_fern_1
Fra:193 Mem:203.60M (Peak 203.60M) | Time:00:00.41 | Mem:0.00M, Peak:0.00M | Scene, ViewLayer | Synchronizing object | ENV_fern_2
Fra:193 Mem:204.27M (Peak 204.27M) | Time:00:00.41 | Mem:0.00M, Peak:0.00M | Scene, ViewLayer | Synchronizing object | ENV_fern_3
Fra:193 Mem:204.69M (Peak 204.69M) | Time:00:00.41 | Mem:0.00M, Peak:0.00M | Scene, ViewLayer | Synchronizing object | ENV_fern_4
Fra:193 Mem:205.23M (Peak 205.23M) | Time:00:00.42 | Mem:0.00M, Peak:0.00M | Scene, ViewLayer | Synchronizing object | ENV_fern_5
Fra:193 Mem:205.90M (Peak 205.90M) | Time:00:00.42 | Mem:0.00M, Peak:0.00M | Scene, ViewLayer | Synchronizing object | ENV_fern_6
Fra:193 Mem:206.32M (Peak 206.32M) | Time:00:00.42 | Mem:0.00M, Peak:0.00M | Scene, ViewLayer | Synchronizing object | ENV_fern_7
Fra:193 Mem:206.87M (Peak 206.87M) | Time:00:00.42 | Mem:0.00M, Peak:0.00M | Scene, ViewLayer | Synchronizing object | ENV_fern_8
Fra:193 Mem:207.55M (Peak 207.55M) | Time:00:00.42 | Mem:0.00M, Peak:0.00M | Scene, ViewLayer | Synchronizing object | ENV_fern_9
Fra:193 Mem:207.98M (Peak 207.98M) | Time:00:00.42 | Mem:0.00M, Peak:0.00M | Scene, ViewLayer | Synchronizing object | ENV_fern_10
Fra:193 Mem:208.53M (Peak 208.53M) | Time:00:00.42 | Mem:0.00M, Peak:0.00M | Scene, ViewLayer | Synchronizing object | ENV_fern_11
Fra:193 Mem:209.08M (Peak 209.08M) | Time:00:00.42 | Mem:0.00M, Peak:0.00M | Scene, ViewLayer | Synchronizing object | ENV_twig_0
Fra:193 Mem:209.21M (Peak 209.21M) | Time:00:00.42 | Mem:0.00M, Peak:0.00M | Scene, ViewLayer | Synchronizing object | ENV_twig_1
Fra:193 Mem:209.28M (Peak 209.28M) | Time:00:00.42 | Mem:0.00M, Peak:0.00M | Scene, ViewLayer | Synchronizing object | ENV_twig_2
Fra:193 Mem:209.32M (Peak 209.32M) | Time:00:00.42 | Mem:0.00M, Peak:0.00M | Scene, ViewLayer | Synchronizing object | ENV_fern_12
Fra:193 Mem:209.38M (Peak 209.38M) | Time:00:00.42 | Mem:0.00M, Peak:0.00M | Scene, ViewLayer | Synchronizing object | ENV_twig_3
Fra:193 Mem:209.66M (Peak 209.66M) | Time:00:00.42 | Mem:0.00M, Peak:0.00M | Scene, ViewLayer | Synchronizing object | ENV_twig_4
Fra:193 Mem:209.76M (Peak 209.76M) | Time:00:00.42 | Mem:0.00M, Peak:0.00M | Scene, ViewLayer | Synchronizing object | ENV_twig_5
Fra:193 Mem:209.80M (Peak 209.80M) | Time:00:00.42 | Mem:0.00M, Peak:0.00M | Scene, ViewLayer | Synchronizing object | ENV_twig_6
Fra:193 Mem:209.84M (Peak 209.84M) | Time:00:00.42 | Mem:0.00M, Peak:0.00M | Scene, ViewLayer | Synchronizing object | ENV_twig_7
Fra:193 Mem:209.94M (Peak 209.94M) | Time:00:00.42 | Mem:0.00M, Peak:0.00M | Scene, ViewLayer | Synchronizing object | ENV_twig_8
Fra:193 Mem:209.99M (Peak 209.99M) | Time:00:00.42 | Mem:0.00M, Peak:0.00M | Scene, ViewLayer | Synchronizing object | ENV_fern_13
Fra:193 Mem:210.07M (Peak 210.07M) | Time:00:00.42 | Mem:0.00M, Peak:0.00M | Scene, ViewLayer | Synchronizing object | ENV_twig_9
Fra:193 Mem:210.34M (Peak 210.34M) | Time:00:00.42 | Mem:0.00M, Peak:0.00M | Scene, ViewLayer | Synchronizing object | ENV_twig_10
Fra:193 Mem:210.54M (Peak 210.54M) | Time:00:00.42 | Mem:0.00M, Peak:0.00M | Scene, ViewLayer | Synchronizing object | ENV_twig_11
Fra:193 Mem:210.59M (Peak 210.59M) | Time:00:00.42 | Mem:0.00M, Peak:0.00M | Scene, ViewLayer | Synchronizing object | ENV_twig_12
Fra:193 Mem:210.62M (Peak 210.62M) | Time:00:00.42 | Mem:0.00M, Peak:0.00M | Scene, ViewLayer | Synchronizing object | ENV_twig_13
Fra:193 Mem:210.66M (Peak 210.66M) | Time:00:00.42 | Mem:0.00M, Peak:0.00M | Scene, ViewLayer | Synchronizing object | ENV_twig_14
Fra:193 Mem:210.71M (Peak 210.71M) | Time:00:00.42 | Mem:0.00M, Peak:0.00M | Scene, ViewLayer | Synchronizing object | ENV_twig_15
Fra:193 Mem:210.82M (Peak 210.82M) | Time:00:00.42 | Mem:0.00M, Peak:0.00M | Scene, ViewLayer | Synchronizing object | ENV_twig_16
Fra:193 Mem:210.95M (Peak 210.95M) | Time:00:00.42 | Mem:0.00M, Peak:0.00M | Scene, ViewLayer | Synchronizing object | ENV_twig_17
Fra:193 Mem:210.93M (Peak 210.95M) | Time:00:00.42 | Mem:0.00M, Peak:0.00M | Scene, ViewLayer | Synchronizing object | ENV_fern_14
Fra:193 Mem:211.02M (Peak 211.02M) | Time:00:00.42 | Mem:0.00M, Peak:0.00M | Scene, ViewLayer | Synchronizing object | ENV_twig_18
Fra:193 Mem:211.34M (Peak 211.34M) | Time:00:00.42 | Mem:0.00M, Peak:0.00M | Scene, ViewLayer | Synchronizing object | ENV_twig_19
Fra:193 Mem:211.48M (Peak 211.48M) | Time:00:00.42 | Mem:0.00M, Peak:0.00M | Scene, ViewLayer | Synchronizing object | ENV_twig_20
Fra:193 Mem:211.62M (Peak 211.62M) | Time:00:00.42 | Mem:0.00M, Peak:0.00M | Scene, ViewLayer | Synchronizing object | ENV_twig_21
Fra:193 Mem:211.65M (Peak 211.65M) | Time:00:00.42 | Mem:0.00M, Peak:0.00M | Scene, ViewLayer | Synchronizing object | ENV_twig_22
Fra:193 Mem:211.70M (Peak 211.70M) | Time:00:00.42 | Mem:0.00M, Peak:0.00M | Scene, ViewLayer | Synchronizing object | ENV_twig_23
Fra:193 Mem:211.74M (Peak 211.74M) | Time:00:00.42 | Mem:0.00M, Peak:0.00M | Scene, ViewLayer | Synchronizing object | ENV_twig_24
Fra:193 Mem:211.79M (Peak 211.79M) | Time:00:00.42 | Mem:0.00M, Peak:0.00M | Scene, ViewLayer | Synchronizing object | ENV_twig_25
Fra:193 Mem:211.94M (Peak 211.94M) | Time:00:00.43 | Mem:0.00M, Peak:0.00M | Scene, ViewLayer | Synchronizing object | ENV_fern_15
Fra:193 Mem:212.17M (Peak 212.17M) | Time:00:00.43 | Mem:0.00M, Peak:0.00M | Scene, ViewLayer | Synchronizing object | PROP_twig_hero
Fra:193 Mem:212.24M (Peak 212.24M) | Time:00:00.43 | Mem:0.00M, Peak:0.00M | Scene, ViewLayer | Synchronizing object | ENV_mist
Fra:193 Mem:212.24M (Peak 212.24M) | Time:00:00.43 | Mem:0.00M, Peak:0.00M | Scene, ViewLayer | Synchronizing object | ENV_leaf_1099
Fra:193 Mem:212.31M (Peak 212.31M) | Time:00:00.43 | Mem:0.00M, Peak:0.00M | Scene, ViewLayer | Synchronizing object | ENV_leaf_1098
Fra:193 Mem:212.31M (Peak 212.31M) | Time:00:00.43 | Mem:0.00M, Peak:0.00M | Scene, ViewLayer | Synchronizing object | ENV_leaf_1097
Fra:193 Mem:212.32M (Peak 212.32M) | Time:00:00.43 | Mem:0.00M, Peak:0.00M | Scene, ViewLayer | Synchronizing object | ENV_leaf_1096
Fra:193 Mem:212.32M (Peak 212.32M) | Time:00:00.43 | Mem:0.00M, Peak:0.00M | Scene, ViewLayer | Synchronizing object | ENV_leaf_1095
Fra:193 Mem:212.31M (Peak 212.32M) | Time:00:00.43 | Mem:0.00M, Peak:0.00M | Scene, ViewLayer | Synchronizing object | ENV_leaf_1094
Fra:193 Mem:212.32M (Peak 212.32M) | Time:00:00.43 | Mem:0.00M, Peak:0.00M | Scene, ViewLayer | Synchronizing object | ENV_leaf_1093
Fra:193 Mem:212.32M (Peak 212.32M) | Time:00:00.43 | Mem:0.00M, Peak:0.00M | Scene, ViewLayer | Synchronizing object | ENV_leaf_1092
Fra:193 Mem:212.32M (Peak 212.32M) | Time:00:00.43 | Mem:0.00M, Peak:0.00M | Scene, ViewLayer | Synchronizing object | ENV_leaf_1091
Fra:193 Mem:212.33M (Peak 212.33M) | Time:00:00.43 | Mem:0.00M, Peak:0.00M | Scene, ViewLayer | Synchronizing object | ENV_leaf_1090
Fra:193 Mem:212.33M (Peak 212.33M) | Time:00:00.43 | Mem:0.00M, Peak:0.00M | Scene, ViewLayer | Synchronizing object | ENV_leaf_1089
Fra:193 Mem:212.34M (Peak 212.34M) | Time:00:00.43 | Mem:0.00M, Peak:0.00M | Scene, ViewLayer | Synchronizing object | ENV_leaf_1088
Fra:193 Mem:212.34M (Peak 212.34M) | Time:00:00.43 | Mem:0.00M, Peak:0.00M | Scene, ViewLayer | Synchronizing object | ENV_leaf_1087
Fra:193 Mem:212.34M (Peak 212.34M) | Time:00:00.43 | Mem:0.00M, Peak:0.00M | Scene, ViewLayer | Synchronizing object | ENV_leaf_1086
Fra:193 Mem:212.35M (Peak 212.35M) | Time:00:00.43 | Mem:0.00M, Peak:0.00M | Scene, ViewLayer | Synchronizing object | ENV_leaf_1085
Fra:193 Mem:212.35M (Peak 212.35M) | Time:00:00.43 | Mem:0.00M, Peak:0.00M | Scene, ViewLayer | Synchronizing object | ENV_leaf_1084
Fra:193 Mem:212.40M (Peak 212.40M) | Time:00:00.43 | Mem:0.00M, Peak:0.00M | Scene, ViewLayer | Synchronizing object | ENV_leaf_1083
Fra:193 Mem:212.41M (Peak 212.41M) | Time:00:00.43 | Mem:0.00M, Peak:0.00M | Scene, ViewLayer | Synchronizing object | ENV_leaf_1082
Fra:193 Mem:212.41M (Peak 212.41M) | Time:00:00.43 | Mem:0.00M, Peak:0.00M | Scene, ViewLayer | Synchronizing object | ENV_leaf_1081
Fra:193 Mem:212.43M (Peak 212.43M) | Time:00:00.43 | Mem:0.00M, Peak:0.00M | Scene, ViewLayer | Synchronizing object | ENV_leaf_1080
Fra:193 Mem:212.44M (Peak 212.44M) | Time:00:00.43 | Mem:0.00M, Peak:0.00M | Scene, ViewLayer | Synchronizing object | ENV_leaf_1079
Fra:193 Mem:212.49M (Peak 212.49M) | Time:00:00.43 | Mem:0.00M, Peak:0.00M | Scene, ViewLayer | Synchronizing object | ENV_leaf_1078
Fra:193 Mem:212.49M (Peak 212.49M) | Time:00:00.43 | Mem:0.00M, Peak:0.00M | Scene, ViewLayer | Synchronizing object | ENV_leaf_1077
Fra:193 Mem:212.45M (Peak 212.49M) | Time:00:00.43 | Mem:0.00M, Peak:0.00M | Scene, ViewLayer | Synchronizing object | ENV_leaf_1076
Fra:193 Mem:212.45M (Peak 212.49M) | Time:00:00.43 | Mem:0.00M, Peak:0.00M | Scene, ViewLayer | Synchronizing object | ENV_leaf_1075
Fra:193 Mem:212.46M (Peak 212.49M) | Time:00:00.43 | Mem:0.00M, Peak:0.00M | Scene, ViewLayer | Synchronizing object | ENV_leaf_1074
Fra:193 Mem:212.53M (Peak 212.53M) | Time:00:00.43 | Mem:0.00M, Peak:0.00M | Scene, ViewLayer | Synchronizing object | ENV_leaf_1073
Fra:193 Mem:212.54M (Peak 212.54M) | Time:00:00.43 | Mem:0.00M, Peak:0.00M | Scene, ViewLayer | Synchronizing object | ENV_leaf_1072
Fra:193 Mem:212.70M (Peak 212.70M) | Time:00:00.43 | Mem:0.00M, Peak:0.00M | Scene, ViewLayer | Synchronizing object | ENV_leaf_1071
Fra:193 Mem:212.77M (Peak 212.77M) | Time:00:00.43 | Mem:0.00M, Peak:0.00M | Scene, ViewLayer | Synchronizing object | ENV_leaf_1070
Fra:193 Mem:212.77M (Peak 212.77M) | Time:00:00.43 | Mem:0.00M, Peak:0.00M | Scene, ViewLayer | Synchronizing object | ENV_leaf_1069
Fra:193 Mem:212.86M (Peak 212.86M) | Time:00:00.43 | Mem:0.00M, Peak:0.00M | Scene, ViewLayer | Synchronizing object | ENV_leaf_1068
Fra:193 Mem:212.86M (Peak 212.86M) | Time:00:00.43 | Mem:0.00M, Peak:0.00M | Scene, ViewLayer | Synchronizing object | ENV_leaf_1067
Fra:193 Mem:212.86M (Peak 212.86M) | Time:00:00.43 | Mem:0.00M, Peak:0.00M | Scene, ViewLayer | Synchronizing object | ENV_leaf_1066
Fra:193 Mem:212.87M (Peak 212.87M) | Time:00:00.43 | Mem:0.00M, Peak:0.00M | Scene, ViewLayer | Synchronizing object | ENV_leaf_1065
Fra:193 Mem:212.93M (Peak 212.93M) | Time:00:00.43 | Mem:0.00M, Peak:0.00M | Scene, ViewLayer | Synchronizing object | ENV_leaf_1064
Fra:193 Mem:212.95M (Peak 212.95M) | Time:00:00.43 | Mem:0.00M, Peak:0.00M | Scene, ViewLayer | Synchronizing object | ENV_leaf_1063
Fra:193 Mem:212.96M (Peak 212.96M) | Time:00:00.43 | Mem:0.00M, Peak:0.00M | Scene, ViewLayer | Synchronizing object | ENV_leaf_1062
Fra:193 Mem:212.96M (Peak 212.96M) | Time:00:00.43 | Mem:0.00M, Peak:0.00M | Scene, ViewLayer | Synchronizing object | ENV_leaf_1061
Fra:193 Mem:212.97M (Peak 212.97M) | Time:00:00.43 | Mem:0.00M, Peak:0.00M | Scene, ViewLayer | Synchronizing object | ENV_leaf_1060
Fra:193 Mem:212.97M (Peak 212.97M) | Time:00:00.43 | Mem:0.00M, Peak:0.00M | Scene, ViewLayer | Synchronizing object | ENV_leaf_1059
Fra:193 Mem:212.97M (Peak 212.97M) | Time:00:00.43 | Mem:0.00M, Peak:0.00M | Scene, ViewLayer | Synchronizing object | ENV_leaf_1058
Fra:193 Mem:212.96M (Peak 212.97M) | Time:00:00.43 | Mem:0.00M, Peak:0.00M | Scene, ViewLayer | Synchronizing object | ENV_leaf_1057
Fra:193 Mem:212.97M (Peak 212.97M) | Time:00:00.43 | Mem:0.00M, Peak:0.00M | Scene, ViewLayer | Synchronizing object | ENV_leaf_1056
Fra:193 Mem:212.97M (Peak 212.97M) | Time:00:00.43 | Mem:0.00M, Peak:0.00M | Scene, ViewLayer | Synchronizing object | ENV_leaf_1055
Fra:193 Mem:212.97M (Peak 212.97M) | Time:00:00.43 | Mem:0.00M, Peak:0.00M | Scene, ViewLayer | Synchronizing object | ENV_leaf_1054
Fra:193 Mem:212.98M (Peak 212.98M) | Time:00:00.43 | Mem:0.00M, Peak:0.00M | Scene, ViewLayer | Synchronizing object | ENV_leaf_1053
Fra:193 Mem:212.98M (Peak 212.98M) | Time:00:00.43 | Mem:0.00M, Peak:0.00M | Scene, ViewLayer | Synchronizing object | ENV_leaf_1052
Fra:193 Mem:212.99M (Peak 212.99M) | Time:00:00.43 | Mem:0.00M, Peak:0.00M | Scene, ViewLayer | Synchronizing object | ENV_leaf_1051
Fra:193 Mem:212.99M (Peak 212.99M) | Time:00:00.43 | Mem:0.00M, Peak:0.00M | Scene, ViewLayer | Synchronizing object | ENV_leaf_1050
Fra:193 Mem:212.99M (Peak 212.99M) | Time:00:00.43 | Mem:0.00M, Peak:0.00M | Scene, ViewLayer | Synchronizing object | ENV_leaf_1049
Fra:193 Mem:213.00M (Peak 213.00M) | Time:00:00.43 | Mem:0.00M, Peak:0.00M | Scene, ViewLayer | Synchronizing object | ENV_leaf_1048
Fra:193 Mem:213.00M (Peak 213.00M) | Time:00:00.43 | Mem:0.00M, Peak:0.00M | Scene, ViewLayer | Synchronizing object | ENV_leaf_1047
Fra:193 Mem:213.01M (Peak 213.01M) | Time:00:00.43 | Mem:0.00M, Peak:0.00M | Scene, ViewLayer | Synchronizing object | ENV_leaf_1046
Fra:193 Mem:213.01M (Peak 213.01M) | Time:00:00.43 | Mem:0.00M, Peak:0.00M | Scene, ViewLayer | Synchronizing object | ENV_leaf_1045
Fra:193 Mem:213.02M (Peak 213.02M) | Time:00:00.43 | Mem:0.00M, Peak:0.00M | Scene, ViewLayer | Synchronizing object | ENV_leaf_1044
Fra:193 Mem:213.02M (Peak 213.02M) | Time:00:00.43 | Mem:0.00M, Peak:0.00M | Scene, ViewLayer | Synchronizing object | ENV_leaf_1043
Fra:193 Mem:213.09M (Peak 213.09M) | Time:00:00.43 | Mem:0.00M, Peak:0.00M | Scene, ViewLayer | Synchronizing object | ENV_leaf_1042
Fra:193 Mem:213.09M (Peak 213.09M) | Time:00:00.43 | Mem:0.00M, Peak:0.00M | Scene, ViewLayer | Synchronizing object | ENV_leaf_1041
Fra:193 Mem:213.09M (Peak 213.09M) | Time:00:00.43 | Mem:0.00M, Peak:0.00M | Scene, ViewLayer | Synchronizing object | ENV_leaf_1039
Fra:193 Mem:213.12M (Peak 213.12M) | Time:00:00.43 | Mem:0.00M, Peak:0.00M | Scene, ViewLayer | Synchronizing object | ENV_leaf_1038
Fra:193 Mem:213.12M (Peak 213.12M) | Time:00:00.43 | Mem:0.00M, Peak:0.00M | Scene, ViewLayer | Synchronizing object | ENV_leaf_1037
Fra:193 Mem:213.19M (Peak 213.19M) | Time:00:00.43 | Mem:0.00M, Peak:0.00M | Scene, ViewLayer | Synchronizing object | ENV_leaf_1036
Fra:193 Mem:213.19M (Peak 213.19M) | Time:00:00.43 | Mem:0.00M, Peak:0.00M | Scene, ViewLayer | Synchronizing object | ENV_leaf_1035
Fra:193 Mem:213.20M (Peak 213.20M) | Time:00:00.43 | Mem:0.00M, Peak:0.00M | Scene, ViewLayer | Synchronizing object | ENV_leaf_1034
Fra:193 Mem:213.14M (Peak 213.20M) | Time:00:00.43 | Mem:0.00M, Peak:0.00M | Scene, ViewLayer | Synchronizing object | ENV_fern_17
Fra:193 Mem:213.23M (Peak 213.23M) | Time:00:00.43 | Mem:0.00M, Peak:0.00M | Scene, ViewLayer | Synchronizing object | ENV_leaf_1033
Fra:193 Mem:213.23M (Peak 213.23M) | Time:00:00.43 | Mem:0.00M, Peak:0.00M | Scene, ViewLayer | Synchronizing object | ENV_leaf_1032
Fra:193 Mem:213.42M (Peak 213.42M) | Time:00:00.43 | Mem:0.00M, Peak:0.00M | Scene, ViewLayer | Synchronizing object | ENV_leaf_1031
Fra:193 Mem:213.44M (Peak 213.44M) | Time:00:00.43 | Mem:0.00M, Peak:0.00M | Scene, ViewLayer | Synchronizing object | ENV_leaf_1030
Fra:193 Mem:213.52M (Peak 213.52M) | Time:00:00.43 | Mem:0.00M, Peak:0.00M | Scene, ViewLayer | Synchronizing object | ENV_leaf_1029
Fra:193 Mem:213.52M (Peak 213.52M) | Time:00:00.43 | Mem:0.00M, Peak:0.00M | Scene, ViewLayer | Synchronizing object | ENV_leaf_1028
Fra:193 Mem:213.62M (Peak 213.62M) | Time:00:00.43 | Mem:0.00M, Peak:0.00M | Scene, ViewLayer | Synchronizing object | ENV_leaf_1027
Fra:193 Mem:213.63M (Peak 213.63M) | Time:00:00.43 | Mem:0.00M, Peak:0.00M | Scene, ViewLayer | Synchronizing object | ENV_leaf_1026
Fra:193 Mem:213.63M (Peak 213.63M) | Time:00:00.43 | Mem:0.00M, Peak:0.00M | Scene, ViewLayer | Synchronizing object | ENV_leaf_1025
Fra:193 Mem:213.64M (Peak 213.64M) | Time:00:00.43 | Mem:0.00M, Peak:0.00M | Scene, ViewLayer | Synchronizing object | ENV_leaf_1024
Fra:193 Mem:213.66M (Peak 213.66M) | Time:00:00.43 | Mem:0.00M, Peak:0.00M | Scene, ViewLayer | Synchronizing object | ENV_leaf_1023
Fra:193 Mem:213.74M (Peak 213.74M) | Time:00:00.43 | Mem:0.00M, Peak:0.00M | Scene, ViewLayer | Synchronizing object | ENV_leaf_1022
Fra:193 Mem:213.74M (Peak 213.74M) | Time:00:00.43 | Mem:0.00M, Peak:0.00M | Scene, ViewLayer | Synchronizing object | ENV_leaf_1021
Fra:193 Mem:213.75M (Peak 213.75M) | Time:00:00.43 | Mem:0.00M, Peak:0.00M | Scene, ViewLayer | Synchronizing object | ENV_leaf_1020
Fra:193 Mem:213.75M (Peak 213.75M) | Time:00:00.43 | Mem:0.00M, Peak:0.00M | Scene, ViewLayer | Synchronizing object | ENV_leaf_1019
Fra:193 Mem:213.76M (Peak 213.76M) | Time:00:00.43 | Mem:0.00M, Peak:0.00M | Scene, ViewLayer | Synchronizing object | ENV_leaf_1018
Fra:193 Mem:213.76M (Peak 213.76M) | Time:00:00.43 | Mem:0.00M, Peak:0.00M | Scene, ViewLayer | Synchronizing object | ENV_leaf_1017
Fra:193 Mem:213.76M (Peak 213.76M) | Time:00:00.43 | Mem:0.00M, Peak:0.00M | Scene, ViewLayer | Synchronizing object | ENV_leaf_1016
Fra:193 Mem:213.77M (Peak 213.77M) | Time:00:00.43 | Mem:0.00M, Peak:0.00M | Scene, ViewLayer | Synchronizing object | ENV_leaf_1015
Fra:193 Mem:213.75M (Peak 213.77M) | Time:00:00.43 | Mem:0.00M, Peak:0.00M | Scene, ViewLayer | Synchronizing object | ENV_leaf_1014
Fra:193 Mem:213.76M (Peak 213.77M) | Time:00:00.43 | Mem:0.00M, Peak:0.00M | Scene, ViewLayer | Synchronizing object | ENV_leaf_1013
Fra:193 Mem:213.76M (Peak 213.77M) | Time:00:00.43 | Mem:0.00M, Peak:0.00M | Scene, ViewLayer | Synchronizing object | ENV_leaf_1012
Fra:193 Mem:213.77M (Peak 213.77M) | Time:00:00.43 | Mem:0.00M, Peak:0.00M | Scene, ViewLayer | Synchronizing object | ENV_leaf_1011
Fra:193 Mem:213.77M (Peak 213.77M) | Time:00:00.43 | Mem:0.00M, Peak:0.00M | Scene, ViewLayer | Synchronizing object | ENV_leaf_1009
Fra:193 Mem:213.77M (Peak 213.77M) | Time:00:00.43 | Mem:0.00M, Peak:0.00M | Scene, ViewLayer | Synchronizing object | ENV_leaf_1008
Fra:193 Mem:213.78M (Peak 213.78M) | Time:00:00.43 | Mem:0.00M, Peak:0.00M | Scene, ViewLayer | Synchronizing object | ENV_leaf_1007
Fra:193 Mem:213.78M (Peak 213.78M) | Time:00:00.43 | Mem:0.00M, Peak:0.00M | Scene, ViewLayer | Synchronizing object | ENV_leaf_1006
Fra:193 Mem:213.79M (Peak 213.79M) | Time:00:00.43 | Mem:0.00M, Peak:0.00M | Scene, ViewLayer | Synchronizing object | ENV_leaf_1005
Fra:193 Mem:213.79M (Peak 213.79M) | Time:00:00.43 | Mem:0.00M, Peak:0.00M | Scene, ViewLayer | Synchronizing object | ENV_leaf_1004
Fra:193 Mem:213.79M (Peak 213.79M) | Time:00:00.43 | Mem:0.00M, Peak:0.00M | Scene, ViewLayer | Synchronizing object | ENV_leaf_1003
Fra:193 Mem:213.80M (Peak 213.80M) | Time:00:00.43 | Mem:0.00M, Peak:0.00M | Scene, ViewLayer | Synchronizing object | ENV_leaf_1002
Fra:193 Mem:213.80M (Peak 213.80M) | Time:00:00.43 | Mem:0.00M, Peak:0.00M | Scene, ViewLayer | Synchronizing object | ENV_leaf_1001
Fra:193 Mem:213.81M (Peak 213.81M) | Time:00:00.43 | Mem:0.00M, Peak:0.00M | Scene, ViewLayer | Synchronizing object | ENV_leaf_1000
Fra:193 Mem:213.81M (Peak 213.81M) | Time:00:00.43 | Mem:0.00M, Peak:0.00M | Scene, ViewLayer | Synchronizing object | ENV_leaf_998
Fra:193 Mem:213.81M (Peak 213.81M) | Time:00:00.43 | Mem:0.00M, Peak:0.00M | Scene, ViewLayer | Synchronizing object | ENV_leaf_997
Fra:193 Mem:213.82M (Peak 213.82M) | Time:00:00.43 | Mem:0.00M, Peak:0.00M | Scene, ViewLayer | Synchronizing object | ENV_leaf_996
Fra:193 Mem:213.90M (Peak 213.90M) | Time:00:00.43 | Mem:0.00M, Peak:0.00M | Scene, ViewLayer | Synchronizing object | ENV_leaf_995
Fra:193 Mem:213.90M (Peak 213.90M) | Time:00:00.43 | Mem:0.00M, Peak:0.00M | Scene, ViewLayer | Synchronizing object | ENV_leaf_994
Fra:193 Mem:213.91M (Peak 213.91M) | Time:00:00.43 | Mem:0.00M, Peak:0.00M | Scene, ViewLayer | Synchronizing object | ENV_leaf_993
Fra:193 Mem:213.91M (Peak 213.91M) | Time:00:00.43 | Mem:0.00M, Peak:0.00M | Scene, ViewLayer | Synchronizing object | ENV_leaf_992
Fra:193 Mem:213.91M (Peak 213.91M) | Time:00:00.43 | Mem:0.00M, Peak:0.00M | Scene, ViewLayer | Synchronizing object | ENV_leaf_991
Fra:193 Mem:213.95M (Peak 213.95M) | Time:00:00.43 | Mem:0.00M, Peak:0.00M | Scene, ViewLayer | Synchronizing object | ENV_leaf_990
Fra:193 Mem:213.95M (Peak 213.95M) | Time:00:00.43 | Mem:0.00M, Peak:0.00M | Scene, ViewLayer | Synchronizing object | ENV_leaf_989
Fra:193 Mem:213.95M (Peak 213.95M) | Time:00:00.43 | Mem:0.00M, Peak:0.00M | Scene, ViewLayer | Synchronizing object | ENV_leaf_988
Fra:193 Mem:214.03M (Peak 214.03M) | Time:00:00.43 | Mem:0.00M, Peak:0.00M | Scene, ViewLayer | Synchronizing object | ENV_leaf_987
Fra:193 Mem:214.04M (Peak 214.04M) | Time:00:00.43 | Mem:0.00M, Peak:0.00M | Scene, ViewLayer | Synchronizing object | ENV_leaf_986
Fra:193 Mem:214.04M (Peak 214.04M) | Time:00:00.43 | Mem:0.00M, Peak:0.00M | Scene, ViewLayer | Synchronizing object | ENV_leaf_985
Fra:193 Mem:213.97M (Peak 214.04M) | Time:00:00.43 | Mem:0.00M, Peak:0.00M | Scene, ViewLayer | Synchronizing object | ENV_fern_18
Fra:193 Mem:213.97M (Peak 214.04M) | Time:00:00.43 | Mem:0.00M, Peak:0.00M | Scene, ViewLayer | Synchronizing object | ENV_leaf_984
Fra:193 Mem:214.03M (Peak 214.04M) | Time:00:00.43 | Mem:0.00M, Peak:0.00M | Scene, ViewLayer | Synchronizing object | ENV_leaf_983
Fra:193 Mem:214.13M (Peak 214.13M) | Time:00:00.43 | Mem:0.00M, Peak:0.00M | Scene, ViewLayer | Synchronizing object | ENV_leaf_982
Fra:193 Mem:214.21M (Peak 214.21M) | Time:00:00.43 | Mem:0.00M, Peak:0.00M | Scene, ViewLayer | Synchronizing object | ENV_leaf_981
Fra:193 Mem:214.21M (Peak 214.21M) | Time:00:00.43 | Mem:0.00M, Peak:0.00M | Scene, ViewLayer | Synchronizing object | ENV_leaf_980
Fra:193 Mem:214.28M (Peak 214.28M) | Time:00:00.43 | Mem:0.00M, Peak:0.00M | Scene, ViewLayer | Synchronizing object | ENV_leaf_979
Fra:193 Mem:214.28M (Peak 214.28M) | Time:00:00.43 | Mem:0.00M, Peak:0.00M | Scene, ViewLayer | Synchronizing object | ENV_leaf_978
Fra:193 Mem:214.30M (Peak 214.30M) | Time:00:00.43 | Mem:0.00M, Peak:0.00M | Scene, ViewLayer | Synchronizing object | ENV_leaf_977
Fra:193 Mem:214.35M (Peak 214.35M) | Time:00:00.43 | Mem:0.00M, Peak:0.00M | Scene, ViewLayer | Synchronizing object | ENV_leaf_976
Fra:193 Mem:214.35M (Peak 214.35M) | Time:00:00.43 | Mem:0.00M, Peak:0.00M | Scene, ViewLayer | Synchronizing object | ENV_leaf_975
Fra:193 Mem:214.36M (Peak 214.36M) | Time:00:00.43 | Mem:0.00M, Peak:0.00M | Scene, ViewLayer | Synchronizing object | ENV_leaf_974
Fra:193 Mem:214.36M (Peak 214.36M) | Time:00:00.43 | Mem:0.00M, Peak:0.00M | Scene, ViewLayer | Synchronizing object | ENV_leaf_973
Fra:193 Mem:214.37M (Peak 214.37M) | Time:00:00.43 | Mem:0.00M, Peak:0.00M | Scene, ViewLayer | Synchronizing object | ENV_leaf_972
Fra:193 Mem:214.36M (Peak 214.37M) | Time:00:00.43 | Mem:0.00M, Peak:0.00M | Scene, ViewLayer | Synchronizing object | ENV_leaf_971
Fra:193 Mem:214.36M (Peak 214.37M) | Time:00:00.43 | Mem:0.00M, Peak:0.00M | Scene, ViewLayer | Synchronizing object | ENV_leaf_970
Fra:193 Mem:214.37M (Peak 214.37M) | Time:00:00.43 | Mem:0.00M, Peak:0.00M | Scene, ViewLayer | Synchronizing object | ENV_leaf_969
Fra:193 Mem:214.37M (Peak 214.37M) | Time:00:00.43 | Mem:0.00M, Peak:0.00M | Scene, ViewLayer | Synchronizing object | ENV_leaf_968
Fra:193 Mem:214.37M (Peak 214.37M) | Time:00:00.43 | Mem:0.00M, Peak:0.00M | Scene, ViewLayer | Synchronizing object | ENV_leaf_967
Fra:193 Mem:214.38M (Peak 214.38M) | Time:00:00.43 | Mem:0.00M, Peak:0.00M | Scene, ViewLayer | Synchronizing object | ENV_leaf_966
Fra:193 Mem:214.38M (Peak 214.38M) | Time:00:00.43 | Mem:0.00M, Peak:0.00M | Scene, ViewLayer | Synchronizing object | ENV_leaf_965
Fra:193 Mem:214.39M (Peak 214.39M) | Time:00:00.43 | Mem:0.00M, Peak:0.00M | Scene, ViewLayer | Synchronizing object | ENV_leaf_964
Fra:193 Mem:214.39M (Peak 214.39M) | Time:00:00.43 | Mem:0.00M, Peak:0.00M | Scene, ViewLayer | Synchronizing object | ENV_leaf_963
Fra:193 Mem:214.39M (Peak 214.39M) | Time:00:00.43 | Mem:0.00M, Peak:0.00M | Scene, ViewLayer | Synchronizing object | ENV_leaf_962
Fra:193 Mem:214.40M (Peak 214.40M) | Time:00:00.43 | Mem:0.00M, Peak:0.00M | Scene, ViewLayer | Synchronizing object | ENV_leaf_961
Fra:193 Mem:214.40M (Peak 214.40M) | Time:00:00.43 | Mem:0.00M, Peak:0.00M | Scene, ViewLayer | Synchronizing object | ENV_leaf_960
Fra:193 Mem:214.45M (Peak 214.45M) | Time:00:00.43 | Mem:0.00M, Peak:0.00M | Scene, ViewLayer | Synchronizing object | ENV_leaf_959
Fra:193 Mem:214.46M (Peak 214.46M) | Time:00:00.43 | Mem:0.00M, Peak:0.00M | Scene, ViewLayer | Synchronizing object | ENV_leaf_958
Fra:193 Mem:214.46M (Peak 214.46M) | Time:00:00.43 | Mem:0.00M, Peak:0.00M | Scene, ViewLayer | Synchronizing object | ENV_leaf_957
Fra:193 Mem:214.48M (Peak 214.48M) | Time:00:00.43 | Mem:0.00M, Peak:0.00M | Scene, ViewLayer | Synchronizing object | ENV_leaf_956
Fra:193 Mem:214.54M (Peak 214.54M) | Time:00:00.43 | Mem:0.00M, Peak:0.00M | Scene, ViewLayer | Synchronizing object | ENV_leaf_955
Fra:193 Mem:214.54M (Peak 214.54M) | Time:00:00.43 | Mem:0.00M, Peak:0.00M | Scene, ViewLayer | Synchronizing object | ENV_leaf_954
Fra:193 Mem:214.54M (Peak 214.54M) | Time:00:00.43 | Mem:0.00M, Peak:0.00M | Scene, ViewLayer | Synchronizing object | ENV_leaf_953
Fra:193 Mem:214.50M (Peak 214.54M) | Time:00:00.43 | Mem:0.00M, Peak:0.00M | Scene, ViewLayer | Synchronizing object | ENV_leaf_952
Fra:193 Mem:214.57M (Peak 214.57M) | Time:00:00.43 | Mem:0.00M, Peak:0.00M | Scene, ViewLayer | Synchronizing object | ENV_leaf_951
Fra:193 Mem:214.58M (Peak 214.58M) | Time:00:00.43 | Mem:0.00M, Peak:0.00M | Scene, ViewLayer | Synchronizing object | ENV_leaf_950
Fra:193 Mem:214.74M (Peak 214.74M) | Time:00:00.43 | Mem:0.00M, Peak:0.00M | Scene, ViewLayer | Synchronizing object | ENV_leaf_949
Fra:193 Mem:214.81M (Peak 214.81M) | Time:00:00.43 | Mem:0.00M, Peak:0.00M | Scene, ViewLayer | Synchronizing object | ENV_leaf_948
Fra:193 Mem:214.81M (Peak 214.81M) | Time:00:00.43 | Mem:0.00M, Peak:0.00M | Scene, ViewLayer | Synchronizing object | ENV_leaf_947
Fra:193 Mem:214.90M (Peak 214.90M) | Time:00:00.43 | Mem:0.00M, Peak:0.00M | Scene, ViewLayer | Synchronizing object | ENV_leaf_946
Fra:193 Mem:214.90M (Peak 214.90M) | Time:00:00.43 | Mem:0.00M, Peak:0.00M | Scene, ViewLayer | Synchronizing object | ENV_leaf_945
Fra:193 Mem:214.91M (Peak 214.91M) | Time:00:00.43 | Mem:0.00M, Peak:0.00M | Scene, ViewLayer | Synchronizing object | ENV_leaf_944
Fra:193 Mem:214.91M (Peak 214.91M) | Time:00:00.43 | Mem:0.00M, Peak:0.00M | Scene, ViewLayer | Synchronizing object | ENV_leaf_943
Fra:193 Mem:214.98M (Peak 214.98M) | Time:00:00.43 | Mem:0.00M, Peak:0.00M | Scene, ViewLayer | Synchronizing object | ENV_leaf_942
Fra:193 Mem:215.00M (Peak 215.00M) | Time:00:00.43 | Mem:0.00M, Peak:0.00M | Scene, ViewLayer | Synchronizing object | ENV_leaf_941
Fra:193 Mem:215.00M (Peak 215.00M) | Time:00:00.43 | Mem:0.00M, Peak:0.00M | Scene, ViewLayer | Synchronizing object | ENV_leaf_940
Fra:193 Mem:215.00M (Peak 215.00M) | Time:00:00.43 | Mem:0.00M, Peak:0.00M | Scene, ViewLayer | Synchronizing object | ENV_leaf_939
Fra:193 Mem:215.01M (Peak 215.01M) | Time:00:00.43 | Mem:0.00M, Peak:0.00M | Scene, ViewLayer | Synchronizing object | ENV_leaf_938
Fra:193 Mem:215.01M (Peak 215.01M) | Time:00:00.43 | Mem:0.00M, Peak:0.00M | Scene, ViewLayer | Synchronizing object | ENV_leaf_937
Fra:193 Mem:215.02M (Peak 215.02M) | Time:00:00.43 | Mem:0.00M, Peak:0.00M | Scene, ViewLayer | Synchronizing object | ENV_leaf_936
Fra:193 Mem:215.00M (Peak 215.02M) | Time:00:00.43 | Mem:0.00M, Peak:0.00M | Scene, ViewLayer | Synchronizing object | ENV_leaf_935
Fra:193 Mem:215.01M (Peak 215.02M) | Time:00:00.43 | Mem:0.00M, Peak:0.00M | Scene, ViewLayer | Synchronizing object | ENV_leaf_934
Fra:193 Mem:215.01M (Peak 215.02M) | Time:00:00.43 | Mem:0.00M, Peak:0.00M | Scene, ViewLayer | Synchronizing object | ENV_leaf_933
Fra:193 Mem:215.02M (Peak 215.02M) | Time:00:00.43 | Mem:0.00M, Peak:0.00M | Scene, ViewLayer | Synchronizing object | ENV_leaf_932
Fra:193 Mem:215.02M (Peak 215.02M) | Time:00:00.43 | Mem:0.00M, Peak:0.00M | Scene, ViewLayer | Synchronizing object | ENV_leaf_931
Fra:193 Mem:215.02M (Peak 215.02M) | Time:00:00.43 | Mem:0.00M, Peak:0.00M | Scene, ViewLayer | Synchronizing object | ENV_leaf_930
Fra:193 Mem:215.03M (Peak 215.03M) | Time:00:00.43 | Mem:0.00M, Peak:0.00M | Scene, ViewLayer | Synchronizing object | ENV_leaf_929
Fra:193 Mem:215.03M (Peak 215.03M) | Time:00:00.43 | Mem:0.00M, Peak:0.00M | Scene, ViewLayer | Synchronizing object | ENV_leaf_928
Fra:193 Mem:215.04M (Peak 215.04M) | Time:00:00.43 | Mem:0.00M, Peak:0.00M | Scene, ViewLayer | Synchronizing object | ENV_leaf_927
Fra:193 Mem:215.04M (Peak 215.04M) | Time:00:00.43 | Mem:0.00M, Peak:0.00M | Scene, ViewLayer | Synchronizing object | ENV_leaf_926
Fra:193 Mem:215.04M (Peak 215.04M) | Time:00:00.43 | Mem:0.00M, Peak:0.00M | Scene, ViewLayer | Synchronizing object | ENV_leaf_925
Fra:193 Mem:215.05M (Peak 215.05M) | Time:00:00.43 | Mem:0.00M, Peak:0.00M | Scene, ViewLayer | Synchronizing object | ENV_leaf_924
Fra:193 Mem:215.05M (Peak 215.05M) | Time:00:00.43 | Mem:0.00M, Peak:0.00M | Scene, ViewLayer | Synchronizing object | ENV_leaf_923
Fra:193 Mem:215.06M (Peak 215.06M) | Time:00:00.43 | Mem:0.00M, Peak:0.00M | Scene, ViewLayer | Synchronizing object | ENV_leaf_922
Fra:193 Mem:215.06M (Peak 215.06M) | Time:00:00.43 | Mem:0.00M, Peak:0.00M | Scene, ViewLayer | Synchronizing object | ENV_leaf_921
Fra:193 Mem:215.13M (Peak 215.13M) | Time:00:00.43 | Mem:0.00M, Peak:0.00M | Scene, ViewLayer | Synchronizing object | ENV_leaf_920
Fra:193 Mem:215.13M (Peak 215.13M) | Time:00:00.43 | Mem:0.00M, Peak:0.00M | Scene, ViewLayer | Synchronizing object | ENV_leaf_919
Fra:193 Mem:215.14M (Peak 215.14M) | Time:00:00.43 | Mem:0.00M, Peak:0.00M | Scene, ViewLayer | Synchronizing object | ENV_leaf_918
Fra:193 Mem:215.16M (Peak 215.16M) | Time:00:00.43 | Mem:0.00M, Peak:0.00M | Scene, ViewLayer | Synchronizing object | ENV_leaf_917
Fra:193 Mem:215.17M (Peak 215.17M) | Time:00:00.43 | Mem:0.00M, Peak:0.00M | Scene, ViewLayer | Synchronizing object | ENV_leaf_916
Fra:193 Mem:215.23M (Peak 215.23M) | Time:00:00.43 | Mem:0.00M, Peak:0.00M | Scene, ViewLayer | Synchronizing object | ENV_leaf_915
Fra:193 Mem:215.24M (Peak 215.24M) | Time:00:00.43 | Mem:0.00M, Peak:0.00M | Scene, ViewLayer | Synchronizing object | ENV_leaf_914
Fra:193 Mem:215.24M (Peak 215.24M) | Time:00:00.43 | Mem:0.00M, Peak:0.00M | Scene, ViewLayer | Synchronizing object | ENV_leaf_913
Fra:193 Mem:215.18M (Peak 215.24M) | Time:00:00.43 | Mem:0.00M, Peak:0.00M | Scene, ViewLayer | Synchronizing object | ENV_leaf_912
Fra:193 Mem:215.19M (Peak 215.24M) | Time:00:00.43 | Mem:0.00M, Peak:0.00M | Scene, ViewLayer | Synchronizing object | ENV_leaf_911
Fra:193 Mem:215.28M (Peak 215.28M) | Time:00:00.43 | Mem:0.00M, Peak:0.00M | Scene, ViewLayer | Synchronizing object | ENV_leaf_910
Fra:193 Mem:215.47M (Peak 215.47M) | Time:00:00.43 | Mem:0.00M, Peak:0.00M | Scene, ViewLayer | Synchronizing object | ENV_leaf_909
Fra:193 Mem:215.48M (Peak 215.48M) | Time:00:00.43 | Mem:0.00M, Peak:0.00M | Scene, ViewLayer | Synchronizing object | ENV_leaf_908
Fra:193 Mem:215.56M (Peak 215.56M) | Time:00:00.43 | Mem:0.00M, Peak:0.00M | Scene, ViewLayer | Synchronizing object | ENV_leaf_907
Fra:193 Mem:215.57M (Peak 215.57M) | Time:00:00.43 | Mem:0.00M, Peak:0.00M | Scene, ViewLayer | Synchronizing object | ENV_leaf_906
Fra:193 Mem:215.67M (Peak 215.67M) | Time:00:00.43 | Mem:0.00M, Peak:0.00M | Scene, ViewLayer | Synchronizing object | ENV_leaf_905
Fra:193 Mem:215.67M (Peak 215.67M) | Time:00:00.43 | Mem:0.00M, Peak:0.00M | Scene, ViewLayer | Synchronizing object | ENV_leaf_904
Fra:193 Mem:215.68M (Peak 215.68M) | Time:00:00.43 | Mem:0.00M, Peak:0.00M | Scene, ViewLayer | Synchronizing object | ENV_leaf_903
Fra:193 Mem:215.68M (Peak 215.68M) | Time:00:00.43 | Mem:0.00M, Peak:0.00M | Scene, ViewLayer | Synchronizing object | ENV_leaf_902
Fra:193 Mem:215.71M (Peak 215.71M) | Time:00:00.43 | Mem:0.00M, Peak:0.00M | Scene, ViewLayer | Synchronizing object | ENV_leaf_901
Fra:193 Mem:215.79M (Peak 215.79M) | Time:00:00.43 | Mem:0.00M, Peak:0.00M | Scene, ViewLayer | Synchronizing object | ENV_leaf_900
Fra:193 Mem:215.79M (Peak 215.79M) | Time:00:00.43 | Mem:0.00M, Peak:0.00M | Scene, ViewLayer | Synchronizing object | ENV_leaf_899
Fra:193 Mem:215.79M (Peak 215.79M) | Time:00:00.43 | Mem:0.00M, Peak:0.00M | Scene, ViewLayer | Synchronizing object | ENV_leaf_898
Fra:193 Mem:215.80M (Peak 215.80M) | Time:00:00.43 | Mem:0.00M, Peak:0.00M | Scene, ViewLayer | Synchronizing object | ENV_leaf_897
Fra:193 Mem:215.80M (Peak 215.80M) | Time:00:00.43 | Mem:0.00M, Peak:0.00M | Scene, ViewLayer | Synchronizing object | ENV_leaf_896
Fra:193 Mem:215.81M (Peak 215.81M) | Time:00:00.43 | Mem:0.00M, Peak:0.00M | Scene, ViewLayer | Synchronizing object | ENV_leaf_895
Fra:193 Mem:215.81M (Peak 215.81M) | Time:00:00.43 | Mem:0.00M, Peak:0.00M | Scene, ViewLayer | Synchronizing object | ENV_leaf_894
Fra:193 Mem:215.79M (Peak 215.81M) | Time:00:00.43 | Mem:0.00M, Peak:0.00M | Scene, ViewLayer | Synchronizing object | ENV_leaf_893
Fra:193 Mem:215.80M (Peak 215.81M) | Time:00:00.43 | Mem:0.00M, Peak:0.00M | Scene, ViewLayer | Synchronizing object | ENV_leaf_892
Fra:193 Mem:215.80M (Peak 215.81M) | Time:00:00.43 | Mem:0.00M, Peak:0.00M | Scene, ViewLayer | Synchronizing object | ENV_leaf_891
Fra:193 Mem:215.81M (Peak 215.81M) | Time:00:00.43 | Mem:0.00M, Peak:0.00M | Scene, ViewLayer | Synchronizing object | ENV_leaf_890
Fra:193 Mem:215.81M (Peak 215.81M) | Time:00:00.43 | Mem:0.00M, Peak:0.00M | Scene, ViewLayer | Synchronizing object | ENV_leaf_889
Fra:193 Mem:215.82M (Peak 215.82M) | Time:00:00.43 | Mem:0.00M, Peak:0.00M | Scene, ViewLayer | Synchronizing object | ENV_leaf_888
Fra:193 Mem:215.82M (Peak 215.82M) | Time:00:00.43 | Mem:0.00M, Peak:0.00M | Scene, ViewLayer | Synchronizing object | ENV_leaf_887
Fra:193 Mem:215.82M (Peak 215.82M) | Time:00:00.43 | Mem:0.00M, Peak:0.00M | Scene, ViewLayer | Synchronizing object | ENV_leaf_886
Fra:193 Mem:215.83M (Peak 215.83M) | Time:00:00.43 | Mem:0.00M, Peak:0.00M | Scene, ViewLayer | Synchronizing object | ENV_leaf_885
Fra:193 Mem:215.83M (Peak 215.83M) | Time:00:00.43 | Mem:0.00M, Peak:0.00M | Scene, ViewLayer | Synchronizing object | ENV_leaf_884
Fra:193 Mem:215.84M (Peak 215.84M) | Time:00:00.43 | Mem:0.00M, Peak:0.00M | Scene, ViewLayer | Synchronizing object | ENV_leaf_883
Fra:193 Mem:215.84M (Peak 215.84M) | Time:00:00.43 | Mem:0.00M, Peak:0.00M | Scene, ViewLayer | Synchronizing object | ENV_leaf_882
Fra:193 Mem:215.84M (Peak 215.84M) | Time:00:00.43 | Mem:0.00M, Peak:0.00M | Scene, ViewLayer | Synchronizing object | ENV_leaf_881
Fra:193 Mem:215.85M (Peak 215.85M) | Time:00:00.43 | Mem:0.00M, Peak:0.00M | Scene, ViewLayer | Synchronizing object | ENV_leaf_880
Fra:193 Mem:215.85M (Peak 215.85M) | Time:00:00.43 | Mem:0.00M, Peak:0.00M | Scene, ViewLayer | Synchronizing object | ENV_leaf_879
Fra:193 Mem:215.86M (Peak 215.86M) | Time:00:00.43 | Mem:0.00M, Peak:0.00M | Scene, ViewLayer | Synchronizing object | ENV_leaf_878
Fra:193 Mem:215.86M (Peak 215.86M) | Time:00:00.43 | Mem:0.00M, Peak:0.00M | Scene, ViewLayer | Synchronizing object | ENV_leaf_877
Fra:193 Mem:215.86M (Peak 215.86M) | Time:00:00.43 | Mem:0.00M, Peak:0.00M | Scene, ViewLayer | Synchronizing object | ENV_leaf_876
Fra:193 Mem:215.94M (Peak 215.94M) | Time:00:00.43 | Mem:0.00M, Peak:0.00M | Scene, ViewLayer | Synchronizing object | ENV_leaf_875
Fra:193 Mem:215.95M (Peak 215.95M) | Time:00:00.43 | Mem:0.00M, Peak:0.00M | Scene, ViewLayer | Synchronizing object | ENV_leaf_874
Fra:193 Mem:215.95M (Peak 215.95M) | Time:00:00.43 | Mem:0.00M, Peak:0.00M | Scene, ViewLayer | Synchronizing object | ENV_leaf_873
Fra:193 Mem:215.96M (Peak 215.96M) | Time:00:00.43 | Mem:0.00M, Peak:0.00M | Scene, ViewLayer | Synchronizing object | ENV_leaf_872
Fra:193 Mem:215.99M (Peak 215.99M) | Time:00:00.43 | Mem:0.00M, Peak:0.00M | Scene, ViewLayer | Synchronizing object | ENV_leaf_871
Fra:193 Mem:215.99M (Peak 215.99M) | Time:00:00.43 | Mem:0.00M, Peak:0.00M | Scene, ViewLayer | Synchronizing object | ENV_leaf_870
Fra:193 Mem:216.00M (Peak 216.00M) | Time:00:00.43 | Mem:0.00M, Peak:0.00M | Scene, ViewLayer | Synchronizing object | ENV_leaf_869
Fra:193 Mem:216.08M (Peak 216.08M) | Time:00:00.43 | Mem:0.00M, Peak:0.00M | Scene, ViewLayer | Synchronizing object | ENV_leaf_868
Fra:193 Mem:216.08M (Peak 216.08M) | Time:00:00.43 | Mem:0.00M, Peak:0.00M | Scene, ViewLayer | Synchronizing object | ENV_leaf_867
Fra:193 Mem:216.09M (Peak 216.09M) | Time:00:00.43 | Mem:0.00M, Peak:0.00M | Scene, ViewLayer | Synchronizing object | ENV_leaf_866
Fra:193 Mem:216.01M (Peak 216.09M) | Time:00:00.43 | Mem:0.00M, Peak:0.00M | Scene, ViewLayer | Synchronizing object | ENV_fern_21
Fra:193 Mem:216.07M (Peak 216.09M) | Time:00:00.43 | Mem:0.00M, Peak:0.00M | Scene, ViewLayer | Synchronizing object | ENV_leaf_865
Fra:193 Mem:216.19M (Peak 216.19M) | Time:00:00.43 | Mem:0.00M, Peak:0.00M | Scene, ViewLayer | Synchronizing object | ENV_leaf_864
Fra:193 Mem:216.25M (Peak 216.25M) | Time:00:00.43 | Mem:0.00M, Peak:0.00M | Scene, ViewLayer | Synchronizing object | ENV_leaf_863
Fra:193 Mem:216.25M (Peak 216.25M) | Time:00:00.43 | Mem:0.00M, Peak:0.00M | Scene, ViewLayer | Synchronizing object | ENV_leaf_862
Fra:193 Mem:216.32M (Peak 216.32M) | Time:00:00.43 | Mem:0.00M, Peak:0.00M | Scene, ViewLayer | Synchronizing object | ENV_leaf_861
Fra:193 Mem:216.32M (Peak 216.32M) | Time:00:00.43 | Mem:0.00M, Peak:0.00M | Scene, ViewLayer | Synchronizing object | ENV_leaf_860
Fra:193 Mem:216.38M (Peak 216.38M) | Time:00:00.43 | Mem:0.00M, Peak:0.00M | Scene, ViewLayer | Synchronizing object | ENV_leaf_859
Fra:193 Mem:216.39M (Peak 216.39M) | Time:00:00.43 | Mem:0.00M, Peak:0.00M | Scene, ViewLayer | Synchronizing object | ENV_leaf_858
Fra:193 Mem:216.39M (Peak 216.39M) | Time:00:00.43 | Mem:0.00M, Peak:0.00M | Scene, ViewLayer | Synchronizing object | ENV_leaf_857
Fra:193 Mem:216.40M (Peak 216.40M) | Time:00:00.43 | Mem:0.00M, Peak:0.00M | Scene, ViewLayer | Synchronizing object | ENV_leaf_856
Fra:193 Mem:216.40M (Peak 216.40M) | Time:00:00.43 | Mem:0.00M, Peak:0.00M | Scene, ViewLayer | Synchronizing object | ENV_leaf_855
Fra:193 Mem:216.39M (Peak 216.40M) | Time:00:00.43 | Mem:0.00M, Peak:0.00M | Scene, ViewLayer | Synchronizing object | ENV_leaf_854
Fra:193 Mem:216.40M (Peak 216.40M) | Time:00:00.43 | Mem:0.00M, Peak:0.00M | Scene, ViewLayer | Synchronizing object | ENV_leaf_853
Fra:193 Mem:216.40M (Peak 216.40M) | Time:00:00.43 | Mem:0.00M, Peak:0.00M | Scene, ViewLayer | Synchronizing object | ENV_leaf_852
Fra:193 Mem:216.40M (Peak 216.40M) | Time:00:00.43 | Mem:0.00M, Peak:0.00M | Scene, ViewLayer | Synchronizing object | ENV_leaf_851
Fra:193 Mem:216.41M (Peak 216.41M) | Time:00:00.43 | Mem:0.00M, Peak:0.00M | Scene, ViewLayer | Synchronizing object | ENV_leaf_850
Fra:193 Mem:216.41M (Peak 216.41M) | Time:00:00.43 | Mem:0.00M, Peak:0.00M | Scene, ViewLayer | Synchronizing object | ENV_leaf_849
Fra:193 Mem:216.42M (Peak 216.42M) | Time:00:00.43 | Mem:0.00M, Peak:0.00M | Scene, ViewLayer | Synchronizing object | ENV_leaf_848
Fra:193 Mem:216.42M (Peak 216.42M) | Time:00:00.43 | Mem:0.00M, Peak:0.00M | Scene, ViewLayer | Synchronizing object | ENV_leaf_847
Fra:193 Mem:216.42M (Peak 216.42M) | Time:00:00.43 | Mem:0.00M, Peak:0.00M | Scene, ViewLayer | Synchronizing object | ENV_leaf_846
Fra:193 Mem:216.43M (Peak 216.43M) | Time:00:00.43 | Mem:0.00M, Peak:0.00M | Scene, ViewLayer | Synchronizing object | ENV_leaf_845
Fra:193 Mem:216.43M (Peak 216.43M) | Time:00:00.43 | Mem:0.00M, Peak:0.00M | Scene, ViewLayer | Synchronizing object | ENV_leaf_844
Fra:193 Mem:216.44M (Peak 216.44M) | Time:00:00.43 | Mem:0.00M, Peak:0.00M | Scene, ViewLayer | Synchronizing object | ENV_leaf_843
Fra:193 Mem:216.49M (Peak 216.49M) | Time:00:00.43 | Mem:0.00M, Peak:0.00M | Scene, ViewLayer | Synchronizing object | ENV_leaf_842
Fra:193 Mem:216.49M (Peak 216.49M) | Time:00:00.43 | Mem:0.00M, Peak:0.00M | Scene, ViewLayer | Synchronizing object | ENV_leaf_841
Fra:193 Mem:216.50M (Peak 216.50M) | Time:00:00.43 | Mem:0.00M, Peak:0.00M | Scene, ViewLayer | Synchronizing object | ENV_leaf_840
Fra:193 Mem:216.52M (Peak 216.52M) | Time:00:00.43 | Mem:0.00M, Peak:0.00M | Scene, ViewLayer | Synchronizing object | ENV_leaf_839
Fra:193 Mem:216.57M (Peak 216.57M) | Time:00:00.43 | Mem:0.00M, Peak:0.00M | Scene, ViewLayer | Synchronizing object | ENV_leaf_838
Fra:193 Mem:216.57M (Peak 216.57M) | Time:00:00.43 | Mem:0.00M, Peak:0.00M | Scene, ViewLayer | Synchronizing object | ENV_leaf_837
Fra:193 Mem:216.53M (Peak 216.57M) | Time:00:00.43 | Mem:0.00M, Peak:0.00M | Scene, ViewLayer | Synchronizing object | ENV_leaf_836
Fra:193 Mem:216.53M (Peak 216.57M) | Time:00:00.43 | Mem:0.00M, Peak:0.00M | Scene, ViewLayer | Synchronizing object | ENV_leaf_835
Fra:193 Mem:216.61M (Peak 216.61M) | Time:00:00.43 | Mem:0.00M, Peak:0.00M | Scene, ViewLayer | Synchronizing object | ENV_leaf_834
Fra:193 Mem:216.61M (Peak 216.61M) | Time:00:00.43 | Mem:0.00M, Peak:0.00M | Scene, ViewLayer | Synchronizing object | ENV_leaf_833
Fra:193 Mem:216.78M (Peak 216.78M) | Time:00:00.43 | Mem:0.00M, Peak:0.00M | Scene, ViewLayer | Synchronizing object | ENV_leaf_832
Fra:193 Mem:216.84M (Peak 216.84M) | Time:00:00.43 | Mem:0.00M, Peak:0.00M | Scene, ViewLayer | Synchronizing object | ENV_leaf_831
Fra:193 Mem:216.85M (Peak 216.85M) | Time:00:00.43 | Mem:0.00M, Peak:0.00M | Scene, ViewLayer | Synchronizing object | ENV_leaf_830
Fra:193 Mem:216.93M (Peak 216.93M) | Time:00:00.43 | Mem:0.00M, Peak:0.00M | Scene, ViewLayer | Synchronizing object | ENV_leaf_829
Fra:193 Mem:216.94M (Peak 216.94M) | Time:00:00.43 | Mem:0.00M, Peak:0.00M | Scene, ViewLayer | Synchronizing object | ENV_leaf_828
Fra:193 Mem:216.94M (Peak 216.94M) | Time:00:00.43 | Mem:0.00M, Peak:0.00M | Scene, ViewLayer | Synchronizing object | ENV_leaf_827
Fra:193 Mem:216.96M (Peak 216.96M) | Time:00:00.43 | Mem:0.00M, Peak:0.00M | Scene, ViewLayer | Synchronizing object | ENV_leaf_826
Fra:193 Mem:217.03M (Peak 217.03M) | Time:00:00.43 | Mem:0.00M, Peak:0.00M | Scene, ViewLayer | Synchronizing object | ENV_leaf_825
Fra:193 Mem:217.03M (Peak 217.03M) | Time:00:00.43 | Mem:0.00M, Peak:0.00M | Scene, ViewLayer | Synchronizing object | ENV_leaf_824
Fra:193 Mem:217.03M (Peak 217.03M) | Time:00:00.43 | Mem:0.00M, Peak:0.00M | Scene, ViewLayer | Synchronizing object | ENV_leaf_823
Fra:193 Mem:217.04M (Peak 217.04M) | Time:00:00.43 | Mem:0.00M, Peak:0.00M | Scene, ViewLayer | Synchronizing object | ENV_leaf_822
Fra:193 Mem:217.04M (Peak 217.04M) | Time:00:00.43 | Mem:0.00M, Peak:0.00M | Scene, ViewLayer | Synchronizing object | ENV_leaf_821
Fra:193 Mem:217.05M (Peak 217.05M) | Time:00:00.43 | Mem:0.00M, Peak:0.00M | Scene, ViewLayer | Synchronizing object | ENV_leaf_820
Fra:193 Mem:217.03M (Peak 217.05M) | Time:00:00.43 | Mem:0.00M, Peak:0.00M | Scene, ViewLayer | Synchronizing object | ENV_leaf_819
Fra:193 Mem:217.04M (Peak 217.05M) | Time:00:00.43 | Mem:0.00M, Peak:0.00M | Scene, ViewLayer | Synchronizing object | ENV_leaf_818
Fra:193 Mem:217.04M (Peak 217.05M) | Time:00:00.43 | Mem:0.00M, Peak:0.00M | Scene, ViewLayer | Synchronizing object | ENV_leaf_817
Fra:193 Mem:217.05M (Peak 217.05M) | Time:00:00.43 | Mem:0.00M, Peak:0.00M | Scene, ViewLayer | Synchronizing object | ENV_leaf_816
Fra:193 Mem:217.05M (Peak 217.05M) | Time:00:00.43 | Mem:0.00M, Peak:0.00M | Scene, ViewLayer | Synchronizing object | ENV_leaf_815
Fra:193 Mem:217.05M (Peak 217.05M) | Time:00:00.43 | Mem:0.00M, Peak:0.00M | Scene, ViewLayer | Synchronizing object | ENV_leaf_814
Fra:193 Mem:217.06M (Peak 217.06M) | Time:00:00.43 | Mem:0.00M, Peak:0.00M | Scene, ViewLayer | Synchronizing object | ENV_leaf_813
Fra:193 Mem:217.06M (Peak 217.06M) | Time:00:00.43 | Mem:0.00M, Peak:0.00M | Scene, ViewLayer | Synchronizing object | ENV_leaf_812
Fra:193 Mem:217.07M (Peak 217.07M) | Time:00:00.43 | Mem:0.00M, Peak:0.00M | Scene, ViewLayer | Synchronizing object | ENV_leaf_811
Fra:193 Mem:217.07M (Peak 217.07M) | Time:00:00.43 | Mem:0.00M, Peak:0.00M | Scene, ViewLayer | Synchronizing object | ENV_leaf_810
Fra:193 Mem:217.07M (Peak 217.07M) | Time:00:00.43 | Mem:0.00M, Peak:0.00M | Scene, ViewLayer | Synchronizing object | ENV_leaf_809
Fra:193 Mem:217.08M (Peak 217.08M) | Time:00:00.43 | Mem:0.00M, Peak:0.00M | Scene, ViewLayer | Synchronizing object | ENV_leaf_808
Fra:193 Mem:217.08M (Peak 217.08M) | Time:00:00.43 | Mem:0.00M, Peak:0.00M | Scene, ViewLayer | Synchronizing object | ENV_leaf_807
Fra:193 Mem:217.09M (Peak 217.09M) | Time:00:00.43 | Mem:0.00M, Peak:0.00M | Scene, ViewLayer | Synchronizing object | ENV_leaf_806
Fra:193 Mem:217.09M (Peak 217.09M) | Time:00:00.43 | Mem:0.00M, Peak:0.00M | Scene, ViewLayer | Synchronizing object | ENV_leaf_805
Fra:193 Mem:217.16M (Peak 217.16M) | Time:00:00.43 | Mem:0.00M, Peak:0.00M | Scene, ViewLayer | Synchronizing object | ENV_leaf_804
Fra:193 Mem:217.16M (Peak 217.16M) | Time:00:00.43 | Mem:0.00M, Peak:0.00M | Scene, ViewLayer | Synchronizing object | ENV_leaf_803
Fra:193 Mem:217.16M (Peak 217.16M) | Time:00:00.43 | Mem:0.00M, Peak:0.00M | Scene, ViewLayer | Synchronizing object | ENV_leaf_802
Fra:193 Mem:217.17M (Peak 217.17M) | Time:00:00.43 | Mem:0.00M, Peak:0.00M | Scene, ViewLayer | Synchronizing object | ENV_leaf_801
Fra:193 Mem:217.26M (Peak 217.26M) | Time:00:00.43 | Mem:0.00M, Peak:0.00M | Scene, ViewLayer | Synchronizing object | ENV_leaf_800
Fra:193 Mem:217.26M (Peak 217.26M) | Time:00:00.43 | Mem:0.00M, Peak:0.00M | Scene, ViewLayer | Synchronizing object | ENV_leaf_799
Fra:193 Mem:217.27M (Peak 217.27M) | Time:00:00.43 | Mem:0.00M, Peak:0.00M | Scene, ViewLayer | Synchronizing object | ENV_leaf_798
Fra:193 Mem:217.21M (Peak 217.27M) | Time:00:00.43 | Mem:0.00M, Peak:0.00M | Scene, ViewLayer | Synchronizing object | ENV_fern_23
Fra:193 Mem:217.21M (Peak 217.27M) | Time:00:00.43 | Mem:0.00M, Peak:0.00M | Scene, ViewLayer | Synchronizing object | ENV_leaf_797
Fra:193 Mem:217.30M (Peak 217.30M) | Time:00:00.43 | Mem:0.00M, Peak:0.00M | Scene, ViewLayer | Synchronizing object | ENV_leaf_796
Fra:193 Mem:217.30M (Peak 217.30M) | Time:00:00.43 | Mem:0.00M, Peak:0.00M | Scene, ViewLayer | Synchronizing object | ENV_leaf_795
Fra:193 Mem:217.50M (Peak 217.50M) | Time:00:00.43 | Mem:0.00M, Peak:0.00M | Scene, ViewLayer | Synchronizing object | ENV_leaf_794
Fra:193 Mem:217.51M (Peak 217.51M) | Time:00:00.43 | Mem:0.00M, Peak:0.00M | Scene, ViewLayer | Synchronizing object | ENV_leaf_793
Fra:193 Mem:217.59M (Peak 217.59M) | Time:00:00.43 | Mem:0.00M, Peak:0.00M | Scene, ViewLayer | Synchronizing object | ENV_leaf_792
Fra:193 Mem:217.59M (Peak 217.59M) | Time:00:00.43 | Mem:0.00M, Peak:0.00M | Scene, ViewLayer | Synchronizing object | ENV_leaf_791
Fra:193 Mem:217.70M (Peak 217.70M) | Time:00:00.43 | Mem:0.00M, Peak:0.00M | Scene, ViewLayer | Synchronizing object | ENV_leaf_790
Fra:193 Mem:217.70M (Peak 217.70M) | Time:00:00.43 | Mem:0.00M, Peak:0.00M | Scene, ViewLayer | Synchronizing object | ENV_leaf_789
Fra:193 Mem:217.70M (Peak 217.70M) | Time:00:00.43 | Mem:0.00M, Peak:0.00M | Scene, ViewLayer | Synchronizing object | ENV_leaf_788
Fra:193 Mem:217.71M (Peak 217.71M) | Time:00:00.43 | Mem:0.00M, Peak:0.00M | Scene, ViewLayer | Synchronizing object | ENV_leaf_787
Fra:193 Mem:217.73M (Peak 217.73M) | Time:00:00.43 | Mem:0.00M, Peak:0.00M | Scene, ViewLayer | Synchronizing object | ENV_leaf_786
Fra:193 Mem:217.81M (Peak 217.81M) | Time:00:00.43 | Mem:0.00M, Peak:0.00M | Scene, ViewLayer | Synchronizing object | ENV_leaf_785
Fra:193 Mem:217.82M (Peak 217.82M) | Time:00:00.43 | Mem:0.00M, Peak:0.00M | Scene, ViewLayer | Synchronizing object | ENV_leaf_784
Fra:193 Mem:217.82M (Peak 217.82M) | Time:00:00.43 | Mem:0.00M, Peak:0.00M | Scene, ViewLayer | Synchronizing object | ENV_leaf_783
Fra:193 Mem:217.82M (Peak 217.82M) | Time:00:00.43 | Mem:0.00M, Peak:0.00M | Scene, ViewLayer | Synchronizing object | ENV_leaf_782
Fra:193 Mem:217.83M (Peak 217.83M) | Time:00:00.43 | Mem:0.00M, Peak:0.00M | Scene, ViewLayer | Synchronizing object | ENV_leaf_781
Fra:193 Mem:217.83M (Peak 217.83M) | Time:00:00.43 | Mem:0.00M, Peak:0.00M | Scene, ViewLayer | Synchronizing object | ENV_leaf_780
Fra:193 Mem:217.84M (Peak 217.84M) | Time:00:00.43 | Mem:0.00M, Peak:0.00M | Scene, ViewLayer | Synchronizing object | ENV_leaf_779
Fra:193 Mem:217.82M (Peak 217.84M) | Time:00:00.43 | Mem:0.00M, Peak:0.00M | Scene, ViewLayer | Synchronizing object | ENV_leaf_778
Fra:193 Mem:217.82M (Peak 217.84M) | Time:00:00.43 | Mem:0.00M, Peak:0.00M | Scene, ViewLayer | Synchronizing object | ENV_leaf_777
Fra:193 Mem:217.83M (Peak 217.84M) | Time:00:00.43 | Mem:0.00M, Peak:0.00M | Scene, ViewLayer | Synchronizing object | ENV_leaf_776
Fra:193 Mem:217.83M (Peak 217.84M) | Time:00:00.43 | Mem:0.00M, Peak:0.00M | Scene, ViewLayer | Synchronizing object | ENV_leaf_775
Fra:193 Mem:217.84M (Peak 217.84M) | Time:00:00.43 | Mem:0.00M, Peak:0.00M | Scene, ViewLayer | Synchronizing object | ENV_leaf_774
Fra:193 Mem:217.84M (Peak 217.84M) | Time:00:00.43 | Mem:0.00M, Peak:0.00M | Scene, ViewLayer | Synchronizing object | ENV_leaf_773
Fra:193 Mem:217.85M (Peak 217.85M) | Time:00:00.43 | Mem:0.00M, Peak:0.00M | Scene, ViewLayer | Synchronizing object | ENV_leaf_772
Fra:193 Mem:217.85M (Peak 217.85M) | Time:00:00.43 | Mem:0.00M, Peak:0.00M | Scene, ViewLayer | Synchronizing object | ENV_leaf_771
Fra:193 Mem:217.85M (Peak 217.85M) | Time:00:00.43 | Mem:0.00M, Peak:0.00M | Scene, ViewLayer | Synchronizing object | ENV_leaf_770
Fra:193 Mem:217.86M (Peak 217.86M) | Time:00:00.43 | Mem:0.00M, Peak:0.00M | Scene, ViewLayer | Synchronizing object | ENV_leaf_769
Fra:193 Mem:217.86M (Peak 217.86M) | Time:00:00.43 | Mem:0.00M, Peak:0.00M | Scene, ViewLayer | Synchronizing object | ENV_leaf_768
Fra:193 Mem:217.87M (Peak 217.87M) | Time:00:00.43 | Mem:0.00M, Peak:0.00M | Scene, ViewLayer | Synchronizing object | ENV_leaf_767
Fra:193 Mem:217.87M (Peak 217.87M) | Time:00:00.43 | Mem:0.00M, Peak:0.00M | Scene, ViewLayer | Synchronizing object | ENV_leaf_766
Fra:193 Mem:217.87M (Peak 217.87M) | Time:00:00.43 | Mem:0.00M, Peak:0.00M | Scene, ViewLayer | Synchronizing object | ENV_leaf_765
Fra:193 Mem:217.88M (Peak 217.88M) | Time:00:00.43 | Mem:0.00M, Peak:0.00M | Scene, ViewLayer | Synchronizing object | ENV_leaf_764
Fra:193 Mem:217.88M (Peak 217.88M) | Time:00:00.43 | Mem:0.00M, Peak:0.00M | Scene, ViewLayer | Synchronizing object | ENV_leaf_763
Fra:193 Mem:217.89M (Peak 217.89M) | Time:00:00.43 | Mem:0.00M, Peak:0.00M | Scene, ViewLayer | Synchronizing object | ENV_leaf_762
Fra:193 Mem:217.89M (Peak 217.89M) | Time:00:00.43 | Mem:0.00M, Peak:0.00M | Scene, ViewLayer | Synchronizing object | ENV_leaf_761
Fra:193 Mem:217.97M (Peak 217.97M) | Time:00:00.43 | Mem:0.00M, Peak:0.00M | Scene, ViewLayer | Synchronizing object | ENV_leaf_760
Fra:193 Mem:217.97M (Peak 217.97M) | Time:00:00.43 | Mem:0.00M, Peak:0.00M | Scene, ViewLayer | Synchronizing object | ENV_leaf_759
Fra:193 Mem:217.98M (Peak 217.98M) | Time:00:00.43 | Mem:0.00M, Peak:0.00M | Scene, ViewLayer | Synchronizing object | ENV_leaf_758
Fra:193 Mem:217.98M (Peak 217.98M) | Time:00:00.43 | Mem:0.00M, Peak:0.00M | Scene, ViewLayer | Synchronizing object | ENV_leaf_757
Fra:193 Mem:218.01M (Peak 218.01M) | Time:00:00.43 | Mem:0.00M, Peak:0.00M | Scene, ViewLayer | Synchronizing object | ENV_leaf_756
Fra:193 Mem:218.02M (Peak 218.02M) | Time:00:00.43 | Mem:0.00M, Peak:0.00M | Scene, ViewLayer | Synchronizing object | ENV_leaf_755
Fra:193 Mem:218.02M (Peak 218.02M) | Time:00:00.43 | Mem:0.00M, Peak:0.00M | Scene, ViewLayer | Synchronizing object | ENV_leaf_754
Fra:193 Mem:218.10M (Peak 218.10M) | Time:00:00.43 | Mem:0.00M, Peak:0.00M | Scene, ViewLayer | Synchronizing object | ENV_leaf_753
Fra:193 Mem:218.11M (Peak 218.11M) | Time:00:00.43 | Mem:0.00M, Peak:0.00M | Scene, ViewLayer | Synchronizing object | ENV_leaf_752
Fra:193 Mem:218.11M (Peak 218.11M) | Time:00:00.43 | Mem:0.00M, Peak:0.00M | Scene, ViewLayer | Synchronizing object | ENV_leaf_751
Fra:193 Mem:218.04M (Peak 218.11M) | Time:00:00.43 | Mem:0.00M, Peak:0.00M | Scene, ViewLayer | Synchronizing object | ENV_fern_24
Fra:193 Mem:218.09M (Peak 218.11M) | Time:00:00.43 | Mem:0.00M, Peak:0.00M | Scene, ViewLayer | Synchronizing object | ENV_leaf_750
Fra:193 Mem:218.22M (Peak 218.22M) | Time:00:00.43 | Mem:0.00M, Peak:0.00M | Scene, ViewLayer | Synchronizing object | ENV_leaf_749
Fra:193 Mem:218.27M (Peak 218.27M) | Time:00:00.43 | Mem:0.00M, Peak:0.00M | Scene, ViewLayer | Synchronizing object | ENV_leaf_748
Fra:193 Mem:218.34M (Peak 218.34M) | Time:00:00.43 | Mem:0.00M, Peak:0.00M | Scene, ViewLayer | Synchronizing object | ENV_leaf_747
Fra:193 Mem:218.34M (Peak 218.34M) | Time:00:00.43 | Mem:0.00M, Peak:0.00M | Scene, ViewLayer | Synchronizing object | ENV_leaf_746
Fra:193 Mem:218.35M (Peak 218.35M) | Time:00:00.43 | Mem:0.00M, Peak:0.00M | Scene, ViewLayer | Synchronizing object | ENV_leaf_745
Fra:193 Mem:218.41M (Peak 218.41M) | Time:00:00.43 | Mem:0.00M, Peak:0.00M | Scene, ViewLayer | Synchronizing object | ENV_leaf_744
Fra:193 Mem:218.41M (Peak 218.41M) | Time:00:00.43 | Mem:0.00M, Peak:0.00M | Scene, ViewLayer | Synchronizing object | ENV_leaf_743
Fra:193 Mem:218.42M (Peak 218.42M) | Time:00:00.43 | Mem:0.00M, Peak:0.00M | Scene, ViewLayer | Synchronizing object | ENV_leaf_742
Fra:193 Mem:218.42M (Peak 218.42M) | Time:00:00.43 | Mem:0.00M, Peak:0.00M | Scene, ViewLayer | Synchronizing object | ENV_leaf_741
Fra:193 Mem:218.43M (Peak 218.43M) | Time:00:00.43 | Mem:0.00M, Peak:0.00M | Scene, ViewLayer | Synchronizing object | ENV_leaf_740
Fra:193 Mem:218.42M (Peak 218.43M) | Time:00:00.43 | Mem:0.00M, Peak:0.00M | Scene, ViewLayer | Synchronizing object | ENV_leaf_739
Fra:193 Mem:218.42M (Peak 218.43M) | Time:00:00.43 | Mem:0.00M, Peak:0.00M | Scene, ViewLayer | Synchronizing object | ENV_leaf_738
Fra:193 Mem:218.43M (Peak 218.43M) | Time:00:00.43 | Mem:0.00M, Peak:0.00M | Scene, ViewLayer | Synchronizing object | ENV_leaf_737
Fra:193 Mem:218.43M (Peak 218.43M) | Time:00:00.43 | Mem:0.00M, Peak:0.00M | Scene, ViewLayer | Synchronizing object | ENV_leaf_736
Fra:193 Mem:218.43M (Peak 218.43M) | Time:00:00.43 | Mem:0.00M, Peak:0.00M | Scene, ViewLayer | Synchronizing object | ENV_leaf_735
Fra:193 Mem:218.44M (Peak 218.44M) | Time:00:00.43 | Mem:0.00M, Peak:0.00M | Scene, ViewLayer | Synchronizing object | ENV_leaf_734
Fra:193 Mem:218.44M (Peak 218.44M) | Time:00:00.43 | Mem:0.00M, Peak:0.00M | Scene, ViewLayer | Synchronizing object | ENV_leaf_733
Fra:193 Mem:218.45M (Peak 218.45M) | Time:00:00.43 | Mem:0.00M, Peak:0.00M | Scene, ViewLayer | Synchronizing object | ENV_leaf_732
Fra:193 Mem:218.45M (Peak 218.45M) | Time:00:00.43 | Mem:0.00M, Peak:0.00M | Scene, ViewLayer | Synchronizing object | ENV_leaf_731
Fra:193 Mem:218.45M (Peak 218.45M) | Time:00:00.43 | Mem:0.00M, Peak:0.00M | Scene, ViewLayer | Synchronizing object | ENV_leaf_730
Fra:193 Mem:218.46M (Peak 218.46M) | Time:00:00.43 | Mem:0.00M, Peak:0.00M | Scene, ViewLayer | Synchronizing object | ENV_leaf_729
Fra:193 Mem:218.51M (Peak 218.51M) | Time:00:00.43 | Mem:0.00M, Peak:0.00M | Scene, ViewLayer | Synchronizing object | ENV_leaf_727
Fra:193 Mem:218.51M (Peak 218.51M) | Time:00:00.43 | Mem:0.00M, Peak:0.00M | Scene, ViewLayer | Synchronizing object | ENV_leaf_726
Fra:193 Mem:218.52M (Peak 218.52M) | Time:00:00.43 | Mem:0.00M, Peak:0.00M | Scene, ViewLayer | Synchronizing object | ENV_leaf_725
Fra:193 Mem:218.54M (Peak 218.54M) | Time:00:00.43 | Mem:0.00M, Peak:0.00M | Scene, ViewLayer | Synchronizing object | ENV_leaf_723
Fra:193 Mem:218.59M (Peak 218.59M) | Time:00:00.43 | Mem:0.00M, Peak:0.00M | Scene, ViewLayer | Synchronizing object | ENV_leaf_722
Fra:193 Mem:218.60M (Peak 218.60M) | Time:00:00.43 | Mem:0.00M, Peak:0.00M | Scene, ViewLayer | Synchronizing object | ENV_leaf_721
Fra:193 Mem:218.55M (Peak 218.60M) | Time:00:00.43 | Mem:0.00M, Peak:0.00M | Scene, ViewLayer | Synchronizing object | ENV_leaf_720
Fra:193 Mem:218.56M (Peak 218.60M) | Time:00:00.43 | Mem:0.00M, Peak:0.00M | Scene, ViewLayer | Synchronizing object | ENV_fern_25
Fra:193 Mem:218.63M (Peak 218.63M) | Time:00:00.43 | Mem:0.00M, Peak:0.00M | Scene, ViewLayer | Synchronizing object | ENV_leaf_719
Fra:193 Mem:218.63M (Peak 218.63M) | Time:00:00.43 | Mem:0.00M, Peak:0.00M | Scene, ViewLayer | Synchronizing object | ENV_leaf_718
Fra:193 Mem:218.79M (Peak 218.79M) | Time:00:00.43 | Mem:0.00M, Peak:0.00M | Scene, ViewLayer | Synchronizing object | ENV_leaf_717
Fra:193 Mem:218.86M (Peak 218.86M) | Time:00:00.43 | Mem:0.00M, Peak:0.00M | Scene, ViewLayer | Synchronizing object | ENV_leaf_715
Fra:193 Mem:218.86M (Peak 218.86M) | Time:00:00.43 | Mem:0.00M, Peak:0.00M | Scene, ViewLayer | Synchronizing object | ENV_leaf_714
Fra:193 Mem:218.87M (Peak 218.87M) | Time:00:00.43 | Mem:0.00M, Peak:0.00M | Scene, ViewLayer | Synchronizing object | ENV_leaf_713
Fra:193 Mem:218.95M (Peak 218.95M) | Time:00:00.43 | Mem:0.00M, Peak:0.00M | Scene, ViewLayer | Synchronizing object | ENV_leaf_712
Fra:193 Mem:218.96M (Peak 218.96M) | Time:00:00.43 | Mem:0.00M, Peak:0.00M | Scene, ViewLayer | Synchronizing object | ENV_leaf_711
Fra:193 Mem:218.96M (Peak 218.96M) | Time:00:00.43 | Mem:0.00M, Peak:0.00M | Scene, ViewLayer | Synchronizing object | ENV_leaf_710
Fra:193 Mem:219.03M (Peak 219.03M) | Time:00:00.43 | Mem:0.00M, Peak:0.00M | Scene, ViewLayer | Synchronizing object | ENV_leaf_709
Fra:193 Mem:219.05M (Peak 219.05M) | Time:00:00.43 | Mem:0.00M, Peak:0.00M | Scene, ViewLayer | Synchronizing object | ENV_leaf_708
Fra:193 Mem:219.05M (Peak 219.05M) | Time:00:00.43 | Mem:0.00M, Peak:0.00M | Scene, ViewLayer | Synchronizing object | ENV_leaf_707
Fra:193 Mem:219.06M (Peak 219.06M) | Time:00:00.43 | Mem:0.00M, Peak:0.00M | Scene, ViewLayer | Synchronizing object | ENV_leaf_706
Fra:193 Mem:219.06M (Peak 219.06M) | Time:00:00.43 | Mem:0.00M, Peak:0.00M | Scene, ViewLayer | Synchronizing object | ENV_leaf_705
Fra:193 Mem:219.06M (Peak 219.06M) | Time:00:00.43 | Mem:0.00M, Peak:0.00M | Scene, ViewLayer | Synchronizing object | ENV_leaf_704
Fra:193 Mem:219.07M (Peak 219.07M) | Time:00:00.43 | Mem:0.00M, Peak:0.00M | Scene, ViewLayer | Synchronizing object | ENV_leaf_703
Fra:193 Mem:219.06M (Peak 219.07M) | Time:00:00.43 | Mem:0.00M, Peak:0.00M | Scene, ViewLayer | Synchronizing object | ENV_leaf_702
Fra:193 Mem:219.06M (Peak 219.07M) | Time:00:00.43 | Mem:0.00M, Peak:0.00M | Scene, ViewLayer | Synchronizing object | ENV_leaf_701
Fra:193 Mem:219.06M (Peak 219.07M) | Time:00:00.43 | Mem:0.00M, Peak:0.00M | Scene, ViewLayer | Synchronizing object | ENV_leaf_700
Fra:193 Mem:219.07M (Peak 219.07M) | Time:00:00.43 | Mem:0.00M, Peak:0.00M | Scene, ViewLayer | Synchronizing object | ENV_leaf_699
Fra:193 Mem:219.07M (Peak 219.07M) | Time:00:00.43 | Mem:0.00M, Peak:0.00M | Scene, ViewLayer | Synchronizing object | ENV_leaf_698
Fra:193 Mem:219.08M (Peak 219.08M) | Time:00:00.43 | Mem:0.00M, Peak:0.00M | Scene, ViewLayer | Synchronizing object | ENV_leaf_697
Fra:193 Mem:219.08M (Peak 219.08M) | Time:00:00.43 | Mem:0.00M, Peak:0.00M | Scene, ViewLayer | Synchronizing object | ENV_leaf_696
Fra:193 Mem:219.08M (Peak 219.08M) | Time:00:00.43 | Mem:0.00M, Peak:0.00M | Scene, ViewLayer | Synchronizing object | ENV_leaf_695
Fra:193 Mem:219.09M (Peak 219.09M) | Time:00:00.43 | Mem:0.00M, Peak:0.00M | Scene, ViewLayer | Synchronizing object | ENV_leaf_694
Fra:193 Mem:219.09M (Peak 219.09M) | Time:00:00.43 | Mem:0.00M, Peak:0.00M | Scene, ViewLayer | Synchronizing object | ENV_leaf_693
Fra:193 Mem:219.10M (Peak 219.10M) | Time:00:00.43 | Mem:0.00M, Peak:0.00M | Scene, ViewLayer | Synchronizing object | ENV_leaf_692
Fra:193 Mem:219.10M (Peak 219.10M) | Time:00:00.43 | Mem:0.00M, Peak:0.00M | Scene, ViewLayer | Synchronizing object | ENV_leaf_691
Fra:193 Mem:219.10M (Peak 219.10M) | Time:00:00.43 | Mem:0.00M, Peak:0.00M | Scene, ViewLayer | Synchronizing object | ENV_leaf_690
Fra:193 Mem:219.11M (Peak 219.11M) | Time:00:00.43 | Mem:0.00M, Peak:0.00M | Scene, ViewLayer | Synchronizing object | ENV_leaf_689
Fra:193 Mem:219.17M (Peak 219.17M) | Time:00:00.43 | Mem:0.00M, Peak:0.00M | Scene, ViewLayer | Synchronizing object | ENV_leaf_688
Fra:193 Mem:219.18M (Peak 219.18M) | Time:00:00.43 | Mem:0.00M, Peak:0.00M | Scene, ViewLayer | Synchronizing object | ENV_leaf_687
Fra:193 Mem:219.18M (Peak 219.18M) | Time:00:00.43 | Mem:0.00M, Peak:0.00M | Scene, ViewLayer | Synchronizing object | ENV_leaf_686
Fra:193 Mem:219.19M (Peak 219.19M) | Time:00:00.43 | Mem:0.00M, Peak:0.00M | Scene, ViewLayer | Synchronizing object | ENV_leaf_685
Fra:193 Mem:219.21M (Peak 219.21M) | Time:00:00.43 | Mem:0.00M, Peak:0.00M | Scene, ViewLayer | Synchronizing object | ENV_leaf_684
Fra:193 Mem:219.22M (Peak 219.22M) | Time:00:00.43 | Mem:0.00M, Peak:0.00M | Scene, ViewLayer | Synchronizing object | ENV_leaf_683
Fra:193 Mem:219.28M (Peak 219.28M) | Time:00:00.43 | Mem:0.00M, Peak:0.00M | Scene, ViewLayer | Synchronizing object | ENV_leaf_682
Fra:193 Mem:219.29M (Peak 219.29M) | Time:00:00.43 | Mem:0.00M, Peak:0.00M | Scene, ViewLayer | Synchronizing object | ENV_leaf_681
Fra:193 Mem:219.29M (Peak 219.29M) | Time:00:00.43 | Mem:0.00M, Peak:0.00M | Scene, ViewLayer | Synchronizing object | ENV_leaf_680
Fra:193 Mem:219.23M (Peak 219.29M) | Time:00:00.43 | Mem:0.00M, Peak:0.00M | Scene, ViewLayer | Synchronizing object | ENV_fern_26
Fra:193 Mem:219.32M (Peak 219.32M) | Time:00:00.43 | Mem:0.00M, Peak:0.00M | Scene, ViewLayer | Synchronizing object | ENV_leaf_679
Fra:193 Mem:219.32M (Peak 219.32M) | Time:00:00.43 | Mem:0.00M, Peak:0.00M | Scene, ViewLayer | Synchronizing object | ENV_leaf_678
Fra:193 Mem:219.53M (Peak 219.53M) | Time:00:00.43 | Mem:0.00M, Peak:0.00M | Scene, ViewLayer | Synchronizing object | ENV_leaf_677
Fra:193 Mem:219.53M (Peak 219.53M) | Time:00:00.43 | Mem:0.00M, Peak:0.00M | Scene, ViewLayer | Synchronizing object | ENV_leaf_676
Fra:193 Mem:219.61M (Peak 219.61M) | Time:00:00.43 | Mem:0.00M, Peak:0.00M | Scene, ViewLayer | Synchronizing object | ENV_leaf_675
Fra:193 Mem:219.61M (Peak 219.61M) | Time:00:00.43 | Mem:0.00M, Peak:0.00M | Scene, ViewLayer | Synchronizing object | ENV_leaf_674
Fra:193 Mem:219.72M (Peak 219.72M) | Time:00:00.43 | Mem:0.00M, Peak:0.00M | Scene, ViewLayer | Synchronizing object | ENV_leaf_673
Fra:193 Mem:219.72M (Peak 219.72M) | Time:00:00.43 | Mem:0.00M, Peak:0.00M | Scene, ViewLayer | Synchronizing object | ENV_leaf_672
Fra:193 Mem:219.73M (Peak 219.73M) | Time:00:00.43 | Mem:0.00M, Peak:0.00M | Scene, ViewLayer | Synchronizing object | ENV_leaf_671
Fra:193 Mem:219.73M (Peak 219.73M) | Time:00:00.43 | Mem:0.00M, Peak:0.00M | Scene, ViewLayer | Synchronizing object | ENV_leaf_670
Fra:193 Mem:219.75M (Peak 219.75M) | Time:00:00.44 | Mem:0.00M, Peak:0.00M | Scene, ViewLayer | Synchronizing object | ENV_leaf_669
Fra:193 Mem:219.81M (Peak 219.81M) | Time:00:00.44 | Mem:0.00M, Peak:0.00M | Scene, ViewLayer | Synchronizing object | ENV_leaf_668
Fra:193 Mem:219.84M (Peak 219.84M) | Time:00:00.44 | Mem:0.00M, Peak:0.00M | Scene, ViewLayer | Synchronizing object | ENV_leaf_667
Fra:193 Mem:219.84M (Peak 219.84M) | Time:00:00.44 | Mem:0.00M, Peak:0.00M | Scene, ViewLayer | Synchronizing object | ENV_leaf_666
Fra:193 Mem:219.85M (Peak 219.85M) | Time:00:00.44 | Mem:0.00M, Peak:0.00M | Scene, ViewLayer | Synchronizing object | ENV_leaf_665
Fra:193 Mem:219.85M (Peak 219.85M) | Time:00:00.44 | Mem:0.00M, Peak:0.00M | Scene, ViewLayer | Synchronizing object | ENV_leaf_664
Fra:193 Mem:219.85M (Peak 219.85M) | Time:00:00.44 | Mem:0.00M, Peak:0.00M | Scene, ViewLayer | Synchronizing object | ENV_leaf_663
Fra:193 Mem:219.86M (Peak 219.86M) | Time:00:00.44 | Mem:0.00M, Peak:0.00M | Scene, ViewLayer | Synchronizing object | ENV_leaf_662
Fra:193 Mem:219.86M (Peak 219.86M) | Time:00:00.44 | Mem:0.00M, Peak:0.00M | Scene, ViewLayer | Synchronizing object | ENV_leaf_661
Fra:193 Mem:219.85M (Peak 219.86M) | Time:00:00.44 | Mem:0.00M, Peak:0.00M | Scene, ViewLayer | Synchronizing object | ENV_leaf_660
Fra:193 Mem:219.85M (Peak 219.86M) | Time:00:00.44 | Mem:0.00M, Peak:0.00M | Scene, ViewLayer | Synchronizing object | ENV_leaf_659
Fra:193 Mem:219.85M (Peak 219.86M) | Time:00:00.44 | Mem:0.00M, Peak:0.00M | Scene, ViewLayer | Synchronizing object | ENV_leaf_658
Fra:193 Mem:219.86M (Peak 219.86M) | Time:00:00.44 | Mem:0.00M, Peak:0.00M | Scene, ViewLayer | Synchronizing object | ENV_leaf_657
Fra:193 Mem:219.86M (Peak 219.86M) | Time:00:00.44 | Mem:0.00M, Peak:0.00M | Scene, ViewLayer | Synchronizing object | ENV_leaf_656
Fra:193 Mem:219.87M (Peak 219.87M) | Time:00:00.44 | Mem:0.00M, Peak:0.00M | Scene, ViewLayer | Synchronizing object | ENV_leaf_655
Fra:193 Mem:219.87M (Peak 219.87M) | Time:00:00.44 | Mem:0.00M, Peak:0.00M | Scene, ViewLayer | Synchronizing object | ENV_leaf_654
Fra:193 Mem:219.87M (Peak 219.87M) | Time:00:00.44 | Mem:0.00M, Peak:0.00M | Scene, ViewLayer | Synchronizing object | ENV_leaf_653
Fra:193 Mem:219.88M (Peak 219.88M) | Time:00:00.44 | Mem:0.00M, Peak:0.00M | Scene, ViewLayer | Synchronizing object | ENV_leaf_652
Fra:193 Mem:219.88M (Peak 219.88M) | Time:00:00.44 | Mem:0.00M, Peak:0.00M | Scene, ViewLayer | Synchronizing object | ENV_leaf_651
Fra:193 Mem:219.89M (Peak 219.89M) | Time:00:00.44 | Mem:0.00M, Peak:0.00M | Scene, ViewLayer | Synchronizing object | ENV_leaf_650
Fra:193 Mem:219.89M (Peak 219.89M) | Time:00:00.44 | Mem:0.00M, Peak:0.00M | Scene, ViewLayer | Synchronizing object | ENV_leaf_649
Fra:193 Mem:219.90M (Peak 219.90M) | Time:00:00.44 | Mem:0.00M, Peak:0.00M | Scene, ViewLayer | Synchronizing object | ENV_leaf_648
Fra:193 Mem:219.90M (Peak 219.90M) | Time:00:00.44 | Mem:0.00M, Peak:0.00M | Scene, ViewLayer | Synchronizing object | ENV_leaf_647
Fra:193 Mem:219.90M (Peak 219.90M) | Time:00:00.44 | Mem:0.00M, Peak:0.00M | Scene, ViewLayer | Synchronizing object | ENV_leaf_646
Fra:193 Mem:219.91M (Peak 219.91M) | Time:00:00.44 | Mem:0.00M, Peak:0.00M | Scene, ViewLayer | Synchronizing object | ENV_leaf_645
Fra:193 Mem:219.91M (Peak 219.91M) | Time:00:00.44 | Mem:0.00M, Peak:0.00M | Scene, ViewLayer | Synchronizing object | ENV_leaf_644
Fra:193 Mem:219.92M (Peak 219.92M) | Time:00:00.44 | Mem:0.00M, Peak:0.00M | Scene, ViewLayer | Synchronizing object | ENV_leaf_643
Fra:193 Mem:220.00M (Peak 220.00M) | Time:00:00.44 | Mem:0.00M, Peak:0.00M | Scene, ViewLayer | Synchronizing object | ENV_leaf_642
Fra:193 Mem:220.00M (Peak 220.00M) | Time:00:00.44 | Mem:0.00M, Peak:0.00M | Scene, ViewLayer | Synchronizing object | ENV_leaf_641
Fra:193 Mem:220.00M (Peak 220.00M) | Time:00:00.44 | Mem:0.00M, Peak:0.00M | Scene, ViewLayer | Synchronizing object | ENV_leaf_640
Fra:193 Mem:220.01M (Peak 220.01M) | Time:00:00.44 | Mem:0.00M, Peak:0.00M | Scene, ViewLayer | Synchronizing object | ENV_leaf_639
Fra:193 Mem:220.01M (Peak 220.01M) | Time:00:00.44 | Mem:0.00M, Peak:0.00M | Scene, ViewLayer | Synchronizing object | ENV_leaf_638
Fra:193 Mem:220.04M (Peak 220.04M) | Time:00:00.44 | Mem:0.00M, Peak:0.00M | Scene, ViewLayer | Synchronizing object | ENV_leaf_637
Fra:193 Mem:220.05M (Peak 220.05M) | Time:00:00.44 | Mem:0.00M, Peak:0.00M | Scene, ViewLayer | Synchronizing object | ENV_leaf_636
Fra:193 Mem:220.13M (Peak 220.13M) | Time:00:00.44 | Mem:0.00M, Peak:0.00M | Scene, ViewLayer | Synchronizing object | ENV_leaf_635
Fra:193 Mem:220.13M (Peak 220.13M) | Time:00:00.44 | Mem:0.00M, Peak:0.00M | Scene, ViewLayer | Synchronizing object | ENV_leaf_634
Fra:193 Mem:220.14M (Peak 220.14M) | Time:00:00.44 | Mem:0.00M, Peak:0.00M | Scene, ViewLayer | Synchronizing object | ENV_leaf_633
Fra:193 Mem:220.14M (Peak 220.14M) | Time:00:00.44 | Mem:0.00M, Peak:0.00M | Scene, ViewLayer | Synchronizing object | ENV_leaf_632
Fra:193 Mem:220.07M (Peak 220.14M) | Time:00:00.44 | Mem:0.00M, Peak:0.00M | Scene, ViewLayer | Synchronizing object | ENV_fern_27
Fra:193 Mem:220.07M (Peak 220.14M) | Time:00:00.44 | Mem:0.00M, Peak:0.00M | Scene, ViewLayer | Synchronizing object | ENV_leaf_631
Fra:193 Mem:220.13M (Peak 220.14M) | Time:00:00.44 | Mem:0.00M, Peak:0.00M | Scene, ViewLayer | Synchronizing object | ENV_leaf_630
Fra:193 Mem:220.18M (Peak 220.18M) | Time:00:00.44 | Mem:0.00M, Peak:0.00M | Scene, ViewLayer | Synchronizing object | ENV_leaf_629
Fra:193 Mem:220.31M (Peak 220.31M) | Time:00:00.44 | Mem:0.00M, Peak:0.00M | Scene, ViewLayer | Synchronizing object | ENV_leaf_628
Fra:193 Mem:220.31M (Peak 220.31M) | Time:00:00.44 | Mem:0.00M, Peak:0.00M | Scene, ViewLayer | Synchronizing object | ENV_leaf_627
Fra:193 Mem:220.38M (Peak 220.38M) | Time:00:00.44 | Mem:0.00M, Peak:0.00M | Scene, ViewLayer | Synchronizing object | ENV_leaf_626
Fra:193 Mem:220.38M (Peak 220.38M) | Time:00:00.44 | Mem:0.00M, Peak:0.00M | Scene, ViewLayer | Synchronizing object | ENV_leaf_625
Fra:193 Mem:220.40M (Peak 220.40M) | Time:00:00.44 | Mem:0.00M, Peak:0.00M | Scene, ViewLayer | Synchronizing object | ENV_leaf_624
Fra:193 Mem:220.45M (Peak 220.45M) | Time:00:00.44 | Mem:0.00M, Peak:0.00M | Scene, ViewLayer | Synchronizing object | ENV_leaf_623
Fra:193 Mem:220.45M (Peak 220.45M) | Time:00:00.44 | Mem:0.00M, Peak:0.00M | Scene, ViewLayer | Synchronizing object | ENV_leaf_622
Fra:193 Mem:220.46M (Peak 220.46M) | Time:00:00.44 | Mem:0.00M, Peak:0.00M | Scene, ViewLayer | Synchronizing object | ENV_leaf_621
Fra:193 Mem:220.46M (Peak 220.46M) | Time:00:00.44 | Mem:0.00M, Peak:0.00M | Scene, ViewLayer | Synchronizing object | ENV_leaf_620
Fra:193 Mem:220.46M (Peak 220.46M) | Time:00:00.44 | Mem:0.00M, Peak:0.00M | Scene, ViewLayer | Synchronizing object | ENV_leaf_619
Fra:193 Mem:220.46M (Peak 220.46M) | Time:00:00.44 | Mem:0.00M, Peak:0.00M | Scene, ViewLayer | Synchronizing object | ENV_leaf_618
Fra:193 Mem:220.46M (Peak 220.46M) | Time:00:00.44 | Mem:0.00M, Peak:0.00M | Scene, ViewLayer | Synchronizing object | ENV_leaf_617
Fra:193 Mem:220.46M (Peak 220.46M) | Time:00:00.44 | Mem:0.00M, Peak:0.00M | Scene, ViewLayer | Synchronizing object | ENV_leaf_616
Fra:193 Mem:220.47M (Peak 220.47M) | Time:00:00.44 | Mem:0.00M, Peak:0.00M | Scene, ViewLayer | Synchronizing object | ENV_leaf_615
Fra:193 Mem:220.47M (Peak 220.47M) | Time:00:00.44 | Mem:0.00M, Peak:0.00M | Scene, ViewLayer | Synchronizing object | ENV_leaf_614
Fra:193 Mem:220.48M (Peak 220.48M) | Time:00:00.44 | Mem:0.00M, Peak:0.00M | Scene, ViewLayer | Synchronizing object | ENV_leaf_613
Fra:193 Mem:220.48M (Peak 220.48M) | Time:00:00.44 | Mem:0.00M, Peak:0.00M | Scene, ViewLayer | Synchronizing object | ENV_leaf_612
Fra:193 Mem:220.48M (Peak 220.48M) | Time:00:00.44 | Mem:0.00M, Peak:0.00M | Scene, ViewLayer | Synchronizing object | ENV_leaf_611
Fra:193 Mem:220.49M (Peak 220.49M) | Time:00:00.44 | Mem:0.00M, Peak:0.00M | Scene, ViewLayer | Synchronizing object | ENV_leaf_610
Fra:193 Mem:220.49M (Peak 220.49M) | Time:00:00.44 | Mem:0.00M, Peak:0.00M | Scene, ViewLayer | Synchronizing object | ENV_leaf_609
Fra:193 Mem:220.50M (Peak 220.50M) | Time:00:00.44 | Mem:0.00M, Peak:0.00M | Scene, ViewLayer | Synchronizing object | ENV_leaf_608
Fra:193 Mem:220.50M (Peak 220.50M) | Time:00:00.44 | Mem:0.00M, Peak:0.00M | Scene, ViewLayer | Synchronizing object | ENV_leaf_607
Fra:193 Mem:220.50M (Peak 220.50M) | Time:00:00.44 | Mem:0.00M, Peak:0.00M | Scene, ViewLayer | Synchronizing object | ENV_leaf_606
Fra:193 Mem:220.51M (Peak 220.51M) | Time:00:00.44 | Mem:0.00M, Peak:0.00M | Scene, ViewLayer | Synchronizing object | ENV_leaf_605
Fra:193 Mem:220.51M (Peak 220.51M) | Time:00:00.44 | Mem:0.00M, Peak:0.00M | Scene, ViewLayer | Synchronizing object | ENV_leaf_604
Fra:193 Mem:220.52M (Peak 220.52M) | Time:00:00.44 | Mem:0.00M, Peak:0.00M | Scene, ViewLayer | Synchronizing object | ENV_leaf_602
Fra:193 Mem:220.57M (Peak 220.57M) | Time:00:00.44 | Mem:0.00M, Peak:0.00M | Scene, ViewLayer | Synchronizing object | ENV_leaf_601
Fra:193 Mem:220.57M (Peak 220.57M) | Time:00:00.44 | Mem:0.00M, Peak:0.00M | Scene, ViewLayer | Synchronizing object | ENV_leaf_600
Fra:193 Mem:220.58M (Peak 220.58M) | Time:00:00.44 | Mem:0.00M, Peak:0.00M | Scene, ViewLayer | Synchronizing object | ENV_leaf_599
Fra:193 Mem:220.60M (Peak 220.60M) | Time:00:00.44 | Mem:0.00M, Peak:0.00M | Scene, ViewLayer | Synchronizing object | ENV_leaf_598
Fra:193 Mem:220.65M (Peak 220.65M) | Time:00:00.44 | Mem:0.00M, Peak:0.00M | Scene, ViewLayer | Synchronizing object | ENV_leaf_597
Fra:193 Mem:220.65M (Peak 220.65M) | Time:00:00.44 | Mem:0.00M, Peak:0.00M | Scene, ViewLayer | Synchronizing object | ENV_leaf_596
Fra:193 Mem:220.61M (Peak 220.65M) | Time:00:00.44 | Mem:0.00M, Peak:0.00M | Scene, ViewLayer | Synchronizing object | ENV_leaf_595
Fra:193 Mem:220.61M (Peak 220.65M) | Time:00:00.44 | Mem:0.00M, Peak:0.00M | Scene, ViewLayer | Synchronizing object | ENV_fern_28
Fra:193 Mem:220.61M (Peak 220.65M) | Time:00:00.44 | Mem:0.00M, Peak:0.00M | Scene, ViewLayer | Synchronizing object | ENV_leaf_594
Fra:193 Mem:220.69M (Peak 220.69M) | Time:00:00.44 | Mem:0.00M, Peak:0.00M | Scene, ViewLayer | Synchronizing object | ENV_leaf_593
Fra:193 Mem:220.69M (Peak 220.69M) | Time:00:00.44 | Mem:0.00M, Peak:0.00M | Scene, ViewLayer | Synchronizing object | ENV_leaf_592
Fra:193 Mem:220.85M (Peak 220.85M) | Time:00:00.44 | Mem:0.00M, Peak:0.00M | Scene, ViewLayer | Synchronizing object | ENV_leaf_591
Fra:193 Mem:220.86M (Peak 220.86M) | Time:00:00.44 | Mem:0.00M, Peak:0.00M | Scene, ViewLayer | Synchronizing object | ENV_leaf_590
Fra:193 Mem:220.93M (Peak 220.93M) | Time:00:00.44 | Mem:0.00M, Peak:0.00M | Scene, ViewLayer | Synchronizing object | ENV_leaf_589
Fra:193 Mem:220.93M (Peak 220.93M) | Time:00:00.44 | Mem:0.00M, Peak:0.00M | Scene, ViewLayer | Synchronizing object | ENV_leaf_588
Fra:193 Mem:221.02M (Peak 221.02M) | Time:00:00.44 | Mem:0.00M, Peak:0.00M | Scene, ViewLayer | Synchronizing object | ENV_leaf_587
Fra:193 Mem:221.02M (Peak 221.02M) | Time:00:00.44 | Mem:0.00M, Peak:0.00M | Scene, ViewLayer | Synchronizing object | ENV_leaf_586
Fra:193 Mem:221.02M (Peak 221.02M) | Time:00:00.44 | Mem:0.00M, Peak:0.00M | Scene, ViewLayer | Synchronizing object | ENV_leaf_585
Fra:193 Mem:221.04M (Peak 221.04M) | Time:00:00.44 | Mem:0.00M, Peak:0.00M | Scene, ViewLayer | Synchronizing object | ENV_leaf_584
Fra:193 Mem:221.11M (Peak 221.11M) | Time:00:00.44 | Mem:0.00M, Peak:0.00M | Scene, ViewLayer | Synchronizing object | ENV_leaf_583
Fra:193 Mem:221.11M (Peak 221.11M) | Time:00:00.44 | Mem:0.00M, Peak:0.00M | Scene, ViewLayer | Synchronizing object | ENV_leaf_582
Fra:193 Mem:221.12M (Peak 221.12M) | Time:00:00.44 | Mem:0.00M, Peak:0.00M | Scene, ViewLayer | Synchronizing object | ENV_leaf_581
Fra:193 Mem:221.12M (Peak 221.12M) | Time:00:00.44 | Mem:0.00M, Peak:0.00M | Scene, ViewLayer | Synchronizing object | ENV_leaf_580
Fra:193 Mem:221.13M (Peak 221.13M) | Time:00:00.44 | Mem:0.00M, Peak:0.00M | Scene, ViewLayer | Synchronizing object | ENV_leaf_579
Fra:193 Mem:221.13M (Peak 221.13M) | Time:00:00.44 | Mem:0.00M, Peak:0.00M | Scene, ViewLayer | Synchronizing object | ENV_leaf_578
Fra:193 Mem:221.13M (Peak 221.13M) | Time:00:00.44 | Mem:0.00M, Peak:0.00M | Scene, ViewLayer | Synchronizing object | ENV_leaf_577
Fra:193 Mem:221.12M (Peak 221.13M) | Time:00:00.44 | Mem:0.00M, Peak:0.00M | Scene, ViewLayer | Synchronizing object | ENV_leaf_576
Fra:193 Mem:221.13M (Peak 221.13M) | Time:00:00.44 | Mem:0.00M, Peak:0.00M | Scene, ViewLayer | Synchronizing object | ENV_leaf_575
Fra:193 Mem:221.13M (Peak 221.13M) | Time:00:00.44 | Mem:0.00M, Peak:0.00M | Scene, ViewLayer | Synchronizing object | ENV_leaf_574
Fra:193 Mem:221.13M (Peak 221.13M) | Time:00:00.44 | Mem:0.00M, Peak:0.00M | Scene, ViewLayer | Synchronizing object | ENV_leaf_573
Fra:193 Mem:221.14M (Peak 221.14M) | Time:00:00.44 | Mem:0.00M, Peak:0.00M | Scene, ViewLayer | Synchronizing object | ENV_leaf_572
Fra:193 Mem:221.14M (Peak 221.14M) | Time:00:00.44 | Mem:0.00M, Peak:0.00M | Scene, ViewLayer | Synchronizing object | ENV_leaf_571
Fra:193 Mem:221.15M (Peak 221.15M) | Time:00:00.44 | Mem:0.00M, Peak:0.00M | Scene, ViewLayer | Synchronizing object | ENV_leaf_570
Fra:193 Mem:221.15M (Peak 221.15M) | Time:00:00.44 | Mem:0.00M, Peak:0.00M | Scene, ViewLayer | Synchronizing object | ENV_leaf_569
Fra:193 Mem:221.15M (Peak 221.15M) | Time:00:00.44 | Mem:0.00M, Peak:0.00M | Scene, ViewLayer | Synchronizing object | ENV_leaf_568
Fra:193 Mem:221.16M (Peak 221.16M) | Time:00:00.44 | Mem:0.00M, Peak:0.00M | Scene, ViewLayer | Synchronizing object | ENV_leaf_567
Fra:193 Mem:221.16M (Peak 221.16M) | Time:00:00.44 | Mem:0.00M, Peak:0.00M | Scene, ViewLayer | Synchronizing object | ENV_leaf_566
Fra:193 Mem:221.17M (Peak 221.17M) | Time:00:00.44 | Mem:0.00M, Peak:0.00M | Scene, ViewLayer | Synchronizing object | ENV_leaf_565
Fra:193 Mem:221.17M (Peak 221.17M) | Time:00:00.44 | Mem:0.00M, Peak:0.00M | Scene, ViewLayer | Synchronizing object | ENV_leaf_564
Fra:193 Mem:221.17M (Peak 221.17M) | Time:00:00.44 | Mem:0.00M, Peak:0.00M | Scene, ViewLayer | Synchronizing object | ENV_leaf_563
Fra:193 Mem:221.18M (Peak 221.18M) | Time:00:00.44 | Mem:0.00M, Peak:0.00M | Scene, ViewLayer | Synchronizing object | ENV_leaf_562
Fra:193 Mem:221.24M (Peak 221.24M) | Time:00:00.44 | Mem:0.00M, Peak:0.00M | Scene, ViewLayer | Synchronizing object | ENV_leaf_561
Fra:193 Mem:221.25M (Peak 221.25M) | Time:00:00.44 | Mem:0.00M, Peak:0.00M | Scene, ViewLayer | Synchronizing object | ENV_leaf_560
Fra:193 Mem:221.25M (Peak 221.25M) | Time:00:00.44 | Mem:0.00M, Peak:0.00M | Scene, ViewLayer | Synchronizing object | ENV_leaf_559
Fra:193 Mem:221.26M (Peak 221.26M) | Time:00:00.44 | Mem:0.00M, Peak:0.00M | Scene, ViewLayer | Synchronizing object | ENV_leaf_558
Fra:193 Mem:221.28M (Peak 221.28M) | Time:00:00.44 | Mem:0.00M, Peak:0.00M | Scene, ViewLayer | Synchronizing object | ENV_leaf_557
Fra:193 Mem:221.29M (Peak 221.29M) | Time:00:00.44 | Mem:0.00M, Peak:0.00M | Scene, ViewLayer | Synchronizing object | ENV_leaf_556
Fra:193 Mem:221.35M (Peak 221.35M) | Time:00:00.44 | Mem:0.00M, Peak:0.00M | Scene, ViewLayer | Synchronizing object | ENV_leaf_555
Fra:193 Mem:221.36M (Peak 221.36M) | Time:00:00.44 | Mem:0.00M, Peak:0.00M | Scene, ViewLayer | Synchronizing object | ENV_leaf_554
Fra:193 Mem:221.36M (Peak 221.36M) | Time:00:00.44 | Mem:0.00M, Peak:0.00M | Scene, ViewLayer | Synchronizing object | ENV_leaf_553
Fra:193 Mem:221.30M (Peak 221.36M) | Time:00:00.44 | Mem:0.00M, Peak:0.00M | Scene, ViewLayer | Synchronizing object | ENV_fern_29
Fra:193 Mem:221.39M (Peak 221.39M) | Time:00:00.44 | Mem:0.00M, Peak:0.00M | Scene, ViewLayer | Synchronizing object | ENV_leaf_552
Fra:193 Mem:221.39M (Peak 221.39M) | Time:00:00.44 | Mem:0.00M, Peak:0.00M | Scene, ViewLayer | Synchronizing object | ENV_leaf_551
Fra:193 Mem:221.59M (Peak 221.59M) | Time:00:00.44 | Mem:0.00M, Peak:0.00M | Scene, ViewLayer | Synchronizing object | ENV_leaf_550
Fra:193 Mem:221.60M (Peak 221.60M) | Time:00:00.44 | Mem:0.00M, Peak:0.00M | Scene, ViewLayer | Synchronizing object | ENV_leaf_549
Fra:193 Mem:221.68M (Peak 221.68M) | Time:00:00.44 | Mem:0.00M, Peak:0.00M | Scene, ViewLayer | Synchronizing object | ENV_leaf_548
Fra:193 Mem:221.68M (Peak 221.68M) | Time:00:00.44 | Mem:0.00M, Peak:0.00M | Scene, ViewLayer | Synchronizing object | ENV_leaf_547
Fra:193 Mem:221.69M (Peak 221.69M) | Time:00:00.44 | Mem:0.00M, Peak:0.00M | Scene, ViewLayer | Synchronizing object | ENV_leaf_546
Fra:193 Mem:221.79M (Peak 221.79M) | Time:00:00.44 | Mem:0.00M, Peak:0.00M | Scene, ViewLayer | Synchronizing object | ENV_leaf_545
Fra:193 Mem:221.80M (Peak 221.80M) | Time:00:00.44 | Mem:0.00M, Peak:0.00M | Scene, ViewLayer | Synchronizing object | ENV_leaf_544
Fra:193 Mem:221.80M (Peak 221.80M) | Time:00:00.44 | Mem:0.00M, Peak:0.00M | Scene, ViewLayer | Synchronizing object | ENV_leaf_543
Fra:193 Mem:221.80M (Peak 221.80M) | Time:00:00.44 | Mem:0.00M, Peak:0.00M | Scene, ViewLayer | Synchronizing object | ENV_leaf_542
Fra:193 Mem:221.83M (Peak 221.83M) | Time:00:00.44 | Mem:0.00M, Peak:0.00M | Scene, ViewLayer | Synchronizing object | ENV_leaf_541
Fra:193 Mem:221.91M (Peak 221.91M) | Time:00:00.44 | Mem:0.00M, Peak:0.00M | Scene, ViewLayer | Synchronizing object | ENV_leaf_540
Fra:193 Mem:221.91M (Peak 221.91M) | Time:00:00.44 | Mem:0.00M, Peak:0.00M | Scene, ViewLayer | Synchronizing object | ENV_leaf_539
Fra:193 Mem:221.92M (Peak 221.92M) | Time:00:00.44 | Mem:0.00M, Peak:0.00M | Scene, ViewLayer | Synchronizing object | ENV_leaf_538
Fra:193 Mem:221.92M (Peak 221.92M) | Time:00:00.44 | Mem:0.00M, Peak:0.00M | Scene, ViewLayer | Synchronizing object | ENV_leaf_537
Fra:193 Mem:221.92M (Peak 221.92M) | Time:00:00.44 | Mem:0.00M, Peak:0.00M | Scene, ViewLayer | Synchronizing object | ENV_leaf_536
Fra:193 Mem:221.93M (Peak 221.93M) | Time:00:00.44 | Mem:0.00M, Peak:0.00M | Scene, ViewLayer | Synchronizing object | ENV_leaf_535
Fra:193 Mem:221.93M (Peak 221.93M) | Time:00:00.44 | Mem:0.00M, Peak:0.00M | Scene, ViewLayer | Synchronizing object | ENV_leaf_534
Fra:193 Mem:221.92M (Peak 221.93M) | Time:00:00.44 | Mem:0.00M, Peak:0.00M | Scene, ViewLayer | Synchronizing object | ENV_leaf_533
Fra:193 Mem:221.92M (Peak 221.93M) | Time:00:00.44 | Mem:0.00M, Peak:0.00M | Scene, ViewLayer | Synchronizing object | ENV_leaf_532
Fra:193 Mem:221.92M (Peak 221.93M) | Time:00:00.44 | Mem:0.00M, Peak:0.00M | Scene, ViewLayer | Synchronizing object | ENV_leaf_531
Fra:193 Mem:221.93M (Peak 221.93M) | Time:00:00.44 | Mem:0.00M, Peak:0.00M | Scene, ViewLayer | Synchronizing object | ENV_leaf_530
Fra:193 Mem:221.93M (Peak 221.93M) | Time:00:00.44 | Mem:0.00M, Peak:0.00M | Scene, ViewLayer | Synchronizing object | ENV_leaf_529
Fra:193 Mem:221.94M (Peak 221.94M) | Time:00:00.44 | Mem:0.00M, Peak:0.00M | Scene, ViewLayer | Synchronizing object | ENV_leaf_528
Fra:193 Mem:221.94M (Peak 221.94M) | Time:00:00.44 | Mem:0.00M, Peak:0.00M | Scene, ViewLayer | Synchronizing object | ENV_leaf_527
Fra:193 Mem:221.95M (Peak 221.95M) | Time:00:00.44 | Mem:0.00M, Peak:0.00M | Scene, ViewLayer | Synchronizing object | ENV_leaf_525
Fra:193 Mem:221.95M (Peak 221.95M) | Time:00:00.44 | Mem:0.00M, Peak:0.00M | Scene, ViewLayer | Synchronizing object | ENV_leaf_524
Fra:193 Mem:221.95M (Peak 221.95M) | Time:00:00.44 | Mem:0.00M, Peak:0.00M | Scene, ViewLayer | Synchronizing object | ENV_leaf_523
Fra:193 Mem:221.96M (Peak 221.96M) | Time:00:00.44 | Mem:0.00M, Peak:0.00M | Scene, ViewLayer | Synchronizing object | ENV_leaf_522
Fra:193 Mem:221.96M (Peak 221.96M) | Time:00:00.44 | Mem:0.00M, Peak:0.00M | Scene, ViewLayer | Synchronizing object | ENV_leaf_521
Fra:193 Mem:221.97M (Peak 221.97M) | Time:00:00.44 | Mem:0.00M, Peak:0.00M | Scene, ViewLayer | Synchronizing object | ENV_leaf_520
Fra:193 Mem:221.97M (Peak 221.97M) | Time:00:00.44 | Mem:0.00M, Peak:0.00M | Scene, ViewLayer | Synchronizing object | ENV_leaf_519
Fra:193 Mem:221.97M (Peak 221.97M) | Time:00:00.44 | Mem:0.00M, Peak:0.00M | Scene, ViewLayer | Synchronizing object | ENV_leaf_518
Fra:193 Mem:221.98M (Peak 221.98M) | Time:00:00.44 | Mem:0.00M, Peak:0.00M | Scene, ViewLayer | Synchronizing object | ENV_leaf_517
Fra:193 Mem:221.98M (Peak 221.98M) | Time:00:00.44 | Mem:0.00M, Peak:0.00M | Scene, ViewLayer | Synchronizing object | ENV_leaf_516
Fra:193 Mem:221.99M (Peak 221.99M) | Time:00:00.44 | Mem:0.00M, Peak:0.00M | Scene, ViewLayer | Synchronizing object | ENV_leaf_515
Fra:193 Mem:221.99M (Peak 221.99M) | Time:00:00.44 | Mem:0.00M, Peak:0.00M | Scene, ViewLayer | Synchronizing object | ENV_leaf_514
Fra:193 Mem:222.07M (Peak 222.07M) | Time:00:00.44 | Mem:0.00M, Peak:0.00M | Scene, ViewLayer | Synchronizing object | ENV_leaf_513
Fra:193 Mem:222.07M (Peak 222.07M) | Time:00:00.44 | Mem:0.00M, Peak:0.00M | Scene, ViewLayer | Synchronizing object | ENV_leaf_512
Fra:193 Mem:222.08M (Peak 222.08M) | Time:00:00.44 | Mem:0.00M, Peak:0.00M | Scene, ViewLayer | Synchronizing object | ENV_leaf_511
Fra:193 Mem:222.08M (Peak 222.08M) | Time:00:00.44 | Mem:0.00M, Peak:0.00M | Scene, ViewLayer | Synchronizing object | ENV_leaf_510
Fra:193 Mem:222.11M (Peak 222.11M) | Time:00:00.44 | Mem:0.00M, Peak:0.00M | Scene, ViewLayer | Synchronizing object | ENV_leaf_509
Fra:193 Mem:222.12M (Peak 222.12M) | Time:00:00.44 | Mem:0.00M, Peak:0.00M | Scene, ViewLayer | Synchronizing object | ENV_leaf_508
Fra:193 Mem:222.20M (Peak 222.20M) | Time:00:00.44 | Mem:0.00M, Peak:0.00M | Scene, ViewLayer | Synchronizing object | ENV_leaf_507
Fra:193 Mem:222.20M (Peak 222.20M) | Time:00:00.44 | Mem:0.00M, Peak:0.00M | Scene, ViewLayer | Synchronizing object | ENV_leaf_506
Fra:193 Mem:222.21M (Peak 222.21M) | Time:00:00.44 | Mem:0.00M, Peak:0.00M | Scene, ViewLayer | Synchronizing object | ENV_leaf_505
Fra:193 Mem:222.21M (Peak 222.21M) | Time:00:00.44 | Mem:0.00M, Peak:0.00M | Scene, ViewLayer | Synchronizing object | ENV_leaf_504
Fra:193 Mem:222.14M (Peak 222.21M) | Time:00:00.44 | Mem:0.00M, Peak:0.00M | Scene, ViewLayer | Synchronizing object | ENV_fern_30
Fra:193 Mem:222.19M (Peak 222.21M) | Time:00:00.44 | Mem:0.00M, Peak:0.00M | Scene, ViewLayer | Synchronizing object | ENV_leaf_503
Fra:193 Mem:222.32M (Peak 222.32M) | Time:00:00.44 | Mem:0.00M, Peak:0.00M | Scene, ViewLayer | Synchronizing object | ENV_leaf_502
Fra:193 Mem:222.37M (Peak 222.37M) | Time:00:00.44 | Mem:0.00M, Peak:0.00M | Scene, ViewLayer | Synchronizing object | ENV_leaf_501
Fra:193 Mem:222.38M (Peak 222.38M) | Time:00:00.44 | Mem:0.00M, Peak:0.00M | Scene, ViewLayer | Synchronizing object | ENV_leaf_500
Fra:193 Mem:222.44M (Peak 222.44M) | Time:00:00.44 | Mem:0.00M, Peak:0.00M | Scene, ViewLayer | Synchronizing object | ENV_leaf_499
Fra:193 Mem:222.45M (Peak 222.45M) | Time:00:00.44 | Mem:0.00M, Peak:0.00M | Scene, ViewLayer | Synchronizing object | ENV_leaf_498
Fra:193 Mem:222.46M (Peak 222.46M) | Time:00:00.44 | Mem:0.00M, Peak:0.00M | Scene, ViewLayer | Synchronizing object | ENV_leaf_497
Fra:193 Mem:222.51M (Peak 222.51M) | Time:00:00.44 | Mem:0.00M, Peak:0.00M | Scene, ViewLayer | Synchronizing object | ENV_leaf_496
Fra:193 Mem:222.52M (Peak 222.52M) | Time:00:00.44 | Mem:0.00M, Peak:0.00M | Scene, ViewLayer | Synchronizing object | ENV_leaf_495
Fra:193 Mem:222.52M (Peak 222.52M) | Time:00:00.44 | Mem:0.00M, Peak:0.00M | Scene, ViewLayer | Synchronizing object | ENV_leaf_494
Fra:193 Mem:222.53M (Peak 222.53M) | Time:00:00.44 | Mem:0.00M, Peak:0.00M | Scene, ViewLayer | Synchronizing object | ENV_leaf_493
Fra:193 Mem:222.52M (Peak 222.53M) | Time:00:00.44 | Mem:0.00M, Peak:0.00M | Scene, ViewLayer | Synchronizing object | ENV_leaf_492
Fra:193 Mem:222.52M (Peak 222.53M) | Time:00:00.44 | Mem:0.00M, Peak:0.00M | Scene, ViewLayer | Synchronizing object | ENV_leaf_491
Fra:193 Mem:222.53M (Peak 222.53M) | Time:00:00.44 | Mem:0.00M, Peak:0.00M | Scene, ViewLayer | Synchronizing object | ENV_leaf_490
Fra:193 Mem:222.53M (Peak 222.53M) | Time:00:00.44 | Mem:0.00M, Peak:0.00M | Scene, ViewLayer | Synchronizing object | ENV_leaf_489
Fra:193 Mem:222.53M (Peak 222.53M) | Time:00:00.44 | Mem:0.00M, Peak:0.00M | Scene, ViewLayer | Synchronizing object | ENV_leaf_488
Fra:193 Mem:222.54M (Peak 222.54M) | Time:00:00.44 | Mem:0.00M, Peak:0.00M | Scene, ViewLayer | Synchronizing object | ENV_leaf_487
Fra:193 Mem:222.54M (Peak 222.54M) | Time:00:00.44 | Mem:0.00M, Peak:0.00M | Scene, ViewLayer | Synchronizing object | ENV_leaf_486
Fra:193 Mem:222.55M (Peak 222.55M) | Time:00:00.44 | Mem:0.00M, Peak:0.00M | Scene, ViewLayer | Synchronizing object | ENV_leaf_485
Fra:193 Mem:222.55M (Peak 222.55M) | Time:00:00.44 | Mem:0.00M, Peak:0.00M | Scene, ViewLayer | Synchronizing object | ENV_leaf_484
Fra:193 Mem:222.55M (Peak 222.55M) | Time:00:00.44 | Mem:0.00M, Peak:0.00M | Scene, ViewLayer | Synchronizing object | ENV_leaf_483
Fra:193 Mem:222.56M (Peak 222.56M) | Time:00:00.44 | Mem:0.00M, Peak:0.00M | Scene, ViewLayer | Synchronizing object | ENV_leaf_482
Fra:193 Mem:222.56M (Peak 222.56M) | Time:00:00.44 | Mem:0.00M, Peak:0.00M | Scene, ViewLayer | Synchronizing object | ENV_leaf_481
Fra:193 Mem:222.61M (Peak 222.61M) | Time:00:00.44 | Mem:0.00M, Peak:0.00M | Scene, ViewLayer | Synchronizing object | ENV_leaf_480
Fra:193 Mem:222.62M (Peak 222.62M) | Time:00:00.44 | Mem:0.00M, Peak:0.00M | Scene, ViewLayer | Synchronizing object | ENV_leaf_479
Fra:193 Mem:222.64M (Peak 222.64M) | Time:00:00.44 | Mem:0.00M, Peak:0.00M | Scene, ViewLayer | Synchronizing object | ENV_leaf_478
Fra:193 Mem:222.64M (Peak 222.64M) | Time:00:00.44 | Mem:0.00M, Peak:0.00M | Scene, ViewLayer | Synchronizing object | ENV_leaf_477
Fra:193 Mem:222.70M (Peak 222.70M) | Time:00:00.44 | Mem:0.00M, Peak:0.00M | Scene, ViewLayer | Synchronizing object | ENV_leaf_476
Fra:193 Mem:222.70M (Peak 222.70M) | Time:00:00.44 | Mem:0.00M, Peak:0.00M | Scene, ViewLayer | Synchronizing object | ENV_leaf_475
Fra:193 Mem:222.66M (Peak 222.70M) | Time:00:00.44 | Mem:0.00M, Peak:0.00M | Scene, ViewLayer | Synchronizing object | ENV_fern_31
Fra:193 Mem:222.73M (Peak 222.73M) | Time:00:00.44 | Mem:0.00M, Peak:0.00M | Scene, ViewLayer | Synchronizing object | ENV_leaf_474
Fra:193 Mem:222.73M (Peak 222.73M) | Time:00:00.44 | Mem:0.00M, Peak:0.00M | Scene, ViewLayer | Synchronizing object | ENV_leaf_473
Fra:193 Mem:222.73M (Peak 222.73M) | Time:00:00.44 | Mem:0.00M, Peak:0.00M | Scene, ViewLayer | Synchronizing object | ENV_leaf_472
Fra:193 Mem:222.74M (Peak 222.74M) | Time:00:00.44 | Mem:0.00M, Peak:0.00M | Scene, ViewLayer | Synchronizing object | ENV_leaf_471
Fra:193 Mem:222.74M (Peak 222.74M) | Time:00:00.44 | Mem:0.00M, Peak:0.00M | Scene, ViewLayer | Synchronizing object | ENV_leaf_470
Fra:193 Mem:222.75M (Peak 222.75M) | Time:00:00.44 | Mem:0.00M, Peak:0.00M | Scene, ViewLayer | Synchronizing object | ENV_leaf_468
Fra:193 Mem:222.75M (Peak 222.75M) | Time:00:00.44 | Mem:0.00M, Peak:0.00M | Scene, ViewLayer | Synchronizing object | ENV_leaf_467
Fra:193 Mem:222.75M (Peak 222.75M) | Time:00:00.44 | Mem:0.00M, Peak:0.00M | Scene, ViewLayer | Synchronizing object | ENV_leaf_466
Fra:193 Mem:222.76M (Peak 222.76M) | Time:00:00.44 | Mem:0.00M, Peak:0.00M | Scene, ViewLayer | Synchronizing object | ENV_leaf_465
Fra:193 Mem:222.76M (Peak 222.76M) | Time:00:00.44 | Mem:0.00M, Peak:0.00M | Scene, ViewLayer | Synchronizing object | ENV_leaf_464
Fra:193 Mem:222.77M (Peak 222.77M) | Time:00:00.44 | Mem:0.00M, Peak:0.00M | Scene, ViewLayer | Synchronizing object | ENV_leaf_463
Fra:193 Mem:222.77M (Peak 222.77M) | Time:00:00.44 | Mem:0.00M, Peak:0.00M | Scene, ViewLayer | Synchronizing object | ENV_leaf_462
Fra:193 Mem:222.77M (Peak 222.77M) | Time:00:00.44 | Mem:0.00M, Peak:0.00M | Scene, ViewLayer | Synchronizing object | ENV_leaf_461
Fra:193 Mem:222.78M (Peak 222.78M) | Time:00:00.44 | Mem:0.00M, Peak:0.00M | Scene, ViewLayer | Synchronizing object | ENV_leaf_460
Fra:193 Mem:222.78M (Peak 222.78M) | Time:00:00.44 | Mem:0.00M, Peak:0.00M | Scene, ViewLayer | Synchronizing object | ENV_leaf_459
Fra:193 Mem:222.79M (Peak 222.79M) | Time:00:00.44 | Mem:0.00M, Peak:0.00M | Scene, ViewLayer | Synchronizing object | ENV_leaf_458
Fra:193 Mem:222.79M (Peak 222.79M) | Time:00:00.44 | Mem:0.00M, Peak:0.00M | Scene, ViewLayer | Synchronizing object | ENV_leaf_457
Fra:193 Mem:222.79M (Peak 222.79M) | Time:00:00.44 | Mem:0.00M, Peak:0.00M | Scene, ViewLayer | Synchronizing object | ENV_leaf_456
Fra:193 Mem:222.80M (Peak 222.80M) | Time:00:00.44 | Mem:0.00M, Peak:0.00M | Scene, ViewLayer | Synchronizing object | ENV_leaf_455
Fra:193 Mem:222.80M (Peak 222.80M) | Time:00:00.44 | Mem:0.00M, Peak:0.00M | Scene, ViewLayer | Synchronizing object | ENV_leaf_454
Fra:193 Mem:222.81M (Peak 222.81M) | Time:00:00.44 | Mem:0.00M, Peak:0.00M | Scene, ViewLayer | Synchronizing object | ENV_leaf_453
Fra:193 Mem:222.81M (Peak 222.81M) | Time:00:00.44 | Mem:0.00M, Peak:0.00M | Scene, ViewLayer | Synchronizing object | ENV_leaf_452
Fra:193 Mem:222.81M (Peak 222.81M) | Time:00:00.44 | Mem:0.00M, Peak:0.00M | Scene, ViewLayer | Synchronizing object | ENV_leaf_451
Fra:193 Mem:222.82M (Peak 222.82M) | Time:00:00.44 | Mem:0.00M, Peak:0.00M | Scene, ViewLayer | Synchronizing object | ENV_leaf_450
Fra:193 Mem:222.82M (Peak 222.82M) | Time:00:00.44 | Mem:0.00M, Peak:0.00M | Scene, ViewLayer | Synchronizing object | ENV_leaf_449
Fra:193 Mem:222.83M (Peak 222.83M) | Time:00:00.44 | Mem:0.00M, Peak:0.00M | Scene, ViewLayer | Synchronizing object | ENV_leaf_448
Fra:193 Mem:223.28M (Peak 223.28M) | Time:00:00.44 | Mem:0.00M, Peak:0.00M | Scene, ViewLayer | Synchronizing object | ENV_fern_32
Fra:193 Mem:223.92M (Peak 223.92M) | Time:00:00.44 | Mem:0.00M, Peak:0.00M | Scene, ViewLayer | Synchronizing object | ENV_fern_33
Fra:193 Mem:224.32M (Peak 224.32M) | Time:00:00.44 | Mem:0.00M, Peak:0.00M | Scene, ViewLayer | Synchronizing object | ENV_fern_34
Fra:193 Mem:224.76M (Peak 224.76M) | Time:00:00.45 | Mem:0.00M, Peak:0.00M | Scene, ViewLayer | Synchronizing object | ENV_leaf_447
Fra:193 Mem:224.76M (Peak 224.76M) | Time:00:00.45 | Mem:0.00M, Peak:0.00M | Scene, ViewLayer | Synchronizing object | ENV_leaf_446
Fra:193 Mem:224.77M (Peak 224.77M) | Time:00:00.45 | Mem:0.00M, Peak:0.00M | Scene, ViewLayer | Synchronizing object | ENV_leaf_445
Fra:193 Mem:224.77M (Peak 224.77M) | Time:00:00.45 | Mem:0.00M, Peak:0.00M | Scene, ViewLayer | Synchronizing object | ENV_leaf_444
Fra:193 Mem:224.77M (Peak 224.77M) | Time:00:00.45 | Mem:0.00M, Peak:0.00M | Scene, ViewLayer | Synchronizing object | ENV_leaf_443
Fra:193 Mem:224.78M (Peak 224.78M) | Time:00:00.45 | Mem:0.00M, Peak:0.00M | Scene, ViewLayer | Synchronizing object | ENV_leaf_442
Fra:193 Mem:224.78M (Peak 224.78M) | Time:00:00.45 | Mem:0.00M, Peak:0.00M | Scene, ViewLayer | Synchronizing object | ENV_leaf_441
Fra:193 Mem:224.85M (Peak 224.85M) | Time:00:00.45 | Mem:0.00M, Peak:0.00M | Scene, ViewLayer | Synchronizing object | ENV_leaf_440
Fra:193 Mem:224.85M (Peak 224.85M) | Time:00:00.45 | Mem:0.00M, Peak:0.00M | Scene, ViewLayer | Synchronizing object | ENV_leaf_439
Fra:193 Mem:224.86M (Peak 224.86M) | Time:00:00.45 | Mem:0.00M, Peak:0.00M | Scene, ViewLayer | Synchronizing object | ENV_leaf_438
Fra:193 Mem:224.86M (Peak 224.86M) | Time:00:00.45 | Mem:0.00M, Peak:0.00M | Scene, ViewLayer | Synchronizing object | ENV_leaf_437
Fra:193 Mem:224.89M (Peak 224.89M) | Time:00:00.45 | Mem:0.00M, Peak:0.00M | Scene, ViewLayer | Synchronizing object | ENV_leaf_436
Fra:193 Mem:224.89M (Peak 224.89M) | Time:00:00.45 | Mem:0.00M, Peak:0.00M | Scene, ViewLayer | Synchronizing object | ENV_leaf_435
Fra:193 Mem:224.96M (Peak 224.96M) | Time:00:00.45 | Mem:0.00M, Peak:0.00M | Scene, ViewLayer | Synchronizing object | ENV_leaf_434
Fra:193 Mem:224.96M (Peak 224.96M) | Time:00:00.45 | Mem:0.00M, Peak:0.00M | Scene, ViewLayer | Synchronizing object | ENV_leaf_433
Fra:193 Mem:224.97M (Peak 224.97M) | Time:00:00.45 | Mem:0.00M, Peak:0.00M | Scene, ViewLayer | Synchronizing object | ENV_leaf_432
Fra:193 Mem:224.91M (Peak 224.97M) | Time:00:00.45 | Mem:0.00M, Peak:0.00M | Scene, ViewLayer | Synchronizing object | ENV_fern_35
Fra:193 Mem:224.91M (Peak 224.97M) | Time:00:00.45 | Mem:0.00M, Peak:0.00M | Scene, ViewLayer | Synchronizing object | ENV_leaf_431
Fra:193 Mem:225.00M (Peak 225.00M) | Time:00:00.45 | Mem:0.00M, Peak:0.00M | Scene, ViewLayer | Synchronizing object | ENV_leaf_430
Fra:193 Mem:225.00M (Peak 225.00M) | Time:00:00.45 | Mem:0.00M, Peak:0.00M | Scene, ViewLayer | Synchronizing object | ENV_leaf_429
Fra:193 Mem:225.20M (Peak 225.20M) | Time:00:00.45 | Mem:0.00M, Peak:0.00M | Scene, ViewLayer | Synchronizing object | ENV_leaf_428
Fra:193 Mem:225.21M (Peak 225.21M) | Time:00:00.45 | Mem:0.00M, Peak:0.00M | Scene, ViewLayer | Synchronizing object | ENV_leaf_427
Fra:193 Mem:225.29M (Peak 225.29M) | Time:00:00.45 | Mem:0.00M, Peak:0.00M | Scene, ViewLayer | Synchronizing object | ENV_leaf_426
Fra:193 Mem:225.29M (Peak 225.29M) | Time:00:00.45 | Mem:0.00M, Peak:0.00M | Scene, ViewLayer | Synchronizing object | ENV_leaf_425
Fra:193 Mem:225.29M (Peak 225.29M) | Time:00:00.45 | Mem:0.00M, Peak:0.00M | Scene, ViewLayer | Synchronizing object | ENV_leaf_424
Fra:193 Mem:225.40M (Peak 225.40M) | Time:00:00.45 | Mem:0.00M, Peak:0.00M | Scene, ViewLayer | Synchronizing object | ENV_leaf_423
Fra:193 Mem:225.40M (Peak 225.40M) | Time:00:00.45 | Mem:0.00M, Peak:0.00M | Scene, ViewLayer | Synchronizing object | ENV_leaf_422
Fra:193 Mem:225.41M (Peak 225.41M) | Time:00:00.45 | Mem:0.00M, Peak:0.00M | Scene, ViewLayer | Synchronizing object | ENV_leaf_421
Fra:193 Mem:225.41M (Peak 225.41M) | Time:00:00.45 | Mem:0.00M, Peak:0.00M | Scene, ViewLayer | Synchronizing object | ENV_leaf_420
Fra:193 Mem:225.43M (Peak 225.43M) | Time:00:00.45 | Mem:0.00M, Peak:0.00M | Scene, ViewLayer | Synchronizing object | ENV_leaf_419
Fra:193 Mem:225.51M (Peak 225.51M) | Time:00:00.45 | Mem:0.00M, Peak:0.00M | Scene, ViewLayer | Synchronizing object | ENV_leaf_418
Fra:193 Mem:225.52M (Peak 225.52M) | Time:00:00.45 | Mem:0.00M, Peak:0.00M | Scene, ViewLayer | Synchronizing object | ENV_leaf_417
Fra:193 Mem:225.52M (Peak 225.52M) | Time:00:00.45 | Mem:0.00M, Peak:0.00M | Scene, ViewLayer | Synchronizing object | ENV_leaf_416
Fra:193 Mem:225.53M (Peak 225.53M) | Time:00:00.45 | Mem:0.00M, Peak:0.00M | Scene, ViewLayer | Synchronizing object | ENV_leaf_415
Fra:193 Mem:225.53M (Peak 225.53M) | Time:00:00.45 | Mem:0.00M, Peak:0.00M | Scene, ViewLayer | Synchronizing object | ENV_leaf_414
Fra:193 Mem:225.53M (Peak 225.53M) | Time:00:00.45 | Mem:0.00M, Peak:0.00M | Scene, ViewLayer | Synchronizing object | ENV_leaf_413
Fra:193 Mem:225.54M (Peak 225.54M) | Time:00:00.45 | Mem:0.00M, Peak:0.00M | Scene, ViewLayer | Synchronizing object | ENV_leaf_412
Fra:193 Mem:225.54M (Peak 225.54M) | Time:00:00.45 | Mem:0.00M, Peak:0.00M | Scene, ViewLayer | Synchronizing object | ENV_leaf_411
Fra:193 Mem:225.53M (Peak 225.54M) | Time:00:00.45 | Mem:0.00M, Peak:0.00M | Scene, ViewLayer | Synchronizing object | ENV_leaf_410
Fra:193 Mem:225.53M (Peak 225.54M) | Time:00:00.45 | Mem:0.00M, Peak:0.00M | Scene, ViewLayer | Synchronizing object | ENV_leaf_409
Fra:193 Mem:225.54M (Peak 225.54M) | Time:00:00.45 | Mem:0.00M, Peak:0.00M | Scene, ViewLayer | Synchronizing object | ENV_leaf_407
Fra:193 Mem:225.54M (Peak 225.54M) | Time:00:00.45 | Mem:0.00M, Peak:0.00M | Scene, ViewLayer | Synchronizing object | ENV_leaf_406
Fra:193 Mem:225.54M (Peak 225.54M) | Time:00:00.45 | Mem:0.00M, Peak:0.00M | Scene, ViewLayer | Synchronizing object | ENV_leaf_405
Fra:193 Mem:225.55M (Peak 225.55M) | Time:00:00.45 | Mem:0.00M, Peak:0.00M | Scene, ViewLayer | Synchronizing object | ENV_leaf_404
Fra:193 Mem:225.55M (Peak 225.55M) | Time:00:00.45 | Mem:0.00M, Peak:0.00M | Scene, ViewLayer | Synchronizing object | ENV_leaf_403
Fra:193 Mem:225.56M (Peak 225.56M) | Time:00:00.45 | Mem:0.00M, Peak:0.00M | Scene, ViewLayer | Synchronizing object | ENV_leaf_402
Fra:193 Mem:225.56M (Peak 225.56M) | Time:00:00.45 | Mem:0.00M, Peak:0.00M | Scene, ViewLayer | Synchronizing object | ENV_leaf_401
Fra:193 Mem:225.56M (Peak 225.56M) | Time:00:00.45 | Mem:0.00M, Peak:0.00M | Scene, ViewLayer | Synchronizing object | ENV_leaf_400
Fra:193 Mem:225.57M (Peak 225.57M) | Time:00:00.45 | Mem:0.00M, Peak:0.00M | Scene, ViewLayer | Synchronizing object | ENV_leaf_399
Fra:193 Mem:225.57M (Peak 225.57M) | Time:00:00.45 | Mem:0.00M, Peak:0.00M | Scene, ViewLayer | Synchronizing object | ENV_leaf_398
Fra:193 Mem:225.58M (Peak 225.58M) | Time:00:00.45 | Mem:0.00M, Peak:0.00M | Scene, ViewLayer | Synchronizing object | ENV_leaf_397
Fra:193 Mem:225.58M (Peak 225.58M) | Time:00:00.45 | Mem:0.00M, Peak:0.00M | Scene, ViewLayer | Synchronizing object | ENV_leaf_396
Fra:193 Mem:225.58M (Peak 225.58M) | Time:00:00.45 | Mem:0.00M, Peak:0.00M | Scene, ViewLayer | Synchronizing object | ENV_leaf_395
Fra:193 Mem:225.59M (Peak 225.59M) | Time:00:00.45 | Mem:0.00M, Peak:0.00M | Scene, ViewLayer | Synchronizing object | ENV_leaf_394
Fra:193 Mem:225.59M (Peak 225.59M) | Time:00:00.45 | Mem:0.00M, Peak:0.00M | Scene, ViewLayer | Synchronizing object | ENV_leaf_393
Fra:193 Mem:225.60M (Peak 225.60M) | Time:00:00.45 | Mem:0.00M, Peak:0.00M | Scene, ViewLayer | Synchronizing object | ENV_leaf_392
Fra:193 Mem:225.68M (Peak 225.68M) | Time:00:00.45 | Mem:0.00M, Peak:0.00M | Scene, ViewLayer | Synchronizing object | ENV_leaf_391
Fra:193 Mem:225.68M (Peak 225.68M) | Time:00:00.45 | Mem:0.00M, Peak:0.00M | Scene, ViewLayer | Synchronizing object | ENV_leaf_390
Fra:193 Mem:225.68M (Peak 225.68M) | Time:00:00.45 | Mem:0.00M, Peak:0.00M | Scene, ViewLayer | Synchronizing object | ENV_leaf_389
Fra:193 Mem:225.69M (Peak 225.69M) | Time:00:00.45 | Mem:0.00M, Peak:0.00M | Scene, ViewLayer | Synchronizing object | ENV_leaf_388
Fra:193 Mem:225.69M (Peak 225.69M) | Time:00:00.45 | Mem:0.00M, Peak:0.00M | Scene, ViewLayer | Synchronizing object | ENV_leaf_387
Fra:193 Mem:225.73M (Peak 225.73M) | Time:00:00.45 | Mem:0.00M, Peak:0.00M | Scene, ViewLayer | Synchronizing object | ENV_leaf_386
Fra:193 Mem:225.73M (Peak 225.73M) | Time:00:00.45 | Mem:0.00M, Peak:0.00M | Scene, ViewLayer | Synchronizing object | ENV_leaf_385
Fra:193 Mem:225.81M (Peak 225.81M) | Time:00:00.45 | Mem:0.00M, Peak:0.00M | Scene, ViewLayer | Synchronizing object | ENV_leaf_384
Fra:193 Mem:225.81M (Peak 225.81M) | Time:00:00.45 | Mem:0.00M, Peak:0.00M | Scene, ViewLayer | Synchronizing object | ENV_leaf_383
Fra:193 Mem:225.82M (Peak 225.82M) | Time:00:00.45 | Mem:0.00M, Peak:0.00M | Scene, ViewLayer | Synchronizing object | ENV_leaf_382
Fra:193 Mem:225.82M (Peak 225.82M) | Time:00:00.45 | Mem:0.00M, Peak:0.00M | Scene, ViewLayer | Synchronizing object | ENV_leaf_381
Fra:193 Mem:225.75M (Peak 225.82M) | Time:00:00.45 | Mem:0.00M, Peak:0.00M | Scene, ViewLayer | Synchronizing object | ENV_fern_36
Fra:193 Mem:225.80M (Peak 225.82M) | Time:00:00.45 | Mem:0.00M, Peak:0.00M | Scene, ViewLayer | Synchronizing object | ENV_leaf_380
Fra:193 Mem:225.93M (Peak 225.93M) | Time:00:00.45 | Mem:0.00M, Peak:0.00M | Scene, ViewLayer | Synchronizing object | ENV_leaf_379
Fra:193 Mem:225.98M (Peak 225.98M) | Time:00:00.45 | Mem:0.00M, Peak:0.00M | Scene, ViewLayer | Synchronizing object | ENV_leaf_378
Fra:193 Mem:226.02M (Peak 226.02M) | Time:00:00.45 | Mem:0.00M, Peak:0.00M | Scene, ViewLayer | Synchronizing object | ENV_leaf_377
Fra:193 Mem:226.05M (Peak 226.05M) | Time:00:00.45 | Mem:0.00M, Peak:0.00M | Scene, ViewLayer | Synchronizing object | ENV_leaf_376
Fra:193 Mem:226.06M (Peak 226.06M) | Time:00:00.45 | Mem:0.00M, Peak:0.00M | Scene, ViewLayer | Synchronizing object | ENV_leaf_375
Fra:193 Mem:226.07M (Peak 226.07M) | Time:00:00.45 | Mem:0.00M, Peak:0.00M | Scene, ViewLayer | Synchronizing object | ENV_leaf_374
Fra:193 Mem:226.12M (Peak 226.12M) | Time:00:00.45 | Mem:0.00M, Peak:0.00M | Scene, ViewLayer | Synchronizing object | ENV_leaf_373
Fra:193 Mem:226.13M (Peak 226.13M) | Time:00:00.45 | Mem:0.00M, Peak:0.00M | Scene, ViewLayer | Synchronizing object | ENV_leaf_372
Fra:193 Mem:226.13M (Peak 226.13M) | Time:00:00.45 | Mem:0.00M, Peak:0.00M | Scene, ViewLayer | Synchronizing object | ENV_leaf_371
Fra:193 Mem:226.14M (Peak 226.14M) | Time:00:00.45 | Mem:0.00M, Peak:0.00M | Scene, ViewLayer | Synchronizing object | ENV_leaf_370
Fra:193 Mem:226.13M (Peak 226.14M) | Time:00:00.45 | Mem:0.00M, Peak:0.00M | Scene, ViewLayer | Synchronizing object | ENV_leaf_369
Fra:193 Mem:226.13M (Peak 226.14M) | Time:00:00.45 | Mem:0.00M, Peak:0.00M | Scene, ViewLayer | Synchronizing object | ENV_leaf_368
Fra:193 Mem:226.14M (Peak 226.14M) | Time:00:00.45 | Mem:0.00M, Peak:0.00M | Scene, ViewLayer | Synchronizing object | ENV_leaf_367
Fra:193 Mem:226.14M (Peak 226.14M) | Time:00:00.45 | Mem:0.00M, Peak:0.00M | Scene, ViewLayer | Synchronizing object | ENV_leaf_366
Fra:193 Mem:226.15M (Peak 226.15M) | Time:00:00.45 | Mem:0.00M, Peak:0.00M | Scene, ViewLayer | Synchronizing object | ENV_leaf_365
Fra:193 Mem:226.15M (Peak 226.15M) | Time:00:00.45 | Mem:0.00M, Peak:0.00M | Scene, ViewLayer | Synchronizing object | ENV_leaf_364
Fra:193 Mem:226.15M (Peak 226.15M) | Time:00:00.45 | Mem:0.00M, Peak:0.00M | Scene, ViewLayer | Synchronizing object | ENV_leaf_363
Fra:193 Mem:226.16M (Peak 226.16M) | Time:00:00.45 | Mem:0.00M, Peak:0.00M | Scene, ViewLayer | Synchronizing object | ENV_leaf_362
Fra:193 Mem:226.16M (Peak 226.16M) | Time:00:00.45 | Mem:0.00M, Peak:0.00M | Scene, ViewLayer | Synchronizing object | ENV_leaf_361
Fra:193 Mem:226.17M (Peak 226.17M) | Time:00:00.45 | Mem:0.00M, Peak:0.00M | Scene, ViewLayer | Synchronizing object | ENV_leaf_360
Fra:193 Mem:226.17M (Peak 226.17M) | Time:00:00.45 | Mem:0.00M, Peak:0.00M | Scene, ViewLayer | Synchronizing object | ENV_leaf_359
Fra:193 Mem:226.22M (Peak 226.22M) | Time:00:00.45 | Mem:0.00M, Peak:0.00M | Scene, ViewLayer | Synchronizing object | ENV_leaf_358
Fra:193 Mem:226.23M (Peak 226.23M) | Time:00:00.45 | Mem:0.00M, Peak:0.00M | Scene, ViewLayer | Synchronizing object | ENV_leaf_357
Fra:193 Mem:226.25M (Peak 226.25M) | Time:00:00.45 | Mem:0.00M, Peak:0.00M | Scene, ViewLayer | Synchronizing object | ENV_leaf_356
Fra:193 Mem:226.25M (Peak 226.25M) | Time:00:00.45 | Mem:0.00M, Peak:0.00M | Scene, ViewLayer | Synchronizing object | ENV_leaf_355
Fra:193 Mem:226.30M (Peak 226.30M) | Time:00:00.45 | Mem:0.00M, Peak:0.00M | Scene, ViewLayer | Synchronizing object | ENV_leaf_354
Fra:193 Mem:226.26M (Peak 226.30M) | Time:00:00.45 | Mem:0.00M, Peak:0.00M | Scene, ViewLayer | Synchronizing object | ENV_leaf_353
Fra:193 Mem:226.26M (Peak 226.30M) | Time:00:00.45 | Mem:0.00M, Peak:0.00M | Scene, ViewLayer | Synchronizing object | ENV_fern_37
Fra:193 Mem:226.26M (Peak 226.30M) | Time:00:00.45 | Mem:0.00M, Peak:0.00M | Scene, ViewLayer | Synchronizing object | ENV_leaf_352
Fra:193 Mem:226.34M (Peak 226.34M) | Time:00:00.45 | Mem:0.00M, Peak:0.00M | Scene, ViewLayer | Synchronizing object | ENV_leaf_351
Fra:193 Mem:226.34M (Peak 226.34M) | Time:00:00.45 | Mem:0.00M, Peak:0.00M | Scene, ViewLayer | Synchronizing object | ENV_leaf_350
Fra:193 Mem:226.50M (Peak 226.50M) | Time:00:00.45 | Mem:0.00M, Peak:0.00M | Scene, ViewLayer | Synchronizing object | ENV_leaf_349
Fra:193 Mem:226.51M (Peak 226.51M) | Time:00:00.45 | Mem:0.00M, Peak:0.00M | Scene, ViewLayer | Synchronizing object | ENV_leaf_348
Fra:193 Mem:226.58M (Peak 226.58M) | Time:00:00.45 | Mem:0.00M, Peak:0.00M | Scene, ViewLayer | Synchronizing object | ENV_leaf_347
Fra:193 Mem:226.58M (Peak 226.58M) | Time:00:00.45 | Mem:0.00M, Peak:0.00M | Scene, ViewLayer | Synchronizing object | ENV_leaf_346
Fra:193 Mem:226.66M (Peak 226.66M) | Time:00:00.45 | Mem:0.00M, Peak:0.00M | Scene, ViewLayer | Synchronizing object | ENV_leaf_345
Fra:193 Mem:226.67M (Peak 226.67M) | Time:00:00.45 | Mem:0.00M, Peak:0.00M | Scene, ViewLayer | Synchronizing object | ENV_leaf_344
Fra:193 Mem:226.67M (Peak 226.67M) | Time:00:00.45 | Mem:0.00M, Peak:0.00M | Scene, ViewLayer | Synchronizing object | ENV_leaf_343
Fra:193 Mem:226.75M (Peak 226.75M) | Time:00:00.45 | Mem:0.00M, Peak:0.00M | Scene, ViewLayer | Synchronizing object | ENV_leaf_342
Fra:193 Mem:226.76M (Peak 226.76M) | Time:00:00.45 | Mem:0.00M, Peak:0.00M | Scene, ViewLayer | Synchronizing object | ENV_leaf_341
Fra:193 Mem:226.76M (Peak 226.76M) | Time:00:00.45 | Mem:0.00M, Peak:0.00M | Scene, ViewLayer | Synchronizing object | ENV_leaf_340
Fra:193 Mem:226.77M (Peak 226.77M) | Time:00:00.45 | Mem:0.00M, Peak:0.00M | Scene, ViewLayer | Synchronizing object | ENV_leaf_339
Fra:193 Mem:226.77M (Peak 226.77M) | Time:00:00.45 | Mem:0.00M, Peak:0.00M | Scene, ViewLayer | Synchronizing object | ENV_leaf_338
Fra:193 Mem:226.77M (Peak 226.77M) | Time:00:00.45 | Mem:0.00M, Peak:0.00M | Scene, ViewLayer | Synchronizing object | ENV_leaf_337
Fra:193 Mem:226.76M (Peak 226.77M) | Time:00:00.45 | Mem:0.00M, Peak:0.00M | Scene, ViewLayer | Synchronizing object | ENV_leaf_336
Fra:193 Mem:226.77M (Peak 226.77M) | Time:00:00.45 | Mem:0.00M, Peak:0.00M | Scene, ViewLayer | Synchronizing object | ENV_leaf_335
Fra:193 Mem:226.77M (Peak 226.77M) | Time:00:00.45 | Mem:0.00M, Peak:0.00M | Scene, ViewLayer | Synchronizing object | ENV_leaf_334
Fra:193 Mem:226.78M (Peak 226.78M) | Time:00:00.45 | Mem:0.00M, Peak:0.00M | Scene, ViewLayer | Synchronizing object | ENV_leaf_333
Fra:193 Mem:226.78M (Peak 226.78M) | Time:00:00.45 | Mem:0.00M, Peak:0.00M | Scene, ViewLayer | Synchronizing object | ENV_leaf_332
Fra:193 Mem:226.78M (Peak 226.78M) | Time:00:00.45 | Mem:0.00M, Peak:0.00M | Scene, ViewLayer | Synchronizing object | ENV_leaf_331
Fra:193 Mem:226.79M (Peak 226.79M) | Time:00:00.45 | Mem:0.00M, Peak:0.00M | Scene, ViewLayer | Synchronizing object | ENV_leaf_330
Fra:193 Mem:226.79M (Peak 226.79M) | Time:00:00.45 | Mem:0.00M, Peak:0.00M | Scene, ViewLayer | Synchronizing object | ENV_leaf_329
Fra:193 Mem:226.80M (Peak 226.80M) | Time:00:00.45 | Mem:0.00M, Peak:0.00M | Scene, ViewLayer | Synchronizing object | ENV_leaf_328
Fra:193 Mem:226.80M (Peak 226.80M) | Time:00:00.45 | Mem:0.00M, Peak:0.00M | Scene, ViewLayer | Synchronizing object | ENV_leaf_327
Fra:193 Mem:226.80M (Peak 226.80M) | Time:00:00.45 | Mem:0.00M, Peak:0.00M | Scene, ViewLayer | Synchronizing object | ENV_leaf_326
Fra:193 Mem:226.81M (Peak 226.81M) | Time:00:00.45 | Mem:0.00M, Peak:0.00M | Scene, ViewLayer | Synchronizing object | ENV_leaf_325
Fra:193 Mem:226.81M (Peak 226.81M) | Time:00:00.45 | Mem:0.00M, Peak:0.00M | Scene, ViewLayer | Synchronizing object | ENV_leaf_324
Fra:193 Mem:226.82M (Peak 226.82M) | Time:00:00.45 | Mem:0.00M, Peak:0.00M | Scene, ViewLayer | Synchronizing object | ENV_leaf_323
Fra:193 Mem:226.82M (Peak 226.82M) | Time:00:00.45 | Mem:0.00M, Peak:0.00M | Scene, ViewLayer | Synchronizing object | ENV_leaf_322
Fra:193 Mem:226.89M (Peak 226.89M) | Time:00:00.45 | Mem:0.00M, Peak:0.00M | Scene, ViewLayer | Synchronizing object | ENV_leaf_321
Fra:193 Mem:226.89M (Peak 226.89M) | Time:00:00.45 | Mem:0.00M, Peak:0.00M | Scene, ViewLayer | Synchronizing object | ENV_leaf_320
Fra:193 Mem:226.89M (Peak 226.89M) | Time:00:00.45 | Mem:0.00M, Peak:0.00M | Scene, ViewLayer | Synchronizing object | ENV_leaf_319
Fra:193 Mem:226.92M (Peak 226.92M) | Time:00:00.45 | Mem:0.00M, Peak:0.00M | Scene, ViewLayer | Synchronizing object | ENV_leaf_318
Fra:193 Mem:226.92M (Peak 226.92M) | Time:00:00.45 | Mem:0.00M, Peak:0.00M | Scene, ViewLayer | Synchronizing object | ENV_leaf_317
Fra:193 Mem:226.99M (Peak 226.99M) | Time:00:00.45 | Mem:0.00M, Peak:0.00M | Scene, ViewLayer | Synchronizing object | ENV_leaf_316
Fra:193 Mem:226.99M (Peak 226.99M) | Time:00:00.45 | Mem:0.00M, Peak:0.00M | Scene, ViewLayer | Synchronizing object | ENV_leaf_315
Fra:193 Mem:226.94M (Peak 226.99M) | Time:00:00.45 | Mem:0.00M, Peak:0.00M | Scene, ViewLayer | Synchronizing object | ENV_leaf_314
Fra:193 Mem:226.94M (Peak 226.99M) | Time:00:00.45 | Mem:0.00M, Peak:0.00M | Scene, ViewLayer | Synchronizing object | ENV_fern_38
Fra:193 Mem:227.40M (Peak 227.40M) | Time:00:00.45 | Mem:0.00M, Peak:0.00M | Scene, ViewLayer | Synchronizing object | ENV_leaf_313
Fra:193 Mem:227.40M (Peak 227.40M) | Time:00:00.45 | Mem:0.00M, Peak:0.00M | Scene, ViewLayer | Synchronizing object | ENV_leaf_312
Fra:193 Mem:227.43M (Peak 227.43M) | Time:00:00.45 | Mem:0.00M, Peak:0.00M | Scene, ViewLayer | Synchronizing object | ENV_leaf_311
Fra:193 Mem:227.51M (Peak 227.51M) | Time:00:00.45 | Mem:0.00M, Peak:0.00M | Scene, ViewLayer | Synchronizing object | ENV_leaf_310
Fra:193 Mem:227.51M (Peak 227.51M) | Time:00:00.45 | Mem:0.00M, Peak:0.00M | Scene, ViewLayer | Synchronizing object | ENV_leaf_309
Fra:193 Mem:227.52M (Peak 227.52M) | Time:00:00.45 | Mem:0.00M, Peak:0.00M | Scene, ViewLayer | Synchronizing object | ENV_leaf_308
Fra:193 Mem:227.52M (Peak 227.52M) | Time:00:00.45 | Mem:0.00M, Peak:0.00M | Scene, ViewLayer | Synchronizing object | ENV_leaf_307
Fra:193 Mem:227.52M (Peak 227.52M) | Time:00:00.45 | Mem:0.00M, Peak:0.00M | Scene, ViewLayer | Synchronizing object | ENV_leaf_306
Fra:193 Mem:227.53M (Peak 227.53M) | Time:00:00.45 | Mem:0.00M, Peak:0.00M | Scene, ViewLayer | Synchronizing object | ENV_leaf_305
Fra:193 Mem:227.53M (Peak 227.53M) | Time:00:00.45 | Mem:0.00M, Peak:0.00M | Scene, ViewLayer | Synchronizing object | ENV_leaf_304
Fra:193 Mem:227.52M (Peak 227.53M) | Time:00:00.45 | Mem:0.00M, Peak:0.00M | Scene, ViewLayer | Synchronizing object | ENV_leaf_303
Fra:193 Mem:227.52M (Peak 227.53M) | Time:00:00.45 | Mem:0.00M, Peak:0.00M | Scene, ViewLayer | Synchronizing object | ENV_leaf_302
Fra:193 Mem:227.53M (Peak 227.53M) | Time:00:00.45 | Mem:0.00M, Peak:0.00M | Scene, ViewLayer | Synchronizing object | ENV_leaf_301
Fra:193 Mem:227.53M (Peak 227.53M) | Time:00:00.45 | Mem:0.00M, Peak:0.00M | Scene, ViewLayer | Synchronizing object | ENV_leaf_300
Fra:193 Mem:227.53M (Peak 227.53M) | Time:00:00.45 | Mem:0.00M, Peak:0.00M | Scene, ViewLayer | Synchronizing object | ENV_leaf_299
Fra:193 Mem:227.54M (Peak 227.54M) | Time:00:00.45 | Mem:0.00M, Peak:0.00M | Scene, ViewLayer | Synchronizing object | ENV_leaf_298
Fra:193 Mem:227.54M (Peak 227.54M) | Time:00:00.45 | Mem:0.00M, Peak:0.00M | Scene, ViewLayer | Synchronizing object | ENV_leaf_297
Fra:193 Mem:227.55M (Peak 227.55M) | Time:00:00.45 | Mem:0.00M, Peak:0.00M | Scene, ViewLayer | Synchronizing object | ENV_leaf_296
Fra:193 Mem:227.55M (Peak 227.55M) | Time:00:00.45 | Mem:0.00M, Peak:0.00M | Scene, ViewLayer | Synchronizing object | ENV_leaf_295
Fra:193 Mem:227.55M (Peak 227.55M) | Time:00:00.45 | Mem:0.00M, Peak:0.00M | Scene, ViewLayer | Synchronizing object | ENV_leaf_294
Fra:193 Mem:227.56M (Peak 227.56M) | Time:00:00.45 | Mem:0.00M, Peak:0.00M | Scene, ViewLayer | Synchronizing object | ENV_leaf_292
Fra:193 Mem:227.56M (Peak 227.56M) | Time:00:00.45 | Mem:0.00M, Peak:0.00M | Scene, ViewLayer | Synchronizing object | ENV_leaf_291
Fra:193 Mem:227.57M (Peak 227.57M) | Time:00:00.45 | Mem:0.00M, Peak:0.00M | Scene, ViewLayer | Synchronizing object | ENV_leaf_290
Fra:193 Mem:227.57M (Peak 227.57M) | Time:00:00.45 | Mem:0.00M, Peak:0.00M | Scene, ViewLayer | Synchronizing object | ENV_leaf_289
Fra:193 Mem:227.57M (Peak 227.57M) | Time:00:00.45 | Mem:0.00M, Peak:0.00M | Scene, ViewLayer | Synchronizing object | ENV_leaf_288
Fra:193 Mem:227.58M (Peak 227.58M) | Time:00:00.45 | Mem:0.00M, Peak:0.00M | Scene, ViewLayer | Synchronizing object | ENV_leaf_287
Fra:193 Mem:227.58M (Peak 227.58M) | Time:00:00.45 | Mem:0.00M, Peak:0.00M | Scene, ViewLayer | Synchronizing object | ENV_leaf_286
Fra:193 Mem:227.59M (Peak 227.59M) | Time:00:00.45 | Mem:0.00M, Peak:0.00M | Scene, ViewLayer | Synchronizing object | ENV_leaf_285
Fra:193 Mem:227.59M (Peak 227.59M) | Time:00:00.45 | Mem:0.00M, Peak:0.00M | Scene, ViewLayer | Synchronizing object | ENV_leaf_284
Fra:193 Mem:227.67M (Peak 227.67M) | Time:00:00.45 | Mem:0.00M, Peak:0.00M | Scene, ViewLayer | Synchronizing object | ENV_leaf_283
Fra:193 Mem:227.67M (Peak 227.67M) | Time:00:00.45 | Mem:0.00M, Peak:0.00M | Scene, ViewLayer | Synchronizing object | ENV_leaf_282
Fra:193 Mem:227.68M (Peak 227.68M) | Time:00:00.45 | Mem:0.00M, Peak:0.00M | Scene, ViewLayer | Synchronizing object | ENV_leaf_281
Fra:193 Mem:227.68M (Peak 227.68M) | Time:00:00.45 | Mem:0.00M, Peak:0.00M | Scene, ViewLayer | Synchronizing object | ENV_leaf_280
Fra:193 Mem:227.71M (Peak 227.71M) | Time:00:00.45 | Mem:0.00M, Peak:0.00M | Scene, ViewLayer | Synchronizing object | ENV_leaf_279
Fra:193 Mem:227.72M (Peak 227.72M) | Time:00:00.45 | Mem:0.00M, Peak:0.00M | Scene, ViewLayer | Synchronizing object | ENV_leaf_278
Fra:193 Mem:227.80M (Peak 227.80M) | Time:00:00.45 | Mem:0.00M, Peak:0.00M | Scene, ViewLayer | Synchronizing object | ENV_leaf_277
Fra:193 Mem:227.80M (Peak 227.80M) | Time:00:00.45 | Mem:0.00M, Peak:0.00M | Scene, ViewLayer | Synchronizing object | ENV_leaf_276
Fra:193 Mem:227.81M (Peak 227.81M) | Time:00:00.45 | Mem:0.00M, Peak:0.00M | Scene, ViewLayer | Synchronizing object | ENV_leaf_275
Fra:193 Mem:227.81M (Peak 227.81M) | Time:00:00.45 | Mem:0.00M, Peak:0.00M | Scene, ViewLayer | Synchronizing object | ENV_leaf_274
Fra:193 Mem:227.74M (Peak 227.81M) | Time:00:00.45 | Mem:0.00M, Peak:0.00M | Scene, ViewLayer | Synchronizing object | ENV_fern_39
Fra:193 Mem:228.14M (Peak 228.14M) | Time:00:00.45 | Mem:0.00M, Peak:0.00M | Scene, ViewLayer | Synchronizing object | ENV_fern_40
Fra:193 Mem:228.58M (Peak 228.58M) | Time:00:00.45 | Mem:0.00M, Peak:0.00M | Scene, ViewLayer | Synchronizing object | ENV_leaf_272
Fra:193 Mem:228.58M (Peak 228.58M) | Time:00:00.45 | Mem:0.00M, Peak:0.00M | Scene, ViewLayer | Synchronizing object | ENV_leaf_271
Fra:193 Mem:228.59M (Peak 228.59M) | Time:00:00.45 | Mem:0.00M, Peak:0.00M | Scene, ViewLayer | Synchronizing object | ENV_leaf_270
Fra:193 Mem:228.59M (Peak 228.59M) | Time:00:00.45 | Mem:0.00M, Peak:0.00M | Scene, ViewLayer | Synchronizing object | ENV_leaf_269
Fra:193 Mem:228.59M (Peak 228.59M) | Time:00:00.45 | Mem:0.00M, Peak:0.00M | Scene, ViewLayer | Synchronizing object | ENV_leaf_268
Fra:193 Mem:228.60M (Peak 228.60M) | Time:00:00.45 | Mem:0.00M, Peak:0.00M | Scene, ViewLayer | Synchronizing object | ENV_leaf_267
Fra:193 Mem:228.60M (Peak 228.60M) | Time:00:00.45 | Mem:0.00M, Peak:0.00M | Scene, ViewLayer | Synchronizing object | ENV_leaf_266
Fra:193 Mem:228.67M (Peak 228.67M) | Time:00:00.45 | Mem:0.00M, Peak:0.00M | Scene, ViewLayer | Synchronizing object | ENV_leaf_265
Fra:193 Mem:228.67M (Peak 228.67M) | Time:00:00.45 | Mem:0.00M, Peak:0.00M | Scene, ViewLayer | Synchronizing object | ENV_leaf_264
Fra:193 Mem:228.68M (Peak 228.68M) | Time:00:00.45 | Mem:0.00M, Peak:0.00M | Scene, ViewLayer | Synchronizing object | ENV_leaf_263
Fra:193 Mem:228.68M (Peak 228.68M) | Time:00:00.45 | Mem:0.00M, Peak:0.00M | Scene, ViewLayer | Synchronizing object | ENV_leaf_262
Fra:193 Mem:228.71M (Peak 228.71M) | Time:00:00.45 | Mem:0.00M, Peak:0.00M | Scene, ViewLayer | Synchronizing object | ENV_leaf_261
Fra:193 Mem:228.77M (Peak 228.77M) | Time:00:00.45 | Mem:0.00M, Peak:0.00M | Scene, ViewLayer | Synchronizing object | ENV_leaf_260
Fra:193 Mem:228.78M (Peak 228.78M) | Time:00:00.45 | Mem:0.00M, Peak:0.00M | Scene, ViewLayer | Synchronizing object | ENV_leaf_259
Fra:193 Mem:228.78M (Peak 228.78M) | Time:00:00.45 | Mem:0.00M, Peak:0.00M | Scene, ViewLayer | Synchronizing object | ENV_leaf_258
Fra:193 Mem:228.79M (Peak 228.79M) | Time:00:00.45 | Mem:0.00M, Peak:0.00M | Scene, ViewLayer | Synchronizing object | ENV_leaf_257
Fra:193 Mem:228.73M (Peak 228.79M) | Time:00:00.45 | Mem:0.00M, Peak:0.00M | Scene, ViewLayer | Synchronizing object | ENV_fern_41
Fra:193 Mem:228.73M (Peak 228.79M) | Time:00:00.45 | Mem:0.00M, Peak:0.00M | Scene, ViewLayer | Synchronizing object | ENV_leaf_256
Fra:193 Mem:228.82M (Peak 228.82M) | Time:00:00.45 | Mem:0.00M, Peak:0.00M | Scene, ViewLayer | Synchronizing object | ENV_leaf_255
Fra:193 Mem:228.82M (Peak 228.82M) | Time:00:00.45 | Mem:0.00M, Peak:0.00M | Scene, ViewLayer | Synchronizing object | ENV_leaf_254
Fra:193 Mem:229.02M (Peak 229.02M) | Time:00:00.45 | Mem:0.00M, Peak:0.00M | Scene, ViewLayer | Synchronizing object | ENV_leaf_253
Fra:193 Mem:229.03M (Peak 229.03M) | Time:00:00.45 | Mem:0.00M, Peak:0.00M | Scene, ViewLayer | Synchronizing object | ENV_leaf_252
Fra:193 Mem:229.11M (Peak 229.11M) | Time:00:00.45 | Mem:0.00M, Peak:0.00M | Scene, ViewLayer | Synchronizing object | ENV_leaf_251
Fra:193 Mem:229.11M (Peak 229.11M) | Time:00:00.45 | Mem:0.00M, Peak:0.00M | Scene, ViewLayer | Synchronizing object | ENV_leaf_250
Fra:193 Mem:229.22M (Peak 229.22M) | Time:00:00.45 | Mem:0.00M, Peak:0.00M | Scene, ViewLayer | Synchronizing object | ENV_leaf_249
Fra:193 Mem:229.22M (Peak 229.22M) | Time:00:00.45 | Mem:0.00M, Peak:0.00M | Scene, ViewLayer | Synchronizing object | ENV_leaf_248
Fra:193 Mem:229.22M (Peak 229.22M) | Time:00:00.45 | Mem:0.00M, Peak:0.00M | Scene, ViewLayer | Synchronizing object | ENV_leaf_247
Fra:193 Mem:229.23M (Peak 229.23M) | Time:00:00.45 | Mem:0.00M, Peak:0.00M | Scene, ViewLayer | Synchronizing object | ENV_leaf_246
Fra:193 Mem:229.31M (Peak 229.31M) | Time:00:00.45 | Mem:0.00M, Peak:0.00M | Scene, ViewLayer | Synchronizing object | ENV_leaf_245
Fra:193 Mem:229.33M (Peak 229.33M) | Time:00:00.45 | Mem:0.00M, Peak:0.00M | Scene, ViewLayer | Synchronizing object | ENV_leaf_244
Fra:193 Mem:229.34M (Peak 229.34M) | Time:00:00.45 | Mem:0.00M, Peak:0.00M | Scene, ViewLayer | Synchronizing object | ENV_leaf_243
Fra:193 Mem:229.34M (Peak 229.34M) | Time:00:00.45 | Mem:0.00M, Peak:0.00M | Scene, ViewLayer | Synchronizing object | ENV_leaf_242
Fra:193 Mem:229.34M (Peak 229.34M) | Time:00:00.45 | Mem:0.00M, Peak:0.00M | Scene, ViewLayer | Synchronizing object | ENV_leaf_241
Fra:193 Mem:229.35M (Peak 229.35M) | Time:00:00.45 | Mem:0.00M, Peak:0.00M | Scene, ViewLayer | Synchronizing object | ENV_leaf_240
Fra:193 Mem:229.35M (Peak 229.35M) | Time:00:00.45 | Mem:0.00M, Peak:0.00M | Scene, ViewLayer | Synchronizing object | ENV_leaf_239
Fra:193 Mem:229.34M (Peak 229.35M) | Time:00:00.45 | Mem:0.00M, Peak:0.00M | Scene, ViewLayer | Synchronizing object | ENV_leaf_238
Fra:193 Mem:229.34M (Peak 229.35M) | Time:00:00.45 | Mem:0.00M, Peak:0.00M | Scene, ViewLayer | Synchronizing object | ENV_leaf_237
Fra:193 Mem:229.34M (Peak 229.35M) | Time:00:00.45 | Mem:0.00M, Peak:0.00M | Scene, ViewLayer | Synchronizing object | ENV_leaf_236
Fra:193 Mem:229.35M (Peak 229.35M) | Time:00:00.45 | Mem:0.00M, Peak:0.00M | Scene, ViewLayer | Synchronizing object | ENV_leaf_235
Fra:193 Mem:229.35M (Peak 229.35M) | Time:00:00.45 | Mem:0.00M, Peak:0.00M | Scene, ViewLayer | Synchronizing object | ENV_leaf_234
Fra:193 Mem:229.36M (Peak 229.36M) | Time:00:00.45 | Mem:0.00M, Peak:0.00M | Scene, ViewLayer | Synchronizing object | ENV_leaf_233
Fra:193 Mem:229.36M (Peak 229.36M) | Time:00:00.45 | Mem:0.00M, Peak:0.00M | Scene, ViewLayer | Synchronizing object | ENV_leaf_232
Fra:193 Mem:229.36M (Peak 229.36M) | Time:00:00.45 | Mem:0.00M, Peak:0.00M | Scene, ViewLayer | Synchronizing object | ENV_leaf_231
Fra:193 Mem:229.37M (Peak 229.37M) | Time:00:00.45 | Mem:0.00M, Peak:0.00M | Scene, ViewLayer | Synchronizing object | ENV_leaf_230
Fra:193 Mem:229.37M (Peak 229.37M) | Time:00:00.45 | Mem:0.00M, Peak:0.00M | Scene, ViewLayer | Synchronizing object | ENV_leaf_229
Fra:193 Mem:229.38M (Peak 229.38M) | Time:00:00.45 | Mem:0.00M, Peak:0.00M | Scene, ViewLayer | Synchronizing object | ENV_leaf_228
Fra:193 Mem:229.38M (Peak 229.38M) | Time:00:00.45 | Mem:0.00M, Peak:0.00M | Scene, ViewLayer | Synchronizing object | ENV_leaf_227
Fra:193 Mem:229.39M (Peak 229.39M) | Time:00:00.45 | Mem:0.00M, Peak:0.00M | Scene, ViewLayer | Synchronizing object | ENV_leaf_226
Fra:193 Mem:229.39M (Peak 229.39M) | Time:00:00.45 | Mem:0.00M, Peak:0.00M | Scene, ViewLayer | Synchronizing object | ENV_leaf_225
Fra:193 Mem:229.39M (Peak 229.39M) | Time:00:00.45 | Mem:0.00M, Peak:0.00M | Scene, ViewLayer | Synchronizing object | ENV_leaf_224
Fra:193 Mem:229.40M (Peak 229.40M) | Time:00:00.45 | Mem:0.00M, Peak:0.00M | Scene, ViewLayer | Synchronizing object | ENV_leaf_223
Fra:193 Mem:229.40M (Peak 229.40M) | Time:00:00.45 | Mem:0.00M, Peak:0.00M | Scene, ViewLayer | Synchronizing object | ENV_leaf_222
Fra:193 Mem:229.41M (Peak 229.41M) | Time:00:00.45 | Mem:0.00M, Peak:0.00M | Scene, ViewLayer | Synchronizing object | ENV_leaf_221
Fra:193 Mem:229.49M (Peak 229.49M) | Time:00:00.45 | Mem:0.00M, Peak:0.00M | Scene, ViewLayer | Synchronizing object | ENV_leaf_220
Fra:193 Mem:229.49M (Peak 229.49M) | Time:00:00.45 | Mem:0.00M, Peak:0.00M | Scene, ViewLayer | Synchronizing object | ENV_leaf_219
Fra:193 Mem:229.49M (Peak 229.49M) | Time:00:00.45 | Mem:0.00M, Peak:0.00M | Scene, ViewLayer | Synchronizing object | ENV_leaf_218
Fra:193 Mem:229.53M (Peak 229.53M) | Time:00:00.45 | Mem:0.00M, Peak:0.00M | Scene, ViewLayer | Synchronizing object | ENV_leaf_217
Fra:193 Mem:229.53M (Peak 229.53M) | Time:00:00.45 | Mem:0.00M, Peak:0.00M | Scene, ViewLayer | Synchronizing object | ENV_leaf_216
Fra:193 Mem:229.53M (Peak 229.53M) | Time:00:00.45 | Mem:0.00M, Peak:0.00M | Scene, ViewLayer | Synchronizing object | ENV_leaf_215
Fra:193 Mem:229.61M (Peak 229.61M) | Time:00:00.45 | Mem:0.00M, Peak:0.00M | Scene, ViewLayer | Synchronizing object | ENV_leaf_214
Fra:193 Mem:229.62M (Peak 229.62M) | Time:00:00.45 | Mem:0.00M, Peak:0.00M | Scene, ViewLayer | Synchronizing object | ENV_leaf_213
Fra:193 Mem:229.62M (Peak 229.62M) | Time:00:00.45 | Mem:0.00M, Peak:0.00M | Scene, ViewLayer | Synchronizing object | ENV_leaf_212
Fra:193 Mem:229.55M (Peak 229.62M) | Time:00:00.45 | Mem:0.00M, Peak:0.00M | Scene, ViewLayer | Synchronizing object | ENV_fern_42
Fra:193 Mem:229.89M (Peak 229.89M) | Time:00:00.45 | Mem:0.00M, Peak:0.00M | Scene, ViewLayer | Synchronizing object | ENV_leaf_211
Fra:193 Mem:229.89M (Peak 229.89M) | Time:00:00.45 | Mem:0.00M, Peak:0.00M | Scene, ViewLayer | Synchronizing object | ENV_leaf_210
Fra:193 Mem:229.89M (Peak 229.89M) | Time:00:00.45 | Mem:0.00M, Peak:0.00M | Scene, ViewLayer | Synchronizing object | ENV_leaf_209
Fra:193 Mem:229.90M (Peak 229.90M) | Time:00:00.45 | Mem:0.00M, Peak:0.00M | Scene, ViewLayer | Synchronizing object | ENV_leaf_208
Fra:193 Mem:229.95M (Peak 229.95M) | Time:00:00.45 | Mem:0.00M, Peak:0.00M | Scene, ViewLayer | Synchronizing object | ENV_leaf_207
Fra:193 Mem:229.95M (Peak 229.95M) | Time:00:00.45 | Mem:0.00M, Peak:0.00M | Scene, ViewLayer | Synchronizing object | ENV_leaf_206
Fra:193 Mem:229.96M (Peak 229.96M) | Time:00:00.45 | Mem:0.00M, Peak:0.00M | Scene, ViewLayer | Synchronizing object | ENV_leaf_205
Fra:193 Mem:229.96M (Peak 229.96M) | Time:00:00.45 | Mem:0.00M, Peak:0.00M | Scene, ViewLayer | Synchronizing object | ENV_leaf_204
Fra:193 Mem:229.98M (Peak 229.98M) | Time:00:00.45 | Mem:0.00M, Peak:0.00M | Scene, ViewLayer | Synchronizing object | ENV_leaf_203
Fra:193 Mem:230.03M (Peak 230.03M) | Time:00:00.45 | Mem:0.00M, Peak:0.00M | Scene, ViewLayer | Synchronizing object | ENV_leaf_202
Fra:193 Mem:230.04M (Peak 230.04M) | Time:00:00.45 | Mem:0.00M, Peak:0.00M | Scene, ViewLayer | Synchronizing object | ENV_leaf_201
Fra:193 Mem:230.00M (Peak 230.04M) | Time:00:00.45 | Mem:0.00M, Peak:0.00M | Scene, ViewLayer | Synchronizing object | ENV_fern_43
Fra:193 Mem:230.06M (Peak 230.06M) | Time:00:00.45 | Mem:0.00M, Peak:0.00M | Scene, ViewLayer | Synchronizing object | ENV_leaf_200
Fra:193 Mem:230.07M (Peak 230.07M) | Time:00:00.45 | Mem:0.00M, Peak:0.00M | Scene, ViewLayer | Synchronizing object | ENV_leaf_199
Fra:193 Mem:230.07M (Peak 230.07M) | Time:00:00.45 | Mem:0.00M, Peak:0.00M | Scene, ViewLayer | Synchronizing object | ENV_leaf_198
Fra:193 Mem:230.24M (Peak 230.24M) | Time:00:00.45 | Mem:0.00M, Peak:0.00M | Scene, ViewLayer | Synchronizing object | ENV_leaf_197
Fra:193 Mem:230.30M (Peak 230.30M) | Time:00:00.45 | Mem:0.00M, Peak:0.00M | Scene, ViewLayer | Synchronizing object | ENV_leaf_196
Fra:193 Mem:230.31M (Peak 230.31M) | Time:00:00.45 | Mem:0.00M, Peak:0.00M | Scene, ViewLayer | Synchronizing object | ENV_leaf_195
Fra:193 Mem:230.39M (Peak 230.39M) | Time:00:00.45 | Mem:0.00M, Peak:0.00M | Scene, ViewLayer | Synchronizing object | ENV_leaf_194
Fra:193 Mem:230.40M (Peak 230.40M) | Time:00:00.45 | Mem:0.00M, Peak:0.00M | Scene, ViewLayer | Synchronizing object | ENV_leaf_193
Fra:193 Mem:230.40M (Peak 230.40M) | Time:00:00.45 | Mem:0.00M, Peak:0.00M | Scene, ViewLayer | Synchronizing object | ENV_leaf_192
Fra:193 Mem:230.42M (Peak 230.42M) | Time:00:00.45 | Mem:0.00M, Peak:0.00M | Scene, ViewLayer | Synchronizing object | ENV_leaf_191
Fra:193 Mem:230.49M (Peak 230.49M) | Time:00:00.45 | Mem:0.00M, Peak:0.00M | Scene, ViewLayer | Synchronizing object | ENV_leaf_190
Fra:193 Mem:230.49M (Peak 230.49M) | Time:00:00.45 | Mem:0.00M, Peak:0.00M | Scene, ViewLayer | Synchronizing object | ENV_leaf_189
Fra:193 Mem:230.49M (Peak 230.49M) | Time:00:00.45 | Mem:0.00M, Peak:0.00M | Scene, ViewLayer | Synchronizing object | ENV_leaf_188
Fra:193 Mem:230.50M (Peak 230.50M) | Time:00:00.45 | Mem:0.00M, Peak:0.00M | Scene, ViewLayer | Synchronizing object | ENV_leaf_187
Fra:193 Mem:230.50M (Peak 230.50M) | Time:00:00.45 | Mem:0.00M, Peak:0.00M | Scene, ViewLayer | Synchronizing object | ENV_leaf_186
Fra:193 Mem:230.49M (Peak 230.50M) | Time:00:00.45 | Mem:0.00M, Peak:0.00M | Scene, ViewLayer | Synchronizing object | ENV_leaf_185
Fra:193 Mem:230.50M (Peak 230.50M) | Time:00:00.45 | Mem:0.00M, Peak:0.00M | Scene, ViewLayer | Synchronizing object | ENV_leaf_184
Fra:193 Mem:230.50M (Peak 230.50M) | Time:00:00.45 | Mem:0.00M, Peak:0.00M | Scene, ViewLayer | Synchronizing object | ENV_leaf_183
Fra:193 Mem:230.50M (Peak 230.50M) | Time:00:00.45 | Mem:0.00M, Peak:0.00M | Scene, ViewLayer | Synchronizing object | ENV_leaf_182
Fra:193 Mem:230.51M (Peak 230.51M) | Time:00:00.45 | Mem:0.00M, Peak:0.00M | Scene, ViewLayer | Synchronizing object | ENV_leaf_181
Fra:193 Mem:230.51M (Peak 230.51M) | Time:00:00.45 | Mem:0.00M, Peak:0.00M | Scene, ViewLayer | Synchronizing object | ENV_leaf_180
Fra:193 Mem:230.52M (Peak 230.52M) | Time:00:00.45 | Mem:0.00M, Peak:0.00M | Scene, ViewLayer | Synchronizing object | ENV_leaf_179
Fra:193 Mem:230.52M (Peak 230.52M) | Time:00:00.45 | Mem:0.00M, Peak:0.00M | Scene, ViewLayer | Synchronizing object | ENV_leaf_178
Fra:193 Mem:230.52M (Peak 230.52M) | Time:00:00.45 | Mem:0.00M, Peak:0.00M | Scene, ViewLayer | Synchronizing object | ENV_leaf_177
Fra:193 Mem:230.53M (Peak 230.53M) | Time:00:00.45 | Mem:0.00M, Peak:0.00M | Scene, ViewLayer | Synchronizing object | ENV_leaf_176
Fra:193 Mem:230.53M (Peak 230.53M) | Time:00:00.45 | Mem:0.00M, Peak:0.00M | Scene, ViewLayer | Synchronizing object | ENV_leaf_175
Fra:193 Mem:230.54M (Peak 230.54M) | Time:00:00.45 | Mem:0.00M, Peak:0.00M | Scene, ViewLayer | Synchronizing object | ENV_leaf_174
Fra:193 Mem:230.54M (Peak 230.54M) | Time:00:00.45 | Mem:0.00M, Peak:0.00M | Scene, ViewLayer | Synchronizing object | ENV_leaf_173
Fra:193 Mem:230.54M (Peak 230.54M) | Time:00:00.45 | Mem:0.00M, Peak:0.00M | Scene, ViewLayer | Synchronizing object | ENV_leaf_172
Fra:193 Mem:230.61M (Peak 230.61M) | Time:00:00.45 | Mem:0.00M, Peak:0.00M | Scene, ViewLayer | Synchronizing object | ENV_leaf_171
Fra:193 Mem:230.61M (Peak 230.61M) | Time:00:00.45 | Mem:0.00M, Peak:0.00M | Scene, ViewLayer | Synchronizing object | ENV_leaf_170
Fra:193 Mem:230.62M (Peak 230.62M) | Time:00:00.45 | Mem:0.00M, Peak:0.00M | Scene, ViewLayer | Synchronizing object | ENV_leaf_169
Fra:193 Mem:230.64M (Peak 230.64M) | Time:00:00.45 | Mem:0.00M, Peak:0.00M | Scene, ViewLayer | Synchronizing object | ENV_leaf_168
Fra:193 Mem:230.71M (Peak 230.71M) | Time:00:00.45 | Mem:0.00M, Peak:0.00M | Scene, ViewLayer | Synchronizing object | ENV_leaf_167
Fra:193 Mem:230.71M (Peak 230.71M) | Time:00:00.45 | Mem:0.00M, Peak:0.00M | Scene, ViewLayer | Synchronizing object | ENV_leaf_166
Fra:193 Mem:230.66M (Peak 230.71M) | Time:00:00.45 | Mem:0.00M, Peak:0.00M | Scene, ViewLayer | Synchronizing object | ENV_fern_44
Fra:193 Mem:230.74M (Peak 230.74M) | Time:00:00.45 | Mem:0.00M, Peak:0.00M | Scene, ViewLayer | Synchronizing object | ENV_leaf_165
Fra:193 Mem:230.75M (Peak 230.75M) | Time:00:00.45 | Mem:0.00M, Peak:0.00M | Scene, ViewLayer | Synchronizing object | ENV_leaf_164
Fra:193 Mem:230.83M (Peak 230.83M) | Time:00:00.45 | Mem:0.00M, Peak:0.00M | Scene, ViewLayer | Synchronizing object | ENV_leaf_163
Fra:193 Mem:230.95M (Peak 230.95M) | Time:00:00.45 | Mem:0.00M, Peak:0.00M | Scene, ViewLayer | Synchronizing object | ENV_leaf_162
Fra:193 Mem:231.03M (Peak 231.03M) | Time:00:00.45 | Mem:0.00M, Peak:0.00M | Scene, ViewLayer | Synchronizing object | ENV_leaf_161
Fra:193 Mem:231.04M (Peak 231.04M) | Time:00:00.45 | Mem:0.00M, Peak:0.00M | Scene, ViewLayer | Synchronizing object | ENV_leaf_160
Fra:193 Mem:231.04M (Peak 231.04M) | Time:00:00.45 | Mem:0.00M, Peak:0.00M | Scene, ViewLayer | Synchronizing object | ENV_leaf_159
Fra:193 Mem:231.14M (Peak 231.14M) | Time:00:00.45 | Mem:0.00M, Peak:0.00M | Scene, ViewLayer | Synchronizing object | ENV_leaf_158
Fra:193 Mem:231.15M (Peak 231.15M) | Time:00:00.45 | Mem:0.00M, Peak:0.00M | Scene, ViewLayer | Synchronizing object | ENV_leaf_157
Fra:193 Mem:231.15M (Peak 231.15M) | Time:00:00.45 | Mem:0.00M, Peak:0.00M | Scene, ViewLayer | Synchronizing object | ENV_leaf_156
Fra:193 Mem:231.18M (Peak 231.18M) | Time:00:00.45 | Mem:0.00M, Peak:0.00M | Scene, ViewLayer | Synchronizing object | ENV_leaf_155
Fra:193 Mem:231.26M (Peak 231.26M) | Time:00:00.45 | Mem:0.00M, Peak:0.00M | Scene, ViewLayer | Synchronizing object | ENV_leaf_154
Fra:193 Mem:231.26M (Peak 231.26M) | Time:00:00.45 | Mem:0.00M, Peak:0.00M | Scene, ViewLayer | Synchronizing object | ENV_leaf_153
Fra:193 Mem:231.26M (Peak 231.26M) | Time:00:00.45 | Mem:0.00M, Peak:0.00M | Scene, ViewLayer | Synchronizing object | ENV_leaf_152
Fra:193 Mem:231.27M (Peak 231.27M) | Time:00:00.45 | Mem:0.00M, Peak:0.00M | Scene, ViewLayer | Synchronizing object | ENV_leaf_151
Fra:193 Mem:231.27M (Peak 231.27M) | Time:00:00.45 | Mem:0.00M, Peak:0.00M | Scene, ViewLayer | Synchronizing object | ENV_leaf_150
Fra:193 Mem:231.28M (Peak 231.28M) | Time:00:00.45 | Mem:0.00M, Peak:0.00M | Scene, ViewLayer | Synchronizing object | ENV_leaf_149
Fra:193 Mem:231.28M (Peak 231.28M) | Time:00:00.45 | Mem:0.00M, Peak:0.00M | Scene, ViewLayer | Synchronizing object | ENV_leaf_148
Fra:193 Mem:231.27M (Peak 231.28M) | Time:00:00.45 | Mem:0.00M, Peak:0.00M | Scene, ViewLayer | Synchronizing object | ENV_leaf_147
Fra:193 Mem:231.27M (Peak 231.28M) | Time:00:00.45 | Mem:0.00M, Peak:0.00M | Scene, ViewLayer | Synchronizing object | ENV_leaf_146
Fra:193 Mem:231.27M (Peak 231.28M) | Time:00:00.45 | Mem:0.00M, Peak:0.00M | Scene, ViewLayer | Synchronizing object | ENV_leaf_145
Fra:193 Mem:231.28M (Peak 231.28M) | Time:00:00.45 | Mem:0.00M, Peak:0.00M | Scene, ViewLayer | Synchronizing object | ENV_leaf_144
Fra:193 Mem:231.28M (Peak 231.28M) | Time:00:00.45 | Mem:0.00M, Peak:0.00M | Scene, ViewLayer | Synchronizing object | ENV_leaf_143
Fra:193 Mem:231.29M (Peak 231.29M) | Time:00:00.45 | Mem:0.00M, Peak:0.00M | Scene, ViewLayer | Synchronizing object | ENV_leaf_142
Fra:193 Mem:231.29M (Peak 231.29M) | Time:00:00.45 | Mem:0.00M, Peak:0.00M | Scene, ViewLayer | Synchronizing object | ENV_leaf_141
Fra:193 Mem:231.29M (Peak 231.29M) | Time:00:00.45 | Mem:0.00M, Peak:0.00M | Scene, ViewLayer | Synchronizing object | ENV_leaf_140
Fra:193 Mem:231.30M (Peak 231.30M) | Time:00:00.45 | Mem:0.00M, Peak:0.00M | Scene, ViewLayer | Synchronizing object | ENV_leaf_139
Fra:193 Mem:231.30M (Peak 231.30M) | Time:00:00.45 | Mem:0.00M, Peak:0.00M | Scene, ViewLayer | Synchronizing object | ENV_leaf_138
Fra:193 Mem:231.31M (Peak 231.31M) | Time:00:00.45 | Mem:0.00M, Peak:0.00M | Scene, ViewLayer | Synchronizing object | ENV_leaf_137
Fra:193 Mem:231.31M (Peak 231.31M) | Time:00:00.45 | Mem:0.00M, Peak:0.00M | Scene, ViewLayer | Synchronizing object | ENV_leaf_136
Fra:193 Mem:231.31M (Peak 231.31M) | Time:00:00.45 | Mem:0.00M, Peak:0.00M | Scene, ViewLayer | Synchronizing object | ENV_leaf_135
Fra:193 Mem:231.32M (Peak 231.32M) | Time:00:00.45 | Mem:0.00M, Peak:0.00M | Scene, ViewLayer | Synchronizing object | ENV_leaf_134
Fra:193 Mem:231.32M (Peak 231.32M) | Time:00:00.45 | Mem:0.00M, Peak:0.00M | Scene, ViewLayer | Synchronizing object | ENV_leaf_133
Fra:193 Mem:231.33M (Peak 231.33M) | Time:00:00.45 | Mem:0.00M, Peak:0.00M | Scene, ViewLayer | Synchronizing object | ENV_leaf_132
Fra:193 Mem:231.33M (Peak 231.33M) | Time:00:00.45 | Mem:0.00M, Peak:0.00M | Scene, ViewLayer | Synchronizing object | ENV_leaf_131
Fra:193 Mem:231.33M (Peak 231.33M) | Time:00:00.45 | Mem:0.00M, Peak:0.00M | Scene, ViewLayer | Synchronizing object | ENV_leaf_130
Fra:193 Mem:231.41M (Peak 231.41M) | Time:00:00.45 | Mem:0.00M, Peak:0.00M | Scene, ViewLayer | Synchronizing object | ENV_leaf_129
Fra:193 Mem:231.42M (Peak 231.42M) | Time:00:00.45 | Mem:0.00M, Peak:0.00M | Scene, ViewLayer | Synchronizing object | ENV_leaf_128
Fra:193 Mem:231.42M (Peak 231.42M) | Time:00:00.46 | Mem:0.00M, Peak:0.00M | Scene, ViewLayer | Synchronizing object | ENV_leaf_127
Fra:193 Mem:231.43M (Peak 231.43M) | Time:00:00.46 | Mem:0.00M, Peak:0.00M | Scene, ViewLayer | Synchronizing object | ENV_leaf_126
Fra:193 Mem:231.43M (Peak 231.43M) | Time:00:00.46 | Mem:0.00M, Peak:0.00M | Scene, ViewLayer | Synchronizing object | ENV_leaf_125
Fra:193 Mem:231.46M (Peak 231.46M) | Time:00:00.46 | Mem:0.00M, Peak:0.00M | Scene, ViewLayer | Synchronizing object | ENV_leaf_124
Fra:193 Mem:231.47M (Peak 231.47M) | Time:00:00.46 | Mem:0.00M, Peak:0.00M | Scene, ViewLayer | Synchronizing object | ENV_leaf_123
Fra:193 Mem:231.55M (Peak 231.55M) | Time:00:00.46 | Mem:0.00M, Peak:0.00M | Scene, ViewLayer | Synchronizing object | ENV_leaf_122
Fra:193 Mem:231.55M (Peak 231.55M) | Time:00:00.46 | Mem:0.00M, Peak:0.00M | Scene, ViewLayer | Synchronizing object | ENV_leaf_121
Fra:193 Mem:231.56M (Peak 231.56M) | Time:00:00.46 | Mem:0.00M, Peak:0.00M | Scene, ViewLayer | Synchronizing object | ENV_leaf_120
Fra:193 Mem:231.56M (Peak 231.56M) | Time:00:00.46 | Mem:0.00M, Peak:0.00M | Scene, ViewLayer | Synchronizing object | ENV_leaf_119
Fra:193 Mem:231.49M (Peak 231.56M) | Time:00:00.46 | Mem:0.00M, Peak:0.00M | Scene, ViewLayer | Synchronizing object | ENV_fern_45
Fra:193 Mem:231.83M (Peak 231.83M) | Time:00:00.46 | Mem:0.00M, Peak:0.00M | Scene, ViewLayer | Synchronizing object | ENV_leaf_118
Fra:193 Mem:231.83M (Peak 231.83M) | Time:00:00.46 | Mem:0.00M, Peak:0.00M | Scene, ViewLayer | Synchronizing object | ENV_leaf_117
Fra:193 Mem:231.83M (Peak 231.83M) | Time:00:00.46 | Mem:0.00M, Peak:0.00M | Scene, ViewLayer | Synchronizing object | ENV_leaf_116
Fra:193 Mem:231.83M (Peak 231.83M) | Time:00:00.46 | Mem:0.00M, Peak:0.00M | Scene, ViewLayer | Synchronizing object | ENV_leaf_115
Fra:193 Mem:231.84M (Peak 231.84M) | Time:00:00.46 | Mem:0.00M, Peak:0.00M | Scene, ViewLayer | Synchronizing object | ENV_leaf_114
Fra:193 Mem:231.84M (Peak 231.84M) | Time:00:00.46 | Mem:0.00M, Peak:0.00M | Scene, ViewLayer | Synchronizing object | ENV_leaf_113
Fra:193 Mem:231.85M (Peak 231.85M) | Time:00:00.46 | Mem:0.00M, Peak:0.00M | Scene, ViewLayer | Synchronizing object | ENV_leaf_112
Fra:193 Mem:231.85M (Peak 231.85M) | Time:00:00.46 | Mem:0.00M, Peak:0.00M | Scene, ViewLayer | Synchronizing object | ENV_leaf_111
Fra:193 Mem:231.90M (Peak 231.90M) | Time:00:00.46 | Mem:0.00M, Peak:0.00M | Scene, ViewLayer | Synchronizing object | ENV_leaf_110
Fra:193 Mem:231.92M (Peak 231.92M) | Time:00:00.46 | Mem:0.00M, Peak:0.00M | Scene, ViewLayer | Synchronizing object | ENV_leaf_109
Fra:193 Mem:231.98M (Peak 231.98M) | Time:00:00.46 | Mem:0.00M, Peak:0.00M | Scene, ViewLayer | Synchronizing object | ENV_leaf_108
Fra:193 Mem:231.98M (Peak 231.98M) | Time:00:00.46 | Mem:0.00M, Peak:0.00M | Scene, ViewLayer | Synchronizing object | ENV_leaf_107
Fra:193 Mem:231.94M (Peak 231.98M) | Time:00:00.46 | Mem:0.00M, Peak:0.00M | Scene, ViewLayer | Synchronizing object | ENV_fern_46
Fra:193 Mem:231.94M (Peak 231.98M) | Time:00:00.46 | Mem:0.00M, Peak:0.00M | Scene, ViewLayer | Synchronizing object | ENV_leaf_106
Fra:193 Mem:232.01M (Peak 232.01M) | Time:00:00.46 | Mem:0.00M, Peak:0.00M | Scene, ViewLayer | Synchronizing object | ENV_leaf_105
Fra:193 Mem:232.01M (Peak 232.01M) | Time:00:00.46 | Mem:0.00M, Peak:0.00M | Scene, ViewLayer | Synchronizing object | ENV_leaf_104
Fra:193 Mem:232.18M (Peak 232.18M) | Time:00:00.46 | Mem:0.00M, Peak:0.00M | Scene, ViewLayer | Synchronizing object | ENV_leaf_103
Fra:193 Mem:232.24M (Peak 232.24M) | Time:00:00.46 | Mem:0.00M, Peak:0.00M | Scene, ViewLayer | Synchronizing object | ENV_leaf_102
Fra:193 Mem:232.25M (Peak 232.25M) | Time:00:00.46 | Mem:0.00M, Peak:0.00M | Scene, ViewLayer | Synchronizing object | ENV_leaf_101
Fra:193 Mem:232.30M (Peak 232.30M) | Time:00:00.46 | Mem:0.00M, Peak:0.00M | Scene, ViewLayer | Synchronizing object | ENV_leaf_100
Fra:193 Mem:232.30M (Peak 232.30M) | Time:00:00.46 | Mem:0.00M, Peak:0.00M | Scene, ViewLayer | Synchronizing object | ENV_leaf_99
Fra:193 Mem:232.31M (Peak 232.31M) | Time:00:00.46 | Mem:0.00M, Peak:0.00M | Scene, ViewLayer | Synchronizing object | ENV_leaf_98
Fra:193 Mem:232.31M (Peak 232.31M) | Time:00:00.46 | Mem:0.00M, Peak:0.00M | Scene, ViewLayer | Synchronizing object | ENV_leaf_97
Fra:193 Mem:232.32M (Peak 232.32M) | Time:00:00.46 | Mem:0.00M, Peak:0.00M | Scene, ViewLayer | Synchronizing object | ENV_leaf_96
Fra:193 Mem:232.32M (Peak 232.32M) | Time:00:00.46 | Mem:0.00M, Peak:0.00M | Scene, ViewLayer | Synchronizing object | ENV_leaf_95
Fra:193 Mem:232.32M (Peak 232.32M) | Time:00:00.46 | Mem:0.00M, Peak:0.00M | Scene, ViewLayer | Synchronizing object | ENV_leaf_94
Fra:193 Mem:232.33M (Peak 232.33M) | Time:00:00.46 | Mem:0.00M, Peak:0.00M | Scene, ViewLayer | Synchronizing object | ENV_leaf_93
Fra:193 Mem:232.33M (Peak 232.33M) | Time:00:00.46 | Mem:0.00M, Peak:0.00M | Scene, ViewLayer | Synchronizing object | ENV_leaf_92
Fra:193 Mem:232.34M (Peak 232.34M) | Time:00:00.46 | Mem:0.00M, Peak:0.00M | Scene, ViewLayer | Synchronizing object | ENV_leaf_91
Fra:193 Mem:232.34M (Peak 232.34M) | Time:00:00.46 | Mem:0.00M, Peak:0.00M | Scene, ViewLayer | Synchronizing object | ENV_leaf_90
Fra:193 Mem:232.34M (Peak 232.34M) | Time:00:00.46 | Mem:0.00M, Peak:0.00M | Scene, ViewLayer | Synchronizing object | ENV_leaf_89
Fra:193 Mem:232.35M (Peak 232.35M) | Time:00:00.46 | Mem:0.00M, Peak:0.00M | Scene, ViewLayer | Synchronizing object | ENV_leaf_88
Fra:193 Mem:232.35M (Peak 232.35M) | Time:00:00.46 | Mem:0.00M, Peak:0.00M | Scene, ViewLayer | Synchronizing object | ENV_leaf_87
Fra:193 Mem:232.36M (Peak 232.36M) | Time:00:00.46 | Mem:0.00M, Peak:0.00M | Scene, ViewLayer | Synchronizing object | ENV_leaf_86
Fra:193 Mem:232.36M (Peak 232.36M) | Time:00:00.46 | Mem:0.00M, Peak:0.00M | Scene, ViewLayer | Synchronizing object | ENV_leaf_85
Fra:193 Mem:232.36M (Peak 232.36M) | Time:00:00.46 | Mem:0.00M, Peak:0.00M | Scene, ViewLayer | Synchronizing object | ENV_leaf_84
Fra:193 Mem:232.37M (Peak 232.37M) | Time:00:00.46 | Mem:0.00M, Peak:0.00M | Scene, ViewLayer | Synchronizing object | ENV_leaf_83
Fra:193 Mem:232.37M (Peak 232.37M) | Time:00:00.46 | Mem:0.00M, Peak:0.00M | Scene, ViewLayer | Synchronizing object | ENV_leaf_82
Fra:193 Mem:232.38M (Peak 232.38M) | Time:00:00.46 | Mem:0.00M, Peak:0.00M | Scene, ViewLayer | Synchronizing object | ENV_leaf_81
Fra:193 Mem:232.38M (Peak 232.38M) | Time:00:00.46 | Mem:0.00M, Peak:0.00M | Scene, ViewLayer | Synchronizing object | ENV_leaf_80
Fra:193 Mem:232.38M (Peak 232.38M) | Time:00:00.46 | Mem:0.00M, Peak:0.00M | Scene, ViewLayer | Synchronizing object | ENV_leaf_79
Fra:193 Mem:232.39M (Peak 232.39M) | Time:00:00.46 | Mem:0.00M, Peak:0.00M | Scene, ViewLayer | Synchronizing object | ENV_leaf_78
Fra:193 Mem:232.39M (Peak 232.39M) | Time:00:00.46 | Mem:0.00M, Peak:0.00M | Scene, ViewLayer | Synchronizing object | ENV_leaf_77
Fra:193 Mem:232.40M (Peak 232.40M) | Time:00:00.46 | Mem:0.00M, Peak:0.00M | Scene, ViewLayer | Synchronizing object | ENV_leaf_76
Fra:193 Mem:232.40M (Peak 232.40M) | Time:00:00.46 | Mem:0.00M, Peak:0.00M | Scene, ViewLayer | Synchronizing object | ENV_leaf_75
Fra:193 Mem:232.40M (Peak 232.40M) | Time:00:00.46 | Mem:0.00M, Peak:0.00M | Scene, ViewLayer | Synchronizing object | ENV_leaf_74
Fra:193 Mem:232.41M (Peak 232.41M) | Time:00:00.46 | Mem:0.00M, Peak:0.00M | Scene, ViewLayer | Synchronizing object | ENV_leaf_73
Fra:193 Mem:232.41M (Peak 232.41M) | Time:00:00.46 | Mem:0.00M, Peak:0.00M | Scene, ViewLayer | Synchronizing object | ENV_leaf_72
Fra:193 Mem:232.42M (Peak 232.42M) | Time:00:00.46 | Mem:0.00M, Peak:0.00M | Scene, ViewLayer | Synchronizing object | ENV_leaf_71
Fra:193 Mem:232.42M (Peak 232.42M) | Time:00:00.46 | Mem:0.00M, Peak:0.00M | Scene, ViewLayer | Synchronizing object | ENV_leaf_70
Fra:193 Mem:232.42M (Peak 232.42M) | Time:00:00.46 | Mem:0.00M, Peak:0.00M | Scene, ViewLayer | Synchronizing object | ENV_leaf_69
Fra:193 Mem:232.43M (Peak 232.43M) | Time:00:00.46 | Mem:0.00M, Peak:0.00M | Scene, ViewLayer | Synchronizing object | ENV_leaf_68
Fra:193 Mem:232.43M (Peak 232.43M) | Time:00:00.46 | Mem:0.00M, Peak:0.00M | Scene, ViewLayer | Synchronizing object | ENV_leaf_67
Fra:193 Mem:232.44M (Peak 232.44M) | Time:00:00.46 | Mem:0.00M, Peak:0.00M | Scene, ViewLayer | Synchronizing object | ENV_leaf_66
Fra:193 Mem:232.44M (Peak 232.44M) | Time:00:00.46 | Mem:0.00M, Peak:0.00M | Scene, ViewLayer | Synchronizing object | ENV_leaf_65
Fra:193 Mem:232.44M (Peak 232.44M) | Time:00:00.46 | Mem:0.00M, Peak:0.00M | Scene, ViewLayer | Synchronizing object | ENV_leaf_64
Fra:193 Mem:232.45M (Peak 232.45M) | Time:00:00.46 | Mem:0.00M, Peak:0.00M | Scene, ViewLayer | Synchronizing object | ENV_leaf_63
Fra:193 Mem:232.45M (Peak 232.45M) | Time:00:00.46 | Mem:0.00M, Peak:0.00M | Scene, ViewLayer | Synchronizing object | ENV_leaf_62
Fra:193 Mem:232.46M (Peak 232.46M) | Time:00:00.46 | Mem:0.00M, Peak:0.00M | Scene, ViewLayer | Synchronizing object | ENV_leaf_61
Fra:193 Mem:232.46M (Peak 232.46M) | Time:00:00.46 | Mem:0.00M, Peak:0.00M | Scene, ViewLayer | Synchronizing object | ENV_leaf_60
Fra:193 Mem:232.46M (Peak 232.46M) | Time:00:00.46 | Mem:0.00M, Peak:0.00M | Scene, ViewLayer | Synchronizing object | ENV_leaf_59
Fra:193 Mem:232.47M (Peak 232.47M) | Time:00:00.46 | Mem:0.00M, Peak:0.00M | Scene, ViewLayer | Synchronizing object | ENV_leaf_58
Fra:193 Mem:232.47M (Peak 232.47M) | Time:00:00.46 | Mem:0.00M, Peak:0.00M | Scene, ViewLayer | Synchronizing object | ENV_leaf_57
Fra:193 Mem:232.48M (Peak 232.48M) | Time:00:00.46 | Mem:0.00M, Peak:0.00M | Scene, ViewLayer | Synchronizing object | ENV_leaf_56
Fra:193 Mem:232.48M (Peak 232.48M) | Time:00:00.46 | Mem:0.00M, Peak:0.00M | Scene, ViewLayer | Synchronizing object | ENV_leaf_55
Fra:193 Mem:232.48M (Peak 232.48M) | Time:00:00.46 | Mem:0.00M, Peak:0.00M | Scene, ViewLayer | Synchronizing object | ENV_leaf_54
Fra:193 Mem:232.49M (Peak 232.49M) | Time:00:00.46 | Mem:0.00M, Peak:0.00M | Scene, ViewLayer | Synchronizing object | ENV_leaf_53
Fra:193 Mem:232.49M (Peak 232.49M) | Time:00:00.46 | Mem:0.00M, Peak:0.00M | Scene, ViewLayer | Synchronizing object | ENV_leaf_52
Fra:193 Mem:232.50M (Peak 232.50M) | Time:00:00.46 | Mem:0.00M, Peak:0.00M | Scene, ViewLayer | Synchronizing object | ENV_leaf_51
Fra:193 Mem:232.50M (Peak 232.50M) | Time:00:00.46 | Mem:0.00M, Peak:0.00M | Scene, ViewLayer | Synchronizing object | ENV_leaf_50
Fra:193 Mem:232.51M (Peak 232.51M) | Time:00:00.46 | Mem:0.00M, Peak:0.00M | Scene, ViewLayer | Synchronizing object | ENV_leaf_49
Fra:193 Mem:232.51M (Peak 232.51M) | Time:00:00.46 | Mem:0.00M, Peak:0.00M | Scene, ViewLayer | Synchronizing object | ENV_leaf_48
Fra:193 Mem:232.51M (Peak 232.51M) | Time:00:00.46 | Mem:0.00M, Peak:0.00M | Scene, ViewLayer | Synchronizing object | ENV_leaf_47
Fra:193 Mem:232.52M (Peak 232.52M) | Time:00:00.46 | Mem:0.00M, Peak:0.00M | Scene, ViewLayer | Synchronizing object | ENV_leaf_46
Fra:193 Mem:232.52M (Peak 232.52M) | Time:00:00.46 | Mem:0.00M, Peak:0.00M | Scene, ViewLayer | Synchronizing object | ENV_leaf_45
Fra:193 Mem:232.53M (Peak 232.53M) | Time:00:00.46 | Mem:0.00M, Peak:0.00M | Scene, ViewLayer | Synchronizing object | ENV_leaf_44
Fra:193 Mem:232.53M (Peak 232.53M) | Time:00:00.46 | Mem:0.00M, Peak:0.00M | Scene, ViewLayer | Synchronizing object | ENV_leaf_43
Fra:193 Mem:232.53M (Peak 232.53M) | Time:00:00.46 | Mem:0.00M, Peak:0.00M | Scene, ViewLayer | Synchronizing object | ENV_leaf_42
Fra:193 Mem:232.54M (Peak 232.54M) | Time:00:00.46 | Mem:0.00M, Peak:0.00M | Scene, ViewLayer | Synchronizing object | ENV_leaf_41
Fra:193 Mem:232.54M (Peak 232.54M) | Time:00:00.46 | Mem:0.00M, Peak:0.00M | Scene, ViewLayer | Synchronizing object | ENV_leaf_40
Fra:193 Mem:232.55M (Peak 232.55M) | Time:00:00.46 | Mem:0.00M, Peak:0.00M | Scene, ViewLayer | Synchronizing object | ENV_leaf_39
Fra:193 Mem:232.55M (Peak 232.55M) | Time:00:00.46 | Mem:0.00M, Peak:0.00M | Scene, ViewLayer | Synchronizing object | ENV_leaf_38
Fra:193 Mem:232.55M (Peak 232.55M) | Time:00:00.46 | Mem:0.00M, Peak:0.00M | Scene, ViewLayer | Synchronizing object | ENV_leaf_37
Fra:193 Mem:232.74M (Peak 232.74M) | Time:00:00.46 | Mem:0.00M, Peak:0.00M | Scene, ViewLayer | Synchronizing object | ENV_leaf_36
Fra:193 Mem:232.74M (Peak 232.74M) | Time:00:00.46 | Mem:0.00M, Peak:0.00M | Scene, ViewLayer | Synchronizing object | ENV_leaf_35
Fra:193 Mem:232.75M (Peak 232.75M) | Time:00:00.46 | Mem:0.00M, Peak:0.00M | Scene, ViewLayer | Synchronizing object | ENV_leaf_34
Fra:193 Mem:232.75M (Peak 232.75M) | Time:00:00.46 | Mem:0.00M, Peak:0.00M | Scene, ViewLayer | Synchronizing object | ENV_leaf_33
Fra:193 Mem:232.76M (Peak 232.76M) | Time:00:00.46 | Mem:0.00M, Peak:0.00M | Scene, ViewLayer | Synchronizing object | ENV_leaf_32
Fra:193 Mem:232.76M (Peak 232.76M) | Time:00:00.46 | Mem:0.00M, Peak:0.00M | Scene, ViewLayer | Synchronizing object | ENV_leaf_31
Fra:193 Mem:232.76M (Peak 232.76M) | Time:00:00.46 | Mem:0.00M, Peak:0.00M | Scene, ViewLayer | Synchronizing object | ENV_leaf_30
Fra:193 Mem:232.77M (Peak 232.77M) | Time:00:00.46 | Mem:0.00M, Peak:0.00M | Scene, ViewLayer | Synchronizing object | ENV_leaf_29
Fra:193 Mem:232.77M (Peak 232.77M) | Time:00:00.46 | Mem:0.00M, Peak:0.00M | Scene, ViewLayer | Synchronizing object | ENV_leaf_28
Fra:193 Mem:232.78M (Peak 232.78M) | Time:00:00.46 | Mem:0.00M, Peak:0.00M | Scene, ViewLayer | Synchronizing object | ENV_leaf_27
Fra:193 Mem:232.78M (Peak 232.78M) | Time:00:00.46 | Mem:0.00M, Peak:0.00M | Scene, ViewLayer | Synchronizing object | ENV_leaf_26
Fra:193 Mem:232.78M (Peak 232.78M) | Time:00:00.46 | Mem:0.00M, Peak:0.00M | Scene, ViewLayer | Synchronizing object | ENV_leaf_25
Fra:193 Mem:232.79M (Peak 232.79M) | Time:00:00.46 | Mem:0.00M, Peak:0.00M | Scene, ViewLayer | Synchronizing object | ENV_leaf_24
Fra:193 Mem:232.79M (Peak 232.79M) | Time:00:00.46 | Mem:0.00M, Peak:0.00M | Scene, ViewLayer | Synchronizing object | ENV_leaf_23
Fra:193 Mem:232.80M (Peak 232.80M) | Time:00:00.46 | Mem:0.00M, Peak:0.00M | Scene, ViewLayer | Synchronizing object | ENV_leaf_22
Fra:193 Mem:232.80M (Peak 232.80M) | Time:00:00.46 | Mem:0.00M, Peak:0.00M | Scene, ViewLayer | Synchronizing object | ENV_leaf_21
Fra:193 Mem:232.80M (Peak 232.80M) | Time:00:00.46 | Mem:0.00M, Peak:0.00M | Scene, ViewLayer | Synchronizing object | ENV_leaf_20
Fra:193 Mem:232.81M (Peak 232.81M) | Time:00:00.46 | Mem:0.00M, Peak:0.00M | Scene, ViewLayer | Synchronizing object | ENV_leaf_19
Fra:193 Mem:232.81M (Peak 232.81M) | Time:00:00.46 | Mem:0.00M, Peak:0.00M | Scene, ViewLayer | Synchronizing object | ENV_leaf_18
Fra:193 Mem:232.82M (Peak 232.82M) | Time:00:00.46 | Mem:0.00M, Peak:0.00M | Scene, ViewLayer | Synchronizing object | ENV_leaf_17
Fra:193 Mem:232.82M (Peak 232.82M) | Time:00:00.46 | Mem:0.00M, Peak:0.00M | Scene, ViewLayer | Synchronizing object | ENV_leaf_16
Fra:193 Mem:232.82M (Peak 232.82M) | Time:00:00.46 | Mem:0.00M, Peak:0.00M | Scene, ViewLayer | Synchronizing object | ENV_leaf_15
Fra:193 Mem:232.83M (Peak 232.83M) | Time:00:00.46 | Mem:0.00M, Peak:0.00M | Scene, ViewLayer | Synchronizing object | ENV_leaf_14
Fra:193 Mem:232.83M (Peak 232.83M) | Time:00:00.46 | Mem:0.00M, Peak:0.00M | Scene, ViewLayer | Synchronizing object | ENV_leaf_13
Fra:193 Mem:232.84M (Peak 232.84M) | Time:00:00.46 | Mem:0.00M, Peak:0.00M | Scene, ViewLayer | Synchronizing object | ENV_leaf_12
Fra:193 Mem:232.84M (Peak 232.84M) | Time:00:00.46 | Mem:0.00M, Peak:0.00M | Scene, ViewLayer | Synchronizing object | ENV_leaf_11
Fra:193 Mem:232.84M (Peak 232.84M) | Time:00:00.46 | Mem:0.00M, Peak:0.00M | Scene, ViewLayer | Synchronizing object | ENV_leaf_10
Fra:193 Mem:232.85M (Peak 232.85M) | Time:00:00.46 | Mem:0.00M, Peak:0.00M | Scene, ViewLayer | Synchronizing object | ENV_leaf_9
Fra:193 Mem:232.85M (Peak 232.85M) | Time:00:00.46 | Mem:0.00M, Peak:0.00M | Scene, ViewLayer | Synchronizing object | ENV_leaf_8
Fra:193 Mem:232.86M (Peak 232.86M) | Time:00:00.46 | Mem:0.00M, Peak:0.00M | Scene, ViewLayer | Synchronizing object | ENV_leaf_7
Fra:193 Mem:232.86M (Peak 232.86M) | Time:00:00.46 | Mem:0.00M, Peak:0.00M | Scene, ViewLayer | Synchronizing object | ENV_leaf_6
Fra:193 Mem:232.86M (Peak 232.86M) | Time:00:00.46 | Mem:0.00M, Peak:0.00M | Scene, ViewLayer | Synchronizing object | ENV_leaf_5
Fra:193 Mem:232.87M (Peak 232.87M) | Time:00:00.46 | Mem:0.00M, Peak:0.00M | Scene, ViewLayer | Synchronizing object | ENV_leaf_4
Fra:193 Mem:232.87M (Peak 232.87M) | Time:00:00.46 | Mem:0.00M, Peak:0.00M | Scene, ViewLayer | Synchronizing object | ENV_leaf_3
Fra:193 Mem:232.88M (Peak 232.88M) | Time:00:00.46 | Mem:0.00M, Peak:0.00M | Scene, ViewLayer | Synchronizing object | ENV_leaf_2
Fra:193 Mem:232.88M (Peak 232.88M) | Time:00:00.46 | Mem:0.00M, Peak:0.00M | Scene, ViewLayer | Synchronizing object | ENV_leaf_1
Fra:193 Mem:232.89M (Peak 232.89M) | Time:00:00.46 | Mem:0.00M, Peak:0.00M | Scene, ViewLayer | Synchronizing object | ENV_leaf_0
Fra:193 Mem:232.89M (Peak 232.89M) | Time:00:00.46 | Mem:0.00M, Peak:0.00M | Scene, ViewLayer | Synchronizing object | ENV_fern_77
Fra:193 Mem:233.53M (Peak 233.53M) | Time:00:00.46 | Mem:0.00M, Peak:0.00M | Scene, ViewLayer | Synchronizing object | ENV_fern_76
Fra:193 Mem:234.05M (Peak 234.05M) | Time:00:00.46 | Mem:0.00M, Peak:0.00M | Scene, ViewLayer | Synchronizing object | ENV_fern_75
Fra:193 Mem:234.99M (Peak 234.99M) | Time:00:00.46 | Mem:0.00M, Peak:0.00M | Scene, ViewLayer | Synchronizing object | ENV_fern_74
Fra:193 Mem:235.70M (Peak 235.70M) | Time:00:00.46 | Mem:0.00M, Peak:0.00M | Scene, ViewLayer | Synchronizing object | ENV_fern_73
Fra:193 Mem:236.10M (Peak 236.10M) | Time:00:00.47 | Mem:0.00M, Peak:0.00M | Scene, ViewLayer | Synchronizing object | ENV_fern_48
Fra:193 Mem:236.71M (Peak 236.71M) | Time:00:00.47 | Mem:0.00M, Peak:0.00M | Scene, ViewLayer | Synchronizing object | ENV_fern_49
Fra:193 Mem:236.65M (Peak 236.71M) | Time:00:00.47 | Mem:0.00M, Peak:0.00M | Scene, ViewLayer | Synchronizing object | ENV_fern_72
Fra:193 Mem:237.55M (Peak 237.55M) | Time:00:00.47 | Mem:0.00M, Peak:0.00M | Scene, ViewLayer | Synchronizing object | ENV_fern_71
Fra:193 Mem:237.93M (Peak 237.93M) | Time:00:00.47 | Mem:0.00M, Peak:0.00M | Scene, ViewLayer | Synchronizing object | ENV_fern_50
Fra:193 Mem:238.82M (Peak 238.82M) | Time:00:00.47 | Mem:0.00M, Peak:0.00M | Scene, ViewLayer | Synchronizing object | ENV_fern_70
Fra:193 Mem:239.23M (Peak 239.23M) | Time:00:00.47 | Mem:0.00M, Peak:0.00M | Scene, ViewLayer | Synchronizing object | ENV_fern_51
Fra:193 Mem:239.77M (Peak 239.77M) | Time:00:00.47 | Mem:0.00M, Peak:0.00M | Scene, ViewLayer | Synchronizing object | ENV_fern_69
Fra:193 Mem:239.77M (Peak 239.77M) | Time:00:00.47 | Mem:0.00M, Peak:0.00M | Scene, ViewLayer | Synchronizing object | ENV_fern_52
Fra:193 Mem:240.61M (Peak 240.61M) | Time:00:00.47 | Mem:0.00M, Peak:0.00M | Scene, ViewLayer | Synchronizing object | ENV_fern_68
Fra:193 Mem:241.15M (Peak 241.15M) | Time:00:00.47 | Mem:0.00M, Peak:0.00M | Scene, ViewLayer | Synchronizing object | ENV_fern_53
Fra:193 Mem:241.97M (Peak 241.97M) | Time:00:00.47 | Mem:0.00M, Peak:0.00M | Scene, ViewLayer | Synchronizing object | ENV_fern_67
Fra:193 Mem:242.35M (Peak 242.35M) | Time:00:00.47 | Mem:0.00M, Peak:0.00M | Scene, ViewLayer | Synchronizing object | ENV_fern_54
Fra:193 Mem:242.96M (Peak 242.96M) | Time:00:00.47 | Mem:0.00M, Peak:0.00M | Scene, ViewLayer | Synchronizing object | ENV_fern_55
Fra:193 Mem:242.96M (Peak 242.96M) | Time:00:00.47 | Mem:0.00M, Peak:0.00M | Scene, ViewLayer | Synchronizing object | ENV_fern_66
Fra:193 Mem:243.81M (Peak 243.81M) | Time:00:00.47 | Mem:0.00M, Peak:0.00M | Scene, ViewLayer | Synchronizing object | ENV_fern_65
Fra:193 Mem:243.90M (Peak 243.90M) | Time:00:00.47 | Mem:0.00M, Peak:0.00M | Scene, ViewLayer | Synchronizing object | ENV_fern_56
Fra:193 Mem:245.07M (Peak 245.07M) | Time:00:00.48 | Mem:0.00M, Peak:0.00M | Scene, ViewLayer | Synchronizing object | ENV_fern_64
Fra:193 Mem:245.47M (Peak 245.47M) | Time:00:00.48 | Mem:0.00M, Peak:0.00M | Scene, ViewLayer | Synchronizing object | ENV_fern_57
Fra:193 Mem:246.02M (Peak 246.02M) | Time:00:00.48 | Mem:0.00M, Peak:0.00M | Scene, ViewLayer | Synchronizing object | ENV_fern_63
Fra:193 Mem:246.24M (Peak 246.24M) | Time:00:00.48 | Mem:0.00M, Peak:0.00M | Scene, ViewLayer | Synchronizing object | ENV_fern_58
Fra:193 Mem:246.85M (Peak 246.85M) | Time:00:00.48 | Mem:0.00M, Peak:0.00M | Scene, ViewLayer | Synchronizing object | ENV_fern_62
Fra:193 Mem:247.30M (Peak 247.30M) | Time:00:00.48 | Mem:0.00M, Peak:0.00M | Scene, ViewLayer | Synchronizing object | ENV_fern_59
Fra:193 Mem:248.19M (Peak 248.19M) | Time:00:00.48 | Mem:0.00M, Peak:0.00M | Scene, ViewLayer | Synchronizing object | ENV_fern_61
Fra:193 Mem:248.59M (Peak 248.59M) | Time:00:00.48 | Mem:0.00M, Peak:0.00M | Scene, ViewLayer | Synchronizing object | ENV_fern_60
Fra:193 Mem:249.14M (Peak 249.14M) | Time:00:00.48 | Mem:0.00M, Peak:0.00M | Scene, ViewLayer | Initializing
Fra:193 Mem:125.41M (Peak 249.14M) | Time:00:00.52 | Mem:0.00M, Peak:0.00M | Scene, ViewLayer | Waiting for render to start
Fra:193 Mem:125.41M (Peak 249.14M) | Time:00:00.52 | Mem:0.00M, Peak:0.00M | Scene, ViewLayer | Updating Scene
Fra:193 Mem:125.41M (Peak 249.14M) | Time:00:00.52 | Mem:0.00M, Peak:0.00M | Scene, ViewLayer | Updating Shaders
Fra:193 Mem:125.41M (Peak 249.14M) | Time:00:00.52 | Mem:0.00M, Peak:0.00M | Scene, ViewLayer | Loading render kernels (may take a few minutes the first time)
Fra:193 Mem:125.54M (Peak 249.14M) | Time:00:00.52 | Mem:0.05M, Peak:0.05M | Scene, ViewLayer | Updating Procedurals
Fra:193 Mem:125.54M (Peak 249.14M) | Time:00:00.52 | Mem:0.05M, Peak:0.05M | Scene, ViewLayer | Updating Background
Fra:193 Mem:125.54M (Peak 249.14M) | Time:00:00.52 | Mem:0.05M, Peak:0.05M | Scene, ViewLayer | Updating Camera
Fra:193 Mem:125.54M (Peak 249.14M) | Time:00:00.52 | Mem:0.05M, Peak:0.05M | Scene, ViewLayer | Updating Meshes Flags
Fra:193 Mem:125.54M (Peak 249.14M) | Time:00:00.52 | Mem:0.05M, Peak:0.05M | Scene, ViewLayer | Updating Objects
Fra:193 Mem:125.54M (Peak 249.14M) | Time:00:00.52 | Mem:0.05M, Peak:0.05M | Scene, ViewLayer | Updating Objects | Copying Transformations to device
Fra:193 Mem:126.08M (Peak 249.14M) | Time:00:00.52 | Mem:0.57M, Peak:0.57M | Scene, ViewLayer | Updating Particle Systems
Fra:193 Mem:126.08M (Peak 249.14M) | Time:00:00.52 | Mem:0.57M, Peak:0.57M | Scene, ViewLayer | Updating Particle Systems | Copying Particles to device
Fra:193 Mem:126.08M (Peak 249.14M) | Time:00:00.52 | Mem:0.57M, Peak:0.57M | Scene, ViewLayer | Updating Meshes
Fra:193 Mem:126.08M (Peak 249.14M) | Time:00:00.52 | Mem:0.57M, Peak:0.57M | Scene, ViewLayer | Updating Objects | Applying Static Transformations
Fra:193 Mem:126.08M (Peak 249.14M) | Time:00:00.53 | Mem:0.57M, Peak:0.57M | Scene, ViewLayer | Updating Mesh | Computing attributes
Fra:193 Mem:134.17M (Peak 249.14M) | Time:00:00.53 | Mem:0.65M, Peak:0.65M | Scene, ViewLayer | Updating Mesh | Copying Attributes to device
Fra:193 Mem:133.94M (Peak 249.14M) | Time:00:00.53 | Mem:8.43M, Peak:8.43M | Scene, ViewLayer | Updating Geometry BVH FX_010_dot_src 2/4 | Building BVH
Fra:193 Mem:133.94M (Peak 249.14M) | Time:00:00.53 | Mem:8.43M, Peak:8.43M | Scene, ViewLayer | Updating Geometry BVH FX_010_dot_src 2/4 | Building BVH 0%
Fra:193 Mem:133.94M (Peak 249.14M) | Time:00:00.53 | Mem:8.44M, Peak:8.44M | Scene, ViewLayer | Updating Geometry BVH MOSS_PATCH_A.001 3/4 | Building BVH
Fra:193 Mem:133.94M (Peak 249.14M) | Time:00:00.53 | Mem:8.45M, Peak:8.46M | Scene, ViewLayer | Updating Geometry BVH MOSS_PATCH_B.001 4/4 | Building BVH
Fra:193 Mem:133.94M (Peak 249.14M) | Time:00:00.53 | Mem:8.47M, Peak:8.47M | Scene, ViewLayer | Updating Geometry BVH ROCK_SMALL.001 5/4 | Building BVH
Fra:193 Mem:133.94M (Peak 249.14M) | Time:00:00.53 | Mem:8.48M, Peak:8.49M | Scene, ViewLayer | Updating Scene BVH | Building
Fra:193 Mem:133.97M (Peak 249.14M) | Time:00:00.53 | Mem:8.48M, Peak:8.49M | Scene, ViewLayer | Updating Scene BVH | Building BVH
Fra:193 Mem:133.97M (Peak 249.14M) | Time:00:00.78 | Mem:80.79M, Peak:116.55M | Scene, ViewLayer | Updating Scene BVH | Copying BVH to device
Fra:193 Mem:133.97M (Peak 249.14M) | Time:00:00.78 | Mem:80.79M, Peak:116.55M | Scene, ViewLayer | Updating Mesh | Computing normals
Fra:193 Mem:167.35M (Peak 249.14M) | Time:00:00.80 | Mem:80.79M, Peak:116.55M | Scene, ViewLayer | Updating Mesh | Copying Mesh to device
Fra:193 Mem:167.35M (Peak 249.14M) | Time:00:00.80 | Mem:114.17M, Peak:116.55M | Scene, ViewLayer | Updating Objects Flags
Fra:193 Mem:167.35M (Peak 249.14M) | Time:00:00.80 | Mem:114.19M, Peak:116.55M | Scene, ViewLayer | Updating Primitive Offsets
Fra:193 Mem:167.36M (Peak 249.14M) | Time:00:00.80 | Mem:114.19M, Peak:116.55M | Scene, ViewLayer | Updating Images
Fra:193 Mem:167.36M (Peak 249.14M) | Time:00:00.80 | Mem:114.19M, Peak:116.55M | Scene, ViewLayer | Updating Camera Volume
Fra:193 Mem:167.36M (Peak 249.14M) | Time:00:00.80 | Mem:114.19M, Peak:116.55M | Scene, ViewLayer | Updating Lookup Tables
Fra:193 Mem:167.36M (Peak 249.14M) | Time:00:00.80 | Mem:114.28M, Peak:116.55M | Scene, ViewLayer | Updating Lights
Fra:193 Mem:167.36M (Peak 249.14M) | Time:00:00.80 | Mem:114.28M, Peak:116.55M | Scene, ViewLayer | Updating Lights | Computing tree
Fra:193 Mem:168.04M (Peak 249.14M) | Time:00:00.81 | Mem:114.96M, Peak:116.55M | Scene, ViewLayer | Updating Integrator
Fra:193 Mem:168.04M (Peak 249.14M) | Time:00:00.81 | Mem:114.96M, Peak:116.55M | Scene, ViewLayer | Updating Film
Fra:193 Mem:168.04M (Peak 249.14M) | Time:00:00.81 | Mem:114.88M, Peak:116.55M | Scene, ViewLayer | Updating Lookup Tables
Fra:193 Mem:168.04M (Peak 249.14M) | Time:00:00.81 | Mem:114.96M, Peak:116.55M | Scene, ViewLayer | Updating Baking
Fra:193 Mem:168.04M (Peak 249.14M) | Time:00:00.81 | Mem:114.96M, Peak:116.55M | Scene, ViewLayer | Updating Device | Writing constant memory
Fra:193 Mem:168.08M (Peak 249.14M) | Time:00:00.81 | Mem:114.96M, Peak:116.55M | Scene, ViewLayer | Loading denoising kernels (may take a few minutes the first time)
Fra:193 Mem:168.08M (Peak 249.14M) | Time:00:00.81 | Mem:114.96M, Peak:116.55M | Scene, ViewLayer | Sample 0/6
Fra:193 Mem:177.50M (Peak 249.14M) | Time:00:01.78 | Remaining:00:04.84 | Mem:124.36M, Peak:124.36M | Scene, ViewLayer | Sample 1/6
Fra:193 Mem:181.45M (Peak 249.14M) | Time:00:07.29 | Mem:124.36M, Peak:124.36M | Scene, ViewLayer | Sample 6/6
Fra:193 Mem:181.45M (Peak 249.14M) | Time:00:07.29 | Mem:124.36M, Peak:124.36M | Scene, ViewLayer | Finished
Saved: '/home/user/liuflexrobo/GLIMMER/renders/preview/SHOT_004/frame_0193.jpg'
Time: 00:07.42 (Saving: 00:00.10)

FR SHOT_004 193 7.5s
Fra:194 Mem:135.19M (Peak 135.19M) | Time:00:00.13 | Mem:0.00M, Peak:0.00M | Scene, ViewLayer | Synchronizing object | FX_001_abdomen
Fra:194 Mem:135.21M (Peak 135.21M) | Time:00:00.13 | Mem:0.00M, Peak:0.00M | Scene, ViewLayer | Synchronizing object | FX_001_body
Fra:194 Mem:135.23M (Peak 135.23M) | Time:00:00.13 | Mem:0.00M, Peak:0.00M | Scene, ViewLayer | Synchronizing object | FX_001_wing_L
Fra:194 Mem:135.24M (Peak 135.24M) | Time:00:00.13 | Mem:0.00M, Peak:0.00M | Scene, ViewLayer | Synchronizing object | FX_001_wing_R
Fra:194 Mem:135.24M (Peak 135.24M) | Time:00:00.13 | Mem:0.00M, Peak:0.00M | Scene, ViewLayer | Synchronizing object | FX_010_dot_src
Fra:194 Mem:135.41M (Peak 135.41M) | Time:00:00.13 | Mem:0.00M, Peak:0.00M | Scene, ViewLayer | Synchronizing object | FX_010_swarm
Fra:194 Mem:135.22M (Peak 135.41M) | Time:00:00.13 | Mem:0.00M, Peak:0.00M | Scene, ViewLayer | Synchronizing object | LIGHT_ff_practical
Fra:194 Mem:135.22M (Peak 135.41M) | Time:00:00.13 | Mem:0.00M, Peak:0.00M | Scene, ViewLayer | Synchronizing object | LIGHT_sun
Fra:194 Mem:135.22M (Peak 135.41M) | Time:00:00.13 | Mem:0.00M, Peak:0.00M | Scene, ViewLayer | Synchronizing object | LIGHT_moon
Fra:194 Mem:135.22M (Peak 135.41M) | Time:00:00.13 | Mem:0.00M, Peak:0.00M | Scene, ViewLayer | Synchronizing object | LIGHT_shaft_0
Fra:194 Mem:135.22M (Peak 135.41M) | Time:00:00.13 | Mem:0.00M, Peak:0.00M | Scene, ViewLayer | Synchronizing object | LIGHT_shaft_1
Fra:194 Mem:135.23M (Peak 135.41M) | Time:00:00.13 | Mem:0.00M, Peak:0.00M | Scene, ViewLayer | Synchronizing object | LIGHT_char_fill
Fra:194 Mem:135.23M (Peak 135.41M) | Time:00:00.13 | Mem:0.00M, Peak:0.00M | Scene, ViewLayer | Synchronizing object | LIGHT_night_rim
Fra:194 Mem:135.24M (Peak 135.41M) | Time:00:00.13 | Mem:0.00M, Peak:0.00M | Scene, ViewLayer | Synchronizing object | LIGHT_night_fill
Fra:194 Mem:135.24M (Peak 135.41M) | Time:00:00.13 | Mem:0.00M, Peak:0.00M | Scene, ViewLayer | Synchronizing object | LIGHT_robot_key
Fra:194 Mem:136.00M (Peak 136.00M) | Time:00:00.17 | Mem:0.00M, Peak:0.00M | Scene, ViewLayer | Synchronizing object | CHAR_001_head
Fra:194 Mem:136.27M (Peak 136.27M) | Time:00:00.17 | Mem:0.00M, Peak:0.00M | Scene, ViewLayer | Synchronizing object | CHAR_001_antenna
Fra:194 Mem:139.18M (Peak 139.18M) | Time:00:00.18 | Mem:0.00M, Peak:0.00M | Scene, ViewLayer | Synchronizing object | TWIG_A
Fra:194 Mem:139.23M (Peak 139.23M) | Time:00:00.18 | Mem:0.00M, Peak:0.00M | Scene, ViewLayer | Synchronizing object | TWIG_B
Fra:194 Mem:139.82M (Peak 139.82M) | Time:00:00.18 | Mem:0.00M, Peak:0.00M | Scene, ViewLayer | Synchronizing object | CHAR_001_head_hatch
Fra:194 Mem:139.83M (Peak 139.83M) | Time:00:00.18 | Mem:0.00M, Peak:0.00M | Scene, ViewLayer | Synchronizing object | CHAR_001_head_seam
Fra:194 Mem:139.83M (Peak 139.83M) | Time:00:00.18 | Mem:0.00M, Peak:0.00M | Scene, ViewLayer | Synchronizing object | CHAR_001_eye_rim_L
Fra:194 Mem:139.85M (Peak 139.85M) | Time:00:00.18 | Mem:0.00M, Peak:0.00M | Scene, ViewLayer | Synchronizing object | CHAR_001_eye_L
Fra:194 Mem:139.88M (Peak 139.88M) | Time:00:00.18 | Mem:0.00M, Peak:0.00M | Scene, ViewLayer | Synchronizing object | CHAR_001_iris_L
Fra:194 Mem:139.89M (Peak 139.89M) | Time:00:00.18 | Mem:0.00M, Peak:0.00M | Scene, ViewLayer | Synchronizing object | CHAR_001_eye_rim_R
Fra:194 Mem:139.91M (Peak 139.91M) | Time:00:00.18 | Mem:0.00M, Peak:0.00M | Scene, ViewLayer | Synchronizing object | CHAR_001_eye_R
Fra:194 Mem:139.93M (Peak 139.93M) | Time:00:00.18 | Mem:0.00M, Peak:0.00M | Scene, ViewLayer | Synchronizing object | CHAR_001_iris_R
Fra:194 Mem:139.94M (Peak 139.94M) | Time:00:00.18 | Mem:0.00M, Peak:0.00M | Scene, ViewLayer | Synchronizing object | CHAR_001_antenna_tip
Fra:194 Mem:139.95M (Peak 139.95M) | Time:00:00.18 | Mem:0.00M, Peak:0.00M | Scene, ViewLayer | Synchronizing object | CHAR_001_torso
Fra:194 Mem:139.97M (Peak 139.97M) | Time:00:00.18 | Mem:0.00M, Peak:0.00M | Scene, ViewLayer | Synchronizing object | CHAR_001_torso_panel
Fra:194 Mem:139.98M (Peak 139.98M) | Time:00:00.18 | Mem:0.00M, Peak:0.00M | Scene, ViewLayer | Synchronizing object | CHAR_001_rivets
Fra:194 Mem:140.00M (Peak 140.00M) | Time:00:00.18 | Mem:0.00M, Peak:0.00M | Scene, ViewLayer | Synchronizing object | CHAR_001_vents
Fra:194 Mem:140.01M (Peak 140.01M) | Time:00:00.18 | Mem:0.00M, Peak:0.00M | Scene, ViewLayer | Synchronizing object | CHAR_001_neck
Fra:194 Mem:140.01M (Peak 140.01M) | Time:00:00.18 | Mem:0.00M, Peak:0.00M | Scene, ViewLayer | Synchronizing object | CHAR_001_shoulder_L
Fra:194 Mem:140.02M (Peak 140.02M) | Time:00:00.18 | Mem:0.00M, Peak:0.00M | Scene, ViewLayer | Synchronizing object | CHAR_001_upperarm_L
Fra:194 Mem:140.02M (Peak 140.02M) | Time:00:00.18 | Mem:0.00M, Peak:0.00M | Scene, ViewLayer | Synchronizing object | CHAR_001_forearm_L
Fra:194 Mem:140.04M (Peak 140.04M) | Time:00:00.18 | Mem:0.00M, Peak:0.00M | Scene, ViewLayer | Synchronizing object | CHAR_001_hand_L
Fra:194 Mem:140.10M (Peak 140.10M) | Time:00:00.18 | Mem:0.00M, Peak:0.00M | Scene, ViewLayer | Synchronizing object | CHAR_001_shoulder_R
Fra:194 Mem:140.12M (Peak 140.12M) | Time:00:00.18 | Mem:0.00M, Peak:0.00M | Scene, ViewLayer | Synchronizing object | CHAR_001_upperarm_R
Fra:194 Mem:140.11M (Peak 140.12M) | Time:00:00.18 | Mem:0.00M, Peak:0.00M | Scene, ViewLayer | Synchronizing object | CHAR_001_forearm_R
Fra:194 Mem:140.12M (Peak 140.12M) | Time:00:00.18 | Mem:0.00M, Peak:0.00M | Scene, ViewLayer | Synchronizing object | CHAR_001_hand_R
Fra:194 Mem:140.18M (Peak 140.18M) | Time:00:00.18 | Mem:0.00M, Peak:0.00M | Scene, ViewLayer | Synchronizing object | CHAR_001_finger_R_index
Fra:194 Mem:140.51M (Peak 140.51M) | Time:00:00.18 | Mem:0.00M, Peak:0.00M | Scene, ViewLayer | Synchronizing object | CHAR_001_chassis
Fra:194 Mem:140.52M (Peak 140.52M) | Time:00:00.18 | Mem:0.00M, Peak:0.00M | Scene, ViewLayer | Synchronizing object | CHAR_001_track_plates_L
Fra:194 Mem:140.56M (Peak 140.56M) | Time:00:00.18 | Mem:0.00M, Peak:0.00M | Scene, ViewLayer | Synchronizing object | CHAR_001_wheel_L_0
Fra:194 Mem:140.57M (Peak 140.57M) | Time:00:00.18 | Mem:0.00M, Peak:0.00M | Scene, ViewLayer | Synchronizing object | CHAR_001_wheel_L_1
Fra:194 Mem:140.58M (Peak 140.58M) | Time:00:00.18 | Mem:0.00M, Peak:0.00M | Scene, ViewLayer | Synchronizing object | CHAR_001_wheel_L_2
Fra:194 Mem:140.58M (Peak 140.58M) | Time:00:00.18 | Mem:0.00M, Peak:0.00M | Scene, ViewLayer | Synchronizing object | CHAR_001_wheel_L_3
Fra:194 Mem:140.59M (Peak 140.59M) | Time:00:00.18 | Mem:0.00M, Peak:0.00M | Scene, ViewLayer | Synchronizing object | CHAR_001_wheel_L_4
Fra:194 Mem:140.60M (Peak 140.60M) | Time:00:00.18 | Mem:0.00M, Peak:0.00M | Scene, ViewLayer | Synchronizing object | CHAR_001_fender_L
Fra:194 Mem:140.60M (Peak 140.60M) | Time:00:00.18 | Mem:0.00M, Peak:0.00M | Scene, ViewLayer | Synchronizing object | CHAR_001_track_plates_R
Fra:194 Mem:140.65M (Peak 140.65M) | Time:00:00.18 | Mem:0.00M, Peak:0.00M | Scene, ViewLayer | Synchronizing object | CHAR_001_wheel_R_0
Fra:194 Mem:140.66M (Peak 140.66M) | Time:00:00.18 | Mem:0.00M, Peak:0.00M | Scene, ViewLayer | Synchronizing object | CHAR_001_wheel_R_1
Fra:194 Mem:140.66M (Peak 140.66M) | Time:00:00.18 | Mem:0.00M, Peak:0.00M | Scene, ViewLayer | Synchronizing object | CHAR_001_wheel_R_2
Fra:194 Mem:140.67M (Peak 140.67M) | Time:00:00.18 | Mem:0.00M, Peak:0.00M | Scene, ViewLayer | Synchronizing object | CHAR_001_wheel_R_3
Fra:194 Mem:140.68M (Peak 140.68M) | Time:00:00.18 | Mem:0.00M, Peak:0.00M | Scene, ViewLayer | Synchronizing object | CHAR_001_wheel_R_4
Fra:194 Mem:140.68M (Peak 140.68M) | Time:00:00.18 | Mem:0.00M, Peak:0.00M | Scene, ViewLayer | Synchronizing object | CHAR_001_fender_R
Fra:194 Mem:140.69M (Peak 140.69M) | Time:00:00.18 | Mem:0.00M, Peak:0.00M | Scene, ViewLayer | Synchronizing object | TREE_TRUNK_A
Fra:194 Mem:141.45M (Peak 142.02M) | Time:00:00.19 | Mem:0.00M, Peak:0.00M | Scene, ViewLayer | Synchronizing object | TREE_TRUNK_B
Fra:194 Mem:142.21M (Peak 142.78M) | Time:00:00.19 | Mem:0.00M, Peak:0.00M | Scene, ViewLayer | Synchronizing object | TREE_TRUNK_C
Fra:194 Mem:142.97M (Peak 143.54M) | Time:00:00.19 | Mem:0.00M, Peak:0.00M | Scene, ViewLayer | Synchronizing object | ROOT_A
Fra:194 Mem:142.99M (Peak 143.54M) | Time:00:00.19 | Mem:0.00M, Peak:0.00M | Scene, ViewLayer | Synchronizing object | ROOT_B
Fra:194 Mem:143.00M (Peak 143.54M) | Time:00:00.19 | Mem:0.00M, Peak:0.00M | Scene, ViewLayer | Synchronizing object | ROOT_C
Fra:194 Mem:143.02M (Peak 143.54M) | Time:00:00.19 | Mem:0.00M, Peak:0.00M | Scene, ViewLayer | Synchronizing object | FALLEN_LOG_HERO
Fra:194 Mem:143.09M (Peak 143.54M) | Time:00:00.19 | Mem:0.00M, Peak:0.00M | Scene, ViewLayer | Synchronizing object | FERN_A
Fra:194 Mem:143.49M (Peak 143.54M) | Time:00:00.19 | Mem:0.00M, Peak:0.00M | Scene, ViewLayer | Synchronizing object | FERN_B
Fra:194 Mem:144.31M (Peak 144.31M) | Time:00:00.19 | Mem:0.00M, Peak:0.00M | Scene, ViewLayer | Synchronizing object | FERN_C
Fra:194 Mem:144.93M (Peak 144.93M) | Time:00:00.19 | Mem:0.00M, Peak:0.00M | Scene, ViewLayer | Synchronizing object | MOSS_PATCH_A
Fra:194 Mem:144.96M (Peak 144.96M) | Time:00:00.19 | Mem:0.00M, Peak:0.00M | Scene, ViewLayer | Synchronizing object | MOSS_PATCH_B
Fra:194 Mem:144.97M (Peak 144.97M) | Time:00:00.19 | Mem:0.00M, Peak:0.00M | Scene, ViewLayer | Synchronizing object | GROUND_LEAF_A
Fra:194 Mem:144.97M (Peak 144.97M) | Time:00:00.19 | Mem:0.00M, Peak:0.00M | Scene, ViewLayer | Synchronizing object | GROUND_LEAF_B
Fra:194 Mem:144.97M (Peak 144.97M) | Time:00:00.19 | Mem:0.00M, Peak:0.00M | Scene, ViewLayer | Synchronizing object | GROUND_LEAF_C
Fra:194 Mem:144.98M (Peak 144.98M) | Time:00:00.19 | Mem:0.00M, Peak:0.00M | Scene, ViewLayer | Synchronizing object | ROCK_SMALL
Fra:194 Mem:144.99M (Peak 144.99M) | Time:00:00.19 | Mem:0.00M, Peak:0.00M | Scene, ViewLayer | Synchronizing object | BACKGROUND_TREE
Fra:194 Mem:145.87M (Peak 145.87M) | Time:00:00.19 | Mem:0.00M, Peak:0.00M | Scene, ViewLayer | Synchronizing object | ENV_ground
Fra:194 Mem:147.10M (Peak 147.25M) | Time:00:00.19 | Mem:0.00M, Peak:0.00M | Scene, ViewLayer | Synchronizing object | ENV_hero_tree
Fra:194 Mem:147.86M (Peak 148.43M) | Time:00:00.20 | Mem:0.00M, Peak:0.00M | Scene, ViewLayer | Synchronizing object | ENV_root_0
Fra:194 Mem:147.88M (Peak 148.43M) | Time:00:00.20 | Mem:0.00M, Peak:0.00M | Scene, ViewLayer | Synchronizing object | ENV_root_1
Fra:194 Mem:147.89M (Peak 148.43M) | Time:00:00.20 | Mem:0.00M, Peak:0.00M | Scene, ViewLayer | Synchronizing object | ENV_root_2
Fra:194 Mem:147.91M (Peak 148.43M) | Time:00:00.20 | Mem:0.00M, Peak:0.00M | Scene, ViewLayer | Synchronizing object | ENV_root_3
Fra:194 Mem:147.93M (Peak 148.43M) | Time:00:00.20 | Mem:0.00M, Peak:0.00M | Scene, ViewLayer | Synchronizing object | ENV_root_4
Fra:194 Mem:147.94M (Peak 148.43M) | Time:00:00.20 | Mem:0.00M, Peak:0.00M | Scene, ViewLayer | Synchronizing object | ENV_root_5
Fra:194 Mem:147.95M (Peak 148.43M) | Time:00:00.20 | Mem:0.00M, Peak:0.00M | Scene, ViewLayer | Synchronizing object | ENV_fallen_log
Fra:194 Mem:148.03M (Peak 148.43M) | Time:00:00.20 | Mem:0.00M, Peak:0.00M | Scene, ViewLayer | Synchronizing object | ENV_midtree_0
Fra:194 Mem:148.79M (Peak 149.36M) | Time:00:00.20 | Mem:0.00M, Peak:0.00M | Scene, ViewLayer | Synchronizing object | ENV_midtree_1
Fra:194 Mem:149.55M (Peak 150.12M) | Time:00:00.20 | Mem:0.00M, Peak:0.00M | Scene, ViewLayer | Synchronizing object | ENV_midtree_2
Fra:194 Mem:150.31M (Peak 150.57M) | Time:00:00.20 | Mem:0.00M, Peak:0.00M | Scene, ViewLayer | Synchronizing object | ENV_midtree_3
Fra:194 Mem:150.77M (Peak 151.35M) | Time:00:00.20 | Mem:0.00M, Peak:0.00M | Scene, ViewLayer | Synchronizing object | ENV_midtree_4
Fra:194 Mem:151.54M (Peak 152.11M) | Time:00:00.21 | Mem:0.00M, Peak:0.00M | Scene, ViewLayer | Synchronizing object | ENV_midtree_5
Fra:194 Mem:152.30M (Peak 152.87M) | Time:00:00.21 | Mem:0.00M, Peak:0.00M | Scene, ViewLayer | Synchronizing object | ENV_bgtree_0
Fra:194 Mem:152.88M (Peak 152.88M) | Time:00:00.21 | Mem:0.00M, Peak:0.00M | Scene, ViewLayer | Synchronizing object | ENV_bgtree_1
Fra:194 Mem:153.76M (Peak 153.76M) | Time:00:00.21 | Mem:0.00M, Peak:0.00M | Scene, ViewLayer | Synchronizing object | ENV_bgtree_2
Fra:194 Mem:154.34M (Peak 154.34M) | Time:00:00.21 | Mem:0.00M, Peak:0.00M | Scene, ViewLayer | Synchronizing object | ENV_bgtree_3
Fra:194 Mem:155.22M (Peak 155.22M) | Time:00:00.21 | Mem:0.00M, Peak:0.00M | Scene, ViewLayer | Synchronizing object | ENV_bgtree_4
Fra:194 Mem:155.80M (Peak 155.80M) | Time:00:00.21 | Mem:0.00M, Peak:0.00M | Scene, ViewLayer | Synchronizing object | ENV_bgtree_5
Fra:194 Mem:156.68M (Peak 156.68M) | Time:00:00.21 | Mem:0.00M, Peak:0.00M | Scene, ViewLayer | Synchronizing object | ENV_bgtree_6
Fra:194 Mem:157.26M (Peak 157.26M) | Time:00:00.21 | Mem:0.00M, Peak:0.00M | Scene, ViewLayer | Synchronizing object | ENV_bgtree_7
Fra:194 Mem:158.14M (Peak 158.14M) | Time:00:00.21 | Mem:0.00M, Peak:0.00M | Scene, ViewLayer | Synchronizing object | ENV_bgtree_8
Fra:194 Mem:158.72M (Peak 158.72M) | Time:00:00.22 | Mem:0.00M, Peak:0.00M | Scene, ViewLayer | Synchronizing object | ENV_bgtree_9
Fra:194 Mem:159.28M (Peak 159.28M) | Time:00:00.22 | Mem:0.00M, Peak:0.00M | Scene, ViewLayer | Synchronizing object | ENV_bgtree_10
Fra:194 Mem:160.18M (Peak 160.18M) | Time:00:00.22 | Mem:0.00M, Peak:0.00M | Scene, ViewLayer | Synchronizing object | ENV_bgtree_11
Fra:194 Mem:160.76M (Peak 160.76M) | Time:00:00.22 | Mem:0.00M, Peak:0.00M | Scene, ViewLayer | Synchronizing object | ENV_bgtree_12
Fra:194 Mem:161.62M (Peak 161.62M) | Time:00:00.22 | Mem:0.00M, Peak:0.00M | Scene, ViewLayer | Synchronizing object | ENV_bgtree_13
Fra:194 Mem:162.50M (Peak 162.50M) | Time:00:00.22 | Mem:0.00M, Peak:0.00M | Scene, ViewLayer | Synchronizing object | ENV_bgtree_14
Fra:194 Mem:163.38M (Peak 163.38M) | Time:00:00.22 | Mem:0.00M, Peak:0.00M | Scene, ViewLayer | Synchronizing object | ENV_bgtree_15
Fra:194 Mem:164.26M (Peak 164.26M) | Time:00:00.22 | Mem:0.00M, Peak:0.00M | Scene, ViewLayer | Synchronizing object | ENV_bgtree_16
Fra:194 Mem:165.14M (Peak 165.14M) | Time:00:00.23 | Mem:0.00M, Peak:0.00M | Scene, ViewLayer | Synchronizing object | ENV_bgtree_17
Fra:194 Mem:166.01M (Peak 166.01M) | Time:00:00.23 | Mem:0.00M, Peak:0.00M | Scene, ViewLayer | Synchronizing object | ENV_bgtree_18
Fra:194 Mem:166.90M (Peak 166.90M) | Time:00:00.23 | Mem:0.00M, Peak:0.00M | Scene, ViewLayer | Synchronizing object | ENV_bgtree_19
Fra:194 Mem:167.77M (Peak 167.77M) | Time:00:00.23 | Mem:0.00M, Peak:0.00M | Scene, ViewLayer | Synchronizing object | ENV_bgtree_20
Fra:194 Mem:168.65M (Peak 168.65M) | Time:00:00.23 | Mem:0.00M, Peak:0.00M | Scene, ViewLayer | Synchronizing object | ENV_bgtree_21
Fra:194 Mem:169.53M (Peak 169.53M) | Time:00:00.23 | Mem:0.00M, Peak:0.00M | Scene, ViewLayer | Synchronizing object | ENV_bgtree_22
Fra:194 Mem:170.40M (Peak 170.40M) | Time:00:00.23 | Mem:0.00M, Peak:0.00M | Scene, ViewLayer | Synchronizing object | ENV_bgtree_23
Fra:194 Mem:171.30M (Peak 171.30M) | Time:00:00.24 | Mem:0.00M, Peak:0.00M | Scene, ViewLayer | Synchronizing object | ENV_bgtree_24
Fra:194 Mem:172.16M (Peak 172.16M) | Time:00:00.24 | Mem:0.00M, Peak:0.00M | Scene, ViewLayer | Synchronizing object | ENV_bgtree_25
Fra:194 Mem:173.05M (Peak 173.05M) | Time:00:00.24 | Mem:0.00M, Peak:0.00M | Scene, ViewLayer | Synchronizing object | ENV_bgtree_26
Fra:194 Mem:173.93M (Peak 173.93M) | Time:00:00.24 | Mem:0.00M, Peak:0.00M | Scene, ViewLayer | Synchronizing object | ENV_bgtree_27
Fra:194 Mem:174.80M (Peak 174.80M) | Time:00:00.24 | Mem:0.00M, Peak:0.00M | Scene, ViewLayer | Synchronizing object | ENV_bgtree_28
Fra:194 Mem:175.68M (Peak 175.68M) | Time:00:00.24 | Mem:0.00M, Peak:0.00M | Scene, ViewLayer | Synchronizing object | ENV_bgtree_29
Fra:194 Mem:176.56M (Peak 176.56M) | Time:00:00.25 | Mem:0.00M, Peak:0.00M | Scene, ViewLayer | Synchronizing object | ENV_bgtree_30
Fra:194 Mem:177.44M (Peak 177.44M) | Time:00:00.25 | Mem:0.00M, Peak:0.00M | Scene, ViewLayer | Synchronizing object | ENV_bgtree_31
Fra:194 Mem:178.32M (Peak 178.32M) | Time:00:00.25 | Mem:0.00M, Peak:0.00M | Scene, ViewLayer | Synchronizing object | ENV_bgtree_32
Fra:194 Mem:179.20M (Peak 179.20M) | Time:00:00.25 | Mem:0.00M, Peak:0.00M | Scene, ViewLayer | Synchronizing object | ENV_bgtree_33
Fra:194 Mem:180.07M (Peak 180.07M) | Time:00:00.25 | Mem:0.00M, Peak:0.00M | Scene, ViewLayer | Synchronizing object | ENV_bgtree_34
Fra:194 Mem:180.96M (Peak 180.96M) | Time:00:00.25 | Mem:0.00M, Peak:0.00M | Scene, ViewLayer | Synchronizing object | ENV_bgtree_35
Fra:194 Mem:181.83M (Peak 181.83M) | Time:00:00.25 | Mem:0.00M, Peak:0.00M | Scene, ViewLayer | Synchronizing object | ENV_bgtree_36
Fra:194 Mem:182.71M (Peak 182.71M) | Time:00:00.26 | Mem:0.00M, Peak:0.00M | Scene, ViewLayer | Synchronizing object | ENV_bgtree_37
Fra:194 Mem:183.59M (Peak 183.59M) | Time:00:00.26 | Mem:0.00M, Peak:0.00M | Scene, ViewLayer | Synchronizing object | ENV_bgtree_38
Fra:194 Mem:184.46M (Peak 184.46M) | Time:00:00.26 | Mem:0.00M, Peak:0.00M | Scene, ViewLayer | Synchronizing object | ENV_bgtree_39
Fra:194 Mem:185.34M (Peak 185.34M) | Time:00:00.26 | Mem:0.00M, Peak:0.00M | Scene, ViewLayer | Synchronizing object | ENV_bgtree_40
Fra:194 Mem:186.22M (Peak 186.22M) | Time:00:00.26 | Mem:0.00M, Peak:0.00M | Scene, ViewLayer | Synchronizing object | ENV_bgtree_41
Fra:194 Mem:187.11M (Peak 187.11M) | Time:00:00.26 | Mem:0.00M, Peak:0.00M | Scene, ViewLayer | Synchronizing object | ENV_bgtree_42
Fra:194 Mem:187.98M (Peak 187.98M) | Time:00:00.27 | Mem:0.00M, Peak:0.00M | Scene, ViewLayer | Synchronizing object | ENV_bgtree_43
Fra:194 Mem:188.86M (Peak 188.86M) | Time:00:00.27 | Mem:0.00M, Peak:0.00M | Scene, ViewLayer | Synchronizing object | ENV_bgtree_44
Fra:194 Mem:189.73M (Peak 189.73M) | Time:00:00.27 | Mem:0.00M, Peak:0.00M | Scene, ViewLayer | Synchronizing object | ENV_bgtree_45
Fra:194 Mem:190.61M (Peak 190.61M) | Time:00:00.27 | Mem:0.00M, Peak:0.00M | Scene, ViewLayer | Synchronizing object | ENV_bgtree_46
Fra:194 Mem:191.49M (Peak 191.49M) | Time:00:00.27 | Mem:0.00M, Peak:0.00M | Scene, ViewLayer | Synchronizing object | ENV_bgtree_47
Fra:194 Mem:192.37M (Peak 192.37M) | Time:00:00.27 | Mem:0.00M, Peak:0.00M | Scene, ViewLayer | Synchronizing object | ENV_bgtree_48
Fra:194 Mem:193.25M (Peak 193.25M) | Time:00:00.28 | Mem:0.00M, Peak:0.00M | Scene, ViewLayer | Synchronizing object | ENV_bgtree_49
Fra:194 Mem:194.12M (Peak 194.12M) | Time:00:00.28 | Mem:0.00M, Peak:0.00M | Scene, ViewLayer | Synchronizing object | ENV_bgtree_50
Fra:194 Mem:195.00M (Peak 195.00M) | Time:00:00.28 | Mem:0.00M, Peak:0.00M | Scene, ViewLayer | Synchronizing object | ENV_bgtree_51
Fra:194 Mem:195.88M (Peak 195.88M) | Time:00:00.28 | Mem:0.00M, Peak:0.00M | Scene, ViewLayer | Synchronizing object | ENV_bgtree_52
Fra:194 Mem:196.76M (Peak 196.76M) | Time:00:00.28 | Mem:0.00M, Peak:0.00M | Scene, ViewLayer | Synchronizing object | ENV_bgtree_53
Fra:194 Mem:197.64M (Peak 197.64M) | Time:00:00.28 | Mem:0.00M, Peak:0.00M | Scene, ViewLayer | Synchronizing object | ENV_bgtree_54
Fra:194 Mem:198.51M (Peak 198.51M) | Time:00:00.29 | Mem:0.00M, Peak:0.00M | Scene, ViewLayer | Synchronizing object | ENV_bgtree_55
Fra:194 Mem:199.39M (Peak 199.39M) | Time:00:00.29 | Mem:0.00M, Peak:0.00M | Scene, ViewLayer | Synchronizing object | ENV_bgtree_56
Fra:194 Mem:200.28M (Peak 200.28M) | Time:00:00.29 | Mem:0.00M, Peak:0.00M | Scene, ViewLayer | Synchronizing object | ENV_bgtree_57
Fra:194 Mem:201.15M (Peak 201.15M) | Time:00:00.29 | Mem:0.00M, Peak:0.00M | Scene, ViewLayer | Synchronizing object | ENV_bgtree_58
Fra:194 Mem:202.03M (Peak 202.03M) | Time:00:00.29 | Mem:0.00M, Peak:0.00M | Scene, ViewLayer | Synchronizing object | ENV_bgtree_59
Fra:194 Mem:202.64M (Peak 202.64M) | Time:00:00.29 | Mem:0.00M, Peak:0.00M | Scene, ViewLayer | Synchronizing object | ENV_fern_0
Fra:194 Mem:203.06M (Peak 203.06M) | Time:00:00.29 | Mem:0.00M, Peak:0.00M | Scene, ViewLayer | Synchronizing object | ENV_fern_1
Fra:194 Mem:203.61M (Peak 203.61M) | Time:00:00.29 | Mem:0.00M, Peak:0.00M | Scene, ViewLayer | Synchronizing object | ENV_fern_2
Fra:194 Mem:204.28M (Peak 204.28M) | Time:00:00.30 | Mem:0.00M, Peak:0.00M | Scene, ViewLayer | Synchronizing object | ENV_fern_3
Fra:194 Mem:204.70M (Peak 204.70M) | Time:00:00.30 | Mem:0.00M, Peak:0.00M | Scene, ViewLayer | Synchronizing object | ENV_fern_4
Fra:194 Mem:205.25M (Peak 205.25M) | Time:00:00.30 | Mem:0.00M, Peak:0.00M | Scene, ViewLayer | Synchronizing object | ENV_fern_5
Fra:194 Mem:205.92M (Peak 205.92M) | Time:00:00.30 | Mem:0.00M, Peak:0.00M | Scene, ViewLayer | Synchronizing object | ENV_fern_6
Fra:194 Mem:206.34M (Peak 206.34M) | Time:00:00.30 | Mem:0.00M, Peak:0.00M | Scene, ViewLayer | Synchronizing object | ENV_fern_7
Fra:194 Mem:206.89M (Peak 206.89M) | Time:00:00.30 | Mem:0.00M, Peak:0.00M | Scene, ViewLayer | Synchronizing object | ENV_fern_8
Fra:194 Mem:207.57M (Peak 207.57M) | Time:00:00.30 | Mem:0.00M, Peak:0.00M | Scene, ViewLayer | Synchronizing object | ENV_fern_9
Fra:194 Mem:208.00M (Peak 208.00M) | Time:00:00.30 | Mem:0.00M, Peak:0.00M | Scene, ViewLayer | Synchronizing object | ENV_fern_10
Fra:194 Mem:208.55M (Peak 208.55M) | Time:00:00.30 | Mem:0.00M, Peak:0.00M | Scene, ViewLayer | Synchronizing object | ENV_fern_11
Fra:194 Mem:209.01M (Peak 209.01M) | Time:00:00.30 | Mem:0.00M, Peak:0.00M | Scene, ViewLayer | Synchronizing object | ENV_twig_0
Fra:194 Mem:209.15M (Peak 209.15M) | Time:00:00.30 | Mem:0.00M, Peak:0.00M | Scene, ViewLayer | Synchronizing object | ENV_twig_1
Fra:194 Mem:209.18M (Peak 209.18M) | Time:00:00.30 | Mem:0.00M, Peak:0.00M | Scene, ViewLayer | Synchronizing object | ENV_twig_2
Fra:194 Mem:209.23M (Peak 209.23M) | Time:00:00.30 | Mem:0.00M, Peak:0.00M | Scene, ViewLayer | Synchronizing object | ENV_twig_3
Fra:194 Mem:209.27M (Peak 209.27M) | Time:00:00.30 | Mem:0.00M, Peak:0.00M | Scene, ViewLayer | Synchronizing object | ENV_twig_4
Fra:194 Mem:209.32M (Peak 209.32M) | Time:00:00.30 | Mem:0.00M, Peak:0.00M | Scene, ViewLayer | Synchronizing object | ENV_twig_5
Fra:194 Mem:209.47M (Peak 209.47M) | Time:00:00.30 | Mem:0.00M, Peak:0.00M | Scene, ViewLayer | Synchronizing object | ENV_twig_6
Fra:194 Mem:209.59M (Peak 209.59M) | Time:00:00.30 | Mem:0.00M, Peak:0.00M | Scene, ViewLayer | Synchronizing object | ENV_twig_7
Fra:194 Mem:209.53M (Peak 209.59M) | Time:00:00.30 | Mem:0.00M, Peak:0.00M | Scene, ViewLayer | Synchronizing object | ENV_fern_12
Fra:194 Mem:209.78M (Peak 209.78M) | Time:00:00.30 | Mem:0.00M, Peak:0.00M | Scene, ViewLayer | Synchronizing object | ENV_twig_8
Fra:194 Mem:209.95M (Peak 209.95M) | Time:00:00.30 | Mem:0.00M, Peak:0.00M | Scene, ViewLayer | Synchronizing object | ENV_twig_9
Fra:194 Mem:209.99M (Peak 209.99M) | Time:00:00.30 | Mem:0.00M, Peak:0.00M | Scene, ViewLayer | Synchronizing object | ENV_twig_10
Fra:194 Mem:210.03M (Peak 210.03M) | Time:00:00.30 | Mem:0.00M, Peak:0.00M | Scene, ViewLayer | Synchronizing object | ENV_twig_11
Fra:194 Mem:210.08M (Peak 210.08M) | Time:00:00.30 | Mem:0.00M, Peak:0.00M | Scene, ViewLayer | Synchronizing object | ENV_twig_12
Fra:194 Mem:210.24M (Peak 210.24M) | Time:00:00.30 | Mem:0.00M, Peak:0.00M | Scene, ViewLayer | Synchronizing object | ENV_twig_13
Fra:194 Mem:210.23M (Peak 210.24M) | Time:00:00.30 | Mem:0.00M, Peak:0.00M | Scene, ViewLayer | Synchronizing object | ENV_fern_13
Fra:194 Mem:210.30M (Peak 210.30M) | Time:00:00.30 | Mem:0.00M, Peak:0.00M | Scene, ViewLayer | Synchronizing object | ENV_twig_14
Fra:194 Mem:210.57M (Peak 210.57M) | Time:00:00.30 | Mem:0.00M, Peak:0.00M | Scene, ViewLayer | Synchronizing object | ENV_twig_15
Fra:194 Mem:210.78M (Peak 210.78M) | Time:00:00.30 | Mem:0.00M, Peak:0.00M | Scene, ViewLayer | Synchronizing object | ENV_twig_16
Fra:194 Mem:210.82M (Peak 210.82M) | Time:00:00.30 | Mem:0.00M, Peak:0.00M | Scene, ViewLayer | Synchronizing object | ENV_twig_17
Fra:194 Mem:210.85M (Peak 210.85M) | Time:00:00.31 | Mem:0.00M, Peak:0.00M | Scene, ViewLayer | Synchronizing object | ENV_twig_18
Fra:194 Mem:210.90M (Peak 210.90M) | Time:00:00.31 | Mem:0.00M, Peak:0.00M | Scene, ViewLayer | Synchronizing object | ENV_twig_19
Fra:194 Mem:210.94M (Peak 210.94M) | Time:00:00.31 | Mem:0.00M, Peak:0.00M | Scene, ViewLayer | Synchronizing object | ENV_twig_20
Fra:194 Mem:211.05M (Peak 211.05M) | Time:00:00.31 | Mem:0.00M, Peak:0.00M | Scene, ViewLayer | Synchronizing object | ENV_twig_21
Fra:194 Mem:211.18M (Peak 211.18M) | Time:00:00.31 | Mem:0.00M, Peak:0.00M | Scene, ViewLayer | Synchronizing object | ENV_twig_22
Fra:194 Mem:211.15M (Peak 211.18M) | Time:00:00.31 | Mem:0.00M, Peak:0.00M | Scene, ViewLayer | Synchronizing object | ENV_fern_14
Fra:194 Mem:211.25M (Peak 211.25M) | Time:00:00.31 | Mem:0.00M, Peak:0.00M | Scene, ViewLayer | Synchronizing object | ENV_twig_23
Fra:194 Mem:211.57M (Peak 211.57M) | Time:00:00.31 | Mem:0.00M, Peak:0.00M | Scene, ViewLayer | Synchronizing object | ENV_twig_24
Fra:194 Mem:211.74M (Peak 211.74M) | Time:00:00.31 | Mem:0.00M, Peak:0.00M | Scene, ViewLayer | Synchronizing object | ENV_twig_25
Fra:194 Mem:211.85M (Peak 211.85M) | Time:00:00.31 | Mem:0.00M, Peak:0.00M | Scene, ViewLayer | Synchronizing object | PROP_twig_hero
Fra:194 Mem:211.85M (Peak 211.85M) | Time:00:00.31 | Mem:0.00M, Peak:0.00M | Scene, ViewLayer | Synchronizing object | ENV_mist
Fra:194 Mem:211.85M (Peak 211.85M) | Time:00:00.31 | Mem:0.00M, Peak:0.00M | Scene, ViewLayer | Synchronizing object | ENV_leaf_1099
Fra:194 Mem:211.86M (Peak 211.86M) | Time:00:00.31 | Mem:0.00M, Peak:0.00M | Scene, ViewLayer | Synchronizing object | ENV_leaf_1098
Fra:194 Mem:211.86M (Peak 211.86M) | Time:00:00.31 | Mem:0.00M, Peak:0.00M | Scene, ViewLayer | Synchronizing object | ENV_leaf_1097
Fra:194 Mem:211.86M (Peak 211.86M) | Time:00:00.31 | Mem:0.00M, Peak:0.00M | Scene, ViewLayer | Synchronizing object | ENV_leaf_1096
Fra:194 Mem:211.87M (Peak 211.87M) | Time:00:00.31 | Mem:0.00M, Peak:0.00M | Scene, ViewLayer | Synchronizing object | ENV_leaf_1095
Fra:194 Mem:211.87M (Peak 211.87M) | Time:00:00.31 | Mem:0.00M, Peak:0.00M | Scene, ViewLayer | Synchronizing object | ENV_leaf_1094
Fra:194 Mem:211.88M (Peak 211.88M) | Time:00:00.31 | Mem:0.00M, Peak:0.00M | Scene, ViewLayer | Synchronizing object | ENV_leaf_1093
Fra:194 Mem:211.88M (Peak 211.88M) | Time:00:00.31 | Mem:0.00M, Peak:0.00M | Scene, ViewLayer | Synchronizing object | ENV_leaf_1092
Fra:194 Mem:211.88M (Peak 211.88M) | Time:00:00.31 | Mem:0.00M, Peak:0.00M | Scene, ViewLayer | Synchronizing object | ENV_leaf_1091
Fra:194 Mem:211.89M (Peak 211.89M) | Time:00:00.31 | Mem:0.00M, Peak:0.00M | Scene, ViewLayer | Synchronizing object | ENV_leaf_1090
Fra:194 Mem:211.97M (Peak 211.97M) | Time:00:00.31 | Mem:0.00M, Peak:0.00M | Scene, ViewLayer | Synchronizing object | ENV_leaf_1089
Fra:194 Mem:211.97M (Peak 211.97M) | Time:00:00.31 | Mem:0.00M, Peak:0.00M | Scene, ViewLayer | Synchronizing object | ENV_leaf_1088
Fra:194 Mem:211.98M (Peak 211.98M) | Time:00:00.31 | Mem:0.00M, Peak:0.00M | Scene, ViewLayer | Synchronizing object | ENV_leaf_1087
Fra:194 Mem:211.98M (Peak 211.98M) | Time:00:00.31 | Mem:0.00M, Peak:0.00M | Scene, ViewLayer | Synchronizing object | ENV_leaf_1086
Fra:194 Mem:211.99M (Peak 211.99M) | Time:00:00.31 | Mem:0.00M, Peak:0.00M | Scene, ViewLayer | Synchronizing object | ENV_leaf_1085
Fra:194 Mem:212.02M (Peak 212.02M) | Time:00:00.31 | Mem:0.00M, Peak:0.00M | Scene, ViewLayer | Synchronizing object | ENV_leaf_1084
Fra:194 Mem:212.10M (Peak 212.10M) | Time:00:00.31 | Mem:0.00M, Peak:0.00M | Scene, ViewLayer | Synchronizing object | ENV_leaf_1083
Fra:194 Mem:212.10M (Peak 212.10M) | Time:00:00.31 | Mem:0.00M, Peak:0.00M | Scene, ViewLayer | Synchronizing object | ENV_leaf_1082
Fra:194 Mem:212.11M (Peak 212.11M) | Time:00:00.31 | Mem:0.00M, Peak:0.00M | Scene, ViewLayer | Synchronizing object | ENV_leaf_1081
Fra:194 Mem:212.11M (Peak 212.11M) | Time:00:00.31 | Mem:0.00M, Peak:0.00M | Scene, ViewLayer | Synchronizing object | ENV_leaf_1080
Fra:194 Mem:212.04M (Peak 212.11M) | Time:00:00.31 | Mem:0.00M, Peak:0.00M | Scene, ViewLayer | Synchronizing object | ENV_fern_15
Fra:194 Mem:212.09M (Peak 212.11M) | Time:00:00.31 | Mem:0.00M, Peak:0.00M | Scene, ViewLayer | Synchronizing object | ENV_leaf_1079
Fra:194 Mem:212.27M (Peak 212.27M) | Time:00:00.31 | Mem:0.00M, Peak:0.00M | Scene, ViewLayer | Synchronizing object | ENV_leaf_1078
Fra:194 Mem:212.27M (Peak 212.27M) | Time:00:00.31 | Mem:0.00M, Peak:0.00M | Scene, ViewLayer | Synchronizing object | ENV_leaf_1077
Fra:194 Mem:212.34M (Peak 212.34M) | Time:00:00.31 | Mem:0.00M, Peak:0.00M | Scene, ViewLayer | Synchronizing object | ENV_leaf_1076
Fra:194 Mem:212.34M (Peak 212.34M) | Time:00:00.31 | Mem:0.00M, Peak:0.00M | Scene, ViewLayer | Synchronizing object | ENV_leaf_1075
Fra:194 Mem:212.36M (Peak 212.36M) | Time:00:00.31 | Mem:0.00M, Peak:0.00M | Scene, ViewLayer | Synchronizing object | ENV_leaf_1074
Fra:194 Mem:212.41M (Peak 212.41M) | Time:00:00.31 | Mem:0.00M, Peak:0.00M | Scene, ViewLayer | Synchronizing object | ENV_leaf_1073
Fra:194 Mem:212.41M (Peak 212.41M) | Time:00:00.31 | Mem:0.00M, Peak:0.00M | Scene, ViewLayer | Synchronizing object | ENV_leaf_1072
Fra:194 Mem:212.42M (Peak 212.42M) | Time:00:00.31 | Mem:0.00M, Peak:0.00M | Scene, ViewLayer | Synchronizing object | ENV_leaf_1071
Fra:194 Mem:212.42M (Peak 212.42M) | Time:00:00.31 | Mem:0.00M, Peak:0.00M | Scene, ViewLayer | Synchronizing object | ENV_leaf_1070
Fra:194 Mem:212.43M (Peak 212.43M) | Time:00:00.31 | Mem:0.00M, Peak:0.00M | Scene, ViewLayer | Synchronizing object | ENV_leaf_1069
Fra:194 Mem:212.42M (Peak 212.43M) | Time:00:00.31 | Mem:0.00M, Peak:0.00M | Scene, ViewLayer | Synchronizing object | ENV_leaf_1068
Fra:194 Mem:212.42M (Peak 212.43M) | Time:00:00.31 | Mem:0.00M, Peak:0.00M | Scene, ViewLayer | Synchronizing object | ENV_leaf_1067
Fra:194 Mem:212.43M (Peak 212.43M) | Time:00:00.31 | Mem:0.00M, Peak:0.00M | Scene, ViewLayer | Synchronizing object | ENV_leaf_1066
Fra:194 Mem:212.43M (Peak 212.43M) | Time:00:00.31 | Mem:0.00M, Peak:0.00M | Scene, ViewLayer | Synchronizing object | ENV_leaf_1065
Fra:194 Mem:212.43M (Peak 212.43M) | Time:00:00.31 | Mem:0.00M, Peak:0.00M | Scene, ViewLayer | Synchronizing object | ENV_leaf_1064
Fra:194 Mem:212.44M (Peak 212.44M) | Time:00:00.31 | Mem:0.00M, Peak:0.00M | Scene, ViewLayer | Synchronizing object | ENV_leaf_1063
Fra:194 Mem:212.44M (Peak 212.44M) | Time:00:00.31 | Mem:0.00M, Peak:0.00M | Scene, ViewLayer | Synchronizing object | ENV_leaf_1062
Fra:194 Mem:212.45M (Peak 212.45M) | Time:00:00.31 | Mem:0.00M, Peak:0.00M | Scene, ViewLayer | Synchronizing object | ENV_leaf_1061
Fra:194 Mem:212.45M (Peak 212.45M) | Time:00:00.31 | Mem:0.00M, Peak:0.00M | Scene, ViewLayer | Synchronizing object | ENV_leaf_1060
Fra:194 Mem:212.45M (Peak 212.45M) | Time:00:00.31 | Mem:0.00M, Peak:0.00M | Scene, ViewLayer | Synchronizing object | ENV_leaf_1059
Fra:194 Mem:212.51M (Peak 212.51M) | Time:00:00.31 | Mem:0.00M, Peak:0.00M | Scene, ViewLayer | Synchronizing object | ENV_leaf_1058
Fra:194 Mem:212.51M (Peak 212.51M) | Time:00:00.31 | Mem:0.00M, Peak:0.00M | Scene, ViewLayer | Synchronizing object | ENV_leaf_1057
Fra:194 Mem:212.51M (Peak 212.51M) | Time:00:00.31 | Mem:0.00M, Peak:0.00M | Scene, ViewLayer | Synchronizing object | ENV_leaf_1056
Fra:194 Mem:212.54M (Peak 212.54M) | Time:00:00.31 | Mem:0.00M, Peak:0.00M | Scene, ViewLayer | Synchronizing object | ENV_leaf_1055
Fra:194 Mem:212.54M (Peak 212.54M) | Time:00:00.31 | Mem:0.00M, Peak:0.00M | Scene, ViewLayer | Synchronizing object | ENV_leaf_1054
Fra:194 Mem:212.59M (Peak 212.59M) | Time:00:00.31 | Mem:0.00M, Peak:0.00M | Scene, ViewLayer | Synchronizing object | ENV_leaf_1053
Fra:194 Mem:212.60M (Peak 212.60M) | Time:00:00.31 | Mem:0.00M, Peak:0.00M | Scene, ViewLayer | Synchronizing object | ENV_leaf_1052
Fra:194 Mem:212.55M (Peak 212.60M) | Time:00:00.31 | Mem:0.00M, Peak:0.00M | Scene, ViewLayer | Synchronizing object | ENV_fern_16
Fra:194 Mem:212.62M (Peak 212.62M) | Time:00:00.31 | Mem:0.00M, Peak:0.00M | Scene, ViewLayer | Synchronizing object | ENV_leaf_1051
Fra:194 Mem:212.63M (Peak 212.63M) | Time:00:00.31 | Mem:0.00M, Peak:0.00M | Scene, ViewLayer | Synchronizing object | ENV_leaf_1050
Fra:194 Mem:212.79M (Peak 212.79M) | Time:00:00.31 | Mem:0.00M, Peak:0.00M | Scene, ViewLayer | Synchronizing object | ENV_leaf_1049
Fra:194 Mem:212.86M (Peak 212.86M) | Time:00:00.31 | Mem:0.00M, Peak:0.00M | Scene, ViewLayer | Synchronizing object | ENV_leaf_1048
Fra:194 Mem:212.86M (Peak 212.86M) | Time:00:00.31 | Mem:0.00M, Peak:0.00M | Scene, ViewLayer | Synchronizing object | ENV_leaf_1047
Fra:194 Mem:212.95M (Peak 212.95M) | Time:00:00.31 | Mem:0.00M, Peak:0.00M | Scene, ViewLayer | Synchronizing object | ENV_leaf_1046
Fra:194 Mem:212.95M (Peak 212.95M) | Time:00:00.31 | Mem:0.00M, Peak:0.00M | Scene, ViewLayer | Synchronizing object | ENV_leaf_1045
Fra:194 Mem:212.95M (Peak 212.95M) | Time:00:00.31 | Mem:0.00M, Peak:0.00M | Scene, ViewLayer | Synchronizing object | ENV_leaf_1044
Fra:194 Mem:212.97M (Peak 212.97M) | Time:00:00.31 | Mem:0.00M, Peak:0.00M | Scene, ViewLayer | Synchronizing object | ENV_leaf_1043
Fra:194 Mem:213.04M (Peak 213.04M) | Time:00:00.31 | Mem:0.00M, Peak:0.00M | Scene, ViewLayer | Synchronizing object | ENV_leaf_1042
Fra:194 Mem:213.04M (Peak 213.04M) | Time:00:00.31 | Mem:0.00M, Peak:0.00M | Scene, ViewLayer | Synchronizing object | ENV_leaf_1041
Fra:194 Mem:213.05M (Peak 213.05M) | Time:00:00.31 | Mem:0.00M, Peak:0.00M | Scene, ViewLayer | Synchronizing object | ENV_leaf_1039
Fra:194 Mem:213.05M (Peak 213.05M) | Time:00:00.31 | Mem:0.00M, Peak:0.00M | Scene, ViewLayer | Synchronizing object | ENV_leaf_1038
Fra:194 Mem:213.05M (Peak 213.05M) | Time:00:00.31 | Mem:0.00M, Peak:0.00M | Scene, ViewLayer | Synchronizing object | ENV_leaf_1037
Fra:194 Mem:213.06M (Peak 213.06M) | Time:00:00.31 | Mem:0.00M, Peak:0.00M | Scene, ViewLayer | Synchronizing object | ENV_leaf_1036
Fra:194 Mem:213.05M (Peak 213.06M) | Time:00:00.31 | Mem:0.00M, Peak:0.00M | Scene, ViewLayer | Synchronizing object | ENV_leaf_1035
Fra:194 Mem:213.05M (Peak 213.06M) | Time:00:00.31 | Mem:0.00M, Peak:0.00M | Scene, ViewLayer | Synchronizing object | ENV_leaf_1034
Fra:194 Mem:213.06M (Peak 213.06M) | Time:00:00.31 | Mem:0.00M, Peak:0.00M | Scene, ViewLayer | Synchronizing object | ENV_leaf_1033
Fra:194 Mem:213.06M (Peak 213.06M) | Time:00:00.31 | Mem:0.00M, Peak:0.00M | Scene, ViewLayer | Synchronizing object | ENV_leaf_1032
Fra:194 Mem:213.06M (Peak 213.06M) | Time:00:00.31 | Mem:0.00M, Peak:0.00M | Scene, ViewLayer | Synchronizing object | ENV_leaf_1031
Fra:194 Mem:213.07M (Peak 213.07M) | Time:00:00.31 | Mem:0.00M, Peak:0.00M | Scene, ViewLayer | Synchronizing object | ENV_leaf_1030
Fra:194 Mem:213.07M (Peak 213.07M) | Time:00:00.31 | Mem:0.00M, Peak:0.00M | Scene, ViewLayer | Synchronizing object | ENV_leaf_1029
Fra:194 Mem:213.08M (Peak 213.08M) | Time:00:00.31 | Mem:0.00M, Peak:0.00M | Scene, ViewLayer | Synchronizing object | ENV_leaf_1028
Fra:194 Mem:213.08M (Peak 213.08M) | Time:00:00.31 | Mem:0.00M, Peak:0.00M | Scene, ViewLayer | Synchronizing object | ENV_leaf_1027
Fra:194 Mem:213.08M (Peak 213.08M) | Time:00:00.31 | Mem:0.00M, Peak:0.00M | Scene, ViewLayer | Synchronizing object | ENV_leaf_1026
Fra:194 Mem:213.09M (Peak 213.09M) | Time:00:00.31 | Mem:0.00M, Peak:0.00M | Scene, ViewLayer | Synchronizing object | ENV_leaf_1025
Fra:194 Mem:213.09M (Peak 213.09M) | Time:00:00.31 | Mem:0.00M, Peak:0.00M | Scene, ViewLayer | Synchronizing object | ENV_leaf_1024
Fra:194 Mem:213.10M (Peak 213.10M) | Time:00:00.31 | Mem:0.00M, Peak:0.00M | Scene, ViewLayer | Synchronizing object | ENV_leaf_1023
Fra:194 Mem:213.10M (Peak 213.10M) | Time:00:00.31 | Mem:0.00M, Peak:0.00M | Scene, ViewLayer | Synchronizing object | ENV_leaf_1022
Fra:194 Mem:213.10M (Peak 213.10M) | Time:00:00.31 | Mem:0.00M, Peak:0.00M | Scene, ViewLayer | Synchronizing object | ENV_leaf_1021
Fra:194 Mem:213.17M (Peak 213.17M) | Time:00:00.31 | Mem:0.00M, Peak:0.00M | Scene, ViewLayer | Synchronizing object | ENV_leaf_1020
Fra:194 Mem:213.17M (Peak 213.17M) | Time:00:00.31 | Mem:0.00M, Peak:0.00M | Scene, ViewLayer | Synchronizing object | ENV_leaf_1019
Fra:194 Mem:213.18M (Peak 213.18M) | Time:00:00.31 | Mem:0.00M, Peak:0.00M | Scene, ViewLayer | Synchronizing object | ENV_leaf_1018
Fra:194 Mem:213.21M (Peak 213.21M) | Time:00:00.31 | Mem:0.00M, Peak:0.00M | Scene, ViewLayer | Synchronizing object | ENV_leaf_1017
Fra:194 Mem:213.21M (Peak 213.21M) | Time:00:00.31 | Mem:0.00M, Peak:0.00M | Scene, ViewLayer | Synchronizing object | ENV_leaf_1016
Fra:194 Mem:213.28M (Peak 213.28M) | Time:00:00.31 | Mem:0.00M, Peak:0.00M | Scene, ViewLayer | Synchronizing object | ENV_leaf_1015
Fra:194 Mem:213.28M (Peak 213.28M) | Time:00:00.31 | Mem:0.00M, Peak:0.00M | Scene, ViewLayer | Synchronizing object | ENV_leaf_1014
Fra:194 Mem:213.22M (Peak 213.28M) | Time:00:00.31 | Mem:0.00M, Peak:0.00M | Scene, ViewLayer | Synchronizing object | ENV_fern_17
Fra:194 Mem:213.31M (Peak 213.31M) | Time:00:00.31 | Mem:0.00M, Peak:0.00M | Scene, ViewLayer | Synchronizing object | ENV_leaf_1013
Fra:194 Mem:213.31M (Peak 213.31M) | Time:00:00.31 | Mem:0.00M, Peak:0.00M | Scene, ViewLayer | Synchronizing object | ENV_leaf_1012
Fra:194 Mem:213.51M (Peak 213.51M) | Time:00:00.31 | Mem:0.00M, Peak:0.00M | Scene, ViewLayer | Synchronizing object | ENV_leaf_1011
Fra:194 Mem:213.59M (Peak 213.59M) | Time:00:00.31 | Mem:0.00M, Peak:0.00M | Scene, ViewLayer | Synchronizing object | ENV_leaf_1009
Fra:194 Mem:213.60M (Peak 213.60M) | Time:00:00.31 | Mem:0.00M, Peak:0.00M | Scene, ViewLayer | Synchronizing object | ENV_leaf_1008
Fra:194 Mem:213.60M (Peak 213.60M) | Time:00:00.31 | Mem:0.00M, Peak:0.00M | Scene, ViewLayer | Synchronizing object | ENV_leaf_1007
Fra:194 Mem:213.71M (Peak 213.71M) | Time:00:00.31 | Mem:0.00M, Peak:0.00M | Scene, ViewLayer | Synchronizing object | ENV_leaf_1006
Fra:194 Mem:213.71M (Peak 213.71M) | Time:00:00.31 | Mem:0.00M, Peak:0.00M | Scene, ViewLayer | Synchronizing object | ENV_leaf_1005
Fra:194 Mem:213.71M (Peak 213.71M) | Time:00:00.31 | Mem:0.00M, Peak:0.00M | Scene, ViewLayer | Synchronizing object | ENV_leaf_1004
Fra:194 Mem:213.79M (Peak 213.79M) | Time:00:00.31 | Mem:0.00M, Peak:0.00M | Scene, ViewLayer | Synchronizing object | ENV_leaf_1003
Fra:194 Mem:213.82M (Peak 213.82M) | Time:00:00.31 | Mem:0.00M, Peak:0.00M | Scene, ViewLayer | Synchronizing object | ENV_leaf_1002
Fra:194 Mem:213.82M (Peak 213.82M) | Time:00:00.31 | Mem:0.00M, Peak:0.00M | Scene, ViewLayer | Synchronizing object | ENV_leaf_1001
Fra:194 Mem:213.82M (Peak 213.82M) | Time:00:00.31 | Mem:0.00M, Peak:0.00M | Scene, ViewLayer | Synchronizing object | ENV_leaf_1000
Fra:194 Mem:213.83M (Peak 213.83M) | Time:00:00.31 | Mem:0.00M, Peak:0.00M | Scene, ViewLayer | Synchronizing object | ENV_leaf_998
Fra:194 Mem:213.83M (Peak 213.83M) | Time:00:00.31 | Mem:0.00M, Peak:0.00M | Scene, ViewLayer | Synchronizing object | ENV_leaf_997
Fra:194 Mem:213.84M (Peak 213.84M) | Time:00:00.31 | Mem:0.00M, Peak:0.00M | Scene, ViewLayer | Synchronizing object | ENV_leaf_996
Fra:194 Mem:213.84M (Peak 213.84M) | Time:00:00.31 | Mem:0.00M, Peak:0.00M | Scene, ViewLayer | Synchronizing object | ENV_leaf_995
Fra:194 Mem:213.83M (Peak 213.84M) | Time:00:00.31 | Mem:0.00M, Peak:0.00M | Scene, ViewLayer | Synchronizing object | ENV_leaf_994
Fra:194 Mem:213.83M (Peak 213.84M) | Time:00:00.31 | Mem:0.00M, Peak:0.00M | Scene, ViewLayer | Synchronizing object | ENV_leaf_993
Fra:194 Mem:213.83M (Peak 213.84M) | Time:00:00.31 | Mem:0.00M, Peak:0.00M | Scene, ViewLayer | Synchronizing object | ENV_leaf_992
Fra:194 Mem:213.84M (Peak 213.84M) | Time:00:00.31 | Mem:0.00M, Peak:0.00M | Scene, ViewLayer | Synchronizing object | ENV_leaf_991
Fra:194 Mem:213.84M (Peak 213.84M) | Time:00:00.31 | Mem:0.00M, Peak:0.00M | Scene, ViewLayer | Synchronizing object | ENV_leaf_990
Fra:194 Mem:213.85M (Peak 213.85M) | Time:00:00.31 | Mem:0.00M, Peak:0.00M | Scene, ViewLayer | Synchronizing object | ENV_leaf_989
Fra:194 Mem:213.85M (Peak 213.85M) | Time:00:00.31 | Mem:0.00M, Peak:0.00M | Scene, ViewLayer | Synchronizing object | ENV_leaf_988
Fra:194 Mem:213.85M (Peak 213.85M) | Time:00:00.31 | Mem:0.00M, Peak:0.00M | Scene, ViewLayer | Synchronizing object | ENV_leaf_987
Fra:194 Mem:213.86M (Peak 213.86M) | Time:00:00.31 | Mem:0.00M, Peak:0.00M | Scene, ViewLayer | Synchronizing object | ENV_leaf_986
Fra:194 Mem:213.86M (Peak 213.86M) | Time:00:00.31 | Mem:0.00M, Peak:0.00M | Scene, ViewLayer | Synchronizing object | ENV_leaf_985
Fra:194 Mem:213.87M (Peak 213.87M) | Time:00:00.31 | Mem:0.00M, Peak:0.00M | Scene, ViewLayer | Synchronizing object | ENV_leaf_984
Fra:194 Mem:213.87M (Peak 213.87M) | Time:00:00.31 | Mem:0.00M, Peak:0.00M | Scene, ViewLayer | Synchronizing object | ENV_leaf_983
Fra:194 Mem:213.87M (Peak 213.87M) | Time:00:00.31 | Mem:0.00M, Peak:0.00M | Scene, ViewLayer | Synchronizing object | ENV_leaf_982
Fra:194 Mem:213.88M (Peak 213.88M) | Time:00:00.31 | Mem:0.00M, Peak:0.00M | Scene, ViewLayer | Synchronizing object | ENV_leaf_981
Fra:194 Mem:213.88M (Peak 213.88M) | Time:00:00.31 | Mem:0.00M, Peak:0.00M | Scene, ViewLayer | Synchronizing object | ENV_leaf_980
Fra:194 Mem:213.89M (Peak 213.89M) | Time:00:00.31 | Mem:0.00M, Peak:0.00M | Scene, ViewLayer | Synchronizing object | ENV_leaf_979
Fra:194 Mem:213.89M (Peak 213.89M) | Time:00:00.31 | Mem:0.00M, Peak:0.00M | Scene, ViewLayer | Synchronizing object | ENV_leaf_978
Fra:194 Mem:213.89M (Peak 213.89M) | Time:00:00.31 | Mem:0.00M, Peak:0.00M | Scene, ViewLayer | Synchronizing object | ENV_leaf_977
Fra:194 Mem:213.97M (Peak 213.97M) | Time:00:00.31 | Mem:0.00M, Peak:0.00M | Scene, ViewLayer | Synchronizing object | ENV_leaf_976
Fra:194 Mem:213.98M (Peak 213.98M) | Time:00:00.31 | Mem:0.00M, Peak:0.00M | Scene, ViewLayer | Synchronizing object | ENV_leaf_975
Fra:194 Mem:213.98M (Peak 213.98M) | Time:00:00.31 | Mem:0.00M, Peak:0.00M | Scene, ViewLayer | Synchronizing object | ENV_leaf_974
Fra:194 Mem:213.99M (Peak 213.99M) | Time:00:00.31 | Mem:0.00M, Peak:0.00M | Scene, ViewLayer | Synchronizing object | ENV_leaf_973
Fra:194 Mem:214.02M (Peak 214.02M) | Time:00:00.31 | Mem:0.00M, Peak:0.00M | Scene, ViewLayer | Synchronizing object | ENV_leaf_972
Fra:194 Mem:214.02M (Peak 214.02M) | Time:00:00.31 | Mem:0.00M, Peak:0.00M | Scene, ViewLayer | Synchronizing object | ENV_leaf_971
Fra:194 Mem:214.10M (Peak 214.10M) | Time:00:00.31 | Mem:0.00M, Peak:0.00M | Scene, ViewLayer | Synchronizing object | ENV_leaf_970
Fra:194 Mem:214.11M (Peak 214.11M) | Time:00:00.31 | Mem:0.00M, Peak:0.00M | Scene, ViewLayer | Synchronizing object | ENV_leaf_969
Fra:194 Mem:214.11M (Peak 214.11M) | Time:00:00.31 | Mem:0.00M, Peak:0.00M | Scene, ViewLayer | Synchronizing object | ENV_leaf_968
Fra:194 Mem:214.04M (Peak 214.11M) | Time:00:00.31 | Mem:0.00M, Peak:0.00M | Scene, ViewLayer | Synchronizing object | ENV_leaf_967
Fra:194 Mem:214.04M (Peak 214.11M) | Time:00:00.31 | Mem:0.00M, Peak:0.00M | Scene, ViewLayer | Synchronizing object | ENV_leaf_966
Fra:194 Mem:214.10M (Peak 214.11M) | Time:00:00.31 | Mem:0.00M, Peak:0.00M | Scene, ViewLayer | Synchronizing object | ENV_leaf_965
Fra:194 Mem:214.11M (Peak 214.11M) | Time:00:00.31 | Mem:0.00M, Peak:0.00M | Scene, ViewLayer | Synchronizing object | ENV_leaf_964
Fra:194 Mem:214.23M (Peak 214.23M) | Time:00:00.31 | Mem:0.00M, Peak:0.00M | Scene, ViewLayer | Synchronizing object | ENV_leaf_963
Fra:194 Mem:214.28M (Peak 214.28M) | Time:00:00.31 | Mem:0.00M, Peak:0.00M | Scene, ViewLayer | Synchronizing object | ENV_leaf_962
Fra:194 Mem:214.32M (Peak 214.32M) | Time:00:00.31 | Mem:0.00M, Peak:0.00M | Scene, ViewLayer | Synchronizing object | ENV_leaf_961
Fra:194 Mem:214.36M (Peak 214.36M) | Time:00:00.31 | Mem:0.00M, Peak:0.00M | Scene, ViewLayer | Synchronizing object | ENV_leaf_960
Fra:194 Mem:214.36M (Peak 214.36M) | Time:00:00.31 | Mem:0.00M, Peak:0.00M | Scene, ViewLayer | Synchronizing object | ENV_leaf_959
Fra:194 Mem:214.41M (Peak 214.41M) | Time:00:00.31 | Mem:0.00M, Peak:0.00M | Scene, ViewLayer | Synchronizing object | ENV_leaf_958
Fra:194 Mem:214.43M (Peak 214.43M) | Time:00:00.31 | Mem:0.00M, Peak:0.00M | Scene, ViewLayer | Synchronizing object | ENV_leaf_957
Fra:194 Mem:214.43M (Peak 214.43M) | Time:00:00.31 | Mem:0.00M, Peak:0.00M | Scene, ViewLayer | Synchronizing object | ENV_leaf_956
Fra:194 Mem:214.43M (Peak 214.43M) | Time:00:00.31 | Mem:0.00M, Peak:0.00M | Scene, ViewLayer | Synchronizing object | ENV_leaf_955
Fra:194 Mem:214.44M (Peak 214.44M) | Time:00:00.31 | Mem:0.00M, Peak:0.00M | Scene, ViewLayer | Synchronizing object | ENV_leaf_954
Fra:194 Mem:214.43M (Peak 214.44M) | Time:00:00.31 | Mem:0.00M, Peak:0.00M | Scene, ViewLayer | Synchronizing object | ENV_leaf_953
Fra:194 Mem:214.44M (Peak 214.44M) | Time:00:00.31 | Mem:0.00M, Peak:0.00M | Scene, ViewLayer | Synchronizing object | ENV_leaf_952
Fra:194 Mem:214.44M (Peak 214.44M) | Time:00:00.31 | Mem:0.00M, Peak:0.00M | Scene, ViewLayer | Synchronizing object | ENV_leaf_951
Fra:194 Mem:214.44M (Peak 214.44M) | Time:00:00.31 | Mem:0.00M, Peak:0.00M | Scene, ViewLayer | Synchronizing object | ENV_leaf_950
Fra:194 Mem:214.45M (Peak 214.45M) | Time:00:00.31 | Mem:0.00M, Peak:0.00M | Scene, ViewLayer | Synchronizing object | ENV_leaf_949
Fra:194 Mem:214.45M (Peak 214.45M) | Time:00:00.31 | Mem:0.00M, Peak:0.00M | Scene, ViewLayer | Synchronizing object | ENV_leaf_948
Fra:194 Mem:214.46M (Peak 214.46M) | Time:00:00.31 | Mem:0.00M, Peak:0.00M | Scene, ViewLayer | Synchronizing object | ENV_leaf_947
Fra:194 Mem:214.46M (Peak 214.46M) | Time:00:00.31 | Mem:0.00M, Peak:0.00M | Scene, ViewLayer | Synchronizing object | ENV_leaf_946
Fra:194 Mem:214.46M (Peak 214.46M) | Time:00:00.31 | Mem:0.00M, Peak:0.00M | Scene, ViewLayer | Synchronizing object | ENV_leaf_945
Fra:194 Mem:214.47M (Peak 214.47M) | Time:00:00.31 | Mem:0.00M, Peak:0.00M | Scene, ViewLayer | Synchronizing object | ENV_leaf_944
Fra:194 Mem:214.47M (Peak 214.47M) | Time:00:00.31 | Mem:0.00M, Peak:0.00M | Scene, ViewLayer | Synchronizing object | ENV_leaf_943
Fra:194 Mem:214.48M (Peak 214.48M) | Time:00:00.31 | Mem:0.00M, Peak:0.00M | Scene, ViewLayer | Synchronizing object | ENV_leaf_942
Fra:194 Mem:214.53M (Peak 214.53M) | Time:00:00.31 | Mem:0.00M, Peak:0.00M | Scene, ViewLayer | Synchronizing object | ENV_leaf_941
Fra:194 Mem:214.53M (Peak 214.53M) | Time:00:00.31 | Mem:0.00M, Peak:0.00M | Scene, ViewLayer | Synchronizing object | ENV_leaf_940
Fra:194 Mem:214.54M (Peak 214.54M) | Time:00:00.31 | Mem:0.00M, Peak:0.00M | Scene, ViewLayer | Synchronizing object | ENV_leaf_939
Fra:194 Mem:214.56M (Peak 214.56M) | Time:00:00.31 | Mem:0.00M, Peak:0.00M | Scene, ViewLayer | Synchronizing object | ENV_leaf_938
Fra:194 Mem:214.61M (Peak 214.61M) | Time:00:00.31 | Mem:0.00M, Peak:0.00M | Scene, ViewLayer | Synchronizing object | ENV_leaf_937
Fra:194 Mem:214.61M (Peak 214.61M) | Time:00:00.31 | Mem:0.00M, Peak:0.00M | Scene, ViewLayer | Synchronizing object | ENV_leaf_936
Fra:194 Mem:214.57M (Peak 214.61M) | Time:00:00.31 | Mem:0.00M, Peak:0.00M | Scene, ViewLayer | Synchronizing object | ENV_fern_19
Fra:194 Mem:214.64M (Peak 214.64M) | Time:00:00.31 | Mem:0.00M, Peak:0.00M | Scene, ViewLayer | Synchronizing object | ENV_leaf_935
Fra:194 Mem:214.77M (Peak 214.77M) | Time:00:00.31 | Mem:0.00M, Peak:0.00M | Scene, ViewLayer | Synchronizing object | ENV_leaf_934
Fra:194 Mem:214.81M (Peak 214.81M) | Time:00:00.31 | Mem:0.00M, Peak:0.00M | Scene, ViewLayer | Synchronizing object | ENV_leaf_933
Fra:194 Mem:214.87M (Peak 214.87M) | Time:00:00.31 | Mem:0.00M, Peak:0.00M | Scene, ViewLayer | Synchronizing object | ENV_leaf_932
Fra:194 Mem:214.88M (Peak 214.88M) | Time:00:00.31 | Mem:0.00M, Peak:0.00M | Scene, ViewLayer | Synchronizing object | ENV_leaf_931
Fra:194 Mem:214.96M (Peak 214.96M) | Time:00:00.31 | Mem:0.00M, Peak:0.00M | Scene, ViewLayer | Synchronizing object | ENV_leaf_930
Fra:194 Mem:214.97M (Peak 214.97M) | Time:00:00.31 | Mem:0.00M, Peak:0.00M | Scene, ViewLayer | Synchronizing object | ENV_leaf_929
Fra:194 Mem:214.99M (Peak 214.99M) | Time:00:00.31 | Mem:0.00M, Peak:0.00M | Scene, ViewLayer | Synchronizing object | ENV_leaf_928
Fra:194 Mem:215.05M (Peak 215.05M) | Time:00:00.31 | Mem:0.00M, Peak:0.00M | Scene, ViewLayer | Synchronizing object | ENV_leaf_927
Fra:194 Mem:215.06M (Peak 215.06M) | Time:00:00.31 | Mem:0.00M, Peak:0.00M | Scene, ViewLayer | Synchronizing object | ENV_leaf_926
Fra:194 Mem:215.06M (Peak 215.06M) | Time:00:00.31 | Mem:0.00M, Peak:0.00M | Scene, ViewLayer | Synchronizing object | ENV_leaf_925
Fra:194 Mem:215.06M (Peak 215.06M) | Time:00:00.31 | Mem:0.00M, Peak:0.00M | Scene, ViewLayer | Synchronizing object | ENV_leaf_924
Fra:194 Mem:215.07M (Peak 215.07M) | Time:00:00.31 | Mem:0.00M, Peak:0.00M | Scene, ViewLayer | Synchronizing object | ENV_leaf_923
Fra:194 Mem:215.07M (Peak 215.07M) | Time:00:00.31 | Mem:0.00M, Peak:0.00M | Scene, ViewLayer | Synchronizing object | ENV_leaf_922
Fra:194 Mem:215.08M (Peak 215.08M) | Time:00:00.31 | Mem:0.00M, Peak:0.00M | Scene, ViewLayer | Synchronizing object | ENV_leaf_921
Fra:194 Mem:215.07M (Peak 215.08M) | Time:00:00.31 | Mem:0.00M, Peak:0.00M | Scene, ViewLayer | Synchronizing object | ENV_leaf_920
Fra:194 Mem:215.07M (Peak 215.08M) | Time:00:00.31 | Mem:0.00M, Peak:0.00M | Scene, ViewLayer | Synchronizing object | ENV_leaf_919
Fra:194 Mem:215.07M (Peak 215.08M) | Time:00:00.31 | Mem:0.00M, Peak:0.00M | Scene, ViewLayer | Synchronizing object | ENV_leaf_918
Fra:194 Mem:215.08M (Peak 215.08M) | Time:00:00.31 | Mem:0.00M, Peak:0.00M | Scene, ViewLayer | Synchronizing object | ENV_leaf_917
Fra:194 Mem:215.08M (Peak 215.08M) | Time:00:00.31 | Mem:0.00M, Peak:0.00M | Scene, ViewLayer | Synchronizing object | ENV_leaf_916
Fra:194 Mem:215.09M (Peak 215.09M) | Time:00:00.31 | Mem:0.00M, Peak:0.00M | Scene, ViewLayer | Synchronizing object | ENV_leaf_915
Fra:194 Mem:215.09M (Peak 215.09M) | Time:00:00.31 | Mem:0.00M, Peak:0.00M | Scene, ViewLayer | Synchronizing object | ENV_leaf_914
Fra:194 Mem:215.09M (Peak 215.09M) | Time:00:00.31 | Mem:0.00M, Peak:0.00M | Scene, ViewLayer | Synchronizing object | ENV_leaf_913
Fra:194 Mem:215.10M (Peak 215.10M) | Time:00:00.31 | Mem:0.00M, Peak:0.00M | Scene, ViewLayer | Synchronizing object | ENV_leaf_912
Fra:194 Mem:215.10M (Peak 215.10M) | Time:00:00.31 | Mem:0.00M, Peak:0.00M | Scene, ViewLayer | Synchronizing object | ENV_leaf_911
Fra:194 Mem:215.11M (Peak 215.11M) | Time:00:00.31 | Mem:0.00M, Peak:0.00M | Scene, ViewLayer | Synchronizing object | ENV_leaf_910
Fra:194 Mem:215.11M (Peak 215.11M) | Time:00:00.31 | Mem:0.00M, Peak:0.00M | Scene, ViewLayer | Synchronizing object | ENV_leaf_909
Fra:194 Mem:215.11M (Peak 215.11M) | Time:00:00.31 | Mem:0.00M, Peak:0.00M | Scene, ViewLayer | Synchronizing object | ENV_leaf_908
Fra:194 Mem:215.12M (Peak 215.12M) | Time:00:00.31 | Mem:0.00M, Peak:0.00M | Scene, ViewLayer | Synchronizing object | ENV_leaf_907
Fra:194 Mem:215.12M (Peak 215.12M) | Time:00:00.31 | Mem:0.00M, Peak:0.00M | Scene, ViewLayer | Synchronizing object | ENV_leaf_906
Fra:194 Mem:215.19M (Peak 215.19M) | Time:00:00.31 | Mem:0.00M, Peak:0.00M | Scene, ViewLayer | Synchronizing object | ENV_leaf_905
Fra:194 Mem:215.19M (Peak 215.19M) | Time:00:00.31 | Mem:0.00M, Peak:0.00M | Scene, ViewLayer | Synchronizing object | ENV_leaf_904
Fra:194 Mem:215.20M (Peak 215.20M) | Time:00:00.31 | Mem:0.00M, Peak:0.00M | Scene, ViewLayer | Synchronizing object | ENV_leaf_903
Fra:194 Mem:215.22M (Peak 215.22M) | Time:00:00.31 | Mem:0.00M, Peak:0.00M | Scene, ViewLayer | Synchronizing object | ENV_leaf_902
Fra:194 Mem:215.23M (Peak 215.23M) | Time:00:00.31 | Mem:0.00M, Peak:0.00M | Scene, ViewLayer | Synchronizing object | ENV_leaf_901
Fra:194 Mem:215.29M (Peak 215.29M) | Time:00:00.31 | Mem:0.00M, Peak:0.00M | Scene, ViewLayer | Synchronizing object | ENV_leaf_900
Fra:194 Mem:215.30M (Peak 215.30M) | Time:00:00.31 | Mem:0.00M, Peak:0.00M | Scene, ViewLayer | Synchronizing object | ENV_leaf_899
Fra:194 Mem:215.30M (Peak 215.30M) | Time:00:00.31 | Mem:0.00M, Peak:0.00M | Scene, ViewLayer | Synchronizing object | ENV_leaf_898
Fra:194 Mem:215.24M (Peak 215.30M) | Time:00:00.31 | Mem:0.00M, Peak:0.00M | Scene, ViewLayer | Synchronizing object | ENV_fern_20
Fra:194 Mem:215.33M (Peak 215.33M) | Time:00:00.31 | Mem:0.00M, Peak:0.00M | Scene, ViewLayer | Synchronizing object | ENV_leaf_897
Fra:194 Mem:215.33M (Peak 215.33M) | Time:00:00.31 | Mem:0.00M, Peak:0.00M | Scene, ViewLayer | Synchronizing object | ENV_leaf_896
Fra:194 Mem:215.53M (Peak 215.53M) | Time:00:00.31 | Mem:0.00M, Peak:0.00M | Scene, ViewLayer | Synchronizing object | ENV_leaf_895
Fra:194 Mem:215.54M (Peak 215.54M) | Time:00:00.31 | Mem:0.00M, Peak:0.00M | Scene, ViewLayer | Synchronizing object | ENV_leaf_894
Fra:194 Mem:215.62M (Peak 215.62M) | Time:00:00.31 | Mem:0.00M, Peak:0.00M | Scene, ViewLayer | Synchronizing object | ENV_leaf_893
Fra:194 Mem:215.62M (Peak 215.62M) | Time:00:00.31 | Mem:0.00M, Peak:0.00M | Scene, ViewLayer | Synchronizing object | ENV_leaf_892
Fra:194 Mem:215.63M (Peak 215.63M) | Time:00:00.31 | Mem:0.00M, Peak:0.00M | Scene, ViewLayer | Synchronizing object | ENV_leaf_891
Fra:194 Mem:215.73M (Peak 215.73M) | Time:00:00.31 | Mem:0.00M, Peak:0.00M | Scene, ViewLayer | Synchronizing object | ENV_leaf_890
Fra:194 Mem:215.74M (Peak 215.74M) | Time:00:00.31 | Mem:0.00M, Peak:0.00M | Scene, ViewLayer | Synchronizing object | ENV_leaf_889
Fra:194 Mem:215.74M (Peak 215.74M) | Time:00:00.31 | Mem:0.00M, Peak:0.00M | Scene, ViewLayer | Synchronizing object | ENV_leaf_888
Fra:194 Mem:215.76M (Peak 215.76M) | Time:00:00.31 | Mem:0.00M, Peak:0.00M | Scene, ViewLayer | Synchronizing object | ENV_leaf_887
Fra:194 Mem:215.84M (Peak 215.84M) | Time:00:00.31 | Mem:0.00M, Peak:0.00M | Scene, ViewLayer | Synchronizing object | ENV_leaf_886
Fra:194 Mem:215.85M (Peak 215.85M) | Time:00:00.31 | Mem:0.00M, Peak:0.00M | Scene, ViewLayer | Synchronizing object | ENV_leaf_885
Fra:194 Mem:215.85M (Peak 215.85M) | Time:00:00.31 | Mem:0.00M, Peak:0.00M | Scene, ViewLayer | Synchronizing object | ENV_leaf_884
Fra:194 Mem:215.85M (Peak 215.85M) | Time:00:00.31 | Mem:0.00M, Peak:0.00M | Scene, ViewLayer | Synchronizing object | ENV_leaf_883
Fra:194 Mem:215.86M (Peak 215.86M) | Time:00:00.31 | Mem:0.00M, Peak:0.00M | Scene, ViewLayer | Synchronizing object | ENV_leaf_882
Fra:194 Mem:215.86M (Peak 215.86M) | Time:00:00.31 | Mem:0.00M, Peak:0.00M | Scene, ViewLayer | Synchronizing object | ENV_leaf_881
Fra:194 Mem:215.87M (Peak 215.87M) | Time:00:00.31 | Mem:0.00M, Peak:0.00M | Scene, ViewLayer | Synchronizing object | ENV_leaf_880
Fra:194 Mem:215.85M (Peak 215.87M) | Time:00:00.31 | Mem:0.00M, Peak:0.00M | Scene, ViewLayer | Synchronizing object | ENV_leaf_879
Fra:194 Mem:215.86M (Peak 215.87M) | Time:00:00.31 | Mem:0.00M, Peak:0.00M | Scene, ViewLayer | Synchronizing object | ENV_leaf_878
Fra:194 Mem:215.86M (Peak 215.87M) | Time:00:00.31 | Mem:0.00M, Peak:0.00M | Scene, ViewLayer | Synchronizing object | ENV_leaf_877
Fra:194 Mem:215.86M (Peak 215.87M) | Time:00:00.31 | Mem:0.00M, Peak:0.00M | Scene, ViewLayer | Synchronizing object | ENV_leaf_876
Fra:194 Mem:215.87M (Peak 215.87M) | Time:00:00.31 | Mem:0.00M, Peak:0.00M | Scene, ViewLayer | Synchronizing object | ENV_leaf_875
Fra:194 Mem:215.87M (Peak 215.87M) | Time:00:00.31 | Mem:0.00M, Peak:0.00M | Scene, ViewLayer | Synchronizing object | ENV_leaf_874
Fra:194 Mem:215.88M (Peak 215.88M) | Time:00:00.31 | Mem:0.00M, Peak:0.00M | Scene, ViewLayer | Synchronizing object | ENV_leaf_873
Fra:194 Mem:215.88M (Peak 215.88M) | Time:00:00.31 | Mem:0.00M, Peak:0.00M | Scene, ViewLayer | Synchronizing object | ENV_leaf_872
Fra:194 Mem:215.88M (Peak 215.88M) | Time:00:00.31 | Mem:0.00M, Peak:0.00M | Scene, ViewLayer | Synchronizing object | ENV_leaf_871
Fra:194 Mem:215.89M (Peak 215.89M) | Time:00:00.31 | Mem:0.00M, Peak:0.00M | Scene, ViewLayer | Synchronizing object | ENV_leaf_870
Fra:194 Mem:215.89M (Peak 215.89M) | Time:00:00.31 | Mem:0.00M, Peak:0.00M | Scene, ViewLayer | Synchronizing object | ENV_leaf_869
Fra:194 Mem:215.90M (Peak 215.90M) | Time:00:00.31 | Mem:0.00M, Peak:0.00M | Scene, ViewLayer | Synchronizing object | ENV_leaf_868
Fra:194 Mem:215.90M (Peak 215.90M) | Time:00:00.31 | Mem:0.00M, Peak:0.00M | Scene, ViewLayer | Synchronizing object | ENV_leaf_867
Fra:194 Mem:215.90M (Peak 215.90M) | Time:00:00.31 | Mem:0.00M, Peak:0.00M | Scene, ViewLayer | Synchronizing object | ENV_leaf_866
Fra:194 Mem:215.91M (Peak 215.91M) | Time:00:00.31 | Mem:0.00M, Peak:0.00M | Scene, ViewLayer | Synchronizing object | ENV_leaf_865
Fra:194 Mem:215.91M (Peak 215.91M) | Time:00:00.31 | Mem:0.00M, Peak:0.00M | Scene, ViewLayer | Synchronizing object | ENV_leaf_864
Fra:194 Mem:215.92M (Peak 215.92M) | Time:00:00.31 | Mem:0.00M, Peak:0.00M | Scene, ViewLayer | Synchronizing object | ENV_leaf_863
Fra:194 Mem:215.92M (Peak 215.92M) | Time:00:00.31 | Mem:0.00M, Peak:0.00M | Scene, ViewLayer | Synchronizing object | ENV_leaf_862
Fra:194 Mem:215.92M (Peak 215.92M) | Time:00:00.31 | Mem:0.00M, Peak:0.00M | Scene, ViewLayer | Synchronizing object | ENV_leaf_861
Fra:194 Mem:216.00M (Peak 216.00M) | Time:00:00.31 | Mem:0.00M, Peak:0.00M | Scene, ViewLayer | Synchronizing object | ENV_leaf_860
Fra:194 Mem:216.01M (Peak 216.01M) | Time:00:00.31 | Mem:0.00M, Peak:0.00M | Scene, ViewLayer | Synchronizing object | ENV_leaf_859
Fra:194 Mem:216.01M (Peak 216.01M) | Time:00:00.31 | Mem:0.00M, Peak:0.00M | Scene, ViewLayer | Synchronizing object | ENV_leaf_858
Fra:194 Mem:216.02M (Peak 216.02M) | Time:00:00.31 | Mem:0.00M, Peak:0.00M | Scene, ViewLayer | Synchronizing object | ENV_leaf_857
Fra:194 Mem:216.05M (Peak 216.05M) | Time:00:00.31 | Mem:0.00M, Peak:0.00M | Scene, ViewLayer | Synchronizing object | ENV_leaf_856
Fra:194 Mem:216.05M (Peak 216.05M) | Time:00:00.31 | Mem:0.00M, Peak:0.00M | Scene, ViewLayer | Synchronizing object | ENV_leaf_855
Fra:194 Mem:216.13M (Peak 216.13M) | Time:00:00.31 | Mem:0.00M, Peak:0.00M | Scene, ViewLayer | Synchronizing object | ENV_leaf_854
Fra:194 Mem:216.14M (Peak 216.14M) | Time:00:00.31 | Mem:0.00M, Peak:0.00M | Scene, ViewLayer | Synchronizing object | ENV_leaf_853
Fra:194 Mem:216.14M (Peak 216.14M) | Time:00:00.31 | Mem:0.00M, Peak:0.00M | Scene, ViewLayer | Synchronizing object | ENV_leaf_852
Fra:194 Mem:216.15M (Peak 216.15M) | Time:00:00.31 | Mem:0.00M, Peak:0.00M | Scene, ViewLayer | Synchronizing object | ENV_leaf_851
Fra:194 Mem:216.07M (Peak 216.15M) | Time:00:00.31 | Mem:0.00M, Peak:0.00M | Scene, ViewLayer | Synchronizing object | ENV_fern_21
Fra:194 Mem:216.13M (Peak 216.15M) | Time:00:00.31 | Mem:0.00M, Peak:0.00M | Scene, ViewLayer | Synchronizing object | ENV_leaf_850
Fra:194 Mem:216.30M (Peak 216.30M) | Time:00:00.31 | Mem:0.00M, Peak:0.00M | Scene, ViewLayer | Synchronizing object | ENV_leaf_849
Fra:194 Mem:216.34M (Peak 216.34M) | Time:00:00.31 | Mem:0.00M, Peak:0.00M | Scene, ViewLayer | Synchronizing object | ENV_leaf_848
Fra:194 Mem:216.37M (Peak 216.37M) | Time:00:00.31 | Mem:0.00M, Peak:0.00M | Scene, ViewLayer | Synchronizing object | ENV_leaf_847
Fra:194 Mem:216.39M (Peak 216.39M) | Time:00:00.31 | Mem:0.00M, Peak:0.00M | Scene, ViewLayer | Synchronizing object | ENV_leaf_846
Fra:194 Mem:216.44M (Peak 216.44M) | Time:00:00.31 | Mem:0.00M, Peak:0.00M | Scene, ViewLayer | Synchronizing object | ENV_leaf_845
Fra:194 Mem:216.44M (Peak 216.44M) | Time:00:00.31 | Mem:0.00M, Peak:0.00M | Scene, ViewLayer | Synchronizing object | ENV_leaf_844
Fra:194 Mem:216.45M (Peak 216.45M) | Time:00:00.31 | Mem:0.00M, Peak:0.00M | Scene, ViewLayer | Synchronizing object | ENV_leaf_843
Fra:194 Mem:216.45M (Peak 216.45M) | Time:00:00.31 | Mem:0.00M, Peak:0.00M | Scene, ViewLayer | Synchronizing object | ENV_leaf_842
Fra:194 Mem:216.44M (Peak 216.45M) | Time:00:00.31 | Mem:0.00M, Peak:0.00M | Scene, ViewLayer | Synchronizing object | ENV_leaf_841
Fra:194 Mem:216.45M (Peak 216.45M) | Time:00:00.31 | Mem:0.00M, Peak:0.00M | Scene, ViewLayer | Synchronizing object | ENV_leaf_840
Fra:194 Mem:216.45M (Peak 216.45M) | Time:00:00.31 | Mem:0.00M, Peak:0.00M | Scene, ViewLayer | Synchronizing object | ENV_leaf_839
Fra:194 Mem:216.46M (Peak 216.46M) | Time:00:00.31 | Mem:0.00M, Peak:0.00M | Scene, ViewLayer | Synchronizing object | ENV_leaf_838
Fra:194 Mem:216.46M (Peak 216.46M) | Time:00:00.31 | Mem:0.00M, Peak:0.00M | Scene, ViewLayer | Synchronizing object | ENV_leaf_837
Fra:194 Mem:216.46M (Peak 216.46M) | Time:00:00.31 | Mem:0.00M, Peak:0.00M | Scene, ViewLayer | Synchronizing object | ENV_leaf_836
Fra:194 Mem:216.47M (Peak 216.47M) | Time:00:00.31 | Mem:0.00M, Peak:0.00M | Scene, ViewLayer | Synchronizing object | ENV_leaf_835
Fra:194 Mem:216.47M (Peak 216.47M) | Time:00:00.31 | Mem:0.00M, Peak:0.00M | Scene, ViewLayer | Synchronizing object | ENV_leaf_834
Fra:194 Mem:216.48M (Peak 216.48M) | Time:00:00.31 | Mem:0.00M, Peak:0.00M | Scene, ViewLayer | Synchronizing object | ENV_leaf_833
Fra:194 Mem:216.48M (Peak 216.48M) | Time:00:00.31 | Mem:0.00M, Peak:0.00M | Scene, ViewLayer | Synchronizing object | ENV_leaf_832
Fra:194 Mem:216.49M (Peak 216.49M) | Time:00:00.31 | Mem:0.00M, Peak:0.00M | Scene, ViewLayer | Synchronizing object | ENV_leaf_831
Fra:194 Mem:216.49M (Peak 216.49M) | Time:00:00.31 | Mem:0.00M, Peak:0.00M | Scene, ViewLayer | Synchronizing object | ENV_leaf_830
Fra:194 Mem:216.54M (Peak 216.54M) | Time:00:00.31 | Mem:0.00M, Peak:0.00M | Scene, ViewLayer | Synchronizing object | ENV_leaf_829
Fra:194 Mem:216.54M (Peak 216.54M) | Time:00:00.31 | Mem:0.00M, Peak:0.00M | Scene, ViewLayer | Synchronizing object | ENV_leaf_828
Fra:194 Mem:216.57M (Peak 216.57M) | Time:00:00.31 | Mem:0.00M, Peak:0.00M | Scene, ViewLayer | Synchronizing object | ENV_leaf_827
Fra:194 Mem:216.62M (Peak 216.62M) | Time:00:00.31 | Mem:0.00M, Peak:0.00M | Scene, ViewLayer | Synchronizing object | ENV_leaf_826
Fra:194 Mem:216.62M (Peak 216.62M) | Time:00:00.31 | Mem:0.00M, Peak:0.00M | Scene, ViewLayer | Synchronizing object | ENV_leaf_825
Fra:194 Mem:216.63M (Peak 216.63M) | Time:00:00.31 | Mem:0.00M, Peak:0.00M | Scene, ViewLayer | Synchronizing object | ENV_leaf_824
Fra:194 Mem:216.58M (Peak 216.63M) | Time:00:00.31 | Mem:0.00M, Peak:0.00M | Scene, ViewLayer | Synchronizing object | ENV_fern_22
Fra:194 Mem:216.65M (Peak 216.65M) | Time:00:00.31 | Mem:0.00M, Peak:0.00M | Scene, ViewLayer | Synchronizing object | ENV_leaf_823
Fra:194 Mem:216.66M (Peak 216.66M) | Time:00:00.31 | Mem:0.00M, Peak:0.00M | Scene, ViewLayer | Synchronizing object | ENV_leaf_822
Fra:194 Mem:216.82M (Peak 216.82M) | Time:00:00.31 | Mem:0.00M, Peak:0.00M | Scene, ViewLayer | Synchronizing object | ENV_leaf_821
Fra:194 Mem:216.89M (Peak 216.89M) | Time:00:00.31 | Mem:0.00M, Peak:0.00M | Scene, ViewLayer | Synchronizing object | ENV_leaf_820
Fra:194 Mem:216.89M (Peak 216.89M) | Time:00:00.31 | Mem:0.00M, Peak:0.00M | Scene, ViewLayer | Synchronizing object | ENV_leaf_819
Fra:194 Mem:216.98M (Peak 216.98M) | Time:00:00.31 | Mem:0.00M, Peak:0.00M | Scene, ViewLayer | Synchronizing object | ENV_leaf_818
Fra:194 Mem:216.98M (Peak 216.98M) | Time:00:00.31 | Mem:0.00M, Peak:0.00M | Scene, ViewLayer | Synchronizing object | ENV_leaf_817
Fra:194 Mem:217.00M (Peak 217.00M) | Time:00:00.31 | Mem:0.00M, Peak:0.00M | Scene, ViewLayer | Synchronizing object | ENV_leaf_816
Fra:194 Mem:217.07M (Peak 217.07M) | Time:00:00.31 | Mem:0.00M, Peak:0.00M | Scene, ViewLayer | Synchronizing object | ENV_leaf_815
Fra:194 Mem:217.07M (Peak 217.07M) | Time:00:00.31 | Mem:0.00M, Peak:0.00M | Scene, ViewLayer | Synchronizing object | ENV_leaf_814
Fra:194 Mem:217.07M (Peak 217.07M) | Time:00:00.31 | Mem:0.00M, Peak:0.00M | Scene, ViewLayer | Synchronizing object | ENV_leaf_813
Fra:194 Mem:217.08M (Peak 217.08M) | Time:00:00.31 | Mem:0.00M, Peak:0.00M | Scene, ViewLayer | Synchronizing object | ENV_leaf_812
Fra:194 Mem:217.08M (Peak 217.08M) | Time:00:00.31 | Mem:0.00M, Peak:0.00M | Scene, ViewLayer | Synchronizing object | ENV_leaf_811
Fra:194 Mem:217.09M (Peak 217.09M) | Time:00:00.31 | Mem:0.00M, Peak:0.00M | Scene, ViewLayer | Synchronizing object | ENV_leaf_810
Fra:194 Mem:217.09M (Peak 217.09M) | Time:00:00.31 | Mem:0.00M, Peak:0.00M | Scene, ViewLayer | Synchronizing object | ENV_leaf_809
Fra:194 Mem:217.08M (Peak 217.09M) | Time:00:00.31 | Mem:0.00M, Peak:0.00M | Scene, ViewLayer | Synchronizing object | ENV_leaf_808
Fra:194 Mem:217.08M (Peak 217.09M) | Time:00:00.31 | Mem:0.00M, Peak:0.00M | Scene, ViewLayer | Synchronizing object | ENV_leaf_807
Fra:194 Mem:217.09M (Peak 217.09M) | Time:00:00.31 | Mem:0.00M, Peak:0.00M | Scene, ViewLayer | Synchronizing object | ENV_leaf_806
Fra:194 Mem:217.09M (Peak 217.09M) | Time:00:00.31 | Mem:0.00M, Peak:0.00M | Scene, ViewLayer | Synchronizing object | ENV_leaf_805
Fra:194 Mem:217.09M (Peak 217.09M) | Time:00:00.31 | Mem:0.00M, Peak:0.00M | Scene, ViewLayer | Synchronizing object | ENV_leaf_804
Fra:194 Mem:217.10M (Peak 217.10M) | Time:00:00.31 | Mem:0.00M, Peak:0.00M | Scene, ViewLayer | Synchronizing object | ENV_leaf_803
Fra:194 Mem:217.10M (Peak 217.10M) | Time:00:00.31 | Mem:0.00M, Peak:0.00M | Scene, ViewLayer | Synchronizing object | ENV_leaf_802
Fra:194 Mem:217.11M (Peak 217.11M) | Time:00:00.31 | Mem:0.00M, Peak:0.00M | Scene, ViewLayer | Synchronizing object | ENV_leaf_801
Fra:194 Mem:217.11M (Peak 217.11M) | Time:00:00.31 | Mem:0.00M, Peak:0.00M | Scene, ViewLayer | Synchronizing object | ENV_leaf_800
Fra:194 Mem:217.12M (Peak 217.12M) | Time:00:00.31 | Mem:0.00M, Peak:0.00M | Scene, ViewLayer | Synchronizing object | ENV_leaf_799
Fra:194 Mem:217.12M (Peak 217.12M) | Time:00:00.31 | Mem:0.00M, Peak:0.00M | Scene, ViewLayer | Synchronizing object | ENV_leaf_798
Fra:194 Mem:217.12M (Peak 217.12M) | Time:00:00.31 | Mem:0.00M, Peak:0.00M | Scene, ViewLayer | Synchronizing object | ENV_leaf_797
Fra:194 Mem:217.13M (Peak 217.13M) | Time:00:00.31 | Mem:0.00M, Peak:0.00M | Scene, ViewLayer | Synchronizing object | ENV_leaf_796
Fra:194 Mem:217.13M (Peak 217.13M) | Time:00:00.31 | Mem:0.00M, Peak:0.00M | Scene, ViewLayer | Synchronizing object | ENV_leaf_795
Fra:194 Mem:217.20M (Peak 217.20M) | Time:00:00.31 | Mem:0.00M, Peak:0.00M | Scene, ViewLayer | Synchronizing object | ENV_leaf_794
Fra:194 Mem:217.20M (Peak 217.20M) | Time:00:00.31 | Mem:0.00M, Peak:0.00M | Scene, ViewLayer | Synchronizing object | ENV_leaf_793
Fra:194 Mem:217.21M (Peak 217.21M) | Time:00:00.31 | Mem:0.00M, Peak:0.00M | Scene, ViewLayer | Synchronizing object | ENV_leaf_792
Fra:194 Mem:217.21M (Peak 217.21M) | Time:00:00.31 | Mem:0.00M, Peak:0.00M | Scene, ViewLayer | Synchronizing object | ENV_leaf_791
Fra:194 Mem:217.24M (Peak 217.24M) | Time:00:00.31 | Mem:0.00M, Peak:0.00M | Scene, ViewLayer | Synchronizing object | ENV_leaf_790
Fra:194 Mem:217.24M (Peak 217.24M) | Time:00:00.31 | Mem:0.00M, Peak:0.00M | Scene, ViewLayer | Synchronizing object | ENV_leaf_789
Fra:194 Mem:217.31M (Peak 217.31M) | Time:00:00.31 | Mem:0.00M, Peak:0.00M | Scene, ViewLayer | Synchronizing object | ENV_leaf_788
Fra:194 Mem:217.31M (Peak 217.31M) | Time:00:00.31 | Mem:0.00M, Peak:0.00M | Scene, ViewLayer | Synchronizing object | ENV_leaf_787
Fra:194 Mem:217.25M (Peak 217.31M) | Time:00:00.31 | Mem:0.00M, Peak:0.00M | Scene, ViewLayer | Synchronizing object | ENV_leaf_786
Fra:194 Mem:217.26M (Peak 217.31M) | Time:00:00.31 | Mem:0.00M, Peak:0.00M | Scene, ViewLayer | Synchronizing object | ENV_fern_23
Fra:194 Mem:217.26M (Peak 217.31M) | Time:00:00.31 | Mem:0.00M, Peak:0.00M | Scene, ViewLayer | Synchronizing object | ENV_leaf_785
Fra:194 Mem:217.35M (Peak 217.35M) | Time:00:00.31 | Mem:0.00M, Peak:0.00M | Scene, ViewLayer | Synchronizing object | ENV_leaf_784
Fra:194 Mem:217.35M (Peak 217.35M) | Time:00:00.31 | Mem:0.00M, Peak:0.00M | Scene, ViewLayer | Synchronizing object | ENV_leaf_783
Fra:194 Mem:217.35M (Peak 217.35M) | Time:00:00.31 | Mem:0.00M, Peak:0.00M | Scene, ViewLayer | Synchronizing object | ENV_leaf_782
Fra:194 Mem:217.56M (Peak 217.56M) | Time:00:00.31 | Mem:0.00M, Peak:0.00M | Scene, ViewLayer | Synchronizing object | ENV_leaf_781
Fra:194 Mem:217.64M (Peak 217.64M) | Time:00:00.31 | Mem:0.00M, Peak:0.00M | Scene, ViewLayer | Synchronizing object | ENV_leaf_780
Fra:194 Mem:217.64M (Peak 217.64M) | Time:00:00.31 | Mem:0.00M, Peak:0.00M | Scene, ViewLayer | Synchronizing object | ENV_leaf_779
Fra:194 Mem:217.64M (Peak 217.64M) | Time:00:00.31 | Mem:0.00M, Peak:0.00M | Scene, ViewLayer | Synchronizing object | ENV_leaf_778
Fra:194 Mem:217.75M (Peak 217.75M) | Time:00:00.31 | Mem:0.00M, Peak:0.00M | Scene, ViewLayer | Synchronizing object | ENV_leaf_777
Fra:194 Mem:217.75M (Peak 217.75M) | Time:00:00.31 | Mem:0.00M, Peak:0.00M | Scene, ViewLayer | Synchronizing object | ENV_leaf_776
Fra:194 Mem:217.76M (Peak 217.76M) | Time:00:00.31 | Mem:0.00M, Peak:0.00M | Scene, ViewLayer | Synchronizing object | ENV_leaf_775
Fra:194 Mem:217.76M (Peak 217.76M) | Time:00:00.31 | Mem:0.00M, Peak:0.00M | Scene, ViewLayer | Synchronizing object | ENV_leaf_774
Fra:194 Mem:217.78M (Peak 217.78M) | Time:00:00.31 | Mem:0.00M, Peak:0.00M | Scene, ViewLayer | Synchronizing object | ENV_leaf_773
Fra:194 Mem:217.86M (Peak 217.86M) | Time:00:00.31 | Mem:0.00M, Peak:0.00M | Scene, ViewLayer | Synchronizing object | ENV_leaf_772
Fra:194 Mem:217.87M (Peak 217.87M) | Time:00:00.31 | Mem:0.00M, Peak:0.00M | Scene, ViewLayer | Synchronizing object | ENV_leaf_771
Fra:194 Mem:217.87M (Peak 217.87M) | Time:00:00.31 | Mem:0.00M, Peak:0.00M | Scene, ViewLayer | Synchronizing object | ENV_leaf_770
Fra:194 Mem:217.88M (Peak 217.88M) | Time:00:00.31 | Mem:0.00M, Peak:0.00M | Scene, ViewLayer | Synchronizing object | ENV_leaf_769
Fra:194 Mem:217.88M (Peak 217.88M) | Time:00:00.31 | Mem:0.00M, Peak:0.00M | Scene, ViewLayer | Synchronizing object | ENV_leaf_768
Fra:194 Mem:217.88M (Peak 217.88M) | Time:00:00.31 | Mem:0.00M, Peak:0.00M | Scene, ViewLayer | Synchronizing object | ENV_leaf_767
Fra:194 Mem:217.89M (Peak 217.89M) | Time:00:00.31 | Mem:0.00M, Peak:0.00M | Scene, ViewLayer | Synchronizing object | ENV_leaf_766
Fra:194 Mem:217.89M (Peak 217.89M) | Time:00:00.31 | Mem:0.00M, Peak:0.00M | Scene, ViewLayer | Synchronizing object | ENV_leaf_765
Fra:194 Mem:217.88M (Peak 217.89M) | Time:00:00.31 | Mem:0.00M, Peak:0.00M | Scene, ViewLayer | Synchronizing object | ENV_leaf_764
Fra:194 Mem:217.88M (Peak 217.89M) | Time:00:00.31 | Mem:0.00M, Peak:0.00M | Scene, ViewLayer | Synchronizing object | ENV_leaf_763
Fra:194 Mem:217.89M (Peak 217.89M) | Time:00:00.31 | Mem:0.00M, Peak:0.00M | Scene, ViewLayer | Synchronizing object | ENV_leaf_762
Fra:194 Mem:217.89M (Peak 217.89M) | Time:00:00.31 | Mem:0.00M, Peak:0.00M | Scene, ViewLayer | Synchronizing object | ENV_leaf_761
Fra:194 Mem:217.89M (Peak 217.89M) | Time:00:00.31 | Mem:0.00M, Peak:0.00M | Scene, ViewLayer | Synchronizing object | ENV_leaf_760
Fra:194 Mem:217.90M (Peak 217.90M) | Time:00:00.31 | Mem:0.00M, Peak:0.00M | Scene, ViewLayer | Synchronizing object | ENV_leaf_759
Fra:194 Mem:217.90M (Peak 217.90M) | Time:00:00.31 | Mem:0.00M, Peak:0.00M | Scene, ViewLayer | Synchronizing object | ENV_leaf_758
Fra:194 Mem:217.91M (Peak 217.91M) | Time:00:00.31 | Mem:0.00M, Peak:0.00M | Scene, ViewLayer | Synchronizing object | ENV_leaf_757
Fra:194 Mem:217.91M (Peak 217.91M) | Time:00:00.31 | Mem:0.00M, Peak:0.00M | Scene, ViewLayer | Synchronizing object | ENV_leaf_756
Fra:194 Mem:217.91M (Peak 217.91M) | Time:00:00.31 | Mem:0.00M, Peak:0.00M | Scene, ViewLayer | Synchronizing object | ENV_leaf_755
Fra:194 Mem:217.92M (Peak 217.92M) | Time:00:00.31 | Mem:0.00M, Peak:0.00M | Scene, ViewLayer | Synchronizing object | ENV_leaf_754
Fra:194 Mem:217.92M (Peak 217.92M) | Time:00:00.31 | Mem:0.00M, Peak:0.00M | Scene, ViewLayer | Synchronizing object | ENV_leaf_753
Fra:194 Mem:217.93M (Peak 217.93M) | Time:00:00.31 | Mem:0.00M, Peak:0.00M | Scene, ViewLayer | Synchronizing object | ENV_leaf_752
Fra:194 Mem:217.93M (Peak 217.93M) | Time:00:00.31 | Mem:0.00M, Peak:0.00M | Scene, ViewLayer | Synchronizing object | ENV_leaf_751
Fra:194 Mem:217.93M (Peak 217.93M) | Time:00:00.31 | Mem:0.00M, Peak:0.00M | Scene, ViewLayer | Synchronizing object | ENV_leaf_750
Fra:194 Mem:217.94M (Peak 217.94M) | Time:00:00.31 | Mem:0.00M, Peak:0.00M | Scene, ViewLayer | Synchronizing object | ENV_leaf_749
Fra:194 Mem:217.94M (Peak 217.94M) | Time:00:00.31 | Mem:0.00M, Peak:0.00M | Scene, ViewLayer | Synchronizing object | ENV_leaf_748
Fra:194 Mem:217.95M (Peak 217.95M) | Time:00:00.31 | Mem:0.00M, Peak:0.00M | Scene, ViewLayer | Synchronizing object | ENV_leaf_747
Fra:194 Mem:218.03M (Peak 218.03M) | Time:00:00.31 | Mem:0.00M, Peak:0.00M | Scene, ViewLayer | Synchronizing object | ENV_leaf_746
Fra:194 Mem:218.03M (Peak 218.03M) | Time:00:00.31 | Mem:0.00M, Peak:0.00M | Scene, ViewLayer | Synchronizing object | ENV_leaf_745
Fra:194 Mem:218.03M (Peak 218.03M) | Time:00:00.31 | Mem:0.00M, Peak:0.00M | Scene, ViewLayer | Synchronizing object | ENV_leaf_744
Fra:194 Mem:218.04M (Peak 218.04M) | Time:00:00.31 | Mem:0.00M, Peak:0.00M | Scene, ViewLayer | Synchronizing object | ENV_leaf_743
Fra:194 Mem:218.07M (Peak 218.07M) | Time:00:00.31 | Mem:0.00M, Peak:0.00M | Scene, ViewLayer | Synchronizing object | ENV_leaf_742
Fra:194 Mem:218.08M (Peak 218.08M) | Time:00:00.31 | Mem:0.00M, Peak:0.00M | Scene, ViewLayer | Synchronizing object | ENV_leaf_741
Fra:194 Mem:218.16M (Peak 218.16M) | Time:00:00.31 | Mem:0.00M, Peak:0.00M | Scene, ViewLayer | Synchronizing object | ENV_leaf_740
Fra:194 Mem:218.16M (Peak 218.16M) | Time:00:00.31 | Mem:0.00M, Peak:0.00M | Scene, ViewLayer | Synchronizing object | ENV_leaf_739
Fra:194 Mem:218.16M (Peak 218.16M) | Time:00:00.31 | Mem:0.00M, Peak:0.00M | Scene, ViewLayer | Synchronizing object | ENV_leaf_738
Fra:194 Mem:218.09M (Peak 218.16M) | Time:00:00.31 | Mem:0.00M, Peak:0.00M | Scene, ViewLayer | Synchronizing object | ENV_leaf_737
Fra:194 Mem:218.10M (Peak 218.16M) | Time:00:00.31 | Mem:0.00M, Peak:0.00M | Scene, ViewLayer | Synchronizing object | ENV_leaf_736
Fra:194 Mem:218.15M (Peak 218.16M) | Time:00:00.31 | Mem:0.00M, Peak:0.00M | Scene, ViewLayer | Synchronizing object | ENV_leaf_735
Fra:194 Mem:218.16M (Peak 218.16M) | Time:00:00.31 | Mem:0.00M, Peak:0.00M | Scene, ViewLayer | Synchronizing object | ENV_leaf_734
Fra:194 Mem:218.28M (Peak 218.28M) | Time:00:00.31 | Mem:0.00M, Peak:0.00M | Scene, ViewLayer | Synchronizing object | ENV_leaf_733
Fra:194 Mem:218.34M (Peak 218.34M) | Time:00:00.31 | Mem:0.00M, Peak:0.00M | Scene, ViewLayer | Synchronizing object | ENV_leaf_732
Fra:194 Mem:218.40M (Peak 218.40M) | Time:00:00.31 | Mem:0.00M, Peak:0.00M | Scene, ViewLayer | Synchronizing object | ENV_leaf_731
Fra:194 Mem:218.41M (Peak 218.41M) | Time:00:00.31 | Mem:0.00M, Peak:0.00M | Scene, ViewLayer | Synchronizing object | ENV_leaf_730
Fra:194 Mem:218.41M (Peak 218.41M) | Time:00:00.31 | Mem:0.00M, Peak:0.00M | Scene, ViewLayer | Synchronizing object | ENV_leaf_729
Fra:194 Mem:218.47M (Peak 218.47M) | Time:00:00.31 | Mem:0.00M, Peak:0.00M | Scene, ViewLayer | Synchronizing object | ENV_leaf_727
Fra:194 Mem:218.48M (Peak 218.48M) | Time:00:00.31 | Mem:0.00M, Peak:0.00M | Scene, ViewLayer | Synchronizing object | ENV_leaf_726
Fra:194 Mem:218.48M (Peak 218.48M) | Time:00:00.31 | Mem:0.00M, Peak:0.00M | Scene, ViewLayer | Synchronizing object | ENV_leaf_725
Fra:194 Mem:218.49M (Peak 218.49M) | Time:00:00.31 | Mem:0.00M, Peak:0.00M | Scene, ViewLayer | Synchronizing object | ENV_leaf_723
Fra:194 Mem:218.48M (Peak 218.49M) | Time:00:00.31 | Mem:0.00M, Peak:0.00M | Scene, ViewLayer | Synchronizing object | ENV_leaf_722
Fra:194 Mem:218.48M (Peak 218.49M) | Time:00:00.31 | Mem:0.00M, Peak:0.00M | Scene, ViewLayer | Synchronizing object | ENV_leaf_721
Fra:194 Mem:218.49M (Peak 218.49M) | Time:00:00.31 | Mem:0.00M, Peak:0.00M | Scene, ViewLayer | Synchronizing object | ENV_leaf_720
Fra:194 Mem:218.49M (Peak 218.49M) | Time:00:00.31 | Mem:0.00M, Peak:0.00M | Scene, ViewLayer | Synchronizing object | ENV_leaf_719
Fra:194 Mem:218.49M (Peak 218.49M) | Time:00:00.31 | Mem:0.00M, Peak:0.00M | Scene, ViewLayer | Synchronizing object | ENV_leaf_718
Fra:194 Mem:218.50M (Peak 218.50M) | Time:00:00.31 | Mem:0.00M, Peak:0.00M | Scene, ViewLayer | Synchronizing object | ENV_leaf_717
Fra:194 Mem:218.50M (Peak 218.50M) | Time:00:00.31 | Mem:0.00M, Peak:0.00M | Scene, ViewLayer | Synchronizing object | ENV_leaf_715
Fra:194 Mem:218.51M (Peak 218.51M) | Time:00:00.31 | Mem:0.00M, Peak:0.00M | Scene, ViewLayer | Synchronizing object | ENV_leaf_714
Fra:194 Mem:218.51M (Peak 218.51M) | Time:00:00.31 | Mem:0.00M, Peak:0.00M | Scene, ViewLayer | Synchronizing object | ENV_leaf_713
Fra:194 Mem:218.52M (Peak 218.52M) | Time:00:00.31 | Mem:0.00M, Peak:0.00M | Scene, ViewLayer | Synchronizing object | ENV_leaf_712
Fra:194 Mem:218.52M (Peak 218.52M) | Time:00:00.31 | Mem:0.00M, Peak:0.00M | Scene, ViewLayer | Synchronizing object | ENV_leaf_711
Fra:194 Mem:218.57M (Peak 218.57M) | Time:00:00.31 | Mem:0.00M, Peak:0.00M | Scene, ViewLayer | Synchronizing object | ENV_leaf_710
Fra:194 Mem:218.57M (Peak 218.57M) | Time:00:00.31 | Mem:0.00M, Peak:0.00M | Scene, ViewLayer | Synchronizing object | ENV_leaf_709
Fra:194 Mem:218.58M (Peak 218.58M) | Time:00:00.31 | Mem:0.00M, Peak:0.00M | Scene, ViewLayer | Synchronizing object | ENV_leaf_708
Fra:194 Mem:218.60M (Peak 218.60M) | Time:00:00.31 | Mem:0.00M, Peak:0.00M | Scene, ViewLayer | Synchronizing object | ENV_leaf_707
Fra:194 Mem:218.60M (Peak 218.60M) | Time:00:00.31 | Mem:0.00M, Peak:0.00M | Scene, ViewLayer | Synchronizing object | ENV_leaf_706
Fra:194 Mem:218.66M (Peak 218.66M) | Time:00:00.32 | Mem:0.00M, Peak:0.00M | Scene, ViewLayer | Synchronizing object | ENV_leaf_705
Fra:194 Mem:218.66M (Peak 218.66M) | Time:00:00.32 | Mem:0.00M, Peak:0.00M | Scene, ViewLayer | Synchronizing object | ENV_leaf_704
Fra:194 Mem:218.62M (Peak 218.66M) | Time:00:00.32 | Mem:0.00M, Peak:0.00M | Scene, ViewLayer | Synchronizing object | ENV_fern_25
Fra:194 Mem:218.69M (Peak 218.69M) | Time:00:00.32 | Mem:0.00M, Peak:0.00M | Scene, ViewLayer | Synchronizing object | ENV_leaf_703
Fra:194 Mem:218.69M (Peak 218.69M) | Time:00:00.32 | Mem:0.00M, Peak:0.00M | Scene, ViewLayer | Synchronizing object | ENV_leaf_702
Fra:194 Mem:218.86M (Peak 218.86M) | Time:00:00.32 | Mem:0.00M, Peak:0.00M | Scene, ViewLayer | Synchronizing object | ENV_leaf_701
Fra:194 Mem:218.92M (Peak 218.92M) | Time:00:00.32 | Mem:0.00M, Peak:0.00M | Scene, ViewLayer | Synchronizing object | ENV_leaf_700
Fra:194 Mem:218.93M (Peak 218.93M) | Time:00:00.32 | Mem:0.00M, Peak:0.00M | Scene, ViewLayer | Synchronizing object | ENV_leaf_699
Fra:194 Mem:219.01M (Peak 219.01M) | Time:00:00.32 | Mem:0.00M, Peak:0.00M | Scene, ViewLayer | Synchronizing object | ENV_leaf_698
Fra:194 Mem:219.01M (Peak 219.01M) | Time:00:00.32 | Mem:0.00M, Peak:0.00M | Scene, ViewLayer | Synchronizing object | ENV_leaf_697
Fra:194 Mem:219.02M (Peak 219.02M) | Time:00:00.32 | Mem:0.00M, Peak:0.00M | Scene, ViewLayer | Synchronizing object | ENV_leaf_696
Fra:194 Mem:219.08M (Peak 219.08M) | Time:00:00.32 | Mem:0.00M, Peak:0.00M | Scene, ViewLayer | Synchronizing object | ENV_leaf_695
Fra:194 Mem:219.10M (Peak 219.10M) | Time:00:00.32 | Mem:0.00M, Peak:0.00M | Scene, ViewLayer | Synchronizing object | ENV_leaf_694
Fra:194 Mem:219.11M (Peak 219.11M) | Time:00:00.32 | Mem:0.00M, Peak:0.00M | Scene, ViewLayer | Synchronizing object | ENV_leaf_693
Fra:194 Mem:219.11M (Peak 219.11M) | Time:00:00.32 | Mem:0.00M, Peak:0.00M | Scene, ViewLayer | Synchronizing object | ENV_leaf_692
Fra:194 Mem:219.12M (Peak 219.12M) | Time:00:00.32 | Mem:0.00M, Peak:0.00M | Scene, ViewLayer | Synchronizing object | ENV_leaf_691
Fra:194 Mem:219.12M (Peak 219.12M) | Time:00:00.32 | Mem:0.00M, Peak:0.00M | Scene, ViewLayer | Synchronizing object | ENV_leaf_690
Fra:194 Mem:219.11M (Peak 219.12M) | Time:00:00.32 | Mem:0.00M, Peak:0.00M | Scene, ViewLayer | Synchronizing object | ENV_leaf_689
Fra:194 Mem:219.11M (Peak 219.12M) | Time:00:00.32 | Mem:0.00M, Peak:0.00M | Scene, ViewLayer | Synchronizing object | ENV_leaf_688
Fra:194 Mem:219.12M (Peak 219.12M) | Time:00:00.32 | Mem:0.00M, Peak:0.00M | Scene, ViewLayer | Synchronizing object | ENV_leaf_687
Fra:194 Mem:219.12M (Peak 219.12M) | Time:00:00.32 | Mem:0.00M, Peak:0.00M | Scene, ViewLayer | Synchronizing object | ENV_leaf_686
Fra:194 Mem:219.12M (Peak 219.12M) | Time:00:00.32 | Mem:0.00M, Peak:0.00M | Scene, ViewLayer | Synchronizing object | ENV_leaf_685
Fra:194 Mem:219.13M (Peak 219.13M) | Time:00:00.32 | Mem:0.00M, Peak:0.00M | Scene, ViewLayer | Synchronizing object | ENV_leaf_684
Fra:194 Mem:219.13M (Peak 219.13M) | Time:00:00.32 | Mem:0.00M, Peak:0.00M | Scene, ViewLayer | Synchronizing object | ENV_leaf_683
Fra:194 Mem:219.14M (Peak 219.14M) | Time:00:00.32 | Mem:0.00M, Peak:0.00M | Scene, ViewLayer | Synchronizing object | ENV_leaf_682
Fra:194 Mem:219.14M (Peak 219.14M) | Time:00:00.32 | Mem:0.00M, Peak:0.00M | Scene, ViewLayer | Synchronizing object | ENV_leaf_681
Fra:194 Mem:219.15M (Peak 219.15M) | Time:00:00.32 | Mem:0.00M, Peak:0.00M | Scene, ViewLayer | Synchronizing object | ENV_leaf_680
Fra:194 Mem:219.15M (Peak 219.15M) | Time:00:00.32 | Mem:0.00M, Peak:0.00M | Scene, ViewLayer | Synchronizing object | ENV_leaf_679
Fra:194 Mem:219.15M (Peak 219.15M) | Time:00:00.32 | Mem:0.00M, Peak:0.00M | Scene, ViewLayer | Synchronizing object | ENV_leaf_678
Fra:194 Mem:219.16M (Peak 219.16M) | Time:00:00.32 | Mem:0.00M, Peak:0.00M | Scene, ViewLayer | Synchronizing object | ENV_leaf_677
Fra:194 Mem:219.16M (Peak 219.16M) | Time:00:00.32 | Mem:0.00M, Peak:0.00M | Scene, ViewLayer | Synchronizing object | ENV_leaf_676
Fra:194 Mem:219.17M (Peak 219.17M) | Time:00:00.32 | Mem:0.00M, Peak:0.00M | Scene, ViewLayer | Synchronizing object | ENV_leaf_675
Fra:194 Mem:219.23M (Peak 219.23M) | Time:00:00.32 | Mem:0.00M, Peak:0.00M | Scene, ViewLayer | Synchronizing object | ENV_leaf_674
Fra:194 Mem:219.24M (Peak 219.24M) | Time:00:00.32 | Mem:0.00M, Peak:0.00M | Scene, ViewLayer | Synchronizing object | ENV_leaf_673
Fra:194 Mem:219.24M (Peak 219.24M) | Time:00:00.32 | Mem:0.00M, Peak:0.00M | Scene, ViewLayer | Synchronizing object | ENV_leaf_672
Fra:194 Mem:219.27M (Peak 219.27M) | Time:00:00.32 | Mem:0.00M, Peak:0.00M | Scene, ViewLayer | Synchronizing object | ENV_leaf_671
Fra:194 Mem:219.27M (Peak 219.27M) | Time:00:00.32 | Mem:0.00M, Peak:0.00M | Scene, ViewLayer | Synchronizing object | ENV_leaf_670
Fra:194 Mem:219.34M (Peak 219.34M) | Time:00:00.32 | Mem:0.00M, Peak:0.00M | Scene, ViewLayer | Synchronizing object | ENV_leaf_669
Fra:194 Mem:219.34M (Peak 219.34M) | Time:00:00.32 | Mem:0.00M, Peak:0.00M | Scene, ViewLayer | Synchronizing object | ENV_leaf_668
Fra:194 Mem:219.34M (Peak 219.34M) | Time:00:00.32 | Mem:0.00M, Peak:0.00M | Scene, ViewLayer | Synchronizing object | ENV_leaf_667
Fra:194 Mem:219.29M (Peak 219.34M) | Time:00:00.32 | Mem:0.00M, Peak:0.00M | Scene, ViewLayer | Synchronizing object | ENV_fern_26
Fra:194 Mem:219.29M (Peak 219.34M) | Time:00:00.32 | Mem:0.00M, Peak:0.00M | Scene, ViewLayer | Synchronizing object | ENV_leaf_666
Fra:194 Mem:219.38M (Peak 219.38M) | Time:00:00.32 | Mem:0.00M, Peak:0.00M | Scene, ViewLayer | Synchronizing object | ENV_leaf_665
Fra:194 Mem:219.38M (Peak 219.38M) | Time:00:00.32 | Mem:0.00M, Peak:0.00M | Scene, ViewLayer | Synchronizing object | ENV_leaf_664
Fra:194 Mem:219.58M (Peak 219.58M) | Time:00:00.32 | Mem:0.00M, Peak:0.00M | Scene, ViewLayer | Synchronizing object | ENV_leaf_663
Fra:194 Mem:219.66M (Peak 219.66M) | Time:00:00.32 | Mem:0.00M, Peak:0.00M | Scene, ViewLayer | Synchronizing object | ENV_leaf_662
Fra:194 Mem:219.67M (Peak 219.67M) | Time:00:00.32 | Mem:0.00M, Peak:0.00M | Scene, ViewLayer | Synchronizing object | ENV_leaf_661
Fra:194 Mem:219.67M (Peak 219.67M) | Time:00:00.32 | Mem:0.00M, Peak:0.00M | Scene, ViewLayer | Synchronizing object | ENV_leaf_660
Fra:194 Mem:219.77M (Peak 219.77M) | Time:00:00.32 | Mem:0.00M, Peak:0.00M | Scene, ViewLayer | Synchronizing object | ENV_leaf_659
Fra:194 Mem:219.78M (Peak 219.78M) | Time:00:00.32 | Mem:0.00M, Peak:0.00M | Scene, ViewLayer | Synchronizing object | ENV_leaf_658
Fra:194 Mem:219.78M (Peak 219.78M) | Time:00:00.32 | Mem:0.00M, Peak:0.00M | Scene, ViewLayer | Synchronizing object | ENV_leaf_657
Fra:194 Mem:219.79M (Peak 219.79M) | Time:00:00.32 | Mem:0.00M, Peak:0.00M | Scene, ViewLayer | Synchronizing object | ENV_leaf_656
Fra:194 Mem:219.81M (Peak 219.81M) | Time:00:00.32 | Mem:0.00M, Peak:0.00M | Scene, ViewLayer | Synchronizing object | ENV_leaf_655
Fra:194 Mem:219.89M (Peak 219.89M) | Time:00:00.32 | Mem:0.00M, Peak:0.00M | Scene, ViewLayer | Synchronizing object | ENV_leaf_654
Fra:194 Mem:219.89M (Peak 219.89M) | Time:00:00.32 | Mem:0.00M, Peak:0.00M | Scene, ViewLayer | Synchronizing object | ENV_leaf_653
Fra:194 Mem:219.90M (Peak 219.90M) | Time:00:00.32 | Mem:0.00M, Peak:0.00M | Scene, ViewLayer | Synchronizing object | ENV_leaf_652
Fra:194 Mem:219.90M (Peak 219.90M) | Time:00:00.32 | Mem:0.00M, Peak:0.00M | Scene, ViewLayer | Synchronizing object | ENV_leaf_651
Fra:194 Mem:219.91M (Peak 219.91M) | Time:00:00.32 | Mem:0.00M, Peak:0.00M | Scene, ViewLayer | Synchronizing object | ENV_leaf_650
Fra:194 Mem:219.91M (Peak 219.91M) | Time:00:00.32 | Mem:0.00M, Peak:0.00M | Scene, ViewLayer | Synchronizing object | ENV_leaf_649
Fra:194 Mem:219.91M (Peak 219.91M) | Time:00:00.32 | Mem:0.00M, Peak:0.00M | Scene, ViewLayer | Synchronizing object | ENV_leaf_648
Fra:194 Mem:219.90M (Peak 219.91M) | Time:00:00.32 | Mem:0.00M, Peak:0.00M | Scene, ViewLayer | Synchronizing object | ENV_leaf_647
Fra:194 Mem:219.90M (Peak 219.91M) | Time:00:00.32 | Mem:0.00M, Peak:0.00M | Scene, ViewLayer | Synchronizing object | ENV_leaf_646
Fra:194 Mem:219.91M (Peak 219.91M) | Time:00:00.32 | Mem:0.00M, Peak:0.00M | Scene, ViewLayer | Synchronizing object | ENV_leaf_645
Fra:194 Mem:219.91M (Peak 219.91M) | Time:00:00.32 | Mem:0.00M, Peak:0.00M | Scene, ViewLayer | Synchronizing object | ENV_leaf_644
Fra:194 Mem:219.92M (Peak 219.92M) | Time:00:00.32 | Mem:0.00M, Peak:0.00M | Scene, ViewLayer | Synchronizing object | ENV_leaf_643
Fra:194 Mem:219.92M (Peak 219.92M) | Time:00:00.32 | Mem:0.00M, Peak:0.00M | Scene, ViewLayer | Synchronizing object | ENV_leaf_642
Fra:194 Mem:219.92M (Peak 219.92M) | Time:00:00.32 | Mem:0.00M, Peak:0.00M | Scene, ViewLayer | Synchronizing object | ENV_leaf_641
Fra:194 Mem:219.93M (Peak 219.93M) | Time:00:00.32 | Mem:0.00M, Peak:0.00M | Scene, ViewLayer | Synchronizing object | ENV_leaf_640
Fra:194 Mem:219.93M (Peak 219.93M) | Time:00:00.32 | Mem:0.00M, Peak:0.00M | Scene, ViewLayer | Synchronizing object | ENV_leaf_639
Fra:194 Mem:219.94M (Peak 219.94M) | Time:00:00.32 | Mem:0.00M, Peak:0.00M | Scene, ViewLayer | Synchronizing object | ENV_leaf_638
Fra:194 Mem:219.94M (Peak 219.94M) | Time:00:00.32 | Mem:0.00M, Peak:0.00M | Scene, ViewLayer | Synchronizing object | ENV_leaf_637
Fra:194 Mem:219.94M (Peak 219.94M) | Time:00:00.32 | Mem:0.00M, Peak:0.00M | Scene, ViewLayer | Synchronizing object | ENV_leaf_636
Fra:194 Mem:219.95M (Peak 219.95M) | Time:00:00.32 | Mem:0.00M, Peak:0.00M | Scene, ViewLayer | Synchronizing object | ENV_leaf_635
Fra:194 Mem:219.95M (Peak 219.95M) | Time:00:00.32 | Mem:0.00M, Peak:0.00M | Scene, ViewLayer | Synchronizing object | ENV_leaf_634
Fra:194 Mem:219.96M (Peak 219.96M) | Time:00:00.32 | Mem:0.00M, Peak:0.00M | Scene, ViewLayer | Synchronizing object | ENV_leaf_633
Fra:194 Mem:219.96M (Peak 219.96M) | Time:00:00.32 | Mem:0.00M, Peak:0.00M | Scene, ViewLayer | Synchronizing object | ENV_leaf_632
Fra:194 Mem:219.96M (Peak 219.96M) | Time:00:00.32 | Mem:0.00M, Peak:0.00M | Scene, ViewLayer | Synchronizing object | ENV_leaf_631
Fra:194 Mem:219.97M (Peak 219.97M) | Time:00:00.32 | Mem:0.00M, Peak:0.00M | Scene, ViewLayer | Synchronizing object | ENV_leaf_630
Fra:194 Mem:220.05M (Peak 220.05M) | Time:00:00.32 | Mem:0.00M, Peak:0.00M | Scene, ViewLayer | Synchronizing object | ENV_leaf_629
Fra:194 Mem:220.05M (Peak 220.05M) | Time:00:00.32 | Mem:0.00M, Peak:0.00M | Scene, ViewLayer | Synchronizing object | ENV_leaf_628
Fra:194 Mem:220.06M (Peak 220.06M) | Time:00:00.32 | Mem:0.00M, Peak:0.00M | Scene, ViewLayer | Synchronizing object | ENV_leaf_627
Fra:194 Mem:220.06M (Peak 220.06M) | Time:00:00.32 | Mem:0.00M, Peak:0.00M | Scene, ViewLayer | Synchronizing object | ENV_leaf_626
Fra:194 Mem:220.06M (Peak 220.06M) | Time:00:00.32 | Mem:0.00M, Peak:0.00M | Scene, ViewLayer | Synchronizing object | ENV_leaf_625
Fra:194 Mem:220.10M (Peak 220.10M) | Time:00:00.32 | Mem:0.00M, Peak:0.00M | Scene, ViewLayer | Synchronizing object | ENV_leaf_624
Fra:194 Mem:220.18M (Peak 220.18M) | Time:00:00.32 | Mem:0.00M, Peak:0.00M | Scene, ViewLayer | Synchronizing object | ENV_leaf_623
Fra:194 Mem:220.18M (Peak 220.18M) | Time:00:00.32 | Mem:0.00M, Peak:0.00M | Scene, ViewLayer | Synchronizing object | ENV_leaf_622
Fra:194 Mem:220.19M (Peak 220.19M) | Time:00:00.32 | Mem:0.00M, Peak:0.00M | Scene, ViewLayer | Synchronizing object | ENV_leaf_621
Fra:194 Mem:220.19M (Peak 220.19M) | Time:00:00.32 | Mem:0.00M, Peak:0.00M | Scene, ViewLayer | Synchronizing object | ENV_leaf_620
Fra:194 Mem:220.12M (Peak 220.19M) | Time:00:00.32 | Mem:0.00M, Peak:0.00M | Scene, ViewLayer | Synchronizing object | ENV_fern_27
Fra:194 Mem:220.17M (Peak 220.19M) | Time:00:00.32 | Mem:0.00M, Peak:0.00M | Scene, ViewLayer | Synchronizing object | ENV_leaf_619
Fra:194 Mem:220.35M (Peak 220.35M) | Time:00:00.32 | Mem:0.00M, Peak:0.00M | Scene, ViewLayer | Synchronizing object | ENV_leaf_618
Fra:194 Mem:220.35M (Peak 220.35M) | Time:00:00.32 | Mem:0.00M, Peak:0.00M | Scene, ViewLayer | Synchronizing object | ENV_leaf_617
Fra:194 Mem:220.42M (Peak 220.42M) | Time:00:00.32 | Mem:0.00M, Peak:0.00M | Scene, ViewLayer | Synchronizing object | ENV_leaf_616
Fra:194 Mem:220.42M (Peak 220.42M) | Time:00:00.32 | Mem:0.00M, Peak:0.00M | Scene, ViewLayer | Synchronizing object | ENV_leaf_615
Fra:194 Mem:220.44M (Peak 220.44M) | Time:00:00.32 | Mem:0.00M, Peak:0.00M | Scene, ViewLayer | Synchronizing object | ENV_leaf_614
Fra:194 Mem:220.49M (Peak 220.49M) | Time:00:00.32 | Mem:0.00M, Peak:0.00M | Scene, ViewLayer | Synchronizing object | ENV_leaf_613
Fra:194 Mem:220.49M (Peak 220.49M) | Time:00:00.32 | Mem:0.00M, Peak:0.00M | Scene, ViewLayer | Synchronizing object | ENV_leaf_612
Fra:194 Mem:220.50M (Peak 220.50M) | Time:00:00.32 | Mem:0.00M, Peak:0.00M | Scene, ViewLayer | Synchronizing object | ENV_leaf_611
Fra:194 Mem:220.50M (Peak 220.50M) | Time:00:00.32 | Mem:0.00M, Peak:0.00M | Scene, ViewLayer | Synchronizing object | ENV_leaf_610
Fra:194 Mem:220.50M (Peak 220.50M) | Time:00:00.32 | Mem:0.00M, Peak:0.00M | Scene, ViewLayer | Synchronizing object | ENV_leaf_609
Fra:194 Mem:220.50M (Peak 220.50M) | Time:00:00.32 | Mem:0.00M, Peak:0.00M | Scene, ViewLayer | Synchronizing object | ENV_leaf_608
Fra:194 Mem:220.50M (Peak 220.50M) | Time:00:00.32 | Mem:0.00M, Peak:0.00M | Scene, ViewLayer | Synchronizing object | ENV_leaf_607
Fra:194 Mem:220.50M (Peak 220.50M) | Time:00:00.32 | Mem:0.00M, Peak:0.00M | Scene, ViewLayer | Synchronizing object | ENV_leaf_606
Fra:194 Mem:220.51M (Peak 220.51M) | Time:00:00.32 | Mem:0.00M, Peak:0.00M | Scene, ViewLayer | Synchronizing object | ENV_leaf_605
Fra:194 Mem:220.51M (Peak 220.51M) | Time:00:00.32 | Mem:0.00M, Peak:0.00M | Scene, ViewLayer | Synchronizing object | ENV_leaf_604
Fra:194 Mem:220.52M (Peak 220.52M) | Time:00:00.32 | Mem:0.00M, Peak:0.00M | Scene, ViewLayer | Synchronizing object | ENV_leaf_602
Fra:194 Mem:220.52M (Peak 220.52M) | Time:00:00.32 | Mem:0.00M, Peak:0.00M | Scene, ViewLayer | Synchronizing object | ENV_leaf_601
Fra:194 Mem:220.52M (Peak 220.52M) | Time:00:00.32 | Mem:0.00M, Peak:0.00M | Scene, ViewLayer | Synchronizing object | ENV_leaf_600
Fra:194 Mem:220.53M (Peak 220.53M) | Time:00:00.32 | Mem:0.00M, Peak:0.00M | Scene, ViewLayer | Synchronizing object | ENV_leaf_599
Fra:194 Mem:220.53M (Peak 220.53M) | Time:00:00.32 | Mem:0.00M, Peak:0.00M | Scene, ViewLayer | Synchronizing object | ENV_leaf_598
Fra:194 Mem:220.54M (Peak 220.54M) | Time:00:00.32 | Mem:0.00M, Peak:0.00M | Scene, ViewLayer | Synchronizing object | ENV_leaf_597
Fra:194 Mem:220.54M (Peak 220.54M) | Time:00:00.32 | Mem:0.00M, Peak:0.00M | Scene, ViewLayer | Synchronizing object | ENV_leaf_596
Fra:194 Mem:220.59M (Peak 220.59M) | Time:00:00.32 | Mem:0.00M, Peak:0.00M | Scene, ViewLayer | Synchronizing object | ENV_leaf_595
Fra:194 Mem:220.60M (Peak 220.60M) | Time:00:00.32 | Mem:0.00M, Peak:0.00M | Scene, ViewLayer | Synchronizing object | ENV_leaf_594
Fra:194 Mem:220.60M (Peak 220.60M) | Time:00:00.32 | Mem:0.00M, Peak:0.00M | Scene, ViewLayer | Synchronizing object | ENV_leaf_593
Fra:194 Mem:220.62M (Peak 220.62M) | Time:00:00.32 | Mem:0.00M, Peak:0.00M | Scene, ViewLayer | Synchronizing object | ENV_leaf_592
Fra:194 Mem:220.67M (Peak 220.67M) | Time:00:00.32 | Mem:0.00M, Peak:0.00M | Scene, ViewLayer | Synchronizing object | ENV_leaf_591
Fra:194 Mem:220.68M (Peak 220.68M) | Time:00:00.32 | Mem:0.00M, Peak:0.00M | Scene, ViewLayer | Synchronizing object | ENV_leaf_590
Fra:194 Mem:220.68M (Peak 220.68M) | Time:00:00.32 | Mem:0.00M, Peak:0.00M | Scene, ViewLayer | Synchronizing object | ENV_leaf_589
Fra:194 Mem:220.64M (Peak 220.68M) | Time:00:00.32 | Mem:0.00M, Peak:0.00M | Scene, ViewLayer | Synchronizing object | ENV_fern_28
Fra:194 Mem:220.64M (Peak 220.68M) | Time:00:00.32 | Mem:0.00M, Peak:0.00M | Scene, ViewLayer | Synchronizing object | ENV_leaf_588
Fra:194 Mem:220.71M (Peak 220.71M) | Time:00:00.32 | Mem:0.00M, Peak:0.00M | Scene, ViewLayer | Synchronizing object | ENV_leaf_587
Fra:194 Mem:220.72M (Peak 220.72M) | Time:00:00.32 | Mem:0.00M, Peak:0.00M | Scene, ViewLayer | Synchronizing object | ENV_leaf_586
Fra:194 Mem:220.88M (Peak 220.88M) | Time:00:00.32 | Mem:0.00M, Peak:0.00M | Scene, ViewLayer | Synchronizing object | ENV_leaf_585
Fra:194 Mem:220.88M (Peak 220.88M) | Time:00:00.32 | Mem:0.00M, Peak:0.00M | Scene, ViewLayer | Synchronizing object | ENV_leaf_584
Fra:194 Mem:220.95M (Peak 220.95M) | Time:00:00.32 | Mem:0.00M, Peak:0.00M | Scene, ViewLayer | Synchronizing object | ENV_leaf_583
Fra:194 Mem:220.95M (Peak 220.95M) | Time:00:00.32 | Mem:0.00M, Peak:0.00M | Scene, ViewLayer | Synchronizing object | ENV_leaf_582
Fra:194 Mem:221.04M (Peak 221.04M) | Time:00:00.32 | Mem:0.00M, Peak:0.00M | Scene, ViewLayer | Synchronizing object | ENV_leaf_581
Fra:194 Mem:221.04M (Peak 221.04M) | Time:00:00.32 | Mem:0.00M, Peak:0.00M | Scene, ViewLayer | Synchronizing object | ENV_leaf_580
Fra:194 Mem:221.05M (Peak 221.05M) | Time:00:00.32 | Mem:0.00M, Peak:0.00M | Scene, ViewLayer | Synchronizing object | ENV_leaf_579
Fra:194 Mem:221.07M (Peak 221.07M) | Time:00:00.32 | Mem:0.00M, Peak:0.00M | Scene, ViewLayer | Synchronizing object | ENV_leaf_578
Fra:194 Mem:221.13M (Peak 221.13M) | Time:00:00.32 | Mem:0.00M, Peak:0.00M | Scene, ViewLayer | Synchronizing object | ENV_leaf_577
Fra:194 Mem:221.14M (Peak 221.14M) | Time:00:00.32 | Mem:0.00M, Peak:0.00M | Scene, ViewLayer | Synchronizing object | ENV_leaf_576
Fra:194 Mem:221.14M (Peak 221.14M) | Time:00:00.32 | Mem:0.00M, Peak:0.00M | Scene, ViewLayer | Synchronizing object | ENV_leaf_575
Fra:194 Mem:221.15M (Peak 221.15M) | Time:00:00.32 | Mem:0.00M, Peak:0.00M | Scene, ViewLayer | Synchronizing object | ENV_leaf_574
Fra:194 Mem:221.15M (Peak 221.15M) | Time:00:00.32 | Mem:0.00M, Peak:0.00M | Scene, ViewLayer | Synchronizing object | ENV_leaf_573
Fra:194 Mem:221.15M (Peak 221.15M) | Time:00:00.32 | Mem:0.00M, Peak:0.00M | Scene, ViewLayer | Synchronizing object | ENV_leaf_572
Fra:194 Mem:221.14M (Peak 221.15M) | Time:00:00.32 | Mem:0.00M, Peak:0.00M | Scene, ViewLayer | Synchronizing object | ENV_leaf_571
Fra:194 Mem:221.15M (Peak 221.15M) | Time:00:00.32 | Mem:0.00M, Peak:0.00M | Scene, ViewLayer | Synchronizing object | ENV_leaf_570
Fra:194 Mem:221.15M (Peak 221.15M) | Time:00:00.32 | Mem:0.00M, Peak:0.00M | Scene, ViewLayer | Synchronizing object | ENV_leaf_569
Fra:194 Mem:221.15M (Peak 221.15M) | Time:00:00.32 | Mem:0.00M, Peak:0.00M | Scene, ViewLayer | Synchronizing object | ENV_leaf_568
Fra:194 Mem:221.16M (Peak 221.16M) | Time:00:00.32 | Mem:0.00M, Peak:0.00M | Scene, ViewLayer | Synchronizing object | ENV_leaf_567
Fra:194 Mem:221.16M (Peak 221.16M) | Time:00:00.32 | Mem:0.00M, Peak:0.00M | Scene, ViewLayer | Synchronizing object | ENV_leaf_566
Fra:194 Mem:221.17M (Peak 221.17M) | Time:00:00.32 | Mem:0.00M, Peak:0.00M | Scene, ViewLayer | Synchronizing object | ENV_leaf_565
Fra:194 Mem:221.17M (Peak 221.17M) | Time:00:00.32 | Mem:0.00M, Peak:0.00M | Scene, ViewLayer | Synchronizing object | ENV_leaf_564
Fra:194 Mem:221.17M (Peak 221.17M) | Time:00:00.32 | Mem:0.00M, Peak:0.00M | Scene, ViewLayer | Synchronizing object | ENV_leaf_563
Fra:194 Mem:221.18M (Peak 221.18M) | Time:00:00.32 | Mem:0.00M, Peak:0.00M | Scene, ViewLayer | Synchronizing object | ENV_leaf_562
Fra:194 Mem:221.18M (Peak 221.18M) | Time:00:00.32 | Mem:0.00M, Peak:0.00M | Scene, ViewLayer | Synchronizing object | ENV_leaf_561
Fra:194 Mem:221.19M (Peak 221.19M) | Time:00:00.32 | Mem:0.00M, Peak:0.00M | Scene, ViewLayer | Synchronizing object | ENV_leaf_560
Fra:194 Mem:221.19M (Peak 221.19M) | Time:00:00.32 | Mem:0.00M, Peak:0.00M | Scene, ViewLayer | Synchronizing object | ENV_leaf_559
Fra:194 Mem:221.20M (Peak 221.20M) | Time:00:00.32 | Mem:0.00M, Peak:0.00M | Scene, ViewLayer | Synchronizing object | ENV_leaf_558
Fra:194 Mem:221.20M (Peak 221.20M) | Time:00:00.32 | Mem:0.00M, Peak:0.00M | Scene, ViewLayer | Synchronizing object | ENV_leaf_557
Fra:194 Mem:221.20M (Peak 221.20M) | Time:00:00.32 | Mem:0.00M, Peak:0.00M | Scene, ViewLayer | Synchronizing object | ENV_leaf_556
Fra:194 Mem:221.27M (Peak 221.27M) | Time:00:00.32 | Mem:0.00M, Peak:0.00M | Scene, ViewLayer | Synchronizing object | ENV_leaf_555
Fra:194 Mem:221.27M (Peak 221.27M) | Time:00:00.32 | Mem:0.00M, Peak:0.00M | Scene, ViewLayer | Synchronizing object | ENV_leaf_554
Fra:194 Mem:221.28M (Peak 221.28M) | Time:00:00.32 | Mem:0.00M, Peak:0.00M | Scene, ViewLayer | Synchronizing object | ENV_leaf_553
Fra:194 Mem:221.28M (Peak 221.28M) | Time:00:00.32 | Mem:0.00M, Peak:0.00M | Scene, ViewLayer | Synchronizing object | ENV_leaf_552
Fra:194 Mem:221.31M (Peak 221.31M) | Time:00:00.32 | Mem:0.00M, Peak:0.00M | Scene, ViewLayer | Synchronizing object | ENV_leaf_551
Fra:194 Mem:221.37M (Peak 221.37M) | Time:00:00.32 | Mem:0.00M, Peak:0.00M | Scene, ViewLayer | Synchronizing object | ENV_leaf_550
Fra:194 Mem:221.38M (Peak 221.38M) | Time:00:00.32 | Mem:0.00M, Peak:0.00M | Scene, ViewLayer | Synchronizing object | ENV_leaf_549
Fra:194 Mem:221.38M (Peak 221.38M) | Time:00:00.32 | Mem:0.00M, Peak:0.00M | Scene, ViewLayer | Synchronizing object | ENV_leaf_548
Fra:194 Mem:221.39M (Peak 221.39M) | Time:00:00.32 | Mem:0.00M, Peak:0.00M | Scene, ViewLayer | Synchronizing object | ENV_leaf_547
Fra:194 Mem:221.33M (Peak 221.39M) | Time:00:00.32 | Mem:0.00M, Peak:0.00M | Scene, ViewLayer | Synchronizing object | ENV_fern_29
Fra:194 Mem:221.41M (Peak 221.41M) | Time:00:00.32 | Mem:0.00M, Peak:0.00M | Scene, ViewLayer | Synchronizing object | ENV_leaf_546
Fra:194 Mem:221.42M (Peak 221.42M) | Time:00:00.32 | Mem:0.00M, Peak:0.00M | Scene, ViewLayer | Synchronizing object | ENV_leaf_545
Fra:194 Mem:221.62M (Peak 221.62M) | Time:00:00.32 | Mem:0.00M, Peak:0.00M | Scene, ViewLayer | Synchronizing object | ENV_leaf_544
Fra:194 Mem:221.70M (Peak 221.70M) | Time:00:00.32 | Mem:0.00M, Peak:0.00M | Scene, ViewLayer | Synchronizing object | ENV_leaf_543
Fra:194 Mem:221.70M (Peak 221.70M) | Time:00:00.32 | Mem:0.00M, Peak:0.00M | Scene, ViewLayer | Synchronizing object | ENV_leaf_542
Fra:194 Mem:221.71M (Peak 221.71M) | Time:00:00.32 | Mem:0.00M, Peak:0.00M | Scene, ViewLayer | Synchronizing object | ENV_leaf_541
Fra:194 Mem:221.81M (Peak 221.81M) | Time:00:00.32 | Mem:0.00M, Peak:0.00M | Scene, ViewLayer | Synchronizing object | ENV_leaf_540
Fra:194 Mem:221.82M (Peak 221.82M) | Time:00:00.32 | Mem:0.00M, Peak:0.00M | Scene, ViewLayer | Synchronizing object | ENV_leaf_539
Fra:194 Mem:221.82M (Peak 221.82M) | Time:00:00.32 | Mem:0.00M, Peak:0.00M | Scene, ViewLayer | Synchronizing object | ENV_leaf_538
Fra:194 Mem:221.84M (Peak 221.84M) | Time:00:00.32 | Mem:0.00M, Peak:0.00M | Scene, ViewLayer | Synchronizing object | ENV_leaf_537
Fra:194 Mem:221.90M (Peak 221.90M) | Time:00:00.32 | Mem:0.00M, Peak:0.00M | Scene, ViewLayer | Synchronizing object | ENV_leaf_536
Fra:194 Mem:221.93M (Peak 221.93M) | Time:00:00.32 | Mem:0.00M, Peak:0.00M | Scene, ViewLayer | Synchronizing object | ENV_leaf_535
Fra:194 Mem:221.93M (Peak 221.93M) | Time:00:00.32 | Mem:0.00M, Peak:0.00M | Scene, ViewLayer | Synchronizing object | ENV_leaf_534
Fra:194 Mem:221.94M (Peak 221.94M) | Time:00:00.32 | Mem:0.00M, Peak:0.00M | Scene, ViewLayer | Synchronizing object | ENV_leaf_533
Fra:194 Mem:221.94M (Peak 221.94M) | Time:00:00.32 | Mem:0.00M, Peak:0.00M | Scene, ViewLayer | Synchronizing object | ENV_leaf_532
Fra:194 Mem:221.94M (Peak 221.94M) | Time:00:00.32 | Mem:0.00M, Peak:0.00M | Scene, ViewLayer | Synchronizing object | ENV_leaf_531
Fra:194 Mem:221.95M (Peak 221.95M) | Time:00:00.32 | Mem:0.00M, Peak:0.00M | Scene, ViewLayer | Synchronizing object | ENV_leaf_530
Fra:194 Mem:221.95M (Peak 221.95M) | Time:00:00.32 | Mem:0.00M, Peak:0.00M | Scene, ViewLayer | Synchronizing object | ENV_leaf_529
Fra:194 Mem:221.94M (Peak 221.95M) | Time:00:00.32 | Mem:0.00M, Peak:0.00M | Scene, ViewLayer | Synchronizing object | ENV_leaf_528
Fra:194 Mem:221.94M (Peak 221.95M) | Time:00:00.32 | Mem:0.00M, Peak:0.00M | Scene, ViewLayer | Synchronizing object | ENV_leaf_527
Fra:194 Mem:221.95M (Peak 221.95M) | Time:00:00.32 | Mem:0.00M, Peak:0.00M | Scene, ViewLayer | Synchronizing object | ENV_leaf_525
Fra:194 Mem:221.95M (Peak 221.95M) | Time:00:00.32 | Mem:0.00M, Peak:0.00M | Scene, ViewLayer | Synchronizing object | ENV_leaf_524
Fra:194 Mem:221.95M (Peak 221.95M) | Time:00:00.32 | Mem:0.00M, Peak:0.00M | Scene, ViewLayer | Synchronizing object | ENV_leaf_523
Fra:194 Mem:221.96M (Peak 221.96M) | Time:00:00.32 | Mem:0.00M, Peak:0.00M | Scene, ViewLayer | Synchronizing object | ENV_leaf_522
Fra:194 Mem:221.96M (Peak 221.96M) | Time:00:00.32 | Mem:0.00M, Peak:0.00M | Scene, ViewLayer | Synchronizing object | ENV_leaf_521
Fra:194 Mem:221.97M (Peak 221.97M) | Time:00:00.32 | Mem:0.00M, Peak:0.00M | Scene, ViewLayer | Synchronizing object | ENV_leaf_520
Fra:194 Mem:221.97M (Peak 221.97M) | Time:00:00.32 | Mem:0.00M, Peak:0.00M | Scene, ViewLayer | Synchronizing object | ENV_leaf_519
Fra:194 Mem:221.97M (Peak 221.97M) | Time:00:00.32 | Mem:0.00M, Peak:0.00M | Scene, ViewLayer | Synchronizing object | ENV_leaf_518
Fra:194 Mem:221.98M (Peak 221.98M) | Time:00:00.32 | Mem:0.00M, Peak:0.00M | Scene, ViewLayer | Synchronizing object | ENV_leaf_517
Fra:194 Mem:221.98M (Peak 221.98M) | Time:00:00.32 | Mem:0.00M, Peak:0.00M | Scene, ViewLayer | Synchronizing object | ENV_leaf_516
Fra:194 Mem:221.99M (Peak 221.99M) | Time:00:00.32 | Mem:0.00M, Peak:0.00M | Scene, ViewLayer | Synchronizing object | ENV_leaf_515
Fra:194 Mem:221.99M (Peak 221.99M) | Time:00:00.32 | Mem:0.00M, Peak:0.00M | Scene, ViewLayer | Synchronizing object | ENV_leaf_514
Fra:194 Mem:221.99M (Peak 221.99M) | Time:00:00.32 | Mem:0.00M, Peak:0.00M | Scene, ViewLayer | Synchronizing object | ENV_leaf_513
Fra:194 Mem:222.00M (Peak 222.00M) | Time:00:00.32 | Mem:0.00M, Peak:0.00M | Scene, ViewLayer | Synchronizing object | ENV_leaf_512
Fra:194 Mem:222.00M (Peak 222.00M) | Time:00:00.32 | Mem:0.00M, Peak:0.00M | Scene, ViewLayer | Synchronizing object | ENV_leaf_511
Fra:194 Mem:222.01M (Peak 222.01M) | Time:00:00.32 | Mem:0.00M, Peak:0.00M | Scene, ViewLayer | Synchronizing object | ENV_leaf_510
Fra:194 Mem:222.09M (Peak 222.09M) | Time:00:00.32 | Mem:0.00M, Peak:0.00M | Scene, ViewLayer | Synchronizing object | ENV_leaf_509
Fra:194 Mem:222.09M (Peak 222.09M) | Time:00:00.32 | Mem:0.00M, Peak:0.00M | Scene, ViewLayer | Synchronizing object | ENV_leaf_508
Fra:194 Mem:222.09M (Peak 222.09M) | Time:00:00.32 | Mem:0.00M, Peak:0.00M | Scene, ViewLayer | Synchronizing object | ENV_leaf_507
Fra:194 Mem:222.10M (Peak 222.10M) | Time:00:00.32 | Mem:0.00M, Peak:0.00M | Scene, ViewLayer | Synchronizing object | ENV_leaf_506
Fra:194 Mem:222.13M (Peak 222.13M) | Time:00:00.32 | Mem:0.00M, Peak:0.00M | Scene, ViewLayer | Synchronizing object | ENV_leaf_505
Fra:194 Mem:222.13M (Peak 222.13M) | Time:00:00.32 | Mem:0.00M, Peak:0.00M | Scene, ViewLayer | Synchronizing object | ENV_leaf_504
Fra:194 Mem:222.22M (Peak 222.22M) | Time:00:00.32 | Mem:0.00M, Peak:0.00M | Scene, ViewLayer | Synchronizing object | ENV_leaf_503
Fra:194 Mem:222.22M (Peak 222.22M) | Time:00:00.32 | Mem:0.00M, Peak:0.00M | Scene, ViewLayer | Synchronizing object | ENV_leaf_502
Fra:194 Mem:222.22M (Peak 222.22M) | Time:00:00.32 | Mem:0.00M, Peak:0.00M | Scene, ViewLayer | Synchronizing object | ENV_leaf_501
Fra:194 Mem:222.23M (Peak 222.23M) | Time:00:00.32 | Mem:0.00M, Peak:0.00M | Scene, ViewLayer | Synchronizing object | ENV_leaf_500
Fra:194 Mem:222.16M (Peak 222.23M) | Time:00:00.32 | Mem:0.00M, Peak:0.00M | Scene, ViewLayer | Synchronizing object | ENV_fern_30
Fra:194 Mem:222.16M (Peak 222.23M) | Time:00:00.32 | Mem:0.00M, Peak:0.00M | Scene, ViewLayer | Synchronizing object | ENV_leaf_499
Fra:194 Mem:222.21M (Peak 222.23M) | Time:00:00.32 | Mem:0.00M, Peak:0.00M | Scene, ViewLayer | Synchronizing object | ENV_leaf_498
Fra:194 Mem:222.39M (Peak 222.39M) | Time:00:00.32 | Mem:0.00M, Peak:0.00M | Scene, ViewLayer | Synchronizing object | ENV_leaf_497
Fra:194 Mem:222.47M (Peak 222.47M) | Time:00:00.32 | Mem:0.00M, Peak:0.00M | Scene, ViewLayer | Synchronizing object | ENV_leaf_496
Fra:194 Mem:222.52M (Peak 222.52M) | Time:00:00.32 | Mem:0.00M, Peak:0.00M | Scene, ViewLayer | Synchronizing object | ENV_leaf_495
Fra:194 Mem:222.51M (Peak 222.52M) | Time:00:00.32 | Mem:0.00M, Peak:0.00M | Scene, ViewLayer | Synchronizing object | ENV_leaf_494
Fra:194 Mem:222.51M (Peak 222.52M) | Time:00:00.32 | Mem:0.00M, Peak:0.00M | Scene, ViewLayer | Synchronizing object | ENV_leaf_493
Fra:194 Mem:222.52M (Peak 222.52M) | Time:00:00.32 | Mem:0.00M, Peak:0.00M | Scene, ViewLayer | Synchronizing object | ENV_leaf_492
Fra:194 Mem:222.59M (Peak 222.59M) | Time:00:00.32 | Mem:0.00M, Peak:0.00M | Scene, ViewLayer | Synchronizing object | ENV_leaf_491
Fra:194 Mem:222.64M (Peak 222.64M) | Time:00:00.32 | Mem:0.00M, Peak:0.00M | Scene, ViewLayer | Synchronizing object | ENV_leaf_490
Fra:194 Mem:222.60M (Peak 222.64M) | Time:00:00.32 | Mem:0.00M, Peak:0.00M | Scene, ViewLayer | Synchronizing object | ENV_fern_31
Fra:194 Mem:222.67M (Peak 222.67M) | Time:00:00.32 | Mem:0.00M, Peak:0.00M | Scene, ViewLayer | Synchronizing object | ENV_leaf_489
Fra:194 Mem:222.83M (Peak 222.83M) | Time:00:00.32 | Mem:0.00M, Peak:0.00M | Scene, ViewLayer | Synchronizing object | ENV_leaf_488
Fra:194 Mem:222.90M (Peak 222.90M) | Time:00:00.32 | Mem:0.00M, Peak:0.00M | Scene, ViewLayer | Synchronizing object | ENV_leaf_487
Fra:194 Mem:222.98M (Peak 222.98M) | Time:00:00.32 | Mem:0.00M, Peak:0.00M | Scene, ViewLayer | Synchronizing object | ENV_leaf_486
Fra:194 Mem:223.06M (Peak 223.06M) | Time:00:00.32 | Mem:0.00M, Peak:0.00M | Scene, ViewLayer | Synchronizing object | ENV_leaf_485
Fra:194 Mem:223.07M (Peak 223.07M) | Time:00:00.32 | Mem:0.00M, Peak:0.00M | Scene, ViewLayer | Synchronizing object | ENV_leaf_484
Fra:194 Mem:223.06M (Peak 223.07M) | Time:00:00.32 | Mem:0.00M, Peak:0.00M | Scene, ViewLayer | Synchronizing object | ENV_leaf_483
Fra:194 Mem:223.06M (Peak 223.07M) | Time:00:00.32 | Mem:0.00M, Peak:0.00M | Scene, ViewLayer | Synchronizing object | ENV_leaf_482
Fra:194 Mem:223.06M (Peak 223.07M) | Time:00:00.32 | Mem:0.00M, Peak:0.00M | Scene, ViewLayer | Synchronizing object | ENV_leaf_481
Fra:194 Mem:223.13M (Peak 223.13M) | Time:00:00.32 | Mem:0.00M, Peak:0.00M | Scene, ViewLayer | Synchronizing object | ENV_leaf_480
Fra:194 Mem:223.13M (Peak 223.13M) | Time:00:00.32 | Mem:0.00M, Peak:0.00M | Scene, ViewLayer | Synchronizing object | ENV_leaf_479
Fra:194 Mem:223.16M (Peak 223.16M) | Time:00:00.32 | Mem:0.00M, Peak:0.00M | Scene, ViewLayer | Synchronizing object | ENV_leaf_478
Fra:194 Mem:223.16M (Peak 223.16M) | Time:00:00.32 | Mem:0.00M, Peak:0.00M | Scene, ViewLayer | Synchronizing object | ENV_leaf_477
Fra:194 Mem:223.23M (Peak 223.23M) | Time:00:00.32 | Mem:0.00M, Peak:0.00M | Scene, ViewLayer | Synchronizing object | ENV_leaf_476
Fra:194 Mem:223.23M (Peak 223.23M) | Time:00:00.32 | Mem:0.00M, Peak:0.00M | Scene, ViewLayer | Synchronizing object | ENV_leaf_475
Fra:194 Mem:223.24M (Peak 223.24M) | Time:00:00.32 | Mem:0.00M, Peak:0.00M | Scene, ViewLayer | Synchronizing object | ENV_leaf_474
Fra:194 Mem:223.18M (Peak 223.24M) | Time:00:00.32 | Mem:0.00M, Peak:0.00M | Scene, ViewLayer | Synchronizing object | ENV_fern_32
Fra:194 Mem:223.27M (Peak 223.27M) | Time:00:00.32 | Mem:0.00M, Peak:0.00M | Scene, ViewLayer | Synchronizing object | ENV_leaf_473
Fra:194 Mem:223.27M (Peak 223.27M) | Time:00:00.32 | Mem:0.00M, Peak:0.00M | Scene, ViewLayer | Synchronizing object | ENV_leaf_472
Fra:194 Mem:223.47M (Peak 223.47M) | Time:00:00.32 | Mem:0.00M, Peak:0.00M | Scene, ViewLayer | Synchronizing object | ENV_leaf_471
Fra:194 Mem:223.55M (Peak 223.55M) | Time:00:00.32 | Mem:0.00M, Peak:0.00M | Scene, ViewLayer | Synchronizing object | ENV_leaf_470
Fra:194 Mem:223.56M (Peak 223.56M) | Time:00:00.32 | Mem:0.00M, Peak:0.00M | Scene, ViewLayer | Synchronizing object | ENV_leaf_468
Fra:194 Mem:223.56M (Peak 223.56M) | Time:00:00.32 | Mem:0.00M, Peak:0.00M | Scene, ViewLayer | Synchronizing object | ENV_leaf_467
Fra:194 Mem:223.66M (Peak 223.66M) | Time:00:00.32 | Mem:0.00M, Peak:0.00M | Scene, ViewLayer | Synchronizing object | ENV_leaf_466
Fra:194 Mem:223.67M (Peak 223.67M) | Time:00:00.32 | Mem:0.00M, Peak:0.00M | Scene, ViewLayer | Synchronizing object | ENV_leaf_465
Fra:194 Mem:223.67M (Peak 223.67M) | Time:00:00.32 | Mem:0.00M, Peak:0.00M | Scene, ViewLayer | Synchronizing object | ENV_leaf_464
Fra:194 Mem:223.70M (Peak 223.70M) | Time:00:00.32 | Mem:0.00M, Peak:0.00M | Scene, ViewLayer | Synchronizing object | ENV_leaf_463
Fra:194 Mem:223.78M (Peak 223.78M) | Time:00:00.32 | Mem:0.00M, Peak:0.00M | Scene, ViewLayer | Synchronizing object | ENV_leaf_462
Fra:194 Mem:223.78M (Peak 223.78M) | Time:00:00.32 | Mem:0.00M, Peak:0.00M | Scene, ViewLayer | Synchronizing object | ENV_leaf_461
Fra:194 Mem:223.78M (Peak 223.78M) | Time:00:00.32 | Mem:0.00M, Peak:0.00M | Scene, ViewLayer | Synchronizing object | ENV_leaf_460
Fra:194 Mem:223.79M (Peak 223.79M) | Time:00:00.32 | Mem:0.00M, Peak:0.00M | Scene, ViewLayer | Synchronizing object | ENV_leaf_459
Fra:194 Mem:223.79M (Peak 223.79M) | Time:00:00.32 | Mem:0.00M, Peak:0.00M | Scene, ViewLayer | Synchronizing object | ENV_leaf_458
Fra:194 Mem:223.80M (Peak 223.80M) | Time:00:00.32 | Mem:0.00M, Peak:0.00M | Scene, ViewLayer | Synchronizing object | ENV_leaf_457
Fra:194 Mem:223.80M (Peak 223.80M) | Time:00:00.32 | Mem:0.00M, Peak:0.00M | Scene, ViewLayer | Synchronizing object | ENV_leaf_456
Fra:194 Mem:223.80M (Peak 223.80M) | Time:00:00.32 | Mem:0.00M, Peak:0.00M | Scene, ViewLayer | Synchronizing object | ENV_leaf_455
Fra:194 Mem:223.79M (Peak 223.80M) | Time:00:00.32 | Mem:0.00M, Peak:0.00M | Scene, ViewLayer | Synchronizing object | ENV_leaf_454
Fra:194 Mem:223.79M (Peak 223.80M) | Time:00:00.32 | Mem:0.00M, Peak:0.00M | Scene, ViewLayer | Synchronizing object | ENV_leaf_453
Fra:194 Mem:223.80M (Peak 223.80M) | Time:00:00.32 | Mem:0.00M, Peak:0.00M | Scene, ViewLayer | Synchronizing object | ENV_leaf_452
Fra:194 Mem:223.80M (Peak 223.80M) | Time:00:00.32 | Mem:0.00M, Peak:0.00M | Scene, ViewLayer | Synchronizing object | ENV_leaf_451
Fra:194 Mem:223.81M (Peak 223.81M) | Time:00:00.32 | Mem:0.00M, Peak:0.00M | Scene, ViewLayer | Synchronizing object | ENV_leaf_450
Fra:194 Mem:223.81M (Peak 223.81M) | Time:00:00.32 | Mem:0.00M, Peak:0.00M | Scene, ViewLayer | Synchronizing object | ENV_leaf_449
Fra:194 Mem:223.81M (Peak 223.81M) | Time:00:00.32 | Mem:0.00M, Peak:0.00M | Scene, ViewLayer | Synchronizing object | ENV_leaf_448
Fra:194 Mem:223.82M (Peak 223.82M) | Time:00:00.32 | Mem:0.00M, Peak:0.00M | Scene, ViewLayer | Synchronizing object | ENV_leaf_447
Fra:194 Mem:223.82M (Peak 223.82M) | Time:00:00.32 | Mem:0.00M, Peak:0.00M | Scene, ViewLayer | Synchronizing object | ENV_leaf_446
Fra:194 Mem:223.83M (Peak 223.83M) | Time:00:00.32 | Mem:0.00M, Peak:0.00M | Scene, ViewLayer | Synchronizing object | ENV_leaf_445
Fra:194 Mem:223.83M (Peak 223.83M) | Time:00:00.32 | Mem:0.00M, Peak:0.00M | Scene, ViewLayer | Synchronizing object | ENV_leaf_444
Fra:194 Mem:223.83M (Peak 223.83M) | Time:00:00.32 | Mem:0.00M, Peak:0.00M | Scene, ViewLayer | Synchronizing object | ENV_leaf_443
Fra:194 Mem:223.84M (Peak 223.84M) | Time:00:00.32 | Mem:0.00M, Peak:0.00M | Scene, ViewLayer | Synchronizing object | ENV_leaf_442
Fra:194 Mem:223.84M (Peak 223.84M) | Time:00:00.32 | Mem:0.00M, Peak:0.00M | Scene, ViewLayer | Synchronizing object | ENV_leaf_441
Fra:194 Mem:224.03M (Peak 224.03M) | Time:00:00.32 | Mem:0.00M, Peak:0.00M | Scene, ViewLayer | Synchronizing object | ENV_leaf_440
Fra:194 Mem:223.95M (Peak 224.03M) | Time:00:00.32 | Mem:0.00M, Peak:0.00M | Scene, ViewLayer | Synchronizing object | ENV_fern_33
Fra:194 Mem:224.18M (Peak 224.18M) | Time:00:00.32 | Mem:0.00M, Peak:0.00M | Scene, ViewLayer | Synchronizing object | ENV_leaf_439
Fra:194 Mem:224.25M (Peak 224.25M) | Time:00:00.32 | Mem:0.00M, Peak:0.00M | Scene, ViewLayer | Synchronizing object | ENV_leaf_438
Fra:194 Mem:224.31M (Peak 224.31M) | Time:00:00.32 | Mem:0.00M, Peak:0.00M | Scene, ViewLayer | Synchronizing object | ENV_leaf_437
Fra:194 Mem:224.30M (Peak 224.31M) | Time:00:00.32 | Mem:0.00M, Peak:0.00M | Scene, ViewLayer | Synchronizing object | ENV_leaf_436
Fra:194 Mem:224.31M (Peak 224.31M) | Time:00:00.32 | Mem:0.00M, Peak:0.00M | Scene, ViewLayer | Synchronizing object | ENV_leaf_435
Fra:194 Mem:224.36M (Peak 224.36M) | Time:00:00.32 | Mem:0.00M, Peak:0.00M | Scene, ViewLayer | Synchronizing object | ENV_leaf_434
Fra:194 Mem:224.43M (Peak 224.43M) | Time:00:00.32 | Mem:0.00M, Peak:0.00M | Scene, ViewLayer | Synchronizing object | ENV_leaf_433
Fra:194 Mem:224.38M (Peak 224.43M) | Time:00:00.32 | Mem:0.00M, Peak:0.00M | Scene, ViewLayer | Synchronizing object | ENV_fern_34
Fra:194 Mem:224.38M (Peak 224.43M) | Time:00:00.32 | Mem:0.00M, Peak:0.00M | Scene, ViewLayer | Synchronizing object | ENV_leaf_432
Fra:194 Mem:224.46M (Peak 224.46M) | Time:00:00.32 | Mem:0.00M, Peak:0.00M | Scene, ViewLayer | Synchronizing object | ENV_leaf_431
Fra:194 Mem:224.46M (Peak 224.46M) | Time:00:00.32 | Mem:0.00M, Peak:0.00M | Scene, ViewLayer | Synchronizing object | ENV_leaf_430
Fra:194 Mem:224.63M (Peak 224.63M) | Time:00:00.32 | Mem:0.00M, Peak:0.00M | Scene, ViewLayer | Synchronizing object | ENV_leaf_429
Fra:194 Mem:224.79M (Peak 224.79M) | Time:00:00.32 | Mem:0.00M, Peak:0.00M | Scene, ViewLayer | Synchronizing object | ENV_leaf_428
Fra:194 Mem:224.85M (Peak 224.85M) | Time:00:00.32 | Mem:0.00M, Peak:0.00M | Scene, ViewLayer | Synchronizing object | ENV_leaf_427
Fra:194 Mem:224.84M (Peak 224.85M) | Time:00:00.32 | Mem:0.00M, Peak:0.00M | Scene, ViewLayer | Synchronizing object | ENV_leaf_426
Fra:194 Mem:224.85M (Peak 224.85M) | Time:00:00.32 | Mem:0.00M, Peak:0.00M | Scene, ViewLayer | Synchronizing object | ENV_leaf_425
Fra:194 Mem:224.85M (Peak 224.85M) | Time:00:00.32 | Mem:0.00M, Peak:0.00M | Scene, ViewLayer | Synchronizing object | ENV_leaf_424
Fra:194 Mem:224.92M (Peak 224.92M) | Time:00:00.32 | Mem:0.00M, Peak:0.00M | Scene, ViewLayer | Synchronizing object | ENV_leaf_423
Fra:194 Mem:225.01M (Peak 225.01M) | Time:00:00.32 | Mem:0.00M, Peak:0.00M | Scene, ViewLayer | Synchronizing object | ENV_leaf_422
Fra:194 Mem:224.95M (Peak 225.01M) | Time:00:00.32 | Mem:0.00M, Peak:0.00M | Scene, ViewLayer | Synchronizing object | ENV_fern_35
Fra:194 Mem:225.23M (Peak 225.23M) | Time:00:00.32 | Mem:0.00M, Peak:0.00M | Scene, ViewLayer | Synchronizing object | ENV_leaf_421
Fra:194 Mem:225.41M (Peak 225.41M) | Time:00:00.32 | Mem:0.00M, Peak:0.00M | Scene, ViewLayer | Synchronizing object | ENV_leaf_420
Fra:194 Mem:225.51M (Peak 225.51M) | Time:00:00.32 | Mem:0.00M, Peak:0.00M | Scene, ViewLayer | Synchronizing object | ENV_leaf_419
Fra:194 Mem:225.50M (Peak 225.51M) | Time:00:00.32 | Mem:0.00M, Peak:0.00M | Scene, ViewLayer | Synchronizing object | ENV_leaf_418
Fra:194 Mem:225.50M (Peak 225.51M) | Time:00:00.32 | Mem:0.00M, Peak:0.00M | Scene, ViewLayer | Synchronizing object | ENV_leaf_417
Fra:194 Mem:225.50M (Peak 225.51M) | Time:00:00.32 | Mem:0.00M, Peak:0.00M | Scene, ViewLayer | Synchronizing object | ENV_leaf_416
Fra:194 Mem:225.51M (Peak 225.51M) | Time:00:00.32 | Mem:0.00M, Peak:0.00M | Scene, ViewLayer | Synchronizing object | ENV_leaf_415
Fra:194 Mem:225.51M (Peak 225.51M) | Time:00:00.32 | Mem:0.00M, Peak:0.00M | Scene, ViewLayer | Synchronizing object | ENV_leaf_414
Fra:194 Mem:225.52M (Peak 225.52M) | Time:00:00.32 | Mem:0.00M, Peak:0.00M | Scene, ViewLayer | Synchronizing object | ENV_leaf_413
Fra:194 Mem:225.52M (Peak 225.52M) | Time:00:00.32 | Mem:0.00M, Peak:0.00M | Scene, ViewLayer | Synchronizing object | ENV_leaf_412
Fra:194 Mem:225.52M (Peak 225.52M) | Time:00:00.32 | Mem:0.00M, Peak:0.00M | Scene, ViewLayer | Synchronizing object | ENV_leaf_411
Fra:194 Mem:225.53M (Peak 225.53M) | Time:00:00.32 | Mem:0.00M, Peak:0.00M | Scene, ViewLayer | Synchronizing object | ENV_leaf_410
Fra:194 Mem:225.53M (Peak 225.53M) | Time:00:00.32 | Mem:0.00M, Peak:0.00M | Scene, ViewLayer | Synchronizing object | ENV_leaf_409
Fra:194 Mem:225.54M (Peak 225.54M) | Time:00:00.32 | Mem:0.00M, Peak:0.00M | Scene, ViewLayer | Synchronizing object | ENV_leaf_407
Fra:194 Mem:225.54M (Peak 225.54M) | Time:00:00.32 | Mem:0.00M, Peak:0.00M | Scene, ViewLayer | Synchronizing object | ENV_leaf_406
Fra:194 Mem:225.62M (Peak 225.62M) | Time:00:00.32 | Mem:0.00M, Peak:0.00M | Scene, ViewLayer | Synchronizing object | ENV_leaf_405
Fra:194 Mem:225.62M (Peak 225.62M) | Time:00:00.32 | Mem:0.00M, Peak:0.00M | Scene, ViewLayer | Synchronizing object | ENV_leaf_404
Fra:194 Mem:225.63M (Peak 225.63M) | Time:00:00.32 | Mem:0.00M, Peak:0.00M | Scene, ViewLayer | Synchronizing object | ENV_leaf_403
Fra:194 Mem:225.63M (Peak 225.63M) | Time:00:00.32 | Mem:0.00M, Peak:0.00M | Scene, ViewLayer | Synchronizing object | ENV_leaf_402
Fra:194 Mem:225.64M (Peak 225.64M) | Time:00:00.32 | Mem:0.00M, Peak:0.00M | Scene, ViewLayer | Synchronizing object | ENV_leaf_401
Fra:194 Mem:225.67M (Peak 225.67M) | Time:00:00.32 | Mem:0.00M, Peak:0.00M | Scene, ViewLayer | Synchronizing object | ENV_leaf_400
Fra:194 Mem:225.75M (Peak 225.75M) | Time:00:00.32 | Mem:0.00M, Peak:0.00M | Scene, ViewLayer | Synchronizing object | ENV_leaf_399
Fra:194 Mem:225.75M (Peak 225.75M) | Time:00:00.32 | Mem:0.00M, Peak:0.00M | Scene, ViewLayer | Synchronizing object | ENV_leaf_398
Fra:194 Mem:225.76M (Peak 225.76M) | Time:00:00.32 | Mem:0.00M, Peak:0.00M | Scene, ViewLayer | Synchronizing object | ENV_leaf_397
Fra:194 Mem:225.76M (Peak 225.76M) | Time:00:00.32 | Mem:0.00M, Peak:0.00M | Scene, ViewLayer | Synchronizing object | ENV_leaf_396
Fra:194 Mem:225.69M (Peak 225.76M) | Time:00:00.32 | Mem:0.00M, Peak:0.00M | Scene, ViewLayer | Synchronizing object | ENV_fern_36
Fra:194 Mem:225.74M (Peak 225.76M) | Time:00:00.33 | Mem:0.00M, Peak:0.00M | Scene, ViewLayer | Synchronizing object | ENV_leaf_395
Fra:194 Mem:225.92M (Peak 225.92M) | Time:00:00.33 | Mem:0.00M, Peak:0.00M | Scene, ViewLayer | Synchronizing object | ENV_leaf_394
Fra:194 Mem:225.92M (Peak 225.92M) | Time:00:00.33 | Mem:0.00M, Peak:0.00M | Scene, ViewLayer | Synchronizing object | ENV_leaf_393
Fra:194 Mem:225.99M (Peak 225.99M) | Time:00:00.33 | Mem:0.00M, Peak:0.00M | Scene, ViewLayer | Synchronizing object | ENV_leaf_392
Fra:194 Mem:225.99M (Peak 225.99M) | Time:00:00.33 | Mem:0.00M, Peak:0.00M | Scene, ViewLayer | Synchronizing object | ENV_leaf_391
Fra:194 Mem:226.01M (Peak 226.01M) | Time:00:00.33 | Mem:0.00M, Peak:0.00M | Scene, ViewLayer | Synchronizing object | ENV_leaf_390
Fra:194 Mem:226.06M (Peak 226.06M) | Time:00:00.33 | Mem:0.00M, Peak:0.00M | Scene, ViewLayer | Synchronizing object | ENV_leaf_389
Fra:194 Mem:226.06M (Peak 226.06M) | Time:00:00.33 | Mem:0.00M, Peak:0.00M | Scene, ViewLayer | Synchronizing object | ENV_leaf_388
Fra:194 Mem:226.07M (Peak 226.07M) | Time:00:00.33 | Mem:0.00M, Peak:0.00M | Scene, ViewLayer | Synchronizing object | ENV_leaf_387
Fra:194 Mem:226.07M (Peak 226.07M) | Time:00:00.33 | Mem:0.00M, Peak:0.00M | Scene, ViewLayer | Synchronizing object | ENV_leaf_386
Fra:194 Mem:226.08M (Peak 226.08M) | Time:00:00.33 | Mem:0.00M, Peak:0.00M | Scene, ViewLayer | Synchronizing object | ENV_leaf_385
Fra:194 Mem:226.07M (Peak 226.08M) | Time:00:00.33 | Mem:0.00M, Peak:0.00M | Scene, ViewLayer | Synchronizing object | ENV_leaf_384
Fra:194 Mem:226.07M (Peak 226.08M) | Time:00:00.33 | Mem:0.00M, Peak:0.00M | Scene, ViewLayer | Synchronizing object | ENV_leaf_383
Fra:194 Mem:226.08M (Peak 226.08M) | Time:00:00.33 | Mem:0.00M, Peak:0.00M | Scene, ViewLayer | Synchronizing object | ENV_leaf_382
Fra:194 Mem:226.08M (Peak 226.08M) | Time:00:00.33 | Mem:0.00M, Peak:0.00M | Scene, ViewLayer | Synchronizing object | ENV_leaf_381
Fra:194 Mem:226.08M (Peak 226.08M) | Time:00:00.33 | Mem:0.00M, Peak:0.00M | Scene, ViewLayer | Synchronizing object | ENV_leaf_380
Fra:194 Mem:226.09M (Peak 226.09M) | Time:00:00.33 | Mem:0.00M, Peak:0.00M | Scene, ViewLayer | Synchronizing object | ENV_leaf_379
Fra:194 Mem:226.09M (Peak 226.09M) | Time:00:00.33 | Mem:0.00M, Peak:0.00M | Scene, ViewLayer | Synchronizing object | ENV_leaf_378
Fra:194 Mem:226.10M (Peak 226.10M) | Time:00:00.33 | Mem:0.00M, Peak:0.00M | Scene, ViewLayer | Synchronizing object | ENV_leaf_377
Fra:194 Mem:226.10M (Peak 226.10M) | Time:00:00.33 | Mem:0.00M, Peak:0.00M | Scene, ViewLayer | Synchronizing object | ENV_leaf_376
Fra:194 Mem:226.10M (Peak 226.10M) | Time:00:00.33 | Mem:0.00M, Peak:0.00M | Scene, ViewLayer | Synchronizing object | ENV_leaf_375
Fra:194 Mem:226.11M (Peak 226.11M) | Time:00:00.33 | Mem:0.00M, Peak:0.00M | Scene, ViewLayer | Synchronizing object | ENV_leaf_374
Fra:194 Mem:226.16M (Peak 226.16M) | Time:00:00.33 | Mem:0.00M, Peak:0.00M | Scene, ViewLayer | Synchronizing object | ENV_leaf_373
Fra:194 Mem:226.16M (Peak 226.16M) | Time:00:00.33 | Mem:0.00M, Peak:0.00M | Scene, ViewLayer | Synchronizing object | ENV_leaf_372
Fra:194 Mem:226.17M (Peak 226.17M) | Time:00:00.33 | Mem:0.00M, Peak:0.00M | Scene, ViewLayer | Synchronizing object | ENV_leaf_371
Fra:194 Mem:226.19M (Peak 226.19M) | Time:00:00.33 | Mem:0.00M, Peak:0.00M | Scene, ViewLayer | Synchronizing object | ENV_leaf_370
Fra:194 Mem:226.24M (Peak 226.24M) | Time:00:00.33 | Mem:0.00M, Peak:0.00M | Scene, ViewLayer | Synchronizing object | ENV_leaf_369
Fra:194 Mem:226.25M (Peak 226.25M) | Time:00:00.33 | Mem:0.00M, Peak:0.00M | Scene, ViewLayer | Synchronizing object | ENV_leaf_368
Fra:194 Mem:226.25M (Peak 226.25M) | Time:00:00.33 | Mem:0.00M, Peak:0.00M | Scene, ViewLayer | Synchronizing object | ENV_leaf_367
Fra:194 Mem:226.20M (Peak 226.25M) | Time:00:00.33 | Mem:0.00M, Peak:0.00M | Scene, ViewLayer | Synchronizing object | ENV_fern_37
Fra:194 Mem:226.28M (Peak 226.28M) | Time:00:00.33 | Mem:0.00M, Peak:0.00M | Scene, ViewLayer | Synchronizing object | ENV_leaf_366
Fra:194 Mem:226.28M (Peak 226.28M) | Time:00:00.33 | Mem:0.00M, Peak:0.00M | Scene, ViewLayer | Synchronizing object | ENV_leaf_365
Fra:194 Mem:226.28M (Peak 226.28M) | Time:00:00.33 | Mem:0.00M, Peak:0.00M | Scene, ViewLayer | Synchronizing object | ENV_leaf_364
Fra:194 Mem:226.45M (Peak 226.45M) | Time:00:00.33 | Mem:0.00M, Peak:0.00M | Scene, ViewLayer | Synchronizing object | ENV_leaf_363
Fra:194 Mem:226.51M (Peak 226.51M) | Time:00:00.33 | Mem:0.00M, Peak:0.00M | Scene, ViewLayer | Synchronizing object | ENV_leaf_362
Fra:194 Mem:226.52M (Peak 226.52M) | Time:00:00.33 | Mem:0.00M, Peak:0.00M | Scene, ViewLayer | Synchronizing object | ENV_leaf_361
Fra:194 Mem:226.60M (Peak 226.60M) | Time:00:00.33 | Mem:0.00M, Peak:0.00M | Scene, ViewLayer | Synchronizing object | ENV_leaf_360
Fra:194 Mem:226.61M (Peak 226.61M) | Time:00:00.33 | Mem:0.00M, Peak:0.00M | Scene, ViewLayer | Synchronizing object | ENV_leaf_359
Fra:194 Mem:226.61M (Peak 226.61M) | Time:00:00.33 | Mem:0.00M, Peak:0.00M | Scene, ViewLayer | Synchronizing object | ENV_leaf_358
Fra:194 Mem:226.63M (Peak 226.63M) | Time:00:00.33 | Mem:0.00M, Peak:0.00M | Scene, ViewLayer | Synchronizing object | ENV_leaf_357
Fra:194 Mem:226.70M (Peak 226.70M) | Time:00:00.33 | Mem:0.00M, Peak:0.00M | Scene, ViewLayer | Synchronizing object | ENV_leaf_356
Fra:194 Mem:226.70M (Peak 226.70M) | Time:00:00.33 | Mem:0.00M, Peak:0.00M | Scene, ViewLayer | Synchronizing object | ENV_leaf_355
Fra:194 Mem:226.71M (Peak 226.71M) | Time:00:00.33 | Mem:0.00M, Peak:0.00M | Scene, ViewLayer | Synchronizing object | ENV_leaf_354
Fra:194 Mem:226.71M (Peak 226.71M) | Time:00:00.33 | Mem:0.00M, Peak:0.00M | Scene, ViewLayer | Synchronizing object | ENV_leaf_353
Fra:194 Mem:226.71M (Peak 226.71M) | Time:00:00.33 | Mem:0.00M, Peak:0.00M | Scene, ViewLayer | Synchronizing object | ENV_leaf_352
Fra:194 Mem:226.70M (Peak 226.71M) | Time:00:00.33 | Mem:0.00M, Peak:0.00M | Scene, ViewLayer | Synchronizing object | ENV_leaf_351
Fra:194 Mem:226.71M (Peak 226.71M) | Time:00:00.33 | Mem:0.00M, Peak:0.00M | Scene, ViewLayer | Synchronizing object | ENV_leaf_350
Fra:194 Mem:226.71M (Peak 226.71M) | Time:00:00.33 | Mem:0.00M, Peak:0.00M | Scene, ViewLayer | Synchronizing object | ENV_leaf_349
Fra:194 Mem:226.71M (Peak 226.71M) | Time:00:00.33 | Mem:0.00M, Peak:0.00M | Scene, ViewLayer | Synchronizing object | ENV_leaf_348
Fra:194 Mem:226.72M (Peak 226.72M) | Time:00:00.33 | Mem:0.00M, Peak:0.00M | Scene, ViewLayer | Synchronizing object | ENV_leaf_347
Fra:194 Mem:226.72M (Peak 226.72M) | Time:00:00.33 | Mem:0.00M, Peak:0.00M | Scene, ViewLayer | Synchronizing object | ENV_leaf_346
Fra:194 Mem:226.73M (Peak 226.73M) | Time:00:00.33 | Mem:0.00M, Peak:0.00M | Scene, ViewLayer | Synchronizing object | ENV_leaf_345
Fra:194 Mem:226.73M (Peak 226.73M) | Time:00:00.33 | Mem:0.00M, Peak:0.00M | Scene, ViewLayer | Synchronizing object | ENV_leaf_344
Fra:194 Mem:226.73M (Peak 226.73M) | Time:00:00.33 | Mem:0.00M, Peak:0.00M | Scene, ViewLayer | Synchronizing object | ENV_leaf_343
Fra:194 Mem:226.74M (Peak 226.74M) | Time:00:00.33 | Mem:0.00M, Peak:0.00M | Scene, ViewLayer | Synchronizing object | ENV_leaf_342
Fra:194 Mem:226.74M (Peak 226.74M) | Time:00:00.33 | Mem:0.00M, Peak:0.00M | Scene, ViewLayer | Synchronizing object | ENV_leaf_341
Fra:194 Mem:226.75M (Peak 226.75M) | Time:00:00.33 | Mem:0.00M, Peak:0.00M | Scene, ViewLayer | Synchronizing object | ENV_leaf_340
Fra:194 Mem:226.75M (Peak 226.75M) | Time:00:00.33 | Mem:0.00M, Peak:0.00M | Scene, ViewLayer | Synchronizing object | ENV_leaf_339
Fra:194 Mem:226.75M (Peak 226.75M) | Time:00:00.33 | Mem:0.00M, Peak:0.00M | Scene, ViewLayer | Synchronizing object | ENV_leaf_338
Fra:194 Mem:226.82M (Peak 226.82M) | Time:00:00.33 | Mem:0.00M, Peak:0.00M | Scene, ViewLayer | Synchronizing object | ENV_leaf_337
Fra:194 Mem:226.82M (Peak 226.82M) | Time:00:00.33 | Mem:0.00M, Peak:0.00M | Scene, ViewLayer | Synchronizing object | ENV_leaf_336
Fra:194 Mem:226.83M (Peak 226.83M) | Time:00:00.33 | Mem:0.00M, Peak:0.00M | Scene, ViewLayer | Synchronizing object | ENV_leaf_335
Fra:194 Mem:226.83M (Peak 226.83M) | Time:00:00.33 | Mem:0.00M, Peak:0.00M | Scene, ViewLayer | Synchronizing object | ENV_leaf_334
Fra:194 Mem:226.86M (Peak 226.86M) | Time:00:00.33 | Mem:0.00M, Peak:0.00M | Scene, ViewLayer | Synchronizing object | ENV_leaf_333
Fra:194 Mem:226.93M (Peak 226.93M) | Time:00:00.33 | Mem:0.00M, Peak:0.00M | Scene, ViewLayer | Synchronizing object | ENV_leaf_332
Fra:194 Mem:226.93M (Peak 226.93M) | Time:00:00.33 | Mem:0.00M, Peak:0.00M | Scene, ViewLayer | Synchronizing object | ENV_leaf_331
Fra:194 Mem:226.93M (Peak 226.93M) | Time:00:00.33 | Mem:0.00M, Peak:0.00M | Scene, ViewLayer | Synchronizing object | ENV_leaf_330
Fra:194 Mem:226.88M (Peak 226.93M) | Time:00:00.33 | Mem:0.00M, Peak:0.00M | Scene, ViewLayer | Synchronizing object | ENV_fern_38
Fra:194 Mem:226.96M (Peak 226.96M) | Time:00:00.33 | Mem:0.00M, Peak:0.00M | Scene, ViewLayer | Synchronizing object | ENV_leaf_329
Fra:194 Mem:226.97M (Peak 226.97M) | Time:00:00.33 | Mem:0.00M, Peak:0.00M | Scene, ViewLayer | Synchronizing object | ENV_leaf_328
Fra:194 Mem:227.16M (Peak 227.16M) | Time:00:00.33 | Mem:0.00M, Peak:0.00M | Scene, ViewLayer | Synchronizing object | ENV_leaf_327
Fra:194 Mem:227.17M (Peak 227.17M) | Time:00:00.33 | Mem:0.00M, Peak:0.00M | Scene, ViewLayer | Synchronizing object | ENV_leaf_326
Fra:194 Mem:227.25M (Peak 227.25M) | Time:00:00.33 | Mem:0.00M, Peak:0.00M | Scene, ViewLayer | Synchronizing object | ENV_leaf_325
Fra:194 Mem:227.26M (Peak 227.26M) | Time:00:00.33 | Mem:0.00M, Peak:0.00M | Scene, ViewLayer | Synchronizing object | ENV_leaf_324
Fra:194 Mem:227.36M (Peak 227.36M) | Time:00:00.33 | Mem:0.00M, Peak:0.00M | Scene, ViewLayer | Synchronizing object | ENV_leaf_323
Fra:194 Mem:227.36M (Peak 227.36M) | Time:00:00.33 | Mem:0.00M, Peak:0.00M | Scene, ViewLayer | Synchronizing object | ENV_leaf_322
Fra:194 Mem:227.37M (Peak 227.37M) | Time:00:00.33 | Mem:0.00M, Peak:0.00M | Scene, ViewLayer | Synchronizing object | ENV_leaf_321
Fra:194 Mem:227.37M (Peak 227.37M) | Time:00:00.33 | Mem:0.00M, Peak:0.00M | Scene, ViewLayer | Synchronizing object | ENV_leaf_320
Fra:194 Mem:227.40M (Peak 227.40M) | Time:00:00.33 | Mem:0.00M, Peak:0.00M | Scene, ViewLayer | Synchronizing object | ENV_leaf_319
Fra:194 Mem:227.48M (Peak 227.48M) | Time:00:00.33 | Mem:0.00M, Peak:0.00M | Scene, ViewLayer | Synchronizing object | ENV_leaf_318
Fra:194 Mem:227.48M (Peak 227.48M) | Time:00:00.33 | Mem:0.00M, Peak:0.00M | Scene, ViewLayer | Synchronizing object | ENV_leaf_317
Fra:194 Mem:227.48M (Peak 227.48M) | Time:00:00.33 | Mem:0.00M, Peak:0.00M | Scene, ViewLayer | Synchronizing object | ENV_leaf_316
Fra:194 Mem:227.49M (Peak 227.49M) | Time:00:00.33 | Mem:0.00M, Peak:0.00M | Scene, ViewLayer | Synchronizing object | ENV_leaf_315
Fra:194 Mem:227.49M (Peak 227.49M) | Time:00:00.33 | Mem:0.00M, Peak:0.00M | Scene, ViewLayer | Synchronizing object | ENV_leaf_314
Fra:194 Mem:227.50M (Peak 227.50M) | Time:00:00.33 | Mem:0.00M, Peak:0.00M | Scene, ViewLayer | Synchronizing object | ENV_leaf_313
Fra:194 Mem:227.50M (Peak 227.50M) | Time:00:00.33 | Mem:0.00M, Peak:0.00M | Scene, ViewLayer | Synchronizing object | ENV_leaf_312
Fra:194 Mem:227.48M (Peak 227.50M) | Time:00:00.33 | Mem:0.00M, Peak:0.00M | Scene, ViewLayer | Synchronizing object | ENV_leaf_311
Fra:194 Mem:227.49M (Peak 227.50M) | Time:00:00.33 | Mem:0.00M, Peak:0.00M | Scene, ViewLayer | Synchronizing object | ENV_leaf_310
Fra:194 Mem:227.49M (Peak 227.50M) | Time:00:00.33 | Mem:0.00M, Peak:0.00M | Scene, ViewLayer | Synchronizing object | ENV_leaf_309
Fra:194 Mem:227.50M (Peak 227.50M) | Time:00:00.33 | Mem:0.00M, Peak:0.00M | Scene, ViewLayer | Synchronizing object | ENV_leaf_308
Fra:194 Mem:227.50M (Peak 227.50M) | Time:00:00.33 | Mem:0.00M, Peak:0.00M | Scene, ViewLayer | Synchronizing object | ENV_leaf_307
Fra:194 Mem:227.51M (Peak 227.51M) | Time:00:00.33 | Mem:0.00M, Peak:0.00M | Scene, ViewLayer | Synchronizing object | ENV_leaf_306
Fra:194 Mem:227.51M (Peak 227.51M) | Time:00:00.33 | Mem:0.00M, Peak:0.00M | Scene, ViewLayer | Synchronizing object | ENV_leaf_305
Fra:194 Mem:227.51M (Peak 227.51M) | Time:00:00.33 | Mem:0.00M, Peak:0.00M | Scene, ViewLayer | Synchronizing object | ENV_leaf_304
Fra:194 Mem:227.52M (Peak 227.52M) | Time:00:00.33 | Mem:0.00M, Peak:0.00M | Scene, ViewLayer | Synchronizing object | ENV_leaf_303
Fra:194 Mem:227.52M (Peak 227.52M) | Time:00:00.33 | Mem:0.00M, Peak:0.00M | Scene, ViewLayer | Synchronizing object | ENV_leaf_302
Fra:194 Mem:227.53M (Peak 227.53M) | Time:00:00.33 | Mem:0.00M, Peak:0.00M | Scene, ViewLayer | Synchronizing object | ENV_leaf_301
Fra:194 Mem:227.53M (Peak 227.53M) | Time:00:00.33 | Mem:0.00M, Peak:0.00M | Scene, ViewLayer | Synchronizing object | ENV_leaf_300
Fra:194 Mem:227.53M (Peak 227.53M) | Time:00:00.33 | Mem:0.00M, Peak:0.00M | Scene, ViewLayer | Synchronizing object | ENV_leaf_299
Fra:194 Mem:227.54M (Peak 227.54M) | Time:00:00.33 | Mem:0.00M, Peak:0.00M | Scene, ViewLayer | Synchronizing object | ENV_leaf_298
Fra:194 Mem:227.54M (Peak 227.54M) | Time:00:00.33 | Mem:0.00M, Peak:0.00M | Scene, ViewLayer | Synchronizing object | ENV_leaf_297
Fra:194 Mem:227.55M (Peak 227.55M) | Time:00:00.33 | Mem:0.00M, Peak:0.00M | Scene, ViewLayer | Synchronizing object | ENV_leaf_296
Fra:194 Mem:227.55M (Peak 227.55M) | Time:00:00.33 | Mem:0.00M, Peak:0.00M | Scene, ViewLayer | Synchronizing object | ENV_leaf_295
Fra:194 Mem:227.55M (Peak 227.55M) | Time:00:00.33 | Mem:0.00M, Peak:0.00M | Scene, ViewLayer | Synchronizing object | ENV_leaf_294
Fra:194 Mem:227.56M (Peak 227.56M) | Time:00:00.33 | Mem:0.00M, Peak:0.00M | Scene, ViewLayer | Synchronizing object | ENV_leaf_292
Fra:194 Mem:227.64M (Peak 227.64M) | Time:00:00.33 | Mem:0.00M, Peak:0.00M | Scene, ViewLayer | Synchronizing object | ENV_leaf_291
Fra:194 Mem:227.64M (Peak 227.64M) | Time:00:00.33 | Mem:0.00M, Peak:0.00M | Scene, ViewLayer | Synchronizing object | ENV_leaf_290
Fra:194 Mem:227.65M (Peak 227.65M) | Time:00:00.33 | Mem:0.00M, Peak:0.00M | Scene, ViewLayer | Synchronizing object | ENV_leaf_289
Fra:194 Mem:227.65M (Peak 227.65M) | Time:00:00.33 | Mem:0.00M, Peak:0.00M | Scene, ViewLayer | Synchronizing object | ENV_leaf_288
Fra:194 Mem:227.68M (Peak 227.68M) | Time:00:00.33 | Mem:0.00M, Peak:0.00M | Scene, ViewLayer | Synchronizing object | ENV_leaf_287
Fra:194 Mem:227.69M (Peak 227.69M) | Time:00:00.33 | Mem:0.00M, Peak:0.00M | Scene, ViewLayer | Synchronizing object | ENV_leaf_286
Fra:194 Mem:227.77M (Peak 227.77M) | Time:00:00.33 | Mem:0.00M, Peak:0.00M | Scene, ViewLayer | Synchronizing object | ENV_leaf_285
Fra:194 Mem:227.77M (Peak 227.77M) | Time:00:00.33 | Mem:0.00M, Peak:0.00M | Scene, ViewLayer | Synchronizing object | ENV_leaf_284
Fra:194 Mem:227.77M (Peak 227.77M) | Time:00:00.33 | Mem:0.00M, Peak:0.00M | Scene, ViewLayer | Synchronizing object | ENV_leaf_283
Fra:194 Mem:227.78M (Peak 227.78M) | Time:00:00.33 | Mem:0.00M, Peak:0.00M | Scene, ViewLayer | Synchronizing object | ENV_leaf_282
Fra:194 Mem:227.71M (Peak 227.78M) | Time:00:00.33 | Mem:0.00M, Peak:0.00M | Scene, ViewLayer | Synchronizing object | ENV_fern_39
Fra:194 Mem:227.76M (Peak 227.78M) | Time:00:00.33 | Mem:0.00M, Peak:0.00M | Scene, ViewLayer | Synchronizing object | ENV_leaf_281
Fra:194 Mem:227.89M (Peak 227.89M) | Time:00:00.33 | Mem:0.00M, Peak:0.00M | Scene, ViewLayer | Synchronizing object | ENV_leaf_280
Fra:194 Mem:227.94M (Peak 227.94M) | Time:00:00.33 | Mem:0.00M, Peak:0.00M | Scene, ViewLayer | Synchronizing object | ENV_leaf_279
Fra:194 Mem:227.98M (Peak 227.98M) | Time:00:00.33 | Mem:0.00M, Peak:0.00M | Scene, ViewLayer | Synchronizing object | ENV_leaf_278
Fra:194 Mem:228.01M (Peak 228.01M) | Time:00:00.33 | Mem:0.00M, Peak:0.00M | Scene, ViewLayer | Synchronizing object | ENV_leaf_277
Fra:194 Mem:228.01M (Peak 228.01M) | Time:00:00.33 | Mem:0.00M, Peak:0.00M | Scene, ViewLayer | Synchronizing object | ENV_leaf_276
Fra:194 Mem:228.07M (Peak 228.07M) | Time:00:00.33 | Mem:0.00M, Peak:0.00M | Scene, ViewLayer | Synchronizing object | ENV_leaf_275
Fra:194 Mem:228.08M (Peak 228.08M) | Time:00:00.33 | Mem:0.00M, Peak:0.00M | Scene, ViewLayer | Synchronizing object | ENV_leaf_274
Fra:194 Mem:228.09M (Peak 228.09M) | Time:00:00.33 | Mem:0.00M, Peak:0.00M | Scene, ViewLayer | Synchronizing object | ENV_leaf_273
Fra:194 Mem:228.09M (Peak 228.09M) | Time:00:00.33 | Mem:0.00M, Peak:0.00M | Scene, ViewLayer | Synchronizing object | ENV_leaf_272
Fra:194 Mem:228.09M (Peak 228.09M) | Time:00:00.33 | Mem:0.00M, Peak:0.00M | Scene, ViewLayer | Synchronizing object | ENV_leaf_271
Fra:194 Mem:228.09M (Peak 228.09M) | Time:00:00.33 | Mem:0.00M, Peak:0.00M | Scene, ViewLayer | Synchronizing object | ENV_leaf_270
Fra:194 Mem:228.09M (Peak 228.09M) | Time:00:00.33 | Mem:0.00M, Peak:0.00M | Scene, ViewLayer | Synchronizing object | ENV_leaf_269
Fra:194 Mem:228.09M (Peak 228.09M) | Time:00:00.33 | Mem:0.00M, Peak:0.00M | Scene, ViewLayer | Synchronizing object | ENV_leaf_268
Fra:194 Mem:228.10M (Peak 228.10M) | Time:00:00.33 | Mem:0.00M, Peak:0.00M | Scene, ViewLayer | Synchronizing object | ENV_leaf_267
Fra:194 Mem:228.10M (Peak 228.10M) | Time:00:00.33 | Mem:0.00M, Peak:0.00M | Scene, ViewLayer | Synchronizing object | ENV_leaf_266
Fra:194 Mem:228.11M (Peak 228.11M) | Time:00:00.33 | Mem:0.00M, Peak:0.00M | Scene, ViewLayer | Synchronizing object | ENV_leaf_265
Fra:194 Mem:228.11M (Peak 228.11M) | Time:00:00.33 | Mem:0.00M, Peak:0.00M | Scene, ViewLayer | Synchronizing object | ENV_leaf_264
Fra:194 Mem:228.11M (Peak 228.11M) | Time:00:00.33 | Mem:0.00M, Peak:0.00M | Scene, ViewLayer | Synchronizing object | ENV_leaf_263
Fra:194 Mem:228.12M (Peak 228.12M) | Time:00:00.33 | Mem:0.00M, Peak:0.00M | Scene, ViewLayer | Synchronizing object | ENV_leaf_262
Fra:194 Mem:228.12M (Peak 228.12M) | Time:00:00.33 | Mem:0.00M, Peak:0.00M | Scene, ViewLayer | Synchronizing object | ENV_leaf_261
Fra:194 Mem:228.13M (Peak 228.13M) | Time:00:00.33 | Mem:0.00M, Peak:0.00M | Scene, ViewLayer | Synchronizing object | ENV_leaf_260
Fra:194 Mem:228.18M (Peak 228.18M) | Time:00:00.33 | Mem:0.00M, Peak:0.00M | Scene, ViewLayer | Synchronizing object | ENV_leaf_259
Fra:194 Mem:228.18M (Peak 228.18M) | Time:00:00.33 | Mem:0.00M, Peak:0.00M | Scene, ViewLayer | Synchronizing object | ENV_leaf_258
Fra:194 Mem:228.19M (Peak 228.19M) | Time:00:00.33 | Mem:0.00M, Peak:0.00M | Scene, ViewLayer | Synchronizing object | ENV_leaf_257
Fra:194 Mem:228.21M (Peak 228.21M) | Time:00:00.33 | Mem:0.00M, Peak:0.00M | Scene, ViewLayer | Synchronizing object | ENV_leaf_256
Fra:194 Mem:228.26M (Peak 228.26M) | Time:00:00.33 | Mem:0.00M, Peak:0.00M | Scene, ViewLayer | Synchronizing object | ENV_leaf_255
Fra:194 Mem:228.26M (Peak 228.26M) | Time:00:00.33 | Mem:0.00M, Peak:0.00M | Scene, ViewLayer | Synchronizing object | ENV_leaf_254
Fra:194 Mem:228.27M (Peak 228.27M) | Time:00:00.33 | Mem:0.00M, Peak:0.00M | Scene, ViewLayer | Synchronizing object | ENV_leaf_253
Fra:194 Mem:228.22M (Peak 228.27M) | Time:00:00.33 | Mem:0.00M, Peak:0.00M | Scene, ViewLayer | Synchronizing object | ENV_fern_40
Fra:194 Mem:228.22M (Peak 228.27M) | Time:00:00.33 | Mem:0.00M, Peak:0.00M | Scene, ViewLayer | Synchronizing object | ENV_leaf_252
Fra:194 Mem:228.30M (Peak 228.30M) | Time:00:00.33 | Mem:0.00M, Peak:0.00M | Scene, ViewLayer | Synchronizing object | ENV_leaf_251
Fra:194 Mem:228.30M (Peak 228.30M) | Time:00:00.33 | Mem:0.00M, Peak:0.00M | Scene, ViewLayer | Synchronizing object | ENV_leaf_250
Fra:194 Mem:228.47M (Peak 228.47M) | Time:00:00.33 | Mem:0.00M, Peak:0.00M | Scene, ViewLayer | Synchronizing object | ENV_leaf_249
Fra:194 Mem:228.53M (Peak 228.53M) | Time:00:00.33 | Mem:0.00M, Peak:0.00M | Scene, ViewLayer | Synchronizing object | ENV_leaf_248
Fra:194 Mem:228.54M (Peak 228.54M) | Time:00:00.33 | Mem:0.00M, Peak:0.00M | Scene, ViewLayer | Synchronizing object | ENV_leaf_247
Fra:194 Mem:228.59M (Peak 228.59M) | Time:00:00.33 | Mem:0.00M, Peak:0.00M | Scene, ViewLayer | Synchronizing object | ENV_leaf_246
Fra:194 Mem:228.63M (Peak 228.63M) | Time:00:00.33 | Mem:0.00M, Peak:0.00M | Scene, ViewLayer | Synchronizing object | ENV_leaf_245
Fra:194 Mem:228.63M (Peak 228.63M) | Time:00:00.33 | Mem:0.00M, Peak:0.00M | Scene, ViewLayer | Synchronizing object | ENV_leaf_244
Fra:194 Mem:228.63M (Peak 228.63M) | Time:00:00.33 | Mem:0.00M, Peak:0.00M | Scene, ViewLayer | Synchronizing object | ENV_leaf_243
Fra:194 Mem:228.70M (Peak 228.70M) | Time:00:00.33 | Mem:0.00M, Peak:0.00M | Scene, ViewLayer | Synchronizing object | ENV_leaf_242
Fra:194 Mem:228.70M (Peak 228.70M) | Time:00:00.33 | Mem:0.00M, Peak:0.00M | Scene, ViewLayer | Synchronizing object | ENV_leaf_241
Fra:194 Mem:228.72M (Peak 228.72M) | Time:00:00.33 | Mem:0.00M, Peak:0.00M | Scene, ViewLayer | Synchronizing object | ENV_leaf_240
Fra:194 Mem:228.73M (Peak 228.73M) | Time:00:00.33 | Mem:0.00M, Peak:0.00M | Scene, ViewLayer | Synchronizing object | ENV_leaf_239
Fra:194 Mem:228.73M (Peak 228.73M) | Time:00:00.33 | Mem:0.00M, Peak:0.00M | Scene, ViewLayer | Synchronizing object | ENV_leaf_238
Fra:194 Mem:228.74M (Peak 228.74M) | Time:00:00.33 | Mem:0.00M, Peak:0.00M | Scene, ViewLayer | Synchronizing object | ENV_leaf_237
Fra:194 Mem:228.74M (Peak 228.74M) | Time:00:00.33 | Mem:0.00M, Peak:0.00M | Scene, ViewLayer | Synchronizing object | ENV_leaf_236
Fra:194 Mem:228.74M (Peak 228.74M) | Time:00:00.33 | Mem:0.00M, Peak:0.00M | Scene, ViewLayer | Synchronizing object | ENV_leaf_235
Fra:194 Mem:228.73M (Peak 228.74M) | Time:00:00.33 | Mem:0.00M, Peak:0.00M | Scene, ViewLayer | Synchronizing object | ENV_leaf_234
Fra:194 Mem:228.74M (Peak 228.74M) | Time:00:00.33 | Mem:0.00M, Peak:0.00M | Scene, ViewLayer | Synchronizing object | ENV_leaf_233
Fra:194 Mem:228.74M (Peak 228.74M) | Time:00:00.33 | Mem:0.00M, Peak:0.00M | Scene, ViewLayer | Synchronizing object | ENV_leaf_232
Fra:194 Mem:228.74M (Peak 228.74M) | Time:00:00.33 | Mem:0.00M, Peak:0.00M | Scene, ViewLayer | Synchronizing object | ENV_leaf_231
Fra:194 Mem:228.75M (Peak 228.75M) | Time:00:00.33 | Mem:0.00M, Peak:0.00M | Scene, ViewLayer | Synchronizing object | ENV_leaf_230
Fra:194 Mem:228.75M (Peak 228.75M) | Time:00:00.33 | Mem:0.00M, Peak:0.00M | Scene, ViewLayer | Synchronizing object | ENV_leaf_229
Fra:194 Mem:228.76M (Peak 228.76M) | Time:00:00.33 | Mem:0.00M, Peak:0.00M | Scene, ViewLayer | Synchronizing object | ENV_leaf_228
Fra:194 Mem:228.76M (Peak 228.76M) | Time:00:00.33 | Mem:0.00M, Peak:0.00M | Scene, ViewLayer | Synchronizing object | ENV_leaf_227
Fra:194 Mem:228.76M (Peak 228.76M) | Time:00:00.33 | Mem:0.00M, Peak:0.00M | Scene, ViewLayer | Synchronizing object | ENV_leaf_226
Fra:194 Mem:228.77M (Peak 228.77M) | Time:00:00.33 | Mem:0.00M, Peak:0.00M | Scene, ViewLayer | Synchronizing object | ENV_leaf_225
Fra:194 Mem:228.77M (Peak 228.77M) | Time:00:00.33 | Mem:0.00M, Peak:0.00M | Scene, ViewLayer | Synchronizing object | ENV_leaf_224
Fra:194 Mem:228.78M (Peak 228.78M) | Time:00:00.33 | Mem:0.00M, Peak:0.00M | Scene, ViewLayer | Synchronizing object | ENV_leaf_223
Fra:194 Mem:228.78M (Peak 228.78M) | Time:00:00.33 | Mem:0.00M, Peak:0.00M | Scene, ViewLayer | Synchronizing object | ENV_leaf_222
Fra:194 Mem:228.78M (Peak 228.78M) | Time:00:00.33 | Mem:0.00M, Peak:0.00M | Scene, ViewLayer | Synchronizing object | ENV_leaf_221
Fra:194 Mem:228.85M (Peak 228.85M) | Time:00:00.33 | Mem:0.00M, Peak:0.00M | Scene, ViewLayer | Synchronizing object | ENV_leaf_220
Fra:194 Mem:228.85M (Peak 228.85M) | Time:00:00.33 | Mem:0.00M, Peak:0.00M | Scene, ViewLayer | Synchronizing object | ENV_leaf_219
Fra:194 Mem:228.86M (Peak 228.86M) | Time:00:00.33 | Mem:0.00M, Peak:0.00M | Scene, ViewLayer | Synchronizing object | ENV_leaf_218
Fra:194 Mem:228.89M (Peak 228.89M) | Time:00:00.33 | Mem:0.00M, Peak:0.00M | Scene, ViewLayer | Synchronizing object | ENV_leaf_217
Fra:194 Mem:228.89M (Peak 228.89M) | Time:00:00.33 | Mem:0.00M, Peak:0.00M | Scene, ViewLayer | Synchronizing object | ENV_leaf_216
Fra:194 Mem:228.96M (Peak 228.96M) | Time:00:00.33 | Mem:0.00M, Peak:0.00M | Scene, ViewLayer | Synchronizing object | ENV_leaf_215
Fra:194 Mem:228.96M (Peak 228.96M) | Time:00:00.33 | Mem:0.00M, Peak:0.00M | Scene, ViewLayer | Synchronizing object | ENV_leaf_214
Fra:194 Mem:228.96M (Peak 228.96M) | Time:00:00.33 | Mem:0.00M, Peak:0.00M | Scene, ViewLayer | Synchronizing object | ENV_leaf_213
Fra:194 Mem:228.91M (Peak 228.96M) | Time:00:00.33 | Mem:0.00M, Peak:0.00M | Scene, ViewLayer | Synchronizing object | ENV_fern_41
Fra:194 Mem:228.99M (Peak 228.99M) | Time:00:00.33 | Mem:0.00M, Peak:0.00M | Scene, ViewLayer | Synchronizing object | ENV_leaf_212
Fra:194 Mem:229.00M (Peak 229.00M) | Time:00:00.33 | Mem:0.00M, Peak:0.00M | Scene, ViewLayer | Synchronizing object | ENV_leaf_211
Fra:194 Mem:229.20M (Peak 229.20M) | Time:00:00.33 | Mem:0.00M, Peak:0.00M | Scene, ViewLayer | Synchronizing object | ENV_leaf_210
Fra:194 Mem:229.20M (Peak 229.20M) | Time:00:00.33 | Mem:0.00M, Peak:0.00M | Scene, ViewLayer | Synchronizing object | ENV_leaf_209
Fra:194 Mem:229.28M (Peak 229.28M) | Time:00:00.33 | Mem:0.00M, Peak:0.00M | Scene, ViewLayer | Synchronizing object | ENV_leaf_208
Fra:194 Mem:229.29M (Peak 229.29M) | Time:00:00.33 | Mem:0.00M, Peak:0.00M | Scene, ViewLayer | Synchronizing object | ENV_leaf_207
Fra:194 Mem:229.39M (Peak 229.39M) | Time:00:00.33 | Mem:0.00M, Peak:0.00M | Scene, ViewLayer | Synchronizing object | ENV_leaf_206
Fra:194 Mem:229.39M (Peak 229.39M) | Time:00:00.33 | Mem:0.00M, Peak:0.00M | Scene, ViewLayer | Synchronizing object | ENV_leaf_205
Fra:194 Mem:229.40M (Peak 229.40M) | Time:00:00.33 | Mem:0.00M, Peak:0.00M | Scene, ViewLayer | Synchronizing object | ENV_leaf_204
Fra:194 Mem:229.40M (Peak 229.40M) | Time:00:00.33 | Mem:0.00M, Peak:0.00M | Scene, ViewLayer | Synchronizing object | ENV_leaf_203
Fra:194 Mem:229.43M (Peak 229.43M) | Time:00:00.33 | Mem:0.00M, Peak:0.00M | Scene, ViewLayer | Synchronizing object | ENV_leaf_202
Fra:194 Mem:229.49M (Peak 229.49M) | Time:00:00.33 | Mem:0.00M, Peak:0.00M | Scene, ViewLayer | Synchronizing object | ENV_leaf_201
Fra:194 Mem:229.51M (Peak 229.51M) | Time:00:00.33 | Mem:0.00M, Peak:0.00M | Scene, ViewLayer | Synchronizing object | ENV_leaf_200
Fra:194 Mem:229.51M (Peak 229.51M) | Time:00:00.33 | Mem:0.00M, Peak:0.00M | Scene, ViewLayer | Synchronizing object | ENV_leaf_199
Fra:194 Mem:229.52M (Peak 229.52M) | Time:00:00.33 | Mem:0.00M, Peak:0.00M | Scene, ViewLayer | Synchronizing object | ENV_leaf_198
Fra:194 Mem:229.52M (Peak 229.52M) | Time:00:00.33 | Mem:0.00M, Peak:0.00M | Scene, ViewLayer | Synchronizing object | ENV_leaf_197
Fra:194 Mem:229.53M (Peak 229.53M) | Time:00:00.33 | Mem:0.00M, Peak:0.00M | Scene, ViewLayer | Synchronizing object | ENV_leaf_196
Fra:194 Mem:229.53M (Peak 229.53M) | Time:00:00.33 | Mem:0.00M, Peak:0.00M | Scene, ViewLayer | Synchronizing object | ENV_leaf_195
Fra:194 Mem:229.53M (Peak 229.53M) | Time:00:00.33 | Mem:0.00M, Peak:0.00M | Scene, ViewLayer | Synchronizing object | ENV_leaf_194
Fra:194 Mem:229.52M (Peak 229.53M) | Time:00:00.33 | Mem:0.00M, Peak:0.00M | Scene, ViewLayer | Synchronizing object | ENV_leaf_193
Fra:194 Mem:229.52M (Peak 229.53M) | Time:00:00.33 | Mem:0.00M, Peak:0.00M | Scene, ViewLayer | Synchronizing object | ENV_leaf_192
Fra:194 Mem:229.53M (Peak 229.53M) | Time:00:00.33 | Mem:0.00M, Peak:0.00M | Scene, ViewLayer | Synchronizing object | ENV_leaf_191
Fra:194 Mem:229.53M (Peak 229.53M) | Time:00:00.33 | Mem:0.00M, Peak:0.00M | Scene, ViewLayer | Synchronizing object | ENV_leaf_190
Fra:194 Mem:229.53M (Peak 229.53M) | Time:00:00.33 | Mem:0.00M, Peak:0.00M | Scene, ViewLayer | Synchronizing object | ENV_leaf_189
Fra:194 Mem:229.54M (Peak 229.54M) | Time:00:00.33 | Mem:0.00M, Peak:0.00M | Scene, ViewLayer | Synchronizing object | ENV_leaf_188
Fra:194 Mem:229.54M (Peak 229.54M) | Time:00:00.33 | Mem:0.00M, Peak:0.00M | Scene, ViewLayer | Synchronizing object | ENV_leaf_187
Fra:194 Mem:229.55M (Peak 229.55M) | Time:00:00.33 | Mem:0.00M, Peak:0.00M | Scene, ViewLayer | Synchronizing object | ENV_leaf_186
Fra:194 Mem:229.55M (Peak 229.55M) | Time:00:00.33 | Mem:0.00M, Peak:0.00M | Scene, ViewLayer | Synchronizing object | ENV_leaf_185
Fra:194 Mem:229.56M (Peak 229.56M) | Time:00:00.33 | Mem:0.00M, Peak:0.00M | Scene, ViewLayer | Synchronizing object | ENV_leaf_184
Fra:194 Mem:229.56M (Peak 229.56M) | Time:00:00.33 | Mem:0.00M, Peak:0.00M | Scene, ViewLayer | Synchronizing object | ENV_leaf_183
Fra:194 Mem:229.56M (Peak 229.56M) | Time:00:00.33 | Mem:0.00M, Peak:0.00M | Scene, ViewLayer | Synchronizing object | ENV_leaf_182
Fra:194 Mem:229.57M (Peak 229.57M) | Time:00:00.33 | Mem:0.00M, Peak:0.00M | Scene, ViewLayer | Synchronizing object | ENV_leaf_181
Fra:194 Mem:229.57M (Peak 229.57M) | Time:00:00.33 | Mem:0.00M, Peak:0.00M | Scene, ViewLayer | Synchronizing object | ENV_leaf_180
Fra:194 Mem:229.58M (Peak 229.58M) | Time:00:00.33 | Mem:0.00M, Peak:0.00M | Scene, ViewLayer | Synchronizing object | ENV_leaf_179
Fra:194 Mem:229.58M (Peak 229.58M) | Time:00:00.33 | Mem:0.00M, Peak:0.00M | Scene, ViewLayer | Synchronizing object | ENV_leaf_178
Fra:194 Mem:229.58M (Peak 229.58M) | Time:00:00.33 | Mem:0.00M, Peak:0.00M | Scene, ViewLayer | Synchronizing object | ENV_leaf_177
Fra:194 Mem:229.66M (Peak 229.66M) | Time:00:00.33 | Mem:0.00M, Peak:0.00M | Scene, ViewLayer | Synchronizing object | ENV_leaf_176
Fra:194 Mem:229.67M (Peak 229.67M) | Time:00:00.33 | Mem:0.00M, Peak:0.00M | Scene, ViewLayer | Synchronizing object | ENV_leaf_175
Fra:194 Mem:229.67M (Peak 229.67M) | Time:00:00.33 | Mem:0.00M, Peak:0.00M | Scene, ViewLayer | Synchronizing object | ENV_leaf_174
Fra:194 Mem:229.68M (Peak 229.68M) | Time:00:00.33 | Mem:0.00M, Peak:0.00M | Scene, ViewLayer | Synchronizing object | ENV_leaf_173
Fra:194 Mem:229.68M (Peak 229.68M) | Time:00:00.33 | Mem:0.00M, Peak:0.00M | Scene, ViewLayer | Synchronizing object | ENV_leaf_172
Fra:194 Mem:229.71M (Peak 229.71M) | Time:00:00.33 | Mem:0.00M, Peak:0.00M | Scene, ViewLayer | Synchronizing object | ENV_leaf_171
Fra:194 Mem:229.72M (Peak 229.72M) | Time:00:00.33 | Mem:0.00M, Peak:0.00M | Scene, ViewLayer | Synchronizing object | ENV_leaf_170
Fra:194 Mem:229.80M (Peak 229.80M) | Time:00:00.33 | Mem:0.00M, Peak:0.00M | Scene, ViewLayer | Synchronizing object | ENV_leaf_169
Fra:194 Mem:229.80M (Peak 229.80M) | Time:00:00.33 | Mem:0.00M, Peak:0.00M | Scene, ViewLayer | Synchronizing object | ENV_leaf_168
Fra:194 Mem:229.80M (Peak 229.80M) | Time:00:00.33 | Mem:0.00M, Peak:0.00M | Scene, ViewLayer | Synchronizing object | ENV_leaf_167
Fra:194 Mem:229.81M (Peak 229.81M) | Time:00:00.33 | Mem:0.00M, Peak:0.00M | Scene, ViewLayer | Synchronizing object | ENV_leaf_166
Fra:194 Mem:229.74M (Peak 229.81M) | Time:00:00.33 | Mem:0.00M, Peak:0.00M | Scene, ViewLayer | Synchronizing object | ENV_fern_42
Fra:194 Mem:229.79M (Peak 229.81M) | Time:00:00.33 | Mem:0.00M, Peak:0.00M | Scene, ViewLayer | Synchronizing object | ENV_leaf_165
Fra:194 Mem:229.79M (Peak 229.81M) | Time:00:00.33 | Mem:0.00M, Peak:0.00M | Scene, ViewLayer | Synchronizing object | ENV_leaf_164
Fra:194 Mem:229.92M (Peak 229.92M) | Time:00:00.33 | Mem:0.00M, Peak:0.00M | Scene, ViewLayer | Synchronizing object | ENV_leaf_163
Fra:194 Mem:229.97M (Peak 229.97M) | Time:00:00.33 | Mem:0.00M, Peak:0.00M | Scene, ViewLayer | Synchronizing object | ENV_leaf_162
Fra:194 Mem:230.04M (Peak 230.04M) | Time:00:00.33 | Mem:0.00M, Peak:0.00M | Scene, ViewLayer | Synchronizing object | ENV_leaf_161
Fra:194 Mem:230.04M (Peak 230.04M) | Time:00:00.33 | Mem:0.00M, Peak:0.00M | Scene, ViewLayer | Synchronizing object | ENV_leaf_160
Fra:194 Mem:230.05M (Peak 230.05M) | Time:00:00.33 | Mem:0.00M, Peak:0.00M | Scene, ViewLayer | Synchronizing object | ENV_leaf_159
Fra:194 Mem:230.06M (Peak 230.06M) | Time:00:00.33 | Mem:0.00M, Peak:0.00M | Scene, ViewLayer | Synchronizing object | ENV_leaf_158
Fra:194 Mem:230.12M (Peak 230.12M) | Time:00:00.33 | Mem:0.00M, Peak:0.00M | Scene, ViewLayer | Synchronizing object | ENV_leaf_157
Fra:194 Mem:230.12M (Peak 230.12M) | Time:00:00.33 | Mem:0.00M, Peak:0.00M | Scene, ViewLayer | Synchronizing object | ENV_leaf_156
Fra:194 Mem:230.12M (Peak 230.12M) | Time:00:00.33 | Mem:0.00M, Peak:0.00M | Scene, ViewLayer | Synchronizing object | ENV_leaf_155
Fra:194 Mem:230.13M (Peak 230.13M) | Time:00:00.33 | Mem:0.00M, Peak:0.00M | Scene, ViewLayer | Synchronizing object | ENV_leaf_154
Fra:194 Mem:230.13M (Peak 230.13M) | Time:00:00.33 | Mem:0.00M, Peak:0.00M | Scene, ViewLayer | Synchronizing object | ENV_leaf_153
Fra:194 Mem:230.12M (Peak 230.13M) | Time:00:00.33 | Mem:0.00M, Peak:0.00M | Scene, ViewLayer | Synchronizing object | ENV_leaf_152
Fra:194 Mem:230.13M (Peak 230.13M) | Time:00:00.33 | Mem:0.00M, Peak:0.00M | Scene, ViewLayer | Synchronizing object | ENV_leaf_151
Fra:194 Mem:230.13M (Peak 230.13M) | Time:00:00.33 | Mem:0.00M, Peak:0.00M | Scene, ViewLayer | Synchronizing object | ENV_leaf_150
Fra:194 Mem:230.14M (Peak 230.14M) | Time:00:00.33 | Mem:0.00M, Peak:0.00M | Scene, ViewLayer | Synchronizing object | ENV_leaf_149
Fra:194 Mem:230.14M (Peak 230.14M) | Time:00:00.33 | Mem:0.00M, Peak:0.00M | Scene, ViewLayer | Synchronizing object | ENV_leaf_148
Fra:194 Mem:230.14M (Peak 230.14M) | Time:00:00.33 | Mem:0.00M, Peak:0.00M | Scene, ViewLayer | Synchronizing object | ENV_leaf_147
Fra:194 Mem:230.15M (Peak 230.15M) | Time:00:00.33 | Mem:0.00M, Peak:0.00M | Scene, ViewLayer | Synchronizing object | ENV_leaf_146
Fra:194 Mem:230.15M (Peak 230.15M) | Time:00:00.33 | Mem:0.00M, Peak:0.00M | Scene, ViewLayer | Synchronizing object | ENV_leaf_145
Fra:194 Mem:230.16M (Peak 230.16M) | Time:00:00.33 | Mem:0.00M, Peak:0.00M | Scene, ViewLayer | Synchronizing object | ENV_leaf_144
Fra:194 Mem:230.16M (Peak 230.16M) | Time:00:00.33 | Mem:0.00M, Peak:0.00M | Scene, ViewLayer | Synchronizing object | ENV_leaf_143
Fra:194 Mem:230.21M (Peak 230.21M) | Time:00:00.33 | Mem:0.00M, Peak:0.00M | Scene, ViewLayer | Synchronizing object | ENV_leaf_142
Fra:194 Mem:230.22M (Peak 230.22M) | Time:00:00.33 | Mem:0.00M, Peak:0.00M | Scene, ViewLayer | Synchronizing object | ENV_leaf_141
Fra:194 Mem:230.22M (Peak 230.22M) | Time:00:00.33 | Mem:0.00M, Peak:0.00M | Scene, ViewLayer | Synchronizing object | ENV_leaf_140
Fra:194 Mem:230.24M (Peak 230.24M) | Time:00:00.33 | Mem:0.00M, Peak:0.00M | Scene, ViewLayer | Synchronizing object | ENV_leaf_139
Fra:194 Mem:230.29M (Peak 230.29M) | Time:00:00.33 | Mem:0.00M, Peak:0.00M | Scene, ViewLayer | Synchronizing object | ENV_leaf_138
Fra:194 Mem:230.30M (Peak 230.30M) | Time:00:00.33 | Mem:0.00M, Peak:0.00M | Scene, ViewLayer | Synchronizing object | ENV_leaf_137
Fra:194 Mem:230.25M (Peak 230.30M) | Time:00:00.33 | Mem:0.00M, Peak:0.00M | Scene, ViewLayer | Synchronizing object | ENV_fern_43
Fra:194 Mem:230.32M (Peak 230.32M) | Time:00:00.33 | Mem:0.00M, Peak:0.00M | Scene, ViewLayer | Synchronizing object | ENV_leaf_136
Fra:194 Mem:230.33M (Peak 230.33M) | Time:00:00.33 | Mem:0.00M, Peak:0.00M | Scene, ViewLayer | Synchronizing object | ENV_leaf_135
Fra:194 Mem:230.49M (Peak 230.49M) | Time:00:00.33 | Mem:0.00M, Peak:0.00M | Scene, ViewLayer | Synchronizing object | ENV_leaf_134
Fra:194 Mem:230.56M (Peak 230.56M) | Time:00:00.33 | Mem:0.00M, Peak:0.00M | Scene, ViewLayer | Synchronizing object | ENV_leaf_133
Fra:194 Mem:230.56M (Peak 230.56M) | Time:00:00.33 | Mem:0.00M, Peak:0.00M | Scene, ViewLayer | Synchronizing object | ENV_leaf_132
Fra:194 Mem:230.65M (Peak 230.65M) | Time:00:00.33 | Mem:0.00M, Peak:0.00M | Scene, ViewLayer | Synchronizing object | ENV_leaf_131
Fra:194 Mem:230.65M (Peak 230.65M) | Time:00:00.33 | Mem:0.00M, Peak:0.00M | Scene, ViewLayer | Synchronizing object | ENV_leaf_130
Fra:194 Mem:230.66M (Peak 230.66M) | Time:00:00.33 | Mem:0.00M, Peak:0.00M | Scene, ViewLayer | Synchronizing object | ENV_leaf_129
Fra:194 Mem:230.68M (Peak 230.68M) | Time:00:00.33 | Mem:0.00M, Peak:0.00M | Scene, ViewLayer | Synchronizing object | ENV_leaf_128
Fra:194 Mem:230.74M (Peak 230.74M) | Time:00:00.33 | Mem:0.00M, Peak:0.00M | Scene, ViewLayer | Synchronizing object | ENV_leaf_127
Fra:194 Mem:230.75M (Peak 230.75M) | Time:00:00.33 | Mem:0.00M, Peak:0.00M | Scene, ViewLayer | Synchronizing object | ENV_leaf_126
Fra:194 Mem:230.75M (Peak 230.75M) | Time:00:00.33 | Mem:0.00M, Peak:0.00M | Scene, ViewLayer | Synchronizing object | ENV_leaf_125
Fra:194 Mem:230.75M (Peak 230.75M) | Time:00:00.33 | Mem:0.00M, Peak:0.00M | Scene, ViewLayer | Synchronizing object | ENV_leaf_124
Fra:194 Mem:230.76M (Peak 230.76M) | Time:00:00.33 | Mem:0.00M, Peak:0.00M | Scene, ViewLayer | Synchronizing object | ENV_leaf_123
Fra:194 Mem:230.76M (Peak 230.76M) | Time:00:00.33 | Mem:0.00M, Peak:0.00M | Scene, ViewLayer | Synchronizing object | ENV_leaf_122
Fra:194 Mem:230.77M (Peak 230.77M) | Time:00:00.33 | Mem:0.00M, Peak:0.00M | Scene, ViewLayer | Synchronizing object | ENV_leaf_121
Fra:194 Mem:230.75M (Peak 230.77M) | Time:00:00.33 | Mem:0.00M, Peak:0.00M | Scene, ViewLayer | Synchronizing object | ENV_leaf_120
Fra:194 Mem:230.76M (Peak 230.77M) | Time:00:00.33 | Mem:0.00M, Peak:0.00M | Scene, ViewLayer | Synchronizing object | ENV_leaf_119
Fra:194 Mem:230.76M (Peak 230.77M) | Time:00:00.33 | Mem:0.00M, Peak:0.00M | Scene, ViewLayer | Synchronizing object | ENV_leaf_118
Fra:194 Mem:230.77M (Peak 230.77M) | Time:00:00.33 | Mem:0.00M, Peak:0.00M | Scene, ViewLayer | Synchronizing object | ENV_leaf_117
Fra:194 Mem:230.77M (Peak 230.77M) | Time:00:00.33 | Mem:0.00M, Peak:0.00M | Scene, ViewLayer | Synchronizing object | ENV_leaf_116
Fra:194 Mem:230.77M (Peak 230.77M) | Time:00:00.33 | Mem:0.00M, Peak:0.00M | Scene, ViewLayer | Synchronizing object | ENV_leaf_115
Fra:194 Mem:230.78M (Peak 230.78M) | Time:00:00.33 | Mem:0.00M, Peak:0.00M | Scene, ViewLayer | Synchronizing object | ENV_leaf_114
Fra:194 Mem:230.78M (Peak 230.78M) | Time:00:00.33 | Mem:0.00M, Peak:0.00M | Scene, ViewLayer | Synchronizing object | ENV_leaf_113
Fra:194 Mem:230.79M (Peak 230.79M) | Time:00:00.33 | Mem:0.00M, Peak:0.00M | Scene, ViewLayer | Synchronizing object | ENV_leaf_112
Fra:194 Mem:230.79M (Peak 230.79M) | Time:00:00.33 | Mem:0.00M, Peak:0.00M | Scene, ViewLayer | Synchronizing object | ENV_leaf_111
Fra:194 Mem:230.79M (Peak 230.79M) | Time:00:00.33 | Mem:0.00M, Peak:0.00M | Scene, ViewLayer | Synchronizing object | ENV_leaf_110
Fra:194 Mem:230.80M (Peak 230.80M) | Time:00:00.33 | Mem:0.00M, Peak:0.00M | Scene, ViewLayer | Synchronizing object | ENV_leaf_109
Fra:194 Mem:230.80M (Peak 230.80M) | Time:00:00.33 | Mem:0.00M, Peak:0.00M | Scene, ViewLayer | Synchronizing object | ENV_leaf_108
Fra:194 Mem:230.81M (Peak 230.81M) | Time:00:00.33 | Mem:0.00M, Peak:0.00M | Scene, ViewLayer | Synchronizing object | ENV_leaf_107
Fra:194 Mem:230.87M (Peak 230.87M) | Time:00:00.33 | Mem:0.00M, Peak:0.00M | Scene, ViewLayer | Synchronizing object | ENV_leaf_106
Fra:194 Mem:230.88M (Peak 230.88M) | Time:00:00.33 | Mem:0.00M, Peak:0.00M | Scene, ViewLayer | Synchronizing object | ENV_leaf_105
Fra:194 Mem:230.88M (Peak 230.88M) | Time:00:00.33 | Mem:0.00M, Peak:0.00M | Scene, ViewLayer | Synchronizing object | ENV_leaf_104
Fra:194 Mem:230.88M (Peak 230.88M) | Time:00:00.33 | Mem:0.00M, Peak:0.00M | Scene, ViewLayer | Synchronizing object | ENV_leaf_103
Fra:194 Mem:230.91M (Peak 230.91M) | Time:00:00.33 | Mem:0.00M, Peak:0.00M | Scene, ViewLayer | Synchronizing object | ENV_leaf_102
Fra:194 Mem:230.92M (Peak 230.92M) | Time:00:00.33 | Mem:0.00M, Peak:0.00M | Scene, ViewLayer | Synchronizing object | ENV_leaf_101
Fra:194 Mem:230.98M (Peak 230.98M) | Time:00:00.33 | Mem:0.00M, Peak:0.00M | Scene, ViewLayer | Synchronizing object | ENV_leaf_100
Fra:194 Mem:230.99M (Peak 230.99M) | Time:00:00.33 | Mem:0.00M, Peak:0.00M | Scene, ViewLayer | Synchronizing object | ENV_leaf_99
Fra:194 Mem:230.99M (Peak 230.99M) | Time:00:00.33 | Mem:0.00M, Peak:0.00M | Scene, ViewLayer | Synchronizing object | ENV_leaf_98
Fra:194 Mem:230.93M (Peak 230.99M) | Time:00:00.33 | Mem:0.00M, Peak:0.00M | Scene, ViewLayer | Synchronizing object | ENV_fern_44
Fra:194 Mem:231.02M (Peak 231.02M) | Time:00:00.33 | Mem:0.00M, Peak:0.00M | Scene, ViewLayer | Synchronizing object | ENV_leaf_97
Fra:194 Mem:231.02M (Peak 231.02M) | Time:00:00.33 | Mem:0.00M, Peak:0.00M | Scene, ViewLayer | Synchronizing object | ENV_leaf_96
Fra:194 Mem:231.22M (Peak 231.22M) | Time:00:00.33 | Mem:0.00M, Peak:0.00M | Scene, ViewLayer | Synchronizing object | ENV_leaf_95
Fra:194 Mem:231.30M (Peak 231.30M) | Time:00:00.33 | Mem:0.00M, Peak:0.00M | Scene, ViewLayer | Synchronizing object | ENV_leaf_94
Fra:194 Mem:231.31M (Peak 231.31M) | Time:00:00.33 | Mem:0.00M, Peak:0.00M | Scene, ViewLayer | Synchronizing object | ENV_leaf_93
Fra:194 Mem:231.31M (Peak 231.31M) | Time:00:00.33 | Mem:0.00M, Peak:0.00M | Scene, ViewLayer | Synchronizing object | ENV_leaf_92
Fra:194 Mem:231.42M (Peak 231.42M) | Time:00:00.33 | Mem:0.00M, Peak:0.00M | Scene, ViewLayer | Synchronizing object | ENV_leaf_91
Fra:194 Mem:231.42M (Peak 231.42M) | Time:00:00.33 | Mem:0.00M, Peak:0.00M | Scene, ViewLayer | Synchronizing object | ENV_leaf_90
Fra:194 Mem:231.42M (Peak 231.42M) | Time:00:00.33 | Mem:0.00M, Peak:0.00M | Scene, ViewLayer | Synchronizing object | ENV_leaf_89
Fra:194 Mem:231.43M (Peak 231.43M) | Time:00:00.33 | Mem:0.00M, Peak:0.00M | Scene, ViewLayer | Synchronizing object | ENV_leaf_88
Fra:194 Mem:231.45M (Peak 231.45M) | Time:00:00.33 | Mem:0.00M, Peak:0.00M | Scene, ViewLayer | Synchronizing object | ENV_leaf_87
Fra:194 Mem:231.53M (Peak 231.53M) | Time:00:00.33 | Mem:0.00M, Peak:0.00M | Scene, ViewLayer | Synchronizing object | ENV_leaf_86
Fra:194 Mem:231.54M (Peak 231.54M) | Time:00:00.33 | Mem:0.00M, Peak:0.00M | Scene, ViewLayer | Synchronizing object | ENV_leaf_85
Fra:194 Mem:231.54M (Peak 231.54M) | Time:00:00.33 | Mem:0.00M, Peak:0.00M | Scene, ViewLayer | Synchronizing object | ENV_leaf_84
Fra:194 Mem:231.54M (Peak 231.54M) | Time:00:00.33 | Mem:0.00M, Peak:0.00M | Scene, ViewLayer | Synchronizing object | ENV_leaf_83
Fra:194 Mem:231.55M (Peak 231.55M) | Time:00:00.33 | Mem:0.00M, Peak:0.00M | Scene, ViewLayer | Synchronizing object | ENV_leaf_82
Fra:194 Mem:231.55M (Peak 231.55M) | Time:00:00.33 | Mem:0.00M, Peak:0.00M | Scene, ViewLayer | Synchronizing object | ENV_leaf_81
Fra:194 Mem:231.56M (Peak 231.56M) | Time:00:00.33 | Mem:0.00M, Peak:0.00M | Scene, ViewLayer | Synchronizing object | ENV_leaf_80
Fra:194 Mem:231.54M (Peak 231.56M) | Time:00:00.33 | Mem:0.00M, Peak:0.00M | Scene, ViewLayer | Synchronizing object | ENV_leaf_79
Fra:194 Mem:231.54M (Peak 231.56M) | Time:00:00.33 | Mem:0.00M, Peak:0.00M | Scene, ViewLayer | Synchronizing object | ENV_leaf_78
Fra:194 Mem:231.55M (Peak 231.56M) | Time:00:00.33 | Mem:0.00M, Peak:0.00M | Scene, ViewLayer | Synchronizing object | ENV_leaf_77
Fra:194 Mem:231.55M (Peak 231.56M) | Time:00:00.33 | Mem:0.00M, Peak:0.00M | Scene, ViewLayer | Synchronizing object | ENV_leaf_76
Fra:194 Mem:231.56M (Peak 231.56M) | Time:00:00.33 | Mem:0.00M, Peak:0.00M | Scene, ViewLayer | Synchronizing object | ENV_leaf_75
Fra:194 Mem:231.56M (Peak 231.56M) | Time:00:00.33 | Mem:0.00M, Peak:0.00M | Scene, ViewLayer | Synchronizing object | ENV_leaf_74
Fra:194 Mem:231.56M (Peak 231.56M) | Time:00:00.33 | Mem:0.00M, Peak:0.00M | Scene, ViewLayer | Synchronizing object | ENV_leaf_73
Fra:194 Mem:231.57M (Peak 231.57M) | Time:00:00.33 | Mem:0.00M, Peak:0.00M | Scene, ViewLayer | Synchronizing object | ENV_leaf_72
Fra:194 Mem:231.57M (Peak 231.57M) | Time:00:00.33 | Mem:0.00M, Peak:0.00M | Scene, ViewLayer | Synchronizing object | ENV_leaf_71
Fra:194 Mem:231.58M (Peak 231.58M) | Time:00:00.33 | Mem:0.00M, Peak:0.00M | Scene, ViewLayer | Synchronizing object | ENV_leaf_70
Fra:194 Mem:231.58M (Peak 231.58M) | Time:00:00.33 | Mem:0.00M, Peak:0.00M | Scene, ViewLayer | Synchronizing object | ENV_leaf_69
Fra:194 Mem:231.58M (Peak 231.58M) | Time:00:00.33 | Mem:0.00M, Peak:0.00M | Scene, ViewLayer | Synchronizing object | ENV_leaf_68
Fra:194 Mem:231.59M (Peak 231.59M) | Time:00:00.33 | Mem:0.00M, Peak:0.00M | Scene, ViewLayer | Synchronizing object | ENV_leaf_67
Fra:194 Mem:231.59M (Peak 231.59M) | Time:00:00.33 | Mem:0.00M, Peak:0.00M | Scene, ViewLayer | Synchronizing object | ENV_leaf_66
Fra:194 Mem:231.60M (Peak 231.60M) | Time:00:00.33 | Mem:0.00M, Peak:0.00M | Scene, ViewLayer | Synchronizing object | ENV_leaf_65
Fra:194 Mem:231.60M (Peak 231.60M) | Time:00:00.33 | Mem:0.00M, Peak:0.00M | Scene, ViewLayer | Synchronizing object | ENV_leaf_64
Fra:194 Mem:231.61M (Peak 231.61M) | Time:00:00.33 | Mem:0.00M, Peak:0.00M | Scene, ViewLayer | Synchronizing object | ENV_leaf_63
Fra:194 Mem:231.61M (Peak 231.61M) | Time:00:00.33 | Mem:0.00M, Peak:0.00M | Scene, ViewLayer | Synchronizing object | ENV_leaf_62
Fra:194 Mem:231.61M (Peak 231.61M) | Time:00:00.33 | Mem:0.00M, Peak:0.00M | Scene, ViewLayer | Synchronizing object | ENV_leaf_61
Fra:194 Mem:231.69M (Peak 231.69M) | Time:00:00.33 | Mem:0.00M, Peak:0.00M | Scene, ViewLayer | Synchronizing object | ENV_leaf_60
Fra:194 Mem:231.70M (Peak 231.70M) | Time:00:00.33 | Mem:0.00M, Peak:0.00M | Scene, ViewLayer | Synchronizing object | ENV_leaf_59
Fra:194 Mem:231.70M (Peak 231.70M) | Time:00:00.33 | Mem:0.00M, Peak:0.00M | Scene, ViewLayer | Synchronizing object | ENV_leaf_58
Fra:194 Mem:231.71M (Peak 231.71M) | Time:00:00.33 | Mem:0.00M, Peak:0.00M | Scene, ViewLayer | Synchronizing object | ENV_leaf_57
Fra:194 Mem:231.71M (Peak 231.71M) | Time:00:00.33 | Mem:0.00M, Peak:0.00M | Scene, ViewLayer | Synchronizing object | ENV_leaf_56
Fra:194 Mem:231.74M (Peak 231.74M) | Time:00:00.33 | Mem:0.00M, Peak:0.00M | Scene, ViewLayer | Synchronizing object | ENV_leaf_55
Fra:194 Mem:231.75M (Peak 231.75M) | Time:00:00.33 | Mem:0.00M, Peak:0.00M | Scene, ViewLayer | Synchronizing object | ENV_leaf_54
Fra:194 Mem:231.83M (Peak 231.83M) | Time:00:00.33 | Mem:0.00M, Peak:0.00M | Scene, ViewLayer | Synchronizing object | ENV_leaf_53
Fra:194 Mem:231.83M (Peak 231.83M) | Time:00:00.33 | Mem:0.00M, Peak:0.00M | Scene, ViewLayer | Synchronizing object | ENV_leaf_52
Fra:194 Mem:231.83M (Peak 231.83M) | Time:00:00.33 | Mem:0.00M, Peak:0.00M | Scene, ViewLayer | Synchronizing object | ENV_leaf_51
Fra:194 Mem:231.76M (Peak 231.83M) | Time:00:00.33 | Mem:0.00M, Peak:0.00M | Scene, ViewLayer | Synchronizing object | ENV_fern_45
Fra:194 Mem:231.82M (Peak 231.83M) | Time:00:00.33 | Mem:0.00M, Peak:0.00M | Scene, ViewLayer | Synchronizing object | ENV_leaf_50
Fra:194 Mem:231.94M (Peak 231.94M) | Time:00:00.33 | Mem:0.00M, Peak:0.00M | Scene, ViewLayer | Synchronizing object | ENV_leaf_49
Fra:194 Mem:232.00M (Peak 232.00M) | Time:00:00.33 | Mem:0.00M, Peak:0.00M | Scene, ViewLayer | Synchronizing object | ENV_leaf_48
Fra:194 Mem:232.00M (Peak 232.00M) | Time:00:00.33 | Mem:0.00M, Peak:0.00M | Scene, ViewLayer | Synchronizing object | ENV_leaf_47
Fra:194 Mem:232.07M (Peak 232.07M) | Time:00:00.33 | Mem:0.00M, Peak:0.00M | Scene, ViewLayer | Synchronizing object | ENV_leaf_46
Fra:194 Mem:232.07M (Peak 232.07M) | Time:00:00.33 | Mem:0.00M, Peak:0.00M | Scene, ViewLayer | Synchronizing object | ENV_leaf_45
Fra:194 Mem:232.09M (Peak 232.09M) | Time:00:00.33 | Mem:0.00M, Peak:0.00M | Scene, ViewLayer | Synchronizing object | ENV_leaf_44
Fra:194 Mem:232.14M (Peak 232.14M) | Time:00:00.33 | Mem:0.00M, Peak:0.00M | Scene, ViewLayer | Synchronizing object | ENV_leaf_43
Fra:194 Mem:232.14M (Peak 232.14M) | Time:00:00.33 | Mem:0.00M, Peak:0.00M | Scene, ViewLayer | Synchronizing object | ENV_leaf_42
Fra:194 Mem:232.15M (Peak 232.15M) | Time:00:00.33 | Mem:0.00M, Peak:0.00M | Scene, ViewLayer | Synchronizing object | ENV_leaf_41
Fra:194 Mem:232.15M (Peak 232.15M) | Time:00:00.33 | Mem:0.00M, Peak:0.00M | Scene, ViewLayer | Synchronizing object | ENV_leaf_40
Fra:194 Mem:232.15M (Peak 232.15M) | Time:00:00.33 | Mem:0.00M, Peak:0.00M | Scene, ViewLayer | Synchronizing object | ENV_leaf_39
Fra:194 Mem:232.15M (Peak 232.15M) | Time:00:00.33 | Mem:0.00M, Peak:0.00M | Scene, ViewLayer | Synchronizing object | ENV_leaf_38
Fra:194 Mem:232.15M (Peak 232.15M) | Time:00:00.33 | Mem:0.00M, Peak:0.00M | Scene, ViewLayer | Synchronizing object | ENV_leaf_37
Fra:194 Mem:232.15M (Peak 232.15M) | Time:00:00.33 | Mem:0.00M, Peak:0.00M | Scene, ViewLayer | Synchronizing object | ENV_leaf_36
Fra:194 Mem:232.16M (Peak 232.16M) | Time:00:00.33 | Mem:0.00M, Peak:0.00M | Scene, ViewLayer | Synchronizing object | ENV_leaf_35
Fra:194 Mem:232.16M (Peak 232.16M) | Time:00:00.33 | Mem:0.00M, Peak:0.00M | Scene, ViewLayer | Synchronizing object | ENV_leaf_34
Fra:194 Mem:232.17M (Peak 232.17M) | Time:00:00.33 | Mem:0.00M, Peak:0.00M | Scene, ViewLayer | Synchronizing object | ENV_leaf_33
Fra:194 Mem:232.17M (Peak 232.17M) | Time:00:00.33 | Mem:0.00M, Peak:0.00M | Scene, ViewLayer | Synchronizing object | ENV_leaf_32
Fra:194 Mem:232.17M (Peak 232.17M) | Time:00:00.33 | Mem:0.00M, Peak:0.00M | Scene, ViewLayer | Synchronizing object | ENV_leaf_31
Fra:194 Mem:232.18M (Peak 232.18M) | Time:00:00.33 | Mem:0.00M, Peak:0.00M | Scene, ViewLayer | Synchronizing object | ENV_leaf_30
Fra:194 Mem:232.18M (Peak 232.18M) | Time:00:00.33 | Mem:0.00M, Peak:0.00M | Scene, ViewLayer | Synchronizing object | ENV_leaf_29
Fra:194 Mem:232.19M (Peak 232.19M) | Time:00:00.33 | Mem:0.00M, Peak:0.00M | Scene, ViewLayer | Synchronizing object | ENV_leaf_28
Fra:194 Mem:232.19M (Peak 232.19M) | Time:00:00.33 | Mem:0.00M, Peak:0.00M | Scene, ViewLayer | Synchronizing object | ENV_leaf_27
Fra:194 Mem:232.24M (Peak 232.24M) | Time:00:00.33 | Mem:0.00M, Peak:0.00M | Scene, ViewLayer | Synchronizing object | ENV_leaf_26
Fra:194 Mem:232.25M (Peak 232.25M) | Time:00:00.33 | Mem:0.00M, Peak:0.00M | Scene, ViewLayer | Synchronizing object | ENV_leaf_25
Fra:194 Mem:232.27M (Peak 232.27M) | Time:00:00.33 | Mem:0.00M, Peak:0.00M | Scene, ViewLayer | Synchronizing object | ENV_leaf_24
Fra:194 Mem:232.32M (Peak 232.32M) | Time:00:00.33 | Mem:0.00M, Peak:0.00M | Scene, ViewLayer | Synchronizing object | ENV_leaf_23
Fra:194 Mem:232.32M (Peak 232.32M) | Time:00:00.33 | Mem:0.00M, Peak:0.00M | Scene, ViewLayer | Synchronizing object | ENV_leaf_22
Fra:194 Mem:232.33M (Peak 232.33M) | Time:00:00.33 | Mem:0.00M, Peak:0.00M | Scene, ViewLayer | Synchronizing object | ENV_leaf_21
Fra:194 Mem:232.28M (Peak 232.33M) | Time:00:00.33 | Mem:0.00M, Peak:0.00M | Scene, ViewLayer | Synchronizing object | ENV_fern_46
Fra:194 Mem:232.35M (Peak 232.35M) | Time:00:00.33 | Mem:0.00M, Peak:0.00M | Scene, ViewLayer | Synchronizing object | ENV_leaf_20
Fra:194 Mem:232.49M (Peak 232.49M) | Time:00:00.33 | Mem:0.00M, Peak:0.00M | Scene, ViewLayer | Synchronizing object | ENV_leaf_19
Fra:194 Mem:232.52M (Peak 232.52M) | Time:00:00.33 | Mem:0.00M, Peak:0.00M | Scene, ViewLayer | Synchronizing object | ENV_leaf_18
Fra:194 Mem:232.59M (Peak 232.59M) | Time:00:00.33 | Mem:0.00M, Peak:0.00M | Scene, ViewLayer | Synchronizing object | ENV_leaf_17
Fra:194 Mem:232.59M (Peak 232.59M) | Time:00:00.33 | Mem:0.00M, Peak:0.00M | Scene, ViewLayer | Synchronizing object | ENV_leaf_16
Fra:194 Mem:232.68M (Peak 232.68M) | Time:00:00.33 | Mem:0.00M, Peak:0.00M | Scene, ViewLayer | Synchronizing object | ENV_leaf_15
Fra:194 Mem:232.68M (Peak 232.68M) | Time:00:00.33 | Mem:0.00M, Peak:0.00M | Scene, ViewLayer | Synchronizing object | ENV_leaf_14
Fra:194 Mem:232.69M (Peak 232.69M) | Time:00:00.33 | Mem:0.00M, Peak:0.00M | Scene, ViewLayer | Synchronizing object | ENV_leaf_13
Fra:194 Mem:232.71M (Peak 232.71M) | Time:00:00.33 | Mem:0.00M, Peak:0.00M | Scene, ViewLayer | Synchronizing object | ENV_leaf_12
Fra:194 Mem:232.77M (Peak 232.77M) | Time:00:00.33 | Mem:0.00M, Peak:0.00M | Scene, ViewLayer | Synchronizing object | ENV_leaf_11
Fra:194 Mem:232.78M (Peak 232.78M) | Time:00:00.33 | Mem:0.00M, Peak:0.00M | Scene, ViewLayer | Synchronizing object | ENV_leaf_10
Fra:194 Mem:232.78M (Peak 232.78M) | Time:00:00.33 | Mem:0.00M, Peak:0.00M | Scene, ViewLayer | Synchronizing object | ENV_leaf_9
Fra:194 Mem:232.78M (Peak 232.78M) | Time:00:00.33 | Mem:0.00M, Peak:0.00M | Scene, ViewLayer | Synchronizing object | ENV_leaf_8
Fra:194 Mem:232.79M (Peak 232.79M) | Time:00:00.33 | Mem:0.00M, Peak:0.00M | Scene, ViewLayer | Synchronizing object | ENV_leaf_7
Fra:194 Mem:232.79M (Peak 232.79M) | Time:00:00.33 | Mem:0.00M, Peak:0.00M | Scene, ViewLayer | Synchronizing object | ENV_leaf_6
Fra:194 Mem:232.78M (Peak 232.79M) | Time:00:00.33 | Mem:0.00M, Peak:0.00M | Scene, ViewLayer | Synchronizing object | ENV_leaf_5
Fra:194 Mem:232.78M (Peak 232.79M) | Time:00:00.33 | Mem:0.00M, Peak:0.00M | Scene, ViewLayer | Synchronizing object | ENV_leaf_4
Fra:194 Mem:232.79M (Peak 232.79M) | Time:00:00.33 | Mem:0.00M, Peak:0.00M | Scene, ViewLayer | Synchronizing object | ENV_leaf_3
Fra:194 Mem:232.79M (Peak 232.79M) | Time:00:00.33 | Mem:0.00M, Peak:0.00M | Scene, ViewLayer | Synchronizing object | ENV_leaf_2
Fra:194 Mem:232.80M (Peak 232.80M) | Time:00:00.33 | Mem:0.00M, Peak:0.00M | Scene, ViewLayer | Synchronizing object | ENV_leaf_1
Fra:194 Mem:232.80M (Peak 232.80M) | Time:00:00.33 | Mem:0.00M, Peak:0.00M | Scene, ViewLayer | Synchronizing object | ENV_leaf_0
Fra:194 Mem:232.80M (Peak 232.80M) | Time:00:00.33 | Mem:0.00M, Peak:0.00M | Scene, ViewLayer | Synchronizing object | ENV_fern_77
Fra:194 Mem:233.44M (Peak 233.44M) | Time:00:00.33 | Mem:0.00M, Peak:0.00M | Scene, ViewLayer | Synchronizing object | ENV_fern_47
Fra:194 Mem:234.07M (Peak 234.07M) | Time:00:00.34 | Mem:0.00M, Peak:0.00M | Scene, ViewLayer | Synchronizing object | ENV_fern_76
Fra:194 Mem:234.60M (Peak 234.60M) | Time:00:00.34 | Mem:0.00M, Peak:0.00M | Scene, ViewLayer | Synchronizing object | ENV_fern_48
Fra:194 Mem:235.02M (Peak 235.02M) | Time:00:00.34 | Mem:0.00M, Peak:0.00M | Scene, ViewLayer | Synchronizing object | ENV_fern_75
Fra:194 Mem:235.38M (Peak 235.38M) | Time:00:00.34 | Mem:0.00M, Peak:0.00M | Scene, ViewLayer | Synchronizing object | ENV_fern_49
Fra:194 Mem:235.93M (Peak 235.93M) | Time:00:00.34 | Mem:0.00M, Peak:0.00M | Scene, ViewLayer | Synchronizing object | ENV_fern_74
Fra:194 Mem:236.57M (Peak 236.57M) | Time:00:00.34 | Mem:0.00M, Peak:0.00M | Scene, ViewLayer | Synchronizing object | ENV_fern_50
Fra:194 Mem:237.19M (Peak 237.19M) | Time:00:00.34 | Mem:0.00M, Peak:0.00M | Scene, ViewLayer | Synchronizing object | ENV_fern_73
Fra:194 Mem:237.74M (Peak 237.74M) | Time:00:00.34 | Mem:0.00M, Peak:0.00M | Scene, ViewLayer | Synchronizing object | ENV_fern_51
Fra:194 Mem:238.19M (Peak 238.19M) | Time:00:00.34 | Mem:0.00M, Peak:0.00M | Scene, ViewLayer | Synchronizing object | ENV_fern_72
Fra:194 Mem:238.50M (Peak 238.50M) | Time:00:00.34 | Mem:0.00M, Peak:0.00M | Scene, ViewLayer | Synchronizing object | ENV_fern_52
Fra:194 Mem:239.05M (Peak 239.05M) | Time:00:00.34 | Mem:0.00M, Peak:0.00M | Scene, ViewLayer | Synchronizing object | ENV_fern_71
Fra:194 Mem:239.69M (Peak 239.69M) | Time:00:00.34 | Mem:0.00M, Peak:0.00M | Scene, ViewLayer | Synchronizing object | ENV_fern_53
Fra:194 Mem:240.31M (Peak 240.31M) | Time:00:00.34 | Mem:0.00M, Peak:0.00M | Scene, ViewLayer | Synchronizing object | ENV_fern_70
Fra:194 Mem:240.86M (Peak 240.86M) | Time:00:00.34 | Mem:0.00M, Peak:0.00M | Scene, ViewLayer | Synchronizing object | ENV_fern_54
Fra:194 Mem:241.32M (Peak 241.32M) | Time:00:00.34 | Mem:0.00M, Peak:0.00M | Scene, ViewLayer | Synchronizing object | ENV_fern_69
Fra:194 Mem:241.62M (Peak 241.62M) | Time:00:00.34 | Mem:0.00M, Peak:0.00M | Scene, ViewLayer | Synchronizing object | ENV_fern_55
Fra:194 Mem:242.17M (Peak 242.17M) | Time:00:00.34 | Mem:0.00M, Peak:0.00M | Scene, ViewLayer | Synchronizing object | ENV_fern_68
Fra:194 Mem:242.81M (Peak 242.81M) | Time:00:00.34 | Mem:0.00M, Peak:0.00M | Scene, ViewLayer | Synchronizing object | ENV_fern_56
Fra:194 Mem:243.43M (Peak 243.43M) | Time:00:00.34 | Mem:0.00M, Peak:0.00M | Scene, ViewLayer | Synchronizing object | ENV_fern_67
Fra:194 Mem:243.99M (Peak 243.99M) | Time:00:00.34 | Mem:0.00M, Peak:0.00M | Scene, ViewLayer | Synchronizing object | ENV_fern_57
Fra:194 Mem:244.46M (Peak 244.46M) | Time:00:00.34 | Mem:0.00M, Peak:0.00M | Scene, ViewLayer | Synchronizing object | ENV_fern_66
Fra:194 Mem:244.63M (Peak 244.63M) | Time:00:00.34 | Mem:0.00M, Peak:0.00M | Scene, ViewLayer | Synchronizing object | ENV_fern_58
Fra:194 Mem:245.29M (Peak 245.29M) | Time:00:00.34 | Mem:0.00M, Peak:0.00M | Scene, ViewLayer | Synchronizing object | ENV_fern_65
Fra:194 Mem:245.91M (Peak 245.91M) | Time:00:00.35 | Mem:0.00M, Peak:0.00M | Scene, ViewLayer | Synchronizing object | ENV_fern_59
Fra:194 Mem:246.55M (Peak 246.55M) | Time:00:00.35 | Mem:0.00M, Peak:0.00M | Scene, ViewLayer | Synchronizing object | ENV_fern_64
Fra:194 Mem:247.11M (Peak 247.11M) | Time:00:00.35 | Mem:0.00M, Peak:0.00M | Scene, ViewLayer | Synchronizing object | ENV_fern_60
Fra:194 Mem:247.58M (Peak 247.58M) | Time:00:00.35 | Mem:0.00M, Peak:0.00M | Scene, ViewLayer | Synchronizing object | ENV_fern_63
Fra:194 Mem:247.75M (Peak 247.75M) | Time:00:00.35 | Mem:0.00M, Peak:0.00M | Scene, ViewLayer | Synchronizing object | ENV_fern_61
Fra:194 Mem:248.41M (Peak 248.41M) | Time:00:00.35 | Mem:0.00M, Peak:0.00M | Scene, ViewLayer | Synchronizing object | ENV_fern_62
Fra:194 Mem:249.14M (Peak 249.14M) | Time:00:00.35 | Mem:0.00M, Peak:0.00M | Scene, ViewLayer | Initializing
Fra:194 Mem:125.41M (Peak 249.14M) | Time:00:00.39 | Mem:0.00M, Peak:0.00M | Scene, ViewLayer | Waiting for render to start
Fra:194 Mem:125.41M (Peak 249.14M) | Time:00:00.39 | Mem:0.00M, Peak:0.00M | Scene, ViewLayer | Updating Scene
Fra:194 Mem:125.41M (Peak 249.14M) | Time:00:00.39 | Mem:0.00M, Peak:0.00M | Scene, ViewLayer | Updating Shaders
Fra:194 Mem:125.41M (Peak 249.14M) | Time:00:00.39 | Mem:0.00M, Peak:0.00M | Scene, ViewLayer | Loading render kernels (may take a few minutes the first time)
Fra:194 Mem:125.54M (Peak 249.14M) | Time:00:00.39 | Mem:0.05M, Peak:0.05M | Scene, ViewLayer | Updating Procedurals
Fra:194 Mem:125.54M (Peak 249.14M) | Time:00:00.39 | Mem:0.05M, Peak:0.05M | Scene, ViewLayer | Updating Background
Fra:194 Mem:125.54M (Peak 249.14M) | Time:00:00.39 | Mem:0.05M, Peak:0.05M | Scene, ViewLayer | Updating Camera
Fra:194 Mem:125.54M (Peak 249.14M) | Time:00:00.39 | Mem:0.05M, Peak:0.05M | Scene, ViewLayer | Updating Meshes Flags
Fra:194 Mem:125.54M (Peak 249.14M) | Time:00:00.39 | Mem:0.05M, Peak:0.05M | Scene, ViewLayer | Updating Objects
Fra:194 Mem:125.54M (Peak 249.14M) | Time:00:00.39 | Mem:0.05M, Peak:0.05M | Scene, ViewLayer | Updating Objects | Copying Transformations to device
Fra:194 Mem:126.08M (Peak 249.14M) | Time:00:00.39 | Mem:0.57M, Peak:0.57M | Scene, ViewLayer | Updating Particle Systems
Fra:194 Mem:126.08M (Peak 249.14M) | Time:00:00.39 | Mem:0.57M, Peak:0.57M | Scene, ViewLayer | Updating Particle Systems | Copying Particles to device
Fra:194 Mem:126.08M (Peak 249.14M) | Time:00:00.39 | Mem:0.57M, Peak:0.57M | Scene, ViewLayer | Updating Meshes
Fra:194 Mem:126.08M (Peak 249.14M) | Time:00:00.39 | Mem:0.57M, Peak:0.57M | Scene, ViewLayer | Updating Objects | Applying Static Transformations
Fra:194 Mem:126.08M (Peak 249.14M) | Time:00:00.39 | Mem:0.57M, Peak:0.57M | Scene, ViewLayer | Updating Mesh | Computing attributes
Fra:194 Mem:134.17M (Peak 249.14M) | Time:00:00.40 | Mem:0.65M, Peak:0.65M | Scene, ViewLayer | Updating Mesh | Copying Attributes to device
Fra:194 Mem:133.94M (Peak 249.14M) | Time:00:00.40 | Mem:8.43M, Peak:8.43M | Scene, ViewLayer | Updating Geometry BVH FX_010_dot_src 2/4 | Building BVH
Fra:194 Mem:133.94M (Peak 249.14M) | Time:00:00.40 | Mem:8.43M, Peak:8.43M | Scene, ViewLayer | Updating Geometry BVH FX_010_dot_src 2/4 | Building BVH 0%
Fra:194 Mem:133.94M (Peak 249.14M) | Time:00:00.40 | Mem:8.44M, Peak:8.44M | Scene, ViewLayer | Updating Geometry BVH MOSS_PATCH_A.001 3/4 | Building BVH
Fra:194 Mem:133.94M (Peak 249.14M) | Time:00:00.40 | Mem:8.45M, Peak:8.46M | Scene, ViewLayer | Updating Geometry BVH MOSS_PATCH_B.001 4/4 | Building BVH
Fra:194 Mem:133.94M (Peak 249.14M) | Time:00:00.40 | Mem:8.47M, Peak:8.47M | Scene, ViewLayer | Updating Geometry BVH ROCK_SMALL.001 5/4 | Building BVH
Fra:194 Mem:133.94M (Peak 249.14M) | Time:00:00.40 | Mem:8.48M, Peak:8.49M | Scene, ViewLayer | Updating Scene BVH | Building
Fra:194 Mem:133.97M (Peak 249.14M) | Time:00:00.40 | Mem:8.48M, Peak:8.49M | Scene, ViewLayer | Updating Scene BVH | Building BVH
Fra:194 Mem:133.97M (Peak 249.14M) | Time:00:00.63 | Mem:80.79M, Peak:116.55M | Scene, ViewLayer | Updating Scene BVH | Copying BVH to device
Fra:194 Mem:133.97M (Peak 249.14M) | Time:00:00.63 | Mem:80.79M, Peak:116.55M | Scene, ViewLayer | Updating Mesh | Computing normals
Fra:194 Mem:167.35M (Peak 249.14M) | Time:00:00.65 | Mem:80.79M, Peak:116.55M | Scene, ViewLayer | Updating Mesh | Copying Mesh to device
Fra:194 Mem:167.35M (Peak 249.14M) | Time:00:00.65 | Mem:114.17M, Peak:116.55M | Scene, ViewLayer | Updating Objects Flags
Fra:194 Mem:167.35M (Peak 249.14M) | Time:00:00.65 | Mem:114.18M, Peak:116.55M | Scene, ViewLayer | Updating Primitive Offsets
Fra:194 Mem:167.36M (Peak 249.14M) | Time:00:00.65 | Mem:114.19M, Peak:116.55M | Scene, ViewLayer | Updating Images
Fra:194 Mem:167.36M (Peak 249.14M) | Time:00:00.65 | Mem:114.19M, Peak:116.55M | Scene, ViewLayer | Updating Camera Volume
Fra:194 Mem:167.36M (Peak 249.14M) | Time:00:00.65 | Mem:114.19M, Peak:116.55M | Scene, ViewLayer | Updating Lookup Tables
Fra:194 Mem:167.36M (Peak 249.14M) | Time:00:00.65 | Mem:114.27M, Peak:116.55M | Scene, ViewLayer | Updating Lights
Fra:194 Mem:167.36M (Peak 249.14M) | Time:00:00.65 | Mem:114.27M, Peak:116.55M | Scene, ViewLayer | Updating Lights | Computing tree
Fra:194 Mem:168.04M (Peak 249.14M) | Time:00:00.67 | Mem:114.96M, Peak:116.55M | Scene, ViewLayer | Updating Integrator
Fra:194 Mem:168.04M (Peak 249.14M) | Time:00:00.67 | Mem:114.96M, Peak:116.55M | Scene, ViewLayer | Updating Film
Fra:194 Mem:168.04M (Peak 249.14M) | Time:00:00.67 | Mem:114.88M, Peak:116.55M | Scene, ViewLayer | Updating Lookup Tables
Fra:194 Mem:168.04M (Peak 249.14M) | Time:00:00.67 | Mem:114.96M, Peak:116.55M | Scene, ViewLayer | Updating Baking
Fra:194 Mem:168.04M (Peak 249.14M) | Time:00:00.67 | Mem:114.96M, Peak:116.55M | Scene, ViewLayer | Updating Device | Writing constant memory
Fra:194 Mem:168.08M (Peak 249.14M) | Time:00:00.67 | Mem:114.96M, Peak:116.55M | Scene, ViewLayer | Loading denoising kernels (may take a few minutes the first time)
Fra:194 Mem:168.08M (Peak 249.14M) | Time:00:00.67 | Mem:114.96M, Peak:116.55M | Scene, ViewLayer | Sample 0/6
Fra:194 Mem:177.50M (Peak 249.14M) | Time:00:01.76 | Remaining:00:05.45 | Mem:124.35M, Peak:124.35M | Scene, ViewLayer | Sample 1/6
Fra:194 Mem:181.45M (Peak 249.14M) | Time:00:08.02 | Mem:124.35M, Peak:124.35M | Scene, ViewLayer | Sample 6/6
Fra:194 Mem:181.45M (Peak 249.14M) | Time:00:08.02 | Mem:124.35M, Peak:124.35M | Scene, ViewLayer | Finished
Saved: '/home/user/liuflexrobo/GLIMMER/renders/preview/SHOT_004/frame_0194.jpg'
Time: 00:08.05 (Saving: 00:00.01)

FR SHOT_004 194 8.1s
Fra:195 Mem:135.19M (Peak 135.19M) | Time:00:00.13 | Mem:0.00M, Peak:0.00M | Scene, ViewLayer | Synchronizing object | FX_001_abdomen
Fra:195 Mem:135.22M (Peak 135.22M) | Time:00:00.13 | Mem:0.00M, Peak:0.00M | Scene, ViewLayer | Synchronizing object | FX_001_body
Fra:195 Mem:135.24M (Peak 135.24M) | Time:00:00.13 | Mem:0.00M, Peak:0.00M | Scene, ViewLayer | Synchronizing object | FX_001_wing_L
Fra:195 Mem:135.25M (Peak 135.25M) | Time:00:00.13 | Mem:0.00M, Peak:0.00M | Scene, ViewLayer | Synchronizing object | FX_001_wing_R
Fra:195 Mem:135.26M (Peak 135.26M) | Time:00:00.13 | Mem:0.00M, Peak:0.00M | Scene, ViewLayer | Synchronizing object | FX_010_dot_src
Fra:195 Mem:135.41M (Peak 135.41M) | Time:00:00.13 | Mem:0.00M, Peak:0.00M | Scene, ViewLayer | Synchronizing object | FX_010_swarm
Fra:195 Mem:135.22M (Peak 135.41M) | Time:00:00.13 | Mem:0.00M, Peak:0.00M | Scene, ViewLayer | Synchronizing object | LIGHT_ff_practical
Fra:195 Mem:135.24M (Peak 135.41M) | Time:00:00.13 | Mem:0.00M, Peak:0.00M | Scene, ViewLayer | Synchronizing object | LIGHT_sun
Fra:195 Mem:135.24M (Peak 135.41M) | Time:00:00.13 | Mem:0.00M, Peak:0.00M | Scene, ViewLayer | Synchronizing object | LIGHT_moon
Fra:195 Mem:135.24M (Peak 135.41M) | Time:00:00.13 | Mem:0.00M, Peak:0.00M | Scene, ViewLayer | Synchronizing object | LIGHT_shaft_0
Fra:195 Mem:135.24M (Peak 135.41M) | Time:00:00.13 | Mem:0.00M, Peak:0.00M | Scene, ViewLayer | Synchronizing object | LIGHT_shaft_1
Fra:195 Mem:135.24M (Peak 135.41M) | Time:00:00.13 | Mem:0.00M, Peak:0.00M | Scene, ViewLayer | Synchronizing object | LIGHT_char_fill
Fra:195 Mem:135.24M (Peak 135.41M) | Time:00:00.13 | Mem:0.00M, Peak:0.00M | Scene, ViewLayer | Synchronizing object | LIGHT_night_rim
Fra:195 Mem:135.24M (Peak 135.41M) | Time:00:00.13 | Mem:0.00M, Peak:0.00M | Scene, ViewLayer | Synchronizing object | LIGHT_night_fill
Fra:195 Mem:135.24M (Peak 135.41M) | Time:00:00.13 | Mem:0.00M, Peak:0.00M | Scene, ViewLayer | Synchronizing object | LIGHT_robot_key
Fra:195 Mem:136.00M (Peak 136.00M) | Time:00:00.17 | Mem:0.00M, Peak:0.00M | Scene, ViewLayer | Synchronizing object | CHAR_001_head
Fra:195 Mem:136.27M (Peak 136.27M) | Time:00:00.17 | Mem:0.00M, Peak:0.00M | Scene, ViewLayer | Synchronizing object | CHAR_001_antenna
Fra:195 Mem:139.18M (Peak 139.18M) | Time:00:00.17 | Mem:0.00M, Peak:0.00M | Scene, ViewLayer | Synchronizing object | TWIG_A
Fra:195 Mem:139.23M (Peak 139.23M) | Time:00:00.17 | Mem:0.00M, Peak:0.00M | Scene, ViewLayer | Synchronizing object | TWIG_B
Fra:195 Mem:140.71M (Peak 140.71M) | Time:00:00.18 | Mem:0.00M, Peak:0.00M | Scene, ViewLayer | Synchronizing object | CHAR_001_head_hatch
Fra:195 Mem:140.72M (Peak 140.72M) | Time:00:00.18 | Mem:0.00M, Peak:0.00M | Scene, ViewLayer | Synchronizing object | CHAR_001_head_seam
Fra:195 Mem:140.72M (Peak 140.72M) | Time:00:00.18 | Mem:0.00M, Peak:0.00M | Scene, ViewLayer | Synchronizing object | CHAR_001_eye_rim_L
Fra:195 Mem:140.74M (Peak 140.74M) | Time:00:00.18 | Mem:0.00M, Peak:0.00M | Scene, ViewLayer | Synchronizing object | CHAR_001_eye_L
Fra:195 Mem:140.75M (Peak 140.75M) | Time:00:00.18 | Mem:0.00M, Peak:0.00M | Scene, ViewLayer | Synchronizing object | CHAR_001_iris_L
Fra:195 Mem:141.07M (Peak 141.07M) | Time:00:00.18 | Mem:0.00M, Peak:0.00M | Scene, ViewLayer | Synchronizing object | CHAR_001_eye_rim_R
Fra:195 Mem:141.09M (Peak 141.09M) | Time:00:00.18 | Mem:0.00M, Peak:0.00M | Scene, ViewLayer | Synchronizing object | CHAR_001_eye_R
Fra:195 Mem:141.12M (Peak 141.12M) | Time:00:00.18 | Mem:0.00M, Peak:0.00M | Scene, ViewLayer | Synchronizing object | CHAR_001_iris_R
Fra:195 Mem:141.13M (Peak 141.13M) | Time:00:00.19 | Mem:0.00M, Peak:0.00M | Scene, ViewLayer | Synchronizing object | CHAR_001_antenna_tip
Fra:195 Mem:141.14M (Peak 141.14M) | Time:00:00.19 | Mem:0.00M, Peak:0.00M | Scene, ViewLayer | Synchronizing object | CHAR_001_torso
Fra:195 Mem:141.15M (Peak 141.15M) | Time:00:00.19 | Mem:0.00M, Peak:0.00M | Scene, ViewLayer | Synchronizing object | CHAR_001_torso_panel
Fra:195 Mem:141.17M (Peak 141.17M) | Time:00:00.19 | Mem:0.00M, Peak:0.00M | Scene, ViewLayer | Synchronizing object | CHAR_001_rivets
Fra:195 Mem:141.19M (Peak 141.19M) | Time:00:00.19 | Mem:0.00M, Peak:0.00M | Scene, ViewLayer | Synchronizing object | CHAR_001_vents
Fra:195 Mem:141.19M (Peak 141.19M) | Time:00:00.19 | Mem:0.00M, Peak:0.00M | Scene, ViewLayer | Synchronizing object | CHAR_001_neck
Fra:195 Mem:141.18M (Peak 141.19M) | Time:00:00.19 | Mem:0.00M, Peak:0.00M | Scene, ViewLayer | Synchronizing object | CHAR_001_shoulder_L
Fra:195 Mem:141.21M (Peak 141.21M) | Time:00:00.19 | Mem:0.00M, Peak:0.00M | Scene, ViewLayer | Synchronizing object | CHAR_001_upperarm_L
Fra:195 Mem:141.22M (Peak 141.22M) | Time:00:00.19 | Mem:0.00M, Peak:0.00M | Scene, ViewLayer | Synchronizing object | CHAR_001_forearm_L
Fra:195 Mem:141.21M (Peak 141.22M) | Time:00:00.19 | Mem:0.00M, Peak:0.00M | Scene, ViewLayer | Synchronizing object | CHAR_001_hand_L
Fra:195 Mem:141.59M (Peak 141.59M) | Time:00:00.19 | Mem:0.00M, Peak:0.00M | Scene, ViewLayer | Synchronizing object | CHAR_001_shoulder_R
Fra:195 Mem:141.60M (Peak 141.60M) | Time:00:00.19 | Mem:0.00M, Peak:0.00M | Scene, ViewLayer | Synchronizing object | CHAR_001_upperarm_R
Fra:195 Mem:141.61M (Peak 141.61M) | Time:00:00.19 | Mem:0.00M, Peak:0.00M | Scene, ViewLayer | Synchronizing object | CHAR_001_forearm_R
Fra:195 Mem:141.62M (Peak 141.62M) | Time:00:00.19 | Mem:0.00M, Peak:0.00M | Scene, ViewLayer | Synchronizing object | CHAR_001_hand_R
Fra:195 Mem:141.67M (Peak 141.67M) | Time:00:00.19 | Mem:0.00M, Peak:0.00M | Scene, ViewLayer | Synchronizing object | CHAR_001_finger_R_index
Fra:195 Mem:141.70M (Peak 141.70M) | Time:00:00.19 | Mem:0.00M, Peak:0.00M | Scene, ViewLayer | Synchronizing object | CHAR_001_chassis
Fra:195 Mem:141.71M (Peak 141.71M) | Time:00:00.19 | Mem:0.00M, Peak:0.00M | Scene, ViewLayer | Synchronizing object | CHAR_001_track_plates_L
Fra:195 Mem:141.75M (Peak 141.75M) | Time:00:00.19 | Mem:0.00M, Peak:0.00M | Scene, ViewLayer | Synchronizing object | CHAR_001_wheel_L_0
Fra:195 Mem:141.76M (Peak 141.76M) | Time:00:00.19 | Mem:0.00M, Peak:0.00M | Scene, ViewLayer | Synchronizing object | CHAR_001_wheel_L_1
Fra:195 Mem:141.76M (Peak 141.76M) | Time:00:00.19 | Mem:0.00M, Peak:0.00M | Scene, ViewLayer | Synchronizing object | CHAR_001_wheel_L_2
Fra:195 Mem:141.77M (Peak 141.77M) | Time:00:00.19 | Mem:0.00M, Peak:0.00M | Scene, ViewLayer | Synchronizing object | CHAR_001_wheel_L_3
Fra:195 Mem:141.77M (Peak 141.77M) | Time:00:00.19 | Mem:0.00M, Peak:0.00M | Scene, ViewLayer | Synchronizing object | CHAR_001_wheel_L_4
Fra:195 Mem:141.78M (Peak 141.78M) | Time:00:00.19 | Mem:0.00M, Peak:0.00M | Scene, ViewLayer | Synchronizing object | CHAR_001_fender_L
Fra:195 Mem:141.77M (Peak 141.78M) | Time:00:00.19 | Mem:0.00M, Peak:0.00M | Scene, ViewLayer | Synchronizing object | CHAR_001_track_plates_R
Fra:195 Mem:142.13M (Peak 142.13M) | Time:00:00.19 | Mem:0.00M, Peak:0.00M | Scene, ViewLayer | Synchronizing object | CHAR_001_wheel_R_0
Fra:195 Mem:142.14M (Peak 142.14M) | Time:00:00.19 | Mem:0.00M, Peak:0.00M | Scene, ViewLayer | Synchronizing object | CHAR_001_wheel_R_1
Fra:195 Mem:142.14M (Peak 142.14M) | Time:00:00.19 | Mem:0.00M, Peak:0.00M | Scene, ViewLayer | Synchronizing object | CHAR_001_wheel_R_2
Fra:195 Mem:142.15M (Peak 142.15M) | Time:00:00.19 | Mem:0.00M, Peak:0.00M | Scene, ViewLayer | Synchronizing object | CHAR_001_wheel_R_3
Fra:195 Mem:142.16M (Peak 142.16M) | Time:00:00.19 | Mem:0.00M, Peak:0.00M | Scene, ViewLayer | Synchronizing object | CHAR_001_wheel_R_4
Fra:195 Mem:142.16M (Peak 142.16M) | Time:00:00.19 | Mem:0.00M, Peak:0.00M | Scene, ViewLayer | Synchronizing object | CHAR_001_fender_R
Fra:195 Mem:142.17M (Peak 142.17M) | Time:00:00.19 | Mem:0.00M, Peak:0.00M | Scene, ViewLayer | Synchronizing object | TREE_TRUNK_A
Fra:195 Mem:142.93M (Peak 143.50M) | Time:00:00.19 | Mem:0.00M, Peak:0.00M | Scene, ViewLayer | Synchronizing object | TREE_TRUNK_B
Fra:195 Mem:143.99M (Peak 144.56M) | Time:00:00.20 | Mem:0.00M, Peak:0.00M | Scene, ViewLayer | Synchronizing object | TREE_TRUNK_C
Fra:195 Mem:145.05M (Peak 145.62M) | Time:00:00.20 | Mem:0.00M, Peak:0.00M | Scene, ViewLayer | Synchronizing object | ROOT_A
Fra:195 Mem:145.07M (Peak 145.62M) | Time:00:00.20 | Mem:0.00M, Peak:0.00M | Scene, ViewLayer | Synchronizing object | ROOT_B
Fra:195 Mem:145.08M (Peak 145.62M) | Time:00:00.20 | Mem:0.00M, Peak:0.00M | Scene, ViewLayer | Synchronizing object | ROOT_C
Fra:195 Mem:145.10M (Peak 145.62M) | Time:00:00.20 | Mem:0.00M, Peak:0.00M | Scene, ViewLayer | Synchronizing object | FALLEN_LOG_HERO
Fra:195 Mem:145.47M (Peak 145.62M) | Time:00:00.20 | Mem:0.00M, Peak:0.00M | Scene, ViewLayer | Synchronizing object | FERN_A
Fra:195 Mem:145.87M (Peak 145.87M) | Time:00:00.20 | Mem:0.00M, Peak:0.00M | Scene, ViewLayer | Synchronizing object | FERN_B
Fra:195 Mem:146.68M (Peak 146.68M) | Time:00:00.20 | Mem:0.00M, Peak:0.00M | Scene, ViewLayer | Synchronizing object | FERN_C
Fra:195 Mem:147.62M (Peak 147.62M) | Time:00:00.20 | Mem:0.00M, Peak:0.00M | Scene, ViewLayer | Synchronizing object | MOSS_PATCH_A
Fra:195 Mem:147.63M (Peak 147.63M) | Time:00:00.20 | Mem:0.00M, Peak:0.00M | Scene, ViewLayer | Synchronizing object | MOSS_PATCH_B
Fra:195 Mem:147.64M (Peak 147.64M) | Time:00:00.20 | Mem:0.00M, Peak:0.00M | Scene, ViewLayer | Synchronizing object | GROUND_LEAF_A
Fra:195 Mem:147.64M (Peak 147.64M) | Time:00:00.20 | Mem:0.00M, Peak:0.00M | Scene, ViewLayer | Synchronizing object | GROUND_LEAF_B
Fra:195 Mem:147.65M (Peak 147.65M) | Time:00:00.20 | Mem:0.00M, Peak:0.00M | Scene, ViewLayer | Synchronizing object | GROUND_LEAF_C
Fra:195 Mem:147.65M (Peak 147.65M) | Time:00:00.20 | Mem:0.00M, Peak:0.00M | Scene, ViewLayer | Synchronizing object | ROCK_SMALL
Fra:195 Mem:147.66M (Peak 147.66M) | Time:00:00.20 | Mem:0.00M, Peak:0.00M | Scene, ViewLayer | Synchronizing object | BACKGROUND_TREE
Fra:195 Mem:148.54M (Peak 148.54M) | Time:00:00.21 | Mem:0.00M, Peak:0.00M | Scene, ViewLayer | Synchronizing object | ENV_ground
Fra:195 Mem:149.77M (Peak 149.92M) | Time:00:00.21 | Mem:0.00M, Peak:0.00M | Scene, ViewLayer | Synchronizing object | ENV_hero_tree
Fra:195 Mem:150.83M (Peak 151.40M) | Time:00:00.21 | Mem:0.00M, Peak:0.00M | Scene, ViewLayer | Synchronizing object | ENV_root_0
Fra:195 Mem:150.85M (Peak 151.40M) | Time:00:00.21 | Mem:0.00M, Peak:0.00M | Scene, ViewLayer | Synchronizing object | ENV_root_1
Fra:195 Mem:150.86M (Peak 151.40M) | Time:00:00.21 | Mem:0.00M, Peak:0.00M | Scene, ViewLayer | Synchronizing object | ENV_root_2
Fra:195 Mem:150.88M (Peak 151.40M) | Time:00:00.21 | Mem:0.00M, Peak:0.00M | Scene, ViewLayer | Synchronizing object | ENV_root_3
Fra:195 Mem:150.89M (Peak 151.40M) | Time:00:00.21 | Mem:0.00M, Peak:0.00M | Scene, ViewLayer | Synchronizing object | ENV_root_4
Fra:195 Mem:150.89M (Peak 151.40M) | Time:00:00.21 | Mem:0.00M, Peak:0.00M | Scene, ViewLayer | Synchronizing object | ENV_root_5
Fra:195 Mem:150.92M (Peak 151.40M) | Time:00:00.21 | Mem:0.00M, Peak:0.00M | Scene, ViewLayer | Synchronizing object | ENV_fallen_log
Fra:195 Mem:151.29M (Peak 151.40M) | Time:00:00.21 | Mem:0.00M, Peak:0.00M | Scene, ViewLayer | Synchronizing object | ENV_midtree_0
Fra:195 Mem:152.04M (Peak 152.62M) | Time:00:00.22 | Mem:0.00M, Peak:0.00M | Scene, ViewLayer | Synchronizing object | ENV_midtree_1
Fra:195 Mem:153.11M (Peak 153.68M) | Time:00:00.22 | Mem:0.00M, Peak:0.00M | Scene, ViewLayer | Synchronizing object | ENV_midtree_2
Fra:195 Mem:154.17M (Peak 154.42M) | Time:00:00.22 | Mem:0.00M, Peak:0.00M | Scene, ViewLayer | Synchronizing object | ENV_midtree_3
Fra:195 Mem:154.93M (Peak 155.50M) | Time:00:00.22 | Mem:0.00M, Peak:0.00M | Scene, ViewLayer | Synchronizing object | ENV_midtree_4
Fra:195 Mem:155.69M (Peak 156.26M) | Time:00:00.23 | Mem:0.00M, Peak:0.00M | Scene, ViewLayer | Synchronizing object | ENV_midtree_5
Fra:195 Mem:156.46M (Peak 157.02M) | Time:00:00.23 | Mem:0.00M, Peak:0.00M | Scene, ViewLayer | Synchronizing object | ENV_bgtree_0
Fra:195 Mem:157.02M (Peak 157.02M) | Time:00:00.23 | Mem:0.00M, Peak:0.00M | Scene, ViewLayer | Synchronizing object | ENV_bgtree_1
Fra:195 Mem:157.91M (Peak 157.91M) | Time:00:00.23 | Mem:0.00M, Peak:0.00M | Scene, ViewLayer | Synchronizing object | ENV_bgtree_2
Fra:195 Mem:158.79M (Peak 158.79M) | Time:00:00.23 | Mem:0.00M, Peak:0.00M | Scene, ViewLayer | Synchronizing object | ENV_bgtree_3
Fra:195 Mem:159.67M (Peak 159.67M) | Time:00:00.23 | Mem:0.00M, Peak:0.00M | Scene, ViewLayer | Synchronizing object | ENV_bgtree_4
Fra:195 Mem:160.55M (Peak 160.55M) | Time:00:00.23 | Mem:0.00M, Peak:0.00M | Scene, ViewLayer | Synchronizing object | ENV_bgtree_5
Fra:195 Mem:161.13M (Peak 161.13M) | Time:00:00.24 | Mem:0.00M, Peak:0.00M | Scene, ViewLayer | Synchronizing object | ENV_bgtree_6
Fra:195 Mem:162.01M (Peak 162.01M) | Time:00:00.24 | Mem:0.00M, Peak:0.00M | Scene, ViewLayer | Synchronizing object | ENV_bgtree_7
Fra:195 Mem:162.89M (Peak 162.89M) | Time:00:00.24 | Mem:0.00M, Peak:0.00M | Scene, ViewLayer | Synchronizing object | ENV_bgtree_8
Fra:195 Mem:163.77M (Peak 163.77M) | Time:00:00.24 | Mem:0.00M, Peak:0.00M | Scene, ViewLayer | Synchronizing object | ENV_bgtree_9
Fra:195 Mem:164.65M (Peak 164.65M) | Time:00:00.24 | Mem:0.00M, Peak:0.00M | Scene, ViewLayer | Synchronizing object | ENV_bgtree_10
Fra:195 Mem:165.53M (Peak 165.53M) | Time:00:00.24 | Mem:0.00M, Peak:0.00M | Scene, ViewLayer | Synchronizing object | ENV_bgtree_11
Fra:195 Mem:166.41M (Peak 166.41M) | Time:00:00.25 | Mem:0.00M, Peak:0.00M | Scene, ViewLayer | Synchronizing object | ENV_bgtree_12
Fra:195 Mem:167.28M (Peak 167.28M) | Time:00:00.25 | Mem:0.00M, Peak:0.00M | Scene, ViewLayer | Synchronizing object | ENV_bgtree_13
Fra:195 Mem:167.85M (Peak 167.85M) | Time:00:00.25 | Mem:0.00M, Peak:0.00M | Scene, ViewLayer | Synchronizing object | ENV_bgtree_14
Fra:195 Mem:168.74M (Peak 168.74M) | Time:00:00.25 | Mem:0.00M, Peak:0.00M | Scene, ViewLayer | Synchronizing object | ENV_bgtree_15
Fra:195 Mem:169.62M (Peak 169.62M) | Time:00:00.25 | Mem:0.00M, Peak:0.00M | Scene, ViewLayer | Synchronizing object | ENV_bgtree_16
Fra:195 Mem:170.50M (Peak 170.50M) | Time:00:00.25 | Mem:0.00M, Peak:0.00M | Scene, ViewLayer | Synchronizing object | ENV_bgtree_17
Fra:195 Mem:171.38M (Peak 171.38M) | Time:00:00.25 | Mem:0.00M, Peak:0.00M | Scene, ViewLayer | Synchronizing object | ENV_bgtree_18
Fra:195 Mem:172.26M (Peak 172.26M) | Time:00:00.26 | Mem:0.00M, Peak:0.00M | Scene, ViewLayer | Synchronizing object | ENV_bgtree_19
Fra:195 Mem:173.13M (Peak 173.13M) | Time:00:00.26 | Mem:0.00M, Peak:0.00M | Scene, ViewLayer | Synchronizing object | ENV_bgtree_20
Fra:195 Mem:174.01M (Peak 174.01M) | Time:00:00.26 | Mem:0.00M, Peak:0.00M | Scene, ViewLayer | Synchronizing object | ENV_bgtree_21
Fra:195 Mem:174.58M (Peak 174.58M) | Time:00:00.26 | Mem:0.00M, Peak:0.00M | Scene, ViewLayer | Synchronizing object | ENV_bgtree_22
Fra:195 Mem:175.47M (Peak 175.47M) | Time:00:00.26 | Mem:0.00M, Peak:0.00M | Scene, ViewLayer | Synchronizing object | ENV_bgtree_23
Fra:195 Mem:176.35M (Peak 176.35M) | Time:00:00.26 | Mem:0.00M, Peak:0.00M | Scene, ViewLayer | Synchronizing object | ENV_bgtree_24
Fra:195 Mem:177.23M (Peak 177.23M) | Time:00:00.27 | Mem:0.00M, Peak:0.00M | Scene, ViewLayer | Synchronizing object | ENV_bgtree_25
Fra:195 Mem:178.11M (Peak 178.11M) | Time:00:00.27 | Mem:0.00M, Peak:0.00M | Scene, ViewLayer | Synchronizing object | ENV_bgtree_26
Fra:195 Mem:178.99M (Peak 178.99M) | Time:00:00.27 | Mem:0.00M, Peak:0.00M | Scene, ViewLayer | Synchronizing object | ENV_bgtree_27
Fra:195 Mem:179.57M (Peak 179.57M) | Time:00:00.27 | Mem:0.00M, Peak:0.00M | Scene, ViewLayer | Synchronizing object | ENV_bgtree_28
Fra:195 Mem:180.45M (Peak 180.45M) | Time:00:00.27 | Mem:0.00M, Peak:0.00M | Scene, ViewLayer | Synchronizing object | ENV_bgtree_29
Fra:195 Mem:181.04M (Peak 181.04M) | Time:00:00.27 | Mem:0.00M, Peak:0.00M | Scene, ViewLayer | Synchronizing object | ENV_bgtree_30
Fra:195 Mem:181.91M (Peak 181.91M) | Time:00:00.27 | Mem:0.00M, Peak:0.00M | Scene, ViewLayer | Synchronizing object | ENV_bgtree_31
Fra:195 Mem:182.78M (Peak 182.78M) | Time:00:00.27 | Mem:0.00M, Peak:0.00M | Scene, ViewLayer | Synchronizing object | ENV_bgtree_32
Fra:195 Mem:183.35M (Peak 183.35M) | Time:00:00.28 | Mem:0.00M, Peak:0.00M | Scene, ViewLayer | Synchronizing object | ENV_bgtree_33
Fra:195 Mem:184.24M (Peak 184.24M) | Time:00:00.28 | Mem:0.00M, Peak:0.00M | Scene, ViewLayer | Synchronizing object | ENV_bgtree_34
Fra:195 Mem:185.12M (Peak 185.12M) | Time:00:00.28 | Mem:0.00M, Peak:0.00M | Scene, ViewLayer | Synchronizing object | ENV_bgtree_35
Fra:195 Mem:185.69M (Peak 185.69M) | Time:00:00.28 | Mem:0.00M, Peak:0.00M | Scene, ViewLayer | Synchronizing object | ENV_bgtree_36
Fra:195 Mem:186.58M (Peak 186.58M) | Time:00:00.28 | Mem:0.00M, Peak:0.00M | Scene, ViewLayer | Synchronizing object | ENV_bgtree_37
Fra:195 Mem:187.46M (Peak 187.46M) | Time:00:00.28 | Mem:0.00M, Peak:0.00M | Scene, ViewLayer | Synchronizing object | ENV_bgtree_38
Fra:195 Mem:188.04M (Peak 188.04M) | Time:00:00.28 | Mem:0.00M, Peak:0.00M | Scene, ViewLayer | Synchronizing object | ENV_bgtree_39
Fra:195 Mem:188.92M (Peak 188.92M) | Time:00:00.28 | Mem:0.00M, Peak:0.00M | Scene, ViewLayer | Synchronizing object | ENV_bgtree_40
Fra:195 Mem:189.80M (Peak 189.80M) | Time:00:00.28 | Mem:0.00M, Peak:0.00M | Scene, ViewLayer | Synchronizing object | ENV_bgtree_41
Fra:195 Mem:190.38M (Peak 190.38M) | Time:00:00.29 | Mem:0.00M, Peak:0.00M | Scene, ViewLayer | Synchronizing object | ENV_bgtree_42
Fra:195 Mem:191.26M (Peak 191.26M) | Time:00:00.29 | Mem:0.00M, Peak:0.00M | Scene, ViewLayer | Synchronizing object | ENV_bgtree_43
Fra:195 Mem:191.82M (Peak 191.82M) | Time:00:00.29 | Mem:0.00M, Peak:0.00M | Scene, ViewLayer | Synchronizing object | ENV_bgtree_44
Fra:195 Mem:192.72M (Peak 192.72M) | Time:00:00.29 | Mem:0.00M, Peak:0.00M | Scene, ViewLayer | Synchronizing object | ENV_bgtree_45
Fra:195 Mem:193.59M (Peak 193.59M) | Time:00:00.29 | Mem:0.00M, Peak:0.00M | Scene, ViewLayer | Synchronizing object | ENV_bgtree_46
Fra:195 Mem:194.17M (Peak 194.17M) | Time:00:00.29 | Mem:0.00M, Peak:0.00M | Scene, ViewLayer | Synchronizing object | ENV_bgtree_47
Fra:195 Mem:195.05M (Peak 195.05M) | Time:00:00.29 | Mem:0.00M, Peak:0.00M | Scene, ViewLayer | Synchronizing object | ENV_bgtree_48
Fra:195 Mem:195.62M (Peak 195.62M) | Time:00:00.29 | Mem:0.00M, Peak:0.00M | Scene, ViewLayer | Synchronizing object | ENV_bgtree_49
Fra:195 Mem:196.52M (Peak 196.52M) | Time:00:00.29 | Mem:0.00M, Peak:0.00M | Scene, ViewLayer | Synchronizing object | ENV_bgtree_50
Fra:195 Mem:197.39M (Peak 197.39M) | Time:00:00.30 | Mem:0.00M, Peak:0.00M | Scene, ViewLayer | Synchronizing object | ENV_bgtree_51
Fra:195 Mem:197.98M (Peak 197.98M) | Time:00:00.30 | Mem:0.00M, Peak:0.00M | Scene, ViewLayer | Synchronizing object | ENV_bgtree_52
Fra:195 Mem:198.57M (Peak 198.57M) | Time:00:00.30 | Mem:0.00M, Peak:0.00M | Scene, ViewLayer | Synchronizing object | ENV_bgtree_53
Fra:195 Mem:199.18M (Peak 199.18M) | Time:00:00.30 | Mem:0.00M, Peak:0.00M | Scene, ViewLayer | Synchronizing object | ENV_bgtree_54
Fra:195 Mem:199.80M (Peak 199.80M) | Time:00:00.30 | Mem:0.00M, Peak:0.00M | Scene, ViewLayer | Synchronizing object | ENV_bgtree_55
Fra:195 Mem:200.42M (Peak 200.42M) | Time:00:00.30 | Mem:0.00M, Peak:0.00M | Scene, ViewLayer | Synchronizing object | ENV_bgtree_56
Fra:195 Mem:201.03M (Peak 201.03M) | Time:00:00.30 | Mem:0.00M, Peak:0.00M | Scene, ViewLayer | Synchronizing object | ENV_bgtree_57
Fra:195 Mem:201.65M (Peak 201.65M) | Time:00:00.30 | Mem:0.00M, Peak:0.00M | Scene, ViewLayer | Synchronizing object | ENV_bgtree_58
Fra:195 Mem:202.27M (Peak 202.27M) | Time:00:00.30 | Mem:0.00M, Peak:0.00M | Scene, ViewLayer | Synchronizing object | ENV_bgtree_59
Fra:195 Mem:202.91M (Peak 202.91M) | Time:00:00.31 | Mem:0.00M, Peak:0.00M | Scene, ViewLayer | Synchronizing object | ENV_fern_0
Fra:195 Mem:203.33M (Peak 203.33M) | Time:00:00.31 | Mem:0.00M, Peak:0.00M | Scene, ViewLayer | Synchronizing object | ENV_fern_1
Fra:195 Mem:203.79M (Peak 203.79M) | Time:00:00.31 | Mem:0.00M, Peak:0.00M | Scene, ViewLayer | Synchronizing object | ENV_twig_0
Fra:195 Mem:203.83M (Peak 203.83M) | Time:00:00.31 | Mem:0.00M, Peak:0.00M | Scene, ViewLayer | Synchronizing object | ENV_twig_1
Fra:195 Mem:203.96M (Peak 203.96M) | Time:00:00.31 | Mem:0.00M, Peak:0.00M | Scene, ViewLayer | Synchronizing object | ENV_twig_2
Fra:195 Mem:204.01M (Peak 204.01M) | Time:00:00.31 | Mem:0.00M, Peak:0.00M | Scene, ViewLayer | Synchronizing object | ENV_fern_2
Fra:195 Mem:204.09M (Peak 204.09M) | Time:00:00.31 | Mem:0.00M, Peak:0.00M | Scene, ViewLayer | Synchronizing object | ENV_twig_3
Fra:195 Mem:204.41M (Peak 204.41M) | Time:00:00.31 | Mem:0.00M, Peak:0.00M | Scene, ViewLayer | Synchronizing object | ENV_twig_4
Fra:195 Mem:204.56M (Peak 204.56M) | Time:00:00.31 | Mem:0.00M, Peak:0.00M | Scene, ViewLayer | Synchronizing object | ENV_twig_5
Fra:195 Mem:204.70M (Peak 204.70M) | Time:00:00.31 | Mem:0.00M, Peak:0.00M | Scene, ViewLayer | Synchronizing object | ENV_twig_6
Fra:195 Mem:204.75M (Peak 204.75M) | Time:00:00.31 | Mem:0.00M, Peak:0.00M | Scene, ViewLayer | Synchronizing object | ENV_twig_7
Fra:195 Mem:204.77M (Peak 204.77M) | Time:00:00.31 | Mem:0.00M, Peak:0.00M | Scene, ViewLayer | Synchronizing object | ENV_twig_8
Fra:195 Mem:204.82M (Peak 204.82M) | Time:00:00.31 | Mem:0.00M, Peak:0.00M | Scene, ViewLayer | Synchronizing object | ENV_twig_9
Fra:195 Mem:204.86M (Peak 204.86M) | Time:00:00.31 | Mem:0.00M, Peak:0.00M | Scene, ViewLayer | Synchronizing object | ENV_twig_10
Fra:195 Mem:204.91M (Peak 204.91M) | Time:00:00.31 | Mem:0.00M, Peak:0.00M | Scene, ViewLayer | Synchronizing object | ENV_twig_11
Fra:195 Mem:204.96M (Peak 204.96M) | Time:00:00.31 | Mem:0.00M, Peak:0.00M | Scene, ViewLayer | Synchronizing object | ENV_twig_12
Fra:195 Mem:205.00M (Peak 205.00M) | Time:00:00.31 | Mem:0.00M, Peak:0.00M | Scene, ViewLayer | Synchronizing object | ENV_twig_13
Fra:195 Mem:205.12M (Peak 205.12M) | Time:00:00.31 | Mem:0.00M, Peak:0.00M | Scene, ViewLayer | Synchronizing object | ENV_twig_14
Fra:195 Mem:205.20M (Peak 205.20M) | Time:00:00.31 | Mem:0.00M, Peak:0.00M | Scene, ViewLayer | Synchronizing object | ENV_twig_15
Fra:195 Mem:205.23M (Peak 205.23M) | Time:00:00.31 | Mem:0.00M, Peak:0.00M | Scene, ViewLayer | Synchronizing object | ENV_fern_3
Fra:195 Mem:205.42M (Peak 205.42M) | Time:00:00.31 | Mem:0.00M, Peak:0.00M | Scene, ViewLayer | Synchronizing object | ENV_twig_16
Fra:195 Mem:205.59M (Peak 205.59M) | Time:00:00.31 | Mem:0.00M, Peak:0.00M | Scene, ViewLayer | Synchronizing object | ENV_twig_17
Fra:195 Mem:205.68M (Peak 205.68M) | Time:00:00.31 | Mem:0.00M, Peak:0.00M | Scene, ViewLayer | Synchronizing object | ENV_twig_18
Fra:195 Mem:205.72M (Peak 205.72M) | Time:00:00.31 | Mem:0.00M, Peak:0.00M | Scene, ViewLayer | Synchronizing object | ENV_twig_19
Fra:195 Mem:205.76M (Peak 205.76M) | Time:00:00.31 | Mem:0.00M, Peak:0.00M | Scene, ViewLayer | Synchronizing object | ENV_twig_20
Fra:195 Mem:205.81M (Peak 205.81M) | Time:00:00.31 | Mem:0.00M, Peak:0.00M | Scene, ViewLayer | Synchronizing object | ENV_twig_21
Fra:195 Mem:205.85M (Peak 205.85M) | Time:00:00.31 | Mem:0.00M, Peak:0.00M | Scene, ViewLayer | Synchronizing object | ENV_twig_22
Fra:195 Mem:206.01M (Peak 206.01M) | Time:00:00.31 | Mem:0.00M, Peak:0.00M | Scene, ViewLayer | Synchronizing object | ENV_twig_23
Fra:195 Mem:206.00M (Peak 206.01M) | Time:00:00.31 | Mem:0.00M, Peak:0.00M | Scene, ViewLayer | Synchronizing object | ENV_fern_4
Fra:195 Mem:206.08M (Peak 206.08M) | Time:00:00.31 | Mem:0.00M, Peak:0.00M | Scene, ViewLayer | Synchronizing object | ENV_twig_24
Fra:195 Mem:206.43M (Peak 206.43M) | Time:00:00.31 | Mem:0.00M, Peak:0.00M | Scene, ViewLayer | Synchronizing object | ENV_twig_25
Fra:195 Mem:206.54M (Peak 206.54M) | Time:00:00.31 | Mem:0.00M, Peak:0.00M | Scene, ViewLayer | Synchronizing object | PROP_twig_hero
Fra:195 Mem:206.55M (Peak 206.55M) | Time:00:00.31 | Mem:0.00M, Peak:0.00M | Scene, ViewLayer | Synchronizing object | ENV_mist
Fra:195 Mem:206.55M (Peak 206.55M) | Time:00:00.31 | Mem:0.00M, Peak:0.00M | Scene, ViewLayer | Synchronizing object | ENV_leaf_1099
Fra:195 Mem:206.55M (Peak 206.55M) | Time:00:00.31 | Mem:0.00M, Peak:0.00M | Scene, ViewLayer | Synchronizing object | ENV_leaf_1098
Fra:195 Mem:206.56M (Peak 206.56M) | Time:00:00.31 | Mem:0.00M, Peak:0.00M | Scene, ViewLayer | Synchronizing object | ENV_leaf_1097
Fra:195 Mem:206.56M (Peak 206.56M) | Time:00:00.31 | Mem:0.00M, Peak:0.00M | Scene, ViewLayer | Synchronizing object | ENV_leaf_1096
Fra:195 Mem:206.57M (Peak 206.57M) | Time:00:00.31 | Mem:0.00M, Peak:0.00M | Scene, ViewLayer | Synchronizing object | ENV_leaf_1095
Fra:195 Mem:206.57M (Peak 206.57M) | Time:00:00.31 | Mem:0.00M, Peak:0.00M | Scene, ViewLayer | Synchronizing object | ENV_leaf_1094
Fra:195 Mem:206.57M (Peak 206.57M) | Time:00:00.31 | Mem:0.00M, Peak:0.00M | Scene, ViewLayer | Synchronizing object | ENV_leaf_1093
Fra:195 Mem:206.58M (Peak 206.58M) | Time:00:00.31 | Mem:0.00M, Peak:0.00M | Scene, ViewLayer | Synchronizing object | ENV_leaf_1092
Fra:195 Mem:206.58M (Peak 206.58M) | Time:00:00.31 | Mem:0.00M, Peak:0.00M | Scene, ViewLayer | Synchronizing object | ENV_leaf_1091
Fra:195 Mem:206.59M (Peak 206.59M) | Time:00:00.31 | Mem:0.00M, Peak:0.00M | Scene, ViewLayer | Synchronizing object | ENV_leaf_1090
Fra:195 Mem:206.59M (Peak 206.59M) | Time:00:00.31 | Mem:0.00M, Peak:0.00M | Scene, ViewLayer | Synchronizing object | ENV_leaf_1089
Fra:195 Mem:206.59M (Peak 206.59M) | Time:00:00.31 | Mem:0.00M, Peak:0.00M | Scene, ViewLayer | Synchronizing object | ENV_leaf_1088
Fra:195 Mem:206.60M (Peak 206.60M) | Time:00:00.31 | Mem:0.00M, Peak:0.00M | Scene, ViewLayer | Synchronizing object | ENV_leaf_1087
Fra:195 Mem:206.66M (Peak 206.66M) | Time:00:00.31 | Mem:0.00M, Peak:0.00M | Scene, ViewLayer | Synchronizing object | ENV_leaf_1086
Fra:195 Mem:206.67M (Peak 206.67M) | Time:00:00.31 | Mem:0.00M, Peak:0.00M | Scene, ViewLayer | Synchronizing object | ENV_leaf_1085
Fra:195 Mem:206.67M (Peak 206.67M) | Time:00:00.31 | Mem:0.00M, Peak:0.00M | Scene, ViewLayer | Synchronizing object | ENV_leaf_1084
Fra:195 Mem:206.70M (Peak 206.70M) | Time:00:00.31 | Mem:0.00M, Peak:0.00M | Scene, ViewLayer | Synchronizing object | ENV_leaf_1083
Fra:195 Mem:206.77M (Peak 206.77M) | Time:00:00.31 | Mem:0.00M, Peak:0.00M | Scene, ViewLayer | Synchronizing object | ENV_leaf_1082
Fra:195 Mem:206.77M (Peak 206.77M) | Time:00:00.31 | Mem:0.00M, Peak:0.00M | Scene, ViewLayer | Synchronizing object | ENV_leaf_1081
Fra:195 Mem:206.71M (Peak 206.77M) | Time:00:00.31 | Mem:0.00M, Peak:0.00M | Scene, ViewLayer | Synchronizing object | ENV_leaf_1080
Fra:195 Mem:206.72M (Peak 206.77M) | Time:00:00.31 | Mem:0.00M, Peak:0.00M | Scene, ViewLayer | Synchronizing object | ENV_fern_5
Fra:195 Mem:206.80M (Peak 206.80M) | Time:00:00.31 | Mem:0.00M, Peak:0.00M | Scene, ViewLayer | Synchronizing object | ENV_leaf_1079
Fra:195 Mem:206.81M (Peak 206.81M) | Time:00:00.31 | Mem:0.00M, Peak:0.00M | Scene, ViewLayer | Synchronizing object | ENV_leaf_1078
Fra:195 Mem:206.81M (Peak 206.81M) | Time:00:00.31 | Mem:0.00M, Peak:0.00M | Scene, ViewLayer | Synchronizing object | ENV_leaf_1077
Fra:195 Mem:207.01M (Peak 207.01M) | Time:00:00.31 | Mem:0.00M, Peak:0.00M | Scene, ViewLayer | Synchronizing object | ENV_leaf_1076
Fra:195 Mem:207.09M (Peak 207.09M) | Time:00:00.31 | Mem:0.00M, Peak:0.00M | Scene, ViewLayer | Synchronizing object | ENV_leaf_1075
Fra:195 Mem:207.20M (Peak 207.20M) | Time:00:00.31 | Mem:0.00M, Peak:0.00M | Scene, ViewLayer | Synchronizing object | ENV_leaf_1074
Fra:195 Mem:207.20M (Peak 207.20M) | Time:00:00.31 | Mem:0.00M, Peak:0.00M | Scene, ViewLayer | Synchronizing object | ENV_leaf_1073
Fra:195 Mem:207.20M (Peak 207.20M) | Time:00:00.31 | Mem:0.00M, Peak:0.00M | Scene, ViewLayer | Synchronizing object | ENV_leaf_1072
Fra:195 Mem:207.30M (Peak 207.30M) | Time:00:00.31 | Mem:0.00M, Peak:0.00M | Scene, ViewLayer | Synchronizing object | ENV_leaf_1071
Fra:195 Mem:207.31M (Peak 207.31M) | Time:00:00.31 | Mem:0.00M, Peak:0.00M | Scene, ViewLayer | Synchronizing object | ENV_leaf_1070
Fra:195 Mem:207.31M (Peak 207.31M) | Time:00:00.31 | Mem:0.00M, Peak:0.00M | Scene, ViewLayer | Synchronizing object | ENV_leaf_1069
Fra:195 Mem:207.31M (Peak 207.31M) | Time:00:00.31 | Mem:0.00M, Peak:0.00M | Scene, ViewLayer | Synchronizing object | ENV_leaf_1068
Fra:195 Mem:207.32M (Peak 207.32M) | Time:00:00.31 | Mem:0.00M, Peak:0.00M | Scene, ViewLayer | Synchronizing object | ENV_leaf_1067
Fra:195 Mem:207.32M (Peak 207.32M) | Time:00:00.31 | Mem:0.00M, Peak:0.00M | Scene, ViewLayer | Synchronizing object | ENV_leaf_1066
Fra:195 Mem:207.33M (Peak 207.33M) | Time:00:00.31 | Mem:0.00M, Peak:0.00M | Scene, ViewLayer | Synchronizing object | ENV_leaf_1065
Fra:195 Mem:207.33M (Peak 207.33M) | Time:00:00.31 | Mem:0.00M, Peak:0.00M | Scene, ViewLayer | Synchronizing object | ENV_leaf_1064
Fra:195 Mem:207.33M (Peak 207.33M) | Time:00:00.31 | Mem:0.00M, Peak:0.00M | Scene, ViewLayer | Synchronizing object | ENV_leaf_1063
Fra:195 Mem:207.34M (Peak 207.34M) | Time:00:00.31 | Mem:0.00M, Peak:0.00M | Scene, ViewLayer | Synchronizing object | ENV_leaf_1062
Fra:195 Mem:207.32M (Peak 207.34M) | Time:00:00.31 | Mem:0.00M, Peak:0.00M | Scene, ViewLayer | Synchronizing object | ENV_leaf_1061
Fra:195 Mem:207.33M (Peak 207.34M) | Time:00:00.31 | Mem:0.00M, Peak:0.00M | Scene, ViewLayer | Synchronizing object | ENV_leaf_1060
Fra:195 Mem:207.33M (Peak 207.34M) | Time:00:00.31 | Mem:0.00M, Peak:0.00M | Scene, ViewLayer | Synchronizing object | ENV_leaf_1059
Fra:195 Mem:207.34M (Peak 207.34M) | Time:00:00.31 | Mem:0.00M, Peak:0.00M | Scene, ViewLayer | Synchronizing object | ENV_leaf_1058
Fra:195 Mem:207.34M (Peak 207.34M) | Time:00:00.31 | Mem:0.00M, Peak:0.00M | Scene, ViewLayer | Synchronizing object | ENV_leaf_1057
Fra:195 Mem:207.34M (Peak 207.34M) | Time:00:00.31 | Mem:0.00M, Peak:0.00M | Scene, ViewLayer | Synchronizing object | ENV_leaf_1056
Fra:195 Mem:207.35M (Peak 207.35M) | Time:00:00.31 | Mem:0.00M, Peak:0.00M | Scene, ViewLayer | Synchronizing object | ENV_leaf_1055
Fra:195 Mem:207.35M (Peak 207.35M) | Time:00:00.31 | Mem:0.00M, Peak:0.00M | Scene, ViewLayer | Synchronizing object | ENV_leaf_1054
Fra:195 Mem:207.36M (Peak 207.36M) | Time:00:00.31 | Mem:0.00M, Peak:0.00M | Scene, ViewLayer | Synchronizing object | ENV_leaf_1053
Fra:195 Mem:207.36M (Peak 207.36M) | Time:00:00.31 | Mem:0.00M, Peak:0.00M | Scene, ViewLayer | Synchronizing object | ENV_leaf_1052
Fra:195 Mem:207.36M (Peak 207.36M) | Time:00:00.31 | Mem:0.00M, Peak:0.00M | Scene, ViewLayer | Synchronizing object | ENV_leaf_1051
Fra:195 Mem:207.37M (Peak 207.37M) | Time:00:00.31 | Mem:0.00M, Peak:0.00M | Scene, ViewLayer | Synchronizing object | ENV_leaf_1050
Fra:195 Mem:207.37M (Peak 207.37M) | Time:00:00.31 | Mem:0.00M, Peak:0.00M | Scene, ViewLayer | Synchronizing object | ENV_leaf_1049
Fra:195 Mem:207.38M (Peak 207.38M) | Time:00:00.31 | Mem:0.00M, Peak:0.00M | Scene, ViewLayer | Synchronizing object | ENV_leaf_1048
Fra:195 Mem:207.38M (Peak 207.38M) | Time:00:00.31 | Mem:0.00M, Peak:0.00M | Scene, ViewLayer | Synchronizing object | ENV_leaf_1047
Fra:195 Mem:207.38M (Peak 207.38M) | Time:00:00.31 | Mem:0.00M, Peak:0.00M | Scene, ViewLayer | Synchronizing object | ENV_leaf_1046
Fra:195 Mem:207.39M (Peak 207.39M) | Time:00:00.31 | Mem:0.00M, Peak:0.00M | Scene, ViewLayer | Synchronizing object | ENV_leaf_1045
Fra:195 Mem:207.39M (Peak 207.39M) | Time:00:00.31 | Mem:0.00M, Peak:0.00M | Scene, ViewLayer | Synchronizing object | ENV_leaf_1044
Fra:195 Mem:207.40M (Peak 207.40M) | Time:00:00.31 | Mem:0.00M, Peak:0.00M | Scene, ViewLayer | Synchronizing object | ENV_leaf_1043
Fra:195 Mem:207.40M (Peak 207.40M) | Time:00:00.31 | Mem:0.00M, Peak:0.00M | Scene, ViewLayer | Synchronizing object | ENV_leaf_1042
Fra:195 Mem:207.40M (Peak 207.40M) | Time:00:00.31 | Mem:0.00M, Peak:0.00M | Scene, ViewLayer | Synchronizing object | ENV_leaf_1041
Fra:195 Mem:207.41M (Peak 207.41M) | Time:00:00.31 | Mem:0.00M, Peak:0.00M | Scene, ViewLayer | Synchronizing object | ENV_leaf_1039
Fra:195 Mem:207.41M (Peak 207.41M) | Time:00:00.31 | Mem:0.00M, Peak:0.00M | Scene, ViewLayer | Synchronizing object | ENV_leaf_1038
Fra:195 Mem:207.49M (Peak 207.49M) | Time:00:00.31 | Mem:0.00M, Peak:0.00M | Scene, ViewLayer | Synchronizing object | ENV_leaf_1037
Fra:195 Mem:207.50M (Peak 207.50M) | Time:00:00.31 | Mem:0.00M, Peak:0.00M | Scene, ViewLayer | Synchronizing object | ENV_leaf_1036
Fra:195 Mem:207.50M (Peak 207.50M) | Time:00:00.31 | Mem:0.00M, Peak:0.00M | Scene, ViewLayer | Synchronizing object | ENV_leaf_1035
Fra:195 Mem:207.53M (Peak 207.53M) | Time:00:00.31 | Mem:0.00M, Peak:0.00M | Scene, ViewLayer | Synchronizing object | ENV_leaf_1034
Fra:195 Mem:207.54M (Peak 207.54M) | Time:00:00.31 | Mem:0.00M, Peak:0.00M | Scene, ViewLayer | Synchronizing object | ENV_leaf_1033
Fra:195 Mem:207.62M (Peak 207.62M) | Time:00:00.31 | Mem:0.00M, Peak:0.00M | Scene, ViewLayer | Synchronizing object | ENV_leaf_1032
Fra:195 Mem:207.62M (Peak 207.62M) | Time:00:00.31 | Mem:0.00M, Peak:0.00M | Scene, ViewLayer | Synchronizing object | ENV_leaf_1031
Fra:195 Mem:207.63M (Peak 207.63M) | Time:00:00.31 | Mem:0.00M, Peak:0.00M | Scene, ViewLayer | Synchronizing object | ENV_leaf_1030
Fra:195 Mem:207.55M (Peak 207.63M) | Time:00:00.31 | Mem:0.00M, Peak:0.00M | Scene, ViewLayer | Synchronizing object | ENV_leaf_1029
Fra:195 Mem:207.56M (Peak 207.63M) | Time:00:00.31 | Mem:0.00M, Peak:0.00M | Scene, ViewLayer | Synchronizing object | ENV_leaf_1028
Fra:195 Mem:207.56M (Peak 207.63M) | Time:00:00.31 | Mem:0.00M, Peak:0.00M | Scene, ViewLayer | Synchronizing object | ENV_leaf_1027
Fra:195 Mem:207.62M (Peak 207.63M) | Time:00:00.31 | Mem:0.00M, Peak:0.00M | Scene, ViewLayer | Synchronizing object | ENV_leaf_1026
Fra:195 Mem:207.62M (Peak 207.63M) | Time:00:00.31 | Mem:0.00M, Peak:0.00M | Scene, ViewLayer | Synchronizing object | ENV_leaf_1025
Fra:195 Mem:207.80M (Peak 207.80M) | Time:00:00.31 | Mem:0.00M, Peak:0.00M | Scene, ViewLayer | Synchronizing object | ENV_leaf_1024
Fra:195 Mem:207.87M (Peak 207.87M) | Time:00:00.31 | Mem:0.00M, Peak:0.00M | Scene, ViewLayer | Synchronizing object | ENV_leaf_1023
Fra:195 Mem:207.87M (Peak 207.87M) | Time:00:00.31 | Mem:0.00M, Peak:0.00M | Scene, ViewLayer | Synchronizing object | ENV_leaf_1022
Fra:195 Mem:207.89M (Peak 207.89M) | Time:00:00.31 | Mem:0.00M, Peak:0.00M | Scene, ViewLayer | Synchronizing object | ENV_leaf_1021
Fra:195 Mem:207.94M (Peak 207.94M) | Time:00:00.31 | Mem:0.00M, Peak:0.00M | Scene, ViewLayer | Synchronizing object | ENV_leaf_1020
Fra:195 Mem:207.94M (Peak 207.94M) | Time:00:00.31 | Mem:0.00M, Peak:0.00M | Scene, ViewLayer | Synchronizing object | ENV_leaf_1019
Fra:195 Mem:207.95M (Peak 207.95M) | Time:00:00.31 | Mem:0.00M, Peak:0.00M | Scene, ViewLayer | Synchronizing object | ENV_leaf_1018
Fra:195 Mem:207.95M (Peak 207.95M) | Time:00:00.31 | Mem:0.00M, Peak:0.00M | Scene, ViewLayer | Synchronizing object | ENV_leaf_1017
Fra:195 Mem:207.95M (Peak 207.95M) | Time:00:00.31 | Mem:0.00M, Peak:0.00M | Scene, ViewLayer | Synchronizing object | ENV_leaf_1016
Fra:195 Mem:207.96M (Peak 207.96M) | Time:00:00.31 | Mem:0.00M, Peak:0.00M | Scene, ViewLayer | Synchronizing object | ENV_leaf_1015
Fra:195 Mem:207.95M (Peak 207.96M) | Time:00:00.31 | Mem:0.00M, Peak:0.00M | Scene, ViewLayer | Synchronizing object | ENV_leaf_1014
Fra:195 Mem:207.95M (Peak 207.96M) | Time:00:00.31 | Mem:0.00M, Peak:0.00M | Scene, ViewLayer | Synchronizing object | ENV_leaf_1013
Fra:195 Mem:207.96M (Peak 207.96M) | Time:00:00.31 | Mem:0.00M, Peak:0.00M | Scene, ViewLayer | Synchronizing object | ENV_leaf_1012
Fra:195 Mem:207.96M (Peak 207.96M) | Time:00:00.31 | Mem:0.00M, Peak:0.00M | Scene, ViewLayer | Synchronizing object | ENV_leaf_1011
Fra:195 Mem:207.97M (Peak 207.97M) | Time:00:00.31 | Mem:0.00M, Peak:0.00M | Scene, ViewLayer | Synchronizing object | ENV_leaf_1009
Fra:195 Mem:207.97M (Peak 207.97M) | Time:00:00.31 | Mem:0.00M, Peak:0.00M | Scene, ViewLayer | Synchronizing object | ENV_leaf_1008
Fra:195 Mem:207.97M (Peak 207.97M) | Time:00:00.31 | Mem:0.00M, Peak:0.00M | Scene, ViewLayer | Synchronizing object | ENV_leaf_1007
Fra:195 Mem:207.98M (Peak 207.98M) | Time:00:00.31 | Mem:0.00M, Peak:0.00M | Scene, ViewLayer | Synchronizing object | ENV_leaf_1006
Fra:195 Mem:207.98M (Peak 207.98M) | Time:00:00.31 | Mem:0.00M, Peak:0.00M | Scene, ViewLayer | Synchronizing object | ENV_leaf_1005
Fra:195 Mem:207.99M (Peak 207.99M) | Time:00:00.31 | Mem:0.00M, Peak:0.00M | Scene, ViewLayer | Synchronizing object | ENV_leaf_1004
Fra:195 Mem:207.99M (Peak 207.99M) | Time:00:00.31 | Mem:0.00M, Peak:0.00M | Scene, ViewLayer | Synchronizing object | ENV_leaf_1003
Fra:195 Mem:207.99M (Peak 207.99M) | Time:00:00.31 | Mem:0.00M, Peak:0.00M | Scene, ViewLayer | Synchronizing object | ENV_leaf_1002
Fra:195 Mem:208.00M (Peak 208.00M) | Time:00:00.31 | Mem:0.00M, Peak:0.00M | Scene, ViewLayer | Synchronizing object | ENV_leaf_1001
Fra:195 Mem:208.00M (Peak 208.00M) | Time:00:00.31 | Mem:0.00M, Peak:0.00M | Scene, ViewLayer | Synchronizing object | ENV_leaf_1000
Fra:195 Mem:208.05M (Peak 208.05M) | Time:00:00.31 | Mem:0.00M, Peak:0.00M | Scene, ViewLayer | Synchronizing object | ENV_leaf_998
Fra:195 Mem:208.06M (Peak 208.06M) | Time:00:00.31 | Mem:0.00M, Peak:0.00M | Scene, ViewLayer | Synchronizing object | ENV_leaf_997
Fra:195 Mem:208.08M (Peak 208.08M) | Time:00:00.31 | Mem:0.00M, Peak:0.00M | Scene, ViewLayer | Synchronizing object | ENV_leaf_996
Fra:195 Mem:208.13M (Peak 208.13M) | Time:00:00.31 | Mem:0.00M, Peak:0.00M | Scene, ViewLayer | Synchronizing object | ENV_leaf_995
Fra:195 Mem:208.14M (Peak 208.14M) | Time:00:00.31 | Mem:0.00M, Peak:0.00M | Scene, ViewLayer | Synchronizing object | ENV_leaf_994
Fra:195 Mem:208.09M (Peak 208.14M) | Time:00:00.31 | Mem:0.00M, Peak:0.00M | Scene, ViewLayer | Synchronizing object | ENV_leaf_993
Fra:195 Mem:208.10M (Peak 208.14M) | Time:00:00.31 | Mem:0.00M, Peak:0.00M | Scene, ViewLayer | Synchronizing object | ENV_leaf_992
Fra:195 Mem:208.17M (Peak 208.17M) | Time:00:00.31 | Mem:0.00M, Peak:0.00M | Scene, ViewLayer | Synchronizing object | ENV_leaf_991
Fra:195 Mem:208.17M (Peak 208.17M) | Time:00:00.31 | Mem:0.00M, Peak:0.00M | Scene, ViewLayer | Synchronizing object | ENV_leaf_990
Fra:195 Mem:208.34M (Peak 208.34M) | Time:00:00.31 | Mem:0.00M, Peak:0.00M | Scene, ViewLayer | Synchronizing object | ENV_leaf_989
Fra:195 Mem:208.40M (Peak 208.40M) | Time:00:00.31 | Mem:0.00M, Peak:0.00M | Scene, ViewLayer | Synchronizing object | ENV_leaf_988
Fra:195 Mem:208.49M (Peak 208.49M) | Time:00:00.31 | Mem:0.00M, Peak:0.00M | Scene, ViewLayer | Synchronizing object | ENV_leaf_987
Fra:195 Mem:208.49M (Peak 208.49M) | Time:00:00.31 | Mem:0.00M, Peak:0.00M | Scene, ViewLayer | Synchronizing object | ENV_leaf_986
Fra:195 Mem:208.50M (Peak 208.50M) | Time:00:00.31 | Mem:0.00M, Peak:0.00M | Scene, ViewLayer | Synchronizing object | ENV_leaf_985
Fra:195 Mem:208.50M (Peak 208.50M) | Time:00:00.31 | Mem:0.00M, Peak:0.00M | Scene, ViewLayer | Synchronizing object | ENV_leaf_984
Fra:195 Mem:208.52M (Peak 208.52M) | Time:00:00.31 | Mem:0.00M, Peak:0.00M | Scene, ViewLayer | Synchronizing object | ENV_leaf_983
Fra:195 Mem:208.59M (Peak 208.59M) | Time:00:00.31 | Mem:0.00M, Peak:0.00M | Scene, ViewLayer | Synchronizing object | ENV_leaf_982
Fra:195 Mem:208.59M (Peak 208.59M) | Time:00:00.31 | Mem:0.00M, Peak:0.00M | Scene, ViewLayer | Synchronizing object | ENV_leaf_981
Fra:195 Mem:208.59M (Peak 208.59M) | Time:00:00.31 | Mem:0.00M, Peak:0.00M | Scene, ViewLayer | Synchronizing object | ENV_leaf_980
Fra:195 Mem:208.60M (Peak 208.60M) | Time:00:00.31 | Mem:0.00M, Peak:0.00M | Scene, ViewLayer | Synchronizing object | ENV_leaf_979
Fra:195 Mem:208.60M (Peak 208.60M) | Time:00:00.31 | Mem:0.00M, Peak:0.00M | Scene, ViewLayer | Synchronizing object | ENV_leaf_978
Fra:195 Mem:208.61M (Peak 208.61M) | Time:00:00.31 | Mem:0.00M, Peak:0.00M | Scene, ViewLayer | Synchronizing object | ENV_leaf_977
Fra:195 Mem:208.61M (Peak 208.61M) | Time:00:00.31 | Mem:0.00M, Peak:0.00M | Scene, ViewLayer | Synchronizing object | ENV_leaf_976
Fra:195 Mem:208.60M (Peak 208.61M) | Time:00:00.31 | Mem:0.00M, Peak:0.00M | Scene, ViewLayer | Synchronizing object | ENV_leaf_975
Fra:195 Mem:208.60M (Peak 208.61M) | Time:00:00.31 | Mem:0.00M, Peak:0.00M | Scene, ViewLayer | Synchronizing object | ENV_leaf_974
Fra:195 Mem:208.61M (Peak 208.61M) | Time:00:00.31 | Mem:0.00M, Peak:0.00M | Scene, ViewLayer | Synchronizing object | ENV_leaf_973
Fra:195 Mem:208.61M (Peak 208.61M) | Time:00:00.31 | Mem:0.00M, Peak:0.00M | Scene, ViewLayer | Synchronizing object | ENV_leaf_972
Fra:195 Mem:208.62M (Peak 208.62M) | Time:00:00.31 | Mem:0.00M, Peak:0.00M | Scene, ViewLayer | Synchronizing object | ENV_leaf_971
Fra:195 Mem:208.62M (Peak 208.62M) | Time:00:00.31 | Mem:0.00M, Peak:0.00M | Scene, ViewLayer | Synchronizing object | ENV_leaf_970
Fra:195 Mem:208.62M (Peak 208.62M) | Time:00:00.31 | Mem:0.00M, Peak:0.00M | Scene, ViewLayer | Synchronizing object | ENV_leaf_969
Fra:195 Mem:208.63M (Peak 208.63M) | Time:00:00.31 | Mem:0.00M, Peak:0.00M | Scene, ViewLayer | Synchronizing object | ENV_leaf_968
Fra:195 Mem:208.63M (Peak 208.63M) | Time:00:00.31 | Mem:0.00M, Peak:0.00M | Scene, ViewLayer | Synchronizing object | ENV_leaf_967
Fra:195 Mem:208.64M (Peak 208.64M) | Time:00:00.31 | Mem:0.00M, Peak:0.00M | Scene, ViewLayer | Synchronizing object | ENV_leaf_966
Fra:195 Mem:208.64M (Peak 208.64M) | Time:00:00.31 | Mem:0.00M, Peak:0.00M | Scene, ViewLayer | Synchronizing object | ENV_leaf_965
Fra:195 Mem:208.64M (Peak 208.64M) | Time:00:00.31 | Mem:0.00M, Peak:0.00M | Scene, ViewLayer | Synchronizing object | ENV_leaf_964
Fra:195 Mem:208.65M (Peak 208.65M) | Time:00:00.31 | Mem:0.00M, Peak:0.00M | Scene, ViewLayer | Synchronizing object | ENV_leaf_963
Fra:195 Mem:208.65M (Peak 208.65M) | Time:00:00.31 | Mem:0.00M, Peak:0.00M | Scene, ViewLayer | Synchronizing object | ENV_leaf_962
Fra:195 Mem:208.66M (Peak 208.66M) | Time:00:00.31 | Mem:0.00M, Peak:0.00M | Scene, ViewLayer | Synchronizing object | ENV_leaf_961
Fra:195 Mem:208.66M (Peak 208.66M) | Time:00:00.31 | Mem:0.00M, Peak:0.00M | Scene, ViewLayer | Synchronizing object | ENV_leaf_960
Fra:195 Mem:208.66M (Peak 208.66M) | Time:00:00.31 | Mem:0.00M, Peak:0.00M | Scene, ViewLayer | Synchronizing object | ENV_leaf_959
Fra:195 Mem:208.67M (Peak 208.67M) | Time:00:00.31 | Mem:0.00M, Peak:0.00M | Scene, ViewLayer | Synchronizing object | ENV_leaf_958
Fra:195 Mem:208.67M (Peak 208.67M) | Time:00:00.31 | Mem:0.00M, Peak:0.00M | Scene, ViewLayer | Synchronizing object | ENV_leaf_957
Fra:195 Mem:208.68M (Peak 208.68M) | Time:00:00.31 | Mem:0.00M, Peak:0.00M | Scene, ViewLayer | Synchronizing object | ENV_leaf_956
Fra:195 Mem:208.74M (Peak 208.74M) | Time:00:00.31 | Mem:0.00M, Peak:0.00M | Scene, ViewLayer | Synchronizing object | ENV_leaf_955
Fra:195 Mem:208.75M (Peak 208.75M) | Time:00:00.31 | Mem:0.00M, Peak:0.00M | Scene, ViewLayer | Synchronizing object | ENV_leaf_954
Fra:195 Mem:208.77M (Peak 208.77M) | Time:00:00.31 | Mem:0.00M, Peak:0.00M | Scene, ViewLayer | Synchronizing object | ENV_leaf_953
Fra:195 Mem:208.78M (Peak 208.78M) | Time:00:00.31 | Mem:0.00M, Peak:0.00M | Scene, ViewLayer | Synchronizing object | ENV_leaf_952
Fra:195 Mem:208.84M (Peak 208.84M) | Time:00:00.31 | Mem:0.00M, Peak:0.00M | Scene, ViewLayer | Synchronizing object | ENV_leaf_951
Fra:195 Mem:208.85M (Peak 208.85M) | Time:00:00.31 | Mem:0.00M, Peak:0.00M | Scene, ViewLayer | Synchronizing object | ENV_leaf_950
Fra:195 Mem:208.85M (Peak 208.85M) | Time:00:00.31 | Mem:0.00M, Peak:0.00M | Scene, ViewLayer | Synchronizing object | ENV_leaf_949
Fra:195 Mem:208.86M (Peak 208.86M) | Time:00:00.31 | Mem:0.00M, Peak:0.00M | Scene, ViewLayer | Synchronizing object | ENV_leaf_948
Fra:195 Mem:208.80M (Peak 208.86M) | Time:00:00.31 | Mem:0.00M, Peak:0.00M | Scene, ViewLayer | Synchronizing object | ENV_fern_8
Fra:195 Mem:208.88M (Peak 208.88M) | Time:00:00.31 | Mem:0.00M, Peak:0.00M | Scene, ViewLayer | Synchronizing object | ENV_leaf_947
Fra:195 Mem:208.89M (Peak 208.89M) | Time:00:00.31 | Mem:0.00M, Peak:0.00M | Scene, ViewLayer | Synchronizing object | ENV_leaf_946
Fra:195 Mem:208.89M (Peak 208.89M) | Time:00:00.31 | Mem:0.00M, Peak:0.00M | Scene, ViewLayer | Synchronizing object | ENV_leaf_945
Fra:195 Mem:208.90M (Peak 208.90M) | Time:00:00.31 | Mem:0.00M, Peak:0.00M | Scene, ViewLayer | Synchronizing object | ENV_leaf_944
Fra:195 Mem:209.17M (Peak 209.17M) | Time:00:00.31 | Mem:0.00M, Peak:0.00M | Scene, ViewLayer | Synchronizing object | ENV_leaf_943
Fra:195 Mem:209.18M (Peak 209.18M) | Time:00:00.31 | Mem:0.00M, Peak:0.00M | Scene, ViewLayer | Synchronizing object | ENV_leaf_942
Fra:195 Mem:209.28M (Peak 209.28M) | Time:00:00.31 | Mem:0.00M, Peak:0.00M | Scene, ViewLayer | Synchronizing object | ENV_leaf_941
Fra:195 Mem:209.29M (Peak 209.29M) | Time:00:00.31 | Mem:0.00M, Peak:0.00M | Scene, ViewLayer | Synchronizing object | ENV_leaf_940
Fra:195 Mem:209.29M (Peak 209.29M) | Time:00:00.31 | Mem:0.00M, Peak:0.00M | Scene, ViewLayer | Synchronizing object | ENV_leaf_939
Fra:195 Mem:209.29M (Peak 209.29M) | Time:00:00.31 | Mem:0.00M, Peak:0.00M | Scene, ViewLayer | Synchronizing object | ENV_leaf_938
Fra:195 Mem:209.30M (Peak 209.30M) | Time:00:00.31 | Mem:0.00M, Peak:0.00M | Scene, ViewLayer | Synchronizing object | ENV_leaf_937
Fra:195 Mem:209.40M (Peak 209.40M) | Time:00:00.31 | Mem:0.00M, Peak:0.00M | Scene, ViewLayer | Synchronizing object | ENV_leaf_936
Fra:195 Mem:209.40M (Peak 209.40M) | Time:00:00.31 | Mem:0.00M, Peak:0.00M | Scene, ViewLayer | Synchronizing object | ENV_leaf_935
Fra:195 Mem:209.41M (Peak 209.41M) | Time:00:00.31 | Mem:0.00M, Peak:0.00M | Scene, ViewLayer | Synchronizing object | ENV_leaf_934
Fra:195 Mem:209.41M (Peak 209.41M) | Time:00:00.31 | Mem:0.00M, Peak:0.00M | Scene, ViewLayer | Synchronizing object | ENV_leaf_933
Fra:195 Mem:209.41M (Peak 209.41M) | Time:00:00.31 | Mem:0.00M, Peak:0.00M | Scene, ViewLayer | Synchronizing object | ENV_leaf_932
Fra:195 Mem:209.42M (Peak 209.42M) | Time:00:00.31 | Mem:0.00M, Peak:0.00M | Scene, ViewLayer | Synchronizing object | ENV_leaf_931
Fra:195 Mem:209.42M (Peak 209.42M) | Time:00:00.31 | Mem:0.00M, Peak:0.00M | Scene, ViewLayer | Synchronizing object | ENV_leaf_930
Fra:195 Mem:209.43M (Peak 209.43M) | Time:00:00.31 | Mem:0.00M, Peak:0.00M | Scene, ViewLayer | Synchronizing object | ENV_leaf_929
Fra:195 Mem:209.43M (Peak 209.43M) | Time:00:00.31 | Mem:0.00M, Peak:0.00M | Scene, ViewLayer | Synchronizing object | ENV_leaf_928
Fra:195 Mem:209.41M (Peak 209.43M) | Time:00:00.31 | Mem:0.00M, Peak:0.00M | Scene, ViewLayer | Synchronizing object | ENV_leaf_927
Fra:195 Mem:209.42M (Peak 209.43M) | Time:00:00.31 | Mem:0.00M, Peak:0.00M | Scene, ViewLayer | Synchronizing object | ENV_leaf_926
Fra:195 Mem:209.42M (Peak 209.43M) | Time:00:00.31 | Mem:0.00M, Peak:0.00M | Scene, ViewLayer | Synchronizing object | ENV_leaf_925
Fra:195 Mem:209.43M (Peak 209.43M) | Time:00:00.31 | Mem:0.00M, Peak:0.00M | Scene, ViewLayer | Synchronizing object | ENV_leaf_924
Fra:195 Mem:209.43M (Peak 209.43M) | Time:00:00.31 | Mem:0.00M, Peak:0.00M | Scene, ViewLayer | Synchronizing object | ENV_leaf_923
Fra:195 Mem:209.43M (Peak 209.43M) | Time:00:00.31 | Mem:0.00M, Peak:0.00M | Scene, ViewLayer | Synchronizing object | ENV_leaf_922
Fra:195 Mem:209.44M (Peak 209.44M) | Time:00:00.31 | Mem:0.00M, Peak:0.00M | Scene, ViewLayer | Synchronizing object | ENV_leaf_921
Fra:195 Mem:209.44M (Peak 209.44M) | Time:00:00.31 | Mem:0.00M, Peak:0.00M | Scene, ViewLayer | Synchronizing object | ENV_leaf_920
Fra:195 Mem:209.45M (Peak 209.45M) | Time:00:00.31 | Mem:0.00M, Peak:0.00M | Scene, ViewLayer | Synchronizing object | ENV_leaf_919
Fra:195 Mem:209.45M (Peak 209.45M) | Time:00:00.31 | Mem:0.00M, Peak:0.00M | Scene, ViewLayer | Synchronizing object | ENV_leaf_918
Fra:195 Mem:209.45M (Peak 209.45M) | Time:00:00.31 | Mem:0.00M, Peak:0.00M | Scene, ViewLayer | Synchronizing object | ENV_leaf_917
Fra:195 Mem:209.46M (Peak 209.46M) | Time:00:00.31 | Mem:0.00M, Peak:0.00M | Scene, ViewLayer | Synchronizing object | ENV_leaf_916
Fra:195 Mem:209.46M (Peak 209.46M) | Time:00:00.31 | Mem:0.00M, Peak:0.00M | Scene, ViewLayer | Synchronizing object | ENV_leaf_915
Fra:195 Mem:209.47M (Peak 209.47M) | Time:00:00.31 | Mem:0.00M, Peak:0.00M | Scene, ViewLayer | Synchronizing object | ENV_leaf_914
Fra:195 Mem:209.47M (Peak 209.47M) | Time:00:00.31 | Mem:0.00M, Peak:0.00M | Scene, ViewLayer | Synchronizing object | ENV_leaf_913
Fra:195 Mem:209.48M (Peak 209.48M) | Time:00:00.31 | Mem:0.00M, Peak:0.00M | Scene, ViewLayer | Synchronizing object | ENV_leaf_912
Fra:195 Mem:209.48M (Peak 209.48M) | Time:00:00.31 | Mem:0.00M, Peak:0.00M | Scene, ViewLayer | Synchronizing object | ENV_leaf_911
Fra:195 Mem:209.48M (Peak 209.48M) | Time:00:00.31 | Mem:0.00M, Peak:0.00M | Scene, ViewLayer | Synchronizing object | ENV_leaf_910
Fra:195 Mem:209.49M (Peak 209.49M) | Time:00:00.31 | Mem:0.00M, Peak:0.00M | Scene, ViewLayer | Synchronizing object | ENV_leaf_909
Fra:195 Mem:209.49M (Peak 209.49M) | Time:00:00.31 | Mem:0.00M, Peak:0.00M | Scene, ViewLayer | Synchronizing object | ENV_leaf_908
Fra:195 Mem:209.50M (Peak 209.50M) | Time:00:00.31 | Mem:0.00M, Peak:0.00M | Scene, ViewLayer | Synchronizing object | ENV_leaf_907
Fra:195 Mem:209.50M (Peak 209.50M) | Time:00:00.31 | Mem:0.00M, Peak:0.00M | Scene, ViewLayer | Synchronizing object | ENV_leaf_906
Fra:195 Mem:209.50M (Peak 209.50M) | Time:00:00.31 | Mem:0.00M, Peak:0.00M | Scene, ViewLayer | Synchronizing object | ENV_leaf_905
Fra:195 Mem:209.51M (Peak 209.51M) | Time:00:00.31 | Mem:0.00M, Peak:0.00M | Scene, ViewLayer | Synchronizing object | ENV_leaf_904
Fra:195 Mem:209.59M (Peak 209.59M) | Time:00:00.31 | Mem:0.00M, Peak:0.00M | Scene, ViewLayer | Synchronizing object | ENV_leaf_903
Fra:195 Mem:209.59M (Peak 209.59M) | Time:00:00.31 | Mem:0.00M, Peak:0.00M | Scene, ViewLayer | Synchronizing object | ENV_leaf_902
Fra:195 Mem:209.60M (Peak 209.60M) | Time:00:00.31 | Mem:0.00M, Peak:0.00M | Scene, ViewLayer | Synchronizing object | ENV_leaf_901
Fra:195 Mem:209.63M (Peak 209.63M) | Time:00:00.31 | Mem:0.00M, Peak:0.00M | Scene, ViewLayer | Synchronizing object | ENV_leaf_900
Fra:195 Mem:209.63M (Peak 209.63M) | Time:00:00.31 | Mem:0.00M, Peak:0.00M | Scene, ViewLayer | Synchronizing object | ENV_leaf_899
Fra:195 Mem:209.71M (Peak 209.71M) | Time:00:00.31 | Mem:0.00M, Peak:0.00M | Scene, ViewLayer | Synchronizing object | ENV_leaf_898
Fra:195 Mem:209.72M (Peak 209.72M) | Time:00:00.31 | Mem:0.00M, Peak:0.00M | Scene, ViewLayer | Synchronizing object | ENV_leaf_897
Fra:195 Mem:209.72M (Peak 209.72M) | Time:00:00.31 | Mem:0.00M, Peak:0.00M | Scene, ViewLayer | Synchronizing object | ENV_leaf_896
Fra:195 Mem:209.72M (Peak 209.72M) | Time:00:00.31 | Mem:0.00M, Peak:0.00M | Scene, ViewLayer | Synchronizing object | ENV_leaf_895
Fra:195 Mem:209.65M (Peak 209.72M) | Time:00:00.31 | Mem:0.00M, Peak:0.00M | Scene, ViewLayer | Synchronizing object | ENV_fern_9
Fra:195 Mem:209.71M (Peak 209.72M) | Time:00:00.31 | Mem:0.00M, Peak:0.00M | Scene, ViewLayer | Synchronizing object | ENV_leaf_894
Fra:195 Mem:209.71M (Peak 209.72M) | Time:00:00.31 | Mem:0.00M, Peak:0.00M | Scene, ViewLayer | Synchronizing object | ENV_leaf_893
Fra:195 Mem:209.89M (Peak 209.89M) | Time:00:00.31 | Mem:0.00M, Peak:0.00M | Scene, ViewLayer | Synchronizing object | ENV_leaf_892
Fra:195 Mem:209.89M (Peak 209.89M) | Time:00:00.31 | Mem:0.00M, Peak:0.00M | Scene, ViewLayer | Synchronizing object | ENV_leaf_891
Fra:195 Mem:209.96M (Peak 209.96M) | Time:00:00.31 | Mem:0.00M, Peak:0.00M | Scene, ViewLayer | Synchronizing object | ENV_leaf_890
Fra:195 Mem:209.96M (Peak 209.96M) | Time:00:00.31 | Mem:0.00M, Peak:0.00M | Scene, ViewLayer | Synchronizing object | ENV_leaf_889
Fra:195 Mem:210.02M (Peak 210.02M) | Time:00:00.31 | Mem:0.00M, Peak:0.00M | Scene, ViewLayer | Synchronizing object | ENV_leaf_888
Fra:195 Mem:210.03M (Peak 210.03M) | Time:00:00.31 | Mem:0.00M, Peak:0.00M | Scene, ViewLayer | Synchronizing object | ENV_leaf_887
Fra:195 Mem:210.03M (Peak 210.03M) | Time:00:00.31 | Mem:0.00M, Peak:0.00M | Scene, ViewLayer | Synchronizing object | ENV_leaf_886
Fra:195 Mem:210.04M (Peak 210.04M) | Time:00:00.31 | Mem:0.00M, Peak:0.00M | Scene, ViewLayer | Synchronizing object | ENV_leaf_885
Fra:195 Mem:210.04M (Peak 210.04M) | Time:00:00.31 | Mem:0.00M, Peak:0.00M | Scene, ViewLayer | Synchronizing object | ENV_leaf_884
Fra:195 Mem:210.04M (Peak 210.04M) | Time:00:00.31 | Mem:0.00M, Peak:0.00M | Scene, ViewLayer | Synchronizing object | ENV_leaf_883
Fra:195 Mem:210.04M (Peak 210.04M) | Time:00:00.31 | Mem:0.00M, Peak:0.00M | Scene, ViewLayer | Synchronizing object | ENV_leaf_882
Fra:195 Mem:210.04M (Peak 210.04M) | Time:00:00.31 | Mem:0.00M, Peak:0.00M | Scene, ViewLayer | Synchronizing object | ENV_leaf_881
Fra:195 Mem:210.04M (Peak 210.04M) | Time:00:00.31 | Mem:0.00M, Peak:0.00M | Scene, ViewLayer | Synchronizing object | ENV_leaf_880
Fra:195 Mem:210.05M (Peak 210.05M) | Time:00:00.31 | Mem:0.00M, Peak:0.00M | Scene, ViewLayer | Synchronizing object | ENV_leaf_879
Fra:195 Mem:210.05M (Peak 210.05M) | Time:00:00.31 | Mem:0.00M, Peak:0.00M | Scene, ViewLayer | Synchronizing object | ENV_leaf_878
Fra:195 Mem:210.06M (Peak 210.06M) | Time:00:00.31 | Mem:0.00M, Peak:0.00M | Scene, ViewLayer | Synchronizing object | ENV_leaf_877
Fra:195 Mem:210.06M (Peak 210.06M) | Time:00:00.31 | Mem:0.00M, Peak:0.00M | Scene, ViewLayer | Synchronizing object | ENV_leaf_876
Fra:195 Mem:210.06M (Peak 210.06M) | Time:00:00.31 | Mem:0.00M, Peak:0.00M | Scene, ViewLayer | Synchronizing object | ENV_leaf_875
Fra:195 Mem:210.07M (Peak 210.07M) | Time:00:00.31 | Mem:0.00M, Peak:0.00M | Scene, ViewLayer | Synchronizing object | ENV_leaf_874
Fra:195 Mem:210.07M (Peak 210.07M) | Time:00:00.31 | Mem:0.00M, Peak:0.00M | Scene, ViewLayer | Synchronizing object | ENV_leaf_873
Fra:195 Mem:210.08M (Peak 210.08M) | Time:00:00.31 | Mem:0.00M, Peak:0.00M | Scene, ViewLayer | Synchronizing object | ENV_leaf_872
Fra:195 Mem:210.08M (Peak 210.08M) | Time:00:00.31 | Mem:0.00M, Peak:0.00M | Scene, ViewLayer | Synchronizing object | ENV_leaf_871
Fra:195 Mem:210.08M (Peak 210.08M) | Time:00:00.31 | Mem:0.00M, Peak:0.00M | Scene, ViewLayer | Synchronizing object | ENV_leaf_870
Fra:195 Mem:210.09M (Peak 210.09M) | Time:00:00.31 | Mem:0.00M, Peak:0.00M | Scene, ViewLayer | Synchronizing object | ENV_leaf_869
Fra:195 Mem:210.09M (Peak 210.09M) | Time:00:00.31 | Mem:0.00M, Peak:0.00M | Scene, ViewLayer | Synchronizing object | ENV_leaf_868
Fra:195 Mem:210.10M (Peak 210.10M) | Time:00:00.31 | Mem:0.00M, Peak:0.00M | Scene, ViewLayer | Synchronizing object | ENV_leaf_867
Fra:195 Mem:210.15M (Peak 210.15M) | Time:00:00.31 | Mem:0.00M, Peak:0.00M | Scene, ViewLayer | Synchronizing object | ENV_leaf_866
Fra:195 Mem:210.15M (Peak 210.15M) | Time:00:00.31 | Mem:0.00M, Peak:0.00M | Scene, ViewLayer | Synchronizing object | ENV_leaf_865
Fra:195 Mem:210.17M (Peak 210.17M) | Time:00:00.31 | Mem:0.00M, Peak:0.00M | Scene, ViewLayer | Synchronizing object | ENV_leaf_864
Fra:195 Mem:210.23M (Peak 210.23M) | Time:00:00.31 | Mem:0.00M, Peak:0.00M | Scene, ViewLayer | Synchronizing object | ENV_leaf_863
Fra:195 Mem:210.23M (Peak 210.23M) | Time:00:00.31 | Mem:0.00M, Peak:0.00M | Scene, ViewLayer | Synchronizing object | ENV_leaf_862
Fra:195 Mem:210.23M (Peak 210.23M) | Time:00:00.31 | Mem:0.00M, Peak:0.00M | Scene, ViewLayer | Synchronizing object | ENV_leaf_861
Fra:195 Mem:210.19M (Peak 210.23M) | Time:00:00.31 | Mem:0.00M, Peak:0.00M | Scene, ViewLayer | Synchronizing object | ENV_fern_10
Fra:195 Mem:210.26M (Peak 210.26M) | Time:00:00.31 | Mem:0.00M, Peak:0.00M | Scene, ViewLayer | Synchronizing object | ENV_leaf_860
Fra:195 Mem:210.26M (Peak 210.26M) | Time:00:00.31 | Mem:0.00M, Peak:0.00M | Scene, ViewLayer | Synchronizing object | ENV_leaf_859
Fra:195 Mem:210.43M (Peak 210.43M) | Time:00:00.31 | Mem:0.00M, Peak:0.00M | Scene, ViewLayer | Synchronizing object | ENV_leaf_858
Fra:195 Mem:210.49M (Peak 210.49M) | Time:00:00.31 | Mem:0.00M, Peak:0.00M | Scene, ViewLayer | Synchronizing object | ENV_leaf_857
Fra:195 Mem:210.58M (Peak 210.58M) | Time:00:00.31 | Mem:0.00M, Peak:0.00M | Scene, ViewLayer | Synchronizing object | ENV_leaf_856
Fra:195 Mem:210.58M (Peak 210.58M) | Time:00:00.32 | Mem:0.00M, Peak:0.00M | Scene, ViewLayer | Synchronizing object | ENV_leaf_855
Fra:195 Mem:210.59M (Peak 210.59M) | Time:00:00.32 | Mem:0.00M, Peak:0.00M | Scene, ViewLayer | Synchronizing object | ENV_leaf_854
Fra:195 Mem:210.61M (Peak 210.61M) | Time:00:00.32 | Mem:0.00M, Peak:0.00M | Scene, ViewLayer | Synchronizing object | ENV_leaf_853
Fra:195 Mem:210.61M (Peak 210.61M) | Time:00:00.32 | Mem:0.00M, Peak:0.00M | Scene, ViewLayer | Synchronizing object | ENV_leaf_852
Fra:195 Mem:210.68M (Peak 210.68M) | Time:00:00.32 | Mem:0.00M, Peak:0.00M | Scene, ViewLayer | Synchronizing object | ENV_leaf_851
Fra:195 Mem:210.68M (Peak 210.68M) | Time:00:00.32 | Mem:0.00M, Peak:0.00M | Scene, ViewLayer | Synchronizing object | ENV_leaf_850
Fra:195 Mem:210.69M (Peak 210.69M) | Time:00:00.32 | Mem:0.00M, Peak:0.00M | Scene, ViewLayer | Synchronizing object | ENV_leaf_849
Fra:195 Mem:210.69M (Peak 210.69M) | Time:00:00.32 | Mem:0.00M, Peak:0.00M | Scene, ViewLayer | Synchronizing object | ENV_leaf_848
Fra:195 Mem:210.69M (Peak 210.69M) | Time:00:00.32 | Mem:0.00M, Peak:0.00M | Scene, ViewLayer | Synchronizing object | ENV_leaf_847
Fra:195 Mem:210.70M (Peak 210.70M) | Time:00:00.32 | Mem:0.00M, Peak:0.00M | Scene, ViewLayer | Synchronizing object | ENV_leaf_846
Fra:195 Mem:210.69M (Peak 210.70M) | Time:00:00.32 | Mem:0.00M, Peak:0.00M | Scene, ViewLayer | Synchronizing object | ENV_leaf_845
Fra:195 Mem:210.69M (Peak 210.70M) | Time:00:00.32 | Mem:0.00M, Peak:0.00M | Scene, ViewLayer | Synchronizing object | ENV_leaf_844
Fra:195 Mem:210.69M (Peak 210.70M) | Time:00:00.32 | Mem:0.00M, Peak:0.00M | Scene, ViewLayer | Synchronizing object | ENV_leaf_843
Fra:195 Mem:210.70M (Peak 210.70M) | Time:00:00.32 | Mem:0.00M, Peak:0.00M | Scene, ViewLayer | Synchronizing object | ENV_leaf_842
Fra:195 Mem:210.70M (Peak 210.70M) | Time:00:00.32 | Mem:0.00M, Peak:0.00M | Scene, ViewLayer | Synchronizing object | ENV_leaf_841
Fra:195 Mem:210.71M (Peak 210.71M) | Time:00:00.32 | Mem:0.00M, Peak:0.00M | Scene, ViewLayer | Synchronizing object | ENV_leaf_840
Fra:195 Mem:210.71M (Peak 210.71M) | Time:00:00.32 | Mem:0.00M, Peak:0.00M | Scene, ViewLayer | Synchronizing object | ENV_leaf_839
Fra:195 Mem:210.71M (Peak 210.71M) | Time:00:00.32 | Mem:0.00M, Peak:0.00M | Scene, ViewLayer | Synchronizing object | ENV_leaf_838
Fra:195 Mem:210.72M (Peak 210.72M) | Time:00:00.32 | Mem:0.00M, Peak:0.00M | Scene, ViewLayer | Synchronizing object | ENV_leaf_837
Fra:195 Mem:210.72M (Peak 210.72M) | Time:00:00.32 | Mem:0.00M, Peak:0.00M | Scene, ViewLayer | Synchronizing object | ENV_leaf_836
Fra:195 Mem:210.79M (Peak 210.79M) | Time:00:00.32 | Mem:0.00M, Peak:0.00M | Scene, ViewLayer | Synchronizing object | ENV_leaf_835
Fra:195 Mem:210.79M (Peak 210.79M) | Time:00:00.32 | Mem:0.00M, Peak:0.00M | Scene, ViewLayer | Synchronizing object | ENV_leaf_834
Fra:195 Mem:210.82M (Peak 210.82M) | Time:00:00.32 | Mem:0.00M, Peak:0.00M | Scene, ViewLayer | Synchronizing object | ENV_leaf_833
Fra:195 Mem:210.82M (Peak 210.82M) | Time:00:00.32 | Mem:0.00M, Peak:0.00M | Scene, ViewLayer | Synchronizing object | ENV_leaf_832
Fra:195 Mem:210.89M (Peak 210.89M) | Time:00:00.32 | Mem:0.00M, Peak:0.00M | Scene, ViewLayer | Synchronizing object | ENV_leaf_831
Fra:195 Mem:210.89M (Peak 210.89M) | Time:00:00.32 | Mem:0.00M, Peak:0.00M | Scene, ViewLayer | Synchronizing object | ENV_leaf_830
Fra:195 Mem:210.84M (Peak 210.89M) | Time:00:00.32 | Mem:0.00M, Peak:0.00M | Scene, ViewLayer | Synchronizing object | ENV_leaf_829
Fra:195 Mem:210.84M (Peak 210.89M) | Time:00:00.32 | Mem:0.00M, Peak:0.00M | Scene, ViewLayer | Synchronizing object | ENV_leaf_828
Fra:195 Mem:210.93M (Peak 210.93M) | Time:00:00.32 | Mem:0.00M, Peak:0.00M | Scene, ViewLayer | Synchronizing object | ENV_leaf_827
Fra:195 Mem:210.93M (Peak 210.93M) | Time:00:00.32 | Mem:0.00M, Peak:0.00M | Scene, ViewLayer | Synchronizing object | ENV_leaf_826
Fra:195 Mem:210.94M (Peak 210.94M) | Time:00:00.32 | Mem:0.00M, Peak:0.00M | Scene, ViewLayer | Synchronizing object | ENV_leaf_825
Fra:195 Mem:210.94M (Peak 210.94M) | Time:00:00.32 | Mem:0.00M, Peak:0.00M | Scene, ViewLayer | Synchronizing object | ENV_leaf_824
Fra:195 Mem:210.95M (Peak 210.95M) | Time:00:00.32 | Mem:0.00M, Peak:0.00M | Scene, ViewLayer | Synchronizing object | ENV_leaf_823
Fra:195 Mem:211.22M (Peak 211.22M) | Time:00:00.32 | Mem:0.00M, Peak:0.00M | Scene, ViewLayer | Synchronizing object | ENV_leaf_822
Fra:195 Mem:211.23M (Peak 211.23M) | Time:00:00.32 | Mem:0.00M, Peak:0.00M | Scene, ViewLayer | Synchronizing object | ENV_leaf_821
Fra:195 Mem:211.33M (Peak 211.33M) | Time:00:00.32 | Mem:0.00M, Peak:0.00M | Scene, ViewLayer | Synchronizing object | ENV_leaf_820
Fra:195 Mem:211.34M (Peak 211.34M) | Time:00:00.32 | Mem:0.00M, Peak:0.00M | Scene, ViewLayer | Synchronizing object | ENV_leaf_819
Fra:195 Mem:211.34M (Peak 211.34M) | Time:00:00.32 | Mem:0.00M, Peak:0.00M | Scene, ViewLayer | Synchronizing object | ENV_leaf_818
Fra:195 Mem:211.34M (Peak 211.34M) | Time:00:00.32 | Mem:0.00M, Peak:0.00M | Scene, ViewLayer | Synchronizing object | ENV_leaf_817
Fra:195 Mem:211.37M (Peak 211.37M) | Time:00:00.32 | Mem:0.00M, Peak:0.00M | Scene, ViewLayer | Synchronizing object | ENV_leaf_816
Fra:195 Mem:211.45M (Peak 211.45M) | Time:00:00.32 | Mem:0.00M, Peak:0.00M | Scene, ViewLayer | Synchronizing object | ENV_leaf_815
Fra:195 Mem:211.45M (Peak 211.45M) | Time:00:00.32 | Mem:0.00M, Peak:0.00M | Scene, ViewLayer | Synchronizing object | ENV_leaf_814
Fra:195 Mem:211.46M (Peak 211.46M) | Time:00:00.32 | Mem:0.00M, Peak:0.00M | Scene, ViewLayer | Synchronizing object | ENV_leaf_813
Fra:195 Mem:211.46M (Peak 211.46M) | Time:00:00.32 | Mem:0.00M, Peak:0.00M | Scene, ViewLayer | Synchronizing object | ENV_leaf_812
Fra:195 Mem:211.46M (Peak 211.46M) | Time:00:00.32 | Mem:0.00M, Peak:0.00M | Scene, ViewLayer | Synchronizing object | ENV_leaf_811
Fra:195 Mem:211.47M (Peak 211.47M) | Time:00:00.32 | Mem:0.00M, Peak:0.00M | Scene, ViewLayer | Synchronizing object | ENV_leaf_810
Fra:195 Mem:211.47M (Peak 211.47M) | Time:00:00.32 | Mem:0.00M, Peak:0.00M | Scene, ViewLayer | Synchronizing object | ENV_leaf_809
Fra:195 Mem:211.48M (Peak 211.48M) | Time:00:00.32 | Mem:0.00M, Peak:0.00M | Scene, ViewLayer | Synchronizing object | ENV_leaf_808
Fra:195 Mem:211.48M (Peak 211.48M) | Time:00:00.32 | Mem:0.00M, Peak:0.00M | Scene, ViewLayer | Synchronizing object | ENV_leaf_807
Fra:195 Mem:211.48M (Peak 211.48M) | Time:00:00.32 | Mem:0.00M, Peak:0.00M | Scene, ViewLayer | Synchronizing object | ENV_leaf_806
Fra:195 Mem:211.47M (Peak 211.48M) | Time:00:00.32 | Mem:0.00M, Peak:0.00M | Scene, ViewLayer | Synchronizing object | ENV_leaf_805
Fra:195 Mem:211.47M (Peak 211.48M) | Time:00:00.32 | Mem:0.00M, Peak:0.00M | Scene, ViewLayer | Synchronizing object | ENV_leaf_804
Fra:195 Mem:211.48M (Peak 211.48M) | Time:00:00.32 | Mem:0.00M, Peak:0.00M | Scene, ViewLayer | Synchronizing object | ENV_leaf_803
Fra:195 Mem:211.48M (Peak 211.48M) | Time:00:00.32 | Mem:0.00M, Peak:0.00M | Scene, ViewLayer | Synchronizing object | ENV_leaf_802
Fra:195 Mem:211.48M (Peak 211.48M) | Time:00:00.32 | Mem:0.00M, Peak:0.00M | Scene, ViewLayer | Synchronizing object | ENV_leaf_801
Fra:195 Mem:211.49M (Peak 211.49M) | Time:00:00.32 | Mem:0.00M, Peak:0.00M | Scene, ViewLayer | Synchronizing object | ENV_leaf_800
Fra:195 Mem:211.49M (Peak 211.49M) | Time:00:00.32 | Mem:0.00M, Peak:0.00M | Scene, ViewLayer | Synchronizing object | ENV_leaf_799
Fra:195 Mem:211.50M (Peak 211.50M) | Time:00:00.32 | Mem:0.00M, Peak:0.00M | Scene, ViewLayer | Synchronizing object | ENV_leaf_798
Fra:195 Mem:211.50M (Peak 211.50M) | Time:00:00.32 | Mem:0.00M, Peak:0.00M | Scene, ViewLayer | Synchronizing object | ENV_leaf_797
Fra:195 Mem:211.50M (Peak 211.50M) | Time:00:00.32 | Mem:0.00M, Peak:0.00M | Scene, ViewLayer | Synchronizing object | ENV_leaf_796
Fra:195 Mem:211.51M (Peak 211.51M) | Time:00:00.32 | Mem:0.00M, Peak:0.00M | Scene, ViewLayer | Synchronizing object | ENV_leaf_795
Fra:195 Mem:211.51M (Peak 211.51M) | Time:00:00.32 | Mem:0.00M, Peak:0.00M | Scene, ViewLayer | Synchronizing object | ENV_leaf_794
Fra:195 Mem:211.52M (Peak 211.52M) | Time:00:00.32 | Mem:0.00M, Peak:0.00M | Scene, ViewLayer | Synchronizing object | ENV_leaf_793
Fra:195 Mem:211.52M (Peak 211.52M) | Time:00:00.32 | Mem:0.00M, Peak:0.00M | Scene, ViewLayer | Synchronizing object | ENV_leaf_792
Fra:195 Mem:211.53M (Peak 211.53M) | Time:00:00.32 | Mem:0.00M, Peak:0.00M | Scene, ViewLayer | Synchronizing object | ENV_leaf_791
Fra:195 Mem:211.53M (Peak 211.53M) | Time:00:00.32 | Mem:0.00M, Peak:0.00M | Scene, ViewLayer | Synchronizing object | ENV_leaf_790
Fra:195 Mem:211.53M (Peak 211.53M) | Time:00:00.32 | Mem:0.00M, Peak:0.00M | Scene, ViewLayer | Synchronizing object | ENV_leaf_789
Fra:195 Mem:211.54M (Peak 211.54M) | Time:00:00.32 | Mem:0.00M, Peak:0.00M | Scene, ViewLayer | Synchronizing object | ENV_leaf_788
Fra:195 Mem:211.54M (Peak 211.54M) | Time:00:00.32 | Mem:0.00M, Peak:0.00M | Scene, ViewLayer | Synchronizing object | ENV_leaf_787
Fra:195 Mem:211.55M (Peak 211.55M) | Time:00:00.32 | Mem:0.00M, Peak:0.00M | Scene, ViewLayer | Synchronizing object | ENV_leaf_786
Fra:195 Mem:211.55M (Peak 211.55M) | Time:00:00.32 | Mem:0.00M, Peak:0.00M | Scene, ViewLayer | Synchronizing object | ENV_leaf_785
Fra:195 Mem:211.55M (Peak 211.55M) | Time:00:00.32 | Mem:0.00M, Peak:0.00M | Scene, ViewLayer | Synchronizing object | ENV_leaf_784
Fra:195 Mem:211.56M (Peak 211.56M) | Time:00:00.32 | Mem:0.00M, Peak:0.00M | Scene, ViewLayer | Synchronizing object | ENV_leaf_783
Fra:195 Mem:211.64M (Peak 211.64M) | Time:00:00.32 | Mem:0.00M, Peak:0.00M | Scene, ViewLayer | Synchronizing object | ENV_leaf_782
Fra:195 Mem:211.64M (Peak 211.64M) | Time:00:00.32 | Mem:0.00M, Peak:0.00M | Scene, ViewLayer | Synchronizing object | ENV_leaf_781
Fra:195 Mem:211.65M (Peak 211.65M) | Time:00:00.32 | Mem:0.00M, Peak:0.00M | Scene, ViewLayer | Synchronizing object | ENV_leaf_780
Fra:195 Mem:211.65M (Peak 211.65M) | Time:00:00.32 | Mem:0.00M, Peak:0.00M | Scene, ViewLayer | Synchronizing object | ENV_leaf_779
Fra:195 Mem:211.68M (Peak 211.68M) | Time:00:00.32 | Mem:0.00M, Peak:0.00M | Scene, ViewLayer | Synchronizing object | ENV_leaf_778
Fra:195 Mem:211.76M (Peak 211.76M) | Time:00:00.32 | Mem:0.00M, Peak:0.00M | Scene, ViewLayer | Synchronizing object | ENV_leaf_777
Fra:195 Mem:211.77M (Peak 211.77M) | Time:00:00.32 | Mem:0.00M, Peak:0.00M | Scene, ViewLayer | Synchronizing object | ENV_leaf_776
Fra:195 Mem:211.77M (Peak 211.77M) | Time:00:00.32 | Mem:0.00M, Peak:0.00M | Scene, ViewLayer | Synchronizing object | ENV_leaf_775
Fra:195 Mem:211.77M (Peak 211.77M) | Time:00:00.32 | Mem:0.00M, Peak:0.00M | Scene, ViewLayer | Synchronizing object | ENV_leaf_774
Fra:195 Mem:211.70M (Peak 211.77M) | Time:00:00.32 | Mem:0.00M, Peak:0.00M | Scene, ViewLayer | Synchronizing object | ENV_fern_12
Fra:195 Mem:211.76M (Peak 211.77M) | Time:00:00.32 | Mem:0.00M, Peak:0.00M | Scene, ViewLayer | Synchronizing object | ENV_leaf_773
Fra:195 Mem:211.76M (Peak 211.77M) | Time:00:00.32 | Mem:0.00M, Peak:0.00M | Scene, ViewLayer | Synchronizing object | ENV_leaf_772
Fra:195 Mem:211.94M (Peak 211.94M) | Time:00:00.32 | Mem:0.00M, Peak:0.00M | Scene, ViewLayer | Synchronizing object | ENV_leaf_771
Fra:195 Mem:211.98M (Peak 211.98M) | Time:00:00.32 | Mem:0.00M, Peak:0.00M | Scene, ViewLayer | Synchronizing object | ENV_leaf_770
Fra:195 Mem:212.01M (Peak 212.01M) | Time:00:00.32 | Mem:0.00M, Peak:0.00M | Scene, ViewLayer | Synchronizing object | ENV_leaf_769
Fra:195 Mem:212.01M (Peak 212.01M) | Time:00:00.32 | Mem:0.00M, Peak:0.00M | Scene, ViewLayer | Synchronizing object | ENV_leaf_768
Fra:195 Mem:212.01M (Peak 212.01M) | Time:00:00.32 | Mem:0.00M, Peak:0.00M | Scene, ViewLayer | Synchronizing object | ENV_leaf_767
Fra:195 Mem:212.08M (Peak 212.08M) | Time:00:00.32 | Mem:0.00M, Peak:0.00M | Scene, ViewLayer | Synchronizing object | ENV_leaf_766
Fra:195 Mem:212.08M (Peak 212.08M) | Time:00:00.32 | Mem:0.00M, Peak:0.00M | Scene, ViewLayer | Synchronizing object | ENV_leaf_765
Fra:195 Mem:212.09M (Peak 212.09M) | Time:00:00.32 | Mem:0.00M, Peak:0.00M | Scene, ViewLayer | Synchronizing object | ENV_leaf_764
Fra:195 Mem:212.09M (Peak 212.09M) | Time:00:00.32 | Mem:0.00M, Peak:0.00M | Scene, ViewLayer | Synchronizing object | ENV_leaf_763
Fra:195 Mem:212.09M (Peak 212.09M) | Time:00:00.32 | Mem:0.00M, Peak:0.00M | Scene, ViewLayer | Synchronizing object | ENV_leaf_762
Fra:195 Mem:212.10M (Peak 212.10M) | Time:00:00.32 | Mem:0.00M, Peak:0.00M | Scene, ViewLayer | Synchronizing object | ENV_leaf_761
Fra:195 Mem:212.09M (Peak 212.10M) | Time:00:00.32 | Mem:0.00M, Peak:0.00M | Scene, ViewLayer | Synchronizing object | ENV_leaf_760
Fra:195 Mem:212.09M (Peak 212.10M) | Time:00:00.32 | Mem:0.00M, Peak:0.00M | Scene, ViewLayer | Synchronizing object | ENV_leaf_759
Fra:195 Mem:212.10M (Peak 212.10M) | Time:00:00.32 | Mem:0.00M, Peak:0.00M | Scene, ViewLayer | Synchronizing object | ENV_leaf_758
Fra:195 Mem:212.10M (Peak 212.10M) | Time:00:00.32 | Mem:0.00M, Peak:0.00M | Scene, ViewLayer | Synchronizing object | ENV_leaf_757
Fra:195 Mem:212.11M (Peak 212.11M) | Time:00:00.32 | Mem:0.00M, Peak:0.00M | Scene, ViewLayer | Synchronizing object | ENV_leaf_756
Fra:195 Mem:212.11M (Peak 212.11M) | Time:00:00.32 | Mem:0.00M, Peak:0.00M | Scene, ViewLayer | Synchronizing object | ENV_leaf_755
Fra:195 Mem:212.11M (Peak 212.11M) | Time:00:00.32 | Mem:0.00M, Peak:0.00M | Scene, ViewLayer | Synchronizing object | ENV_leaf_754
Fra:195 Mem:212.12M (Peak 212.12M) | Time:00:00.32 | Mem:0.00M, Peak:0.00M | Scene, ViewLayer | Synchronizing object | ENV_leaf_753
Fra:195 Mem:212.12M (Peak 212.12M) | Time:00:00.32 | Mem:0.00M, Peak:0.00M | Scene, ViewLayer | Synchronizing object | ENV_leaf_752
Fra:195 Mem:212.13M (Peak 212.13M) | Time:00:00.32 | Mem:0.00M, Peak:0.00M | Scene, ViewLayer | Synchronizing object | ENV_leaf_751
Fra:195 Mem:212.13M (Peak 212.13M) | Time:00:00.32 | Mem:0.00M, Peak:0.00M | Scene, ViewLayer | Synchronizing object | ENV_leaf_750
Fra:195 Mem:212.13M (Peak 212.13M) | Time:00:00.32 | Mem:0.00M, Peak:0.00M | Scene, ViewLayer | Synchronizing object | ENV_leaf_749
Fra:195 Mem:212.14M (Peak 212.14M) | Time:00:00.32 | Mem:0.00M, Peak:0.00M | Scene, ViewLayer | Synchronizing object | ENV_leaf_748
Fra:195 Mem:212.19M (Peak 212.19M) | Time:00:00.32 | Mem:0.00M, Peak:0.00M | Scene, ViewLayer | Synchronizing object | ENV_leaf_747
Fra:195 Mem:212.19M (Peak 212.19M) | Time:00:00.32 | Mem:0.00M, Peak:0.00M | Scene, ViewLayer | Synchronizing object | ENV_leaf_746
Fra:195 Mem:212.22M (Peak 212.22M) | Time:00:00.32 | Mem:0.00M, Peak:0.00M | Scene, ViewLayer | Synchronizing object | ENV_leaf_745
Fra:195 Mem:212.27M (Peak 212.27M) | Time:00:00.32 | Mem:0.00M, Peak:0.00M | Scene, ViewLayer | Synchronizing object | ENV_leaf_744
Fra:195 Mem:212.27M (Peak 212.27M) | Time:00:00.32 | Mem:0.00M, Peak:0.00M | Scene, ViewLayer | Synchronizing object | ENV_leaf_743
Fra:195 Mem:212.23M (Peak 212.27M) | Time:00:00.32 | Mem:0.00M, Peak:0.00M | Scene, ViewLayer | Synchronizing object | ENV_leaf_742
Fra:195 Mem:212.23M (Peak 212.27M) | Time:00:00.32 | Mem:0.00M, Peak:0.00M | Scene, ViewLayer | Synchronizing object | ENV_fern_13
Fra:195 Mem:212.30M (Peak 212.30M) | Time:00:00.32 | Mem:0.00M, Peak:0.00M | Scene, ViewLayer | Synchronizing object | ENV_leaf_741
Fra:195 Mem:212.31M (Peak 212.31M) | Time:00:00.32 | Mem:0.00M, Peak:0.00M | Scene, ViewLayer | Synchronizing object | ENV_leaf_740
Fra:195 Mem:212.31M (Peak 212.31M) | Time:00:00.32 | Mem:0.00M, Peak:0.00M | Scene, ViewLayer | Synchronizing object | ENV_leaf_739
Fra:195 Mem:212.54M (Peak 212.54M) | Time:00:00.32 | Mem:0.00M, Peak:0.00M | Scene, ViewLayer | Synchronizing object | ENV_leaf_738
Fra:195 Mem:212.54M (Peak 212.54M) | Time:00:00.32 | Mem:0.00M, Peak:0.00M | Scene, ViewLayer | Synchronizing object | ENV_leaf_737
Fra:195 Mem:212.63M (Peak 212.63M) | Time:00:00.32 | Mem:0.00M, Peak:0.00M | Scene, ViewLayer | Synchronizing object | ENV_leaf_736
Fra:195 Mem:212.63M (Peak 212.63M) | Time:00:00.32 | Mem:0.00M, Peak:0.00M | Scene, ViewLayer | Synchronizing object | ENV_leaf_735
Fra:195 Mem:212.63M (Peak 212.63M) | Time:00:00.32 | Mem:0.00M, Peak:0.00M | Scene, ViewLayer | Synchronizing object | ENV_leaf_734
Fra:195 Mem:212.65M (Peak 212.65M) | Time:00:00.32 | Mem:0.00M, Peak:0.00M | Scene, ViewLayer | Synchronizing object | ENV_leaf_733
Fra:195 Mem:212.70M (Peak 212.70M) | Time:00:00.32 | Mem:0.00M, Peak:0.00M | Scene, ViewLayer | Synchronizing object | ENV_leaf_732
Fra:195 Mem:212.72M (Peak 212.72M) | Time:00:00.32 | Mem:0.00M, Peak:0.00M | Scene, ViewLayer | Synchronizing object | ENV_leaf_731
Fra:195 Mem:212.73M (Peak 212.73M) | Time:00:00.32 | Mem:0.00M, Peak:0.00M | Scene, ViewLayer | Synchronizing object | ENV_leaf_730
Fra:195 Mem:212.73M (Peak 212.73M) | Time:00:00.32 | Mem:0.00M, Peak:0.00M | Scene, ViewLayer | Synchronizing object | ENV_leaf_729
Fra:195 Mem:212.74M (Peak 212.74M) | Time:00:00.32 | Mem:0.00M, Peak:0.00M | Scene, ViewLayer | Synchronizing object | ENV_leaf_727
Fra:195 Mem:212.74M (Peak 212.74M) | Time:00:00.32 | Mem:0.00M, Peak:0.00M | Scene, ViewLayer | Synchronizing object | ENV_leaf_726
Fra:195 Mem:212.74M (Peak 212.74M) | Time:00:00.32 | Mem:0.00M, Peak:0.00M | Scene, ViewLayer | Synchronizing object | ENV_leaf_725
Fra:195 Mem:212.75M (Peak 212.75M) | Time:00:00.32 | Mem:0.00M, Peak:0.00M | Scene, ViewLayer | Synchronizing object | ENV_leaf_723
Fra:195 Mem:212.75M (Peak 212.75M) | Time:00:00.32 | Mem:0.00M, Peak:0.00M | Scene, ViewLayer | Synchronizing object | ENV_leaf_722
Fra:195 Mem:212.74M (Peak 212.75M) | Time:00:00.32 | Mem:0.00M, Peak:0.00M | Scene, ViewLayer | Synchronizing object | ENV_leaf_721
Fra:195 Mem:212.74M (Peak 212.75M) | Time:00:00.32 | Mem:0.00M, Peak:0.00M | Scene, ViewLayer | Synchronizing object | ENV_leaf_720
Fra:195 Mem:212.75M (Peak 212.75M) | Time:00:00.32 | Mem:0.00M, Peak:0.00M | Scene, ViewLayer | Synchronizing object | ENV_leaf_719
Fra:195 Mem:212.75M (Peak 212.75M) | Time:00:00.32 | Mem:0.00M, Peak:0.00M | Scene, ViewLayer | Synchronizing object | ENV_leaf_718
Fra:195 Mem:212.76M (Peak 212.76M) | Time:00:00.32 | Mem:0.00M, Peak:0.00M | Scene, ViewLayer | Synchronizing object | ENV_leaf_717
Fra:195 Mem:212.76M (Peak 212.76M) | Time:00:00.32 | Mem:0.00M, Peak:0.00M | Scene, ViewLayer | Synchronizing object | ENV_leaf_715
Fra:195 Mem:212.76M (Peak 212.76M) | Time:00:00.32 | Mem:0.00M, Peak:0.00M | Scene, ViewLayer | Synchronizing object | ENV_leaf_714
Fra:195 Mem:212.77M (Peak 212.77M) | Time:00:00.32 | Mem:0.00M, Peak:0.00M | Scene, ViewLayer | Synchronizing object | ENV_leaf_713
Fra:195 Mem:212.77M (Peak 212.77M) | Time:00:00.32 | Mem:0.00M, Peak:0.00M | Scene, ViewLayer | Synchronizing object | ENV_leaf_712
Fra:195 Mem:212.78M (Peak 212.78M) | Time:00:00.32 | Mem:0.00M, Peak:0.00M | Scene, ViewLayer | Synchronizing object | ENV_leaf_711
Fra:195 Mem:212.78M (Peak 212.78M) | Time:00:00.32 | Mem:0.00M, Peak:0.00M | Scene, ViewLayer | Synchronizing object | ENV_leaf_710
Fra:195 Mem:212.78M (Peak 212.78M) | Time:00:00.32 | Mem:0.00M, Peak:0.00M | Scene, ViewLayer | Synchronizing object | ENV_leaf_709
Fra:195 Mem:212.79M (Peak 212.79M) | Time:00:00.32 | Mem:0.00M, Peak:0.00M | Scene, ViewLayer | Synchronizing object | ENV_leaf_708
Fra:195 Mem:212.79M (Peak 212.79M) | Time:00:00.32 | Mem:0.00M, Peak:0.00M | Scene, ViewLayer | Synchronizing object | ENV_leaf_707
Fra:195 Mem:212.80M (Peak 212.80M) | Time:00:00.32 | Mem:0.00M, Peak:0.00M | Scene, ViewLayer | Synchronizing object | ENV_leaf_706
Fra:195 Mem:212.80M (Peak 212.80M) | Time:00:00.32 | Mem:0.00M, Peak:0.00M | Scene, ViewLayer | Synchronizing object | ENV_leaf_705
Fra:195 Mem:212.80M (Peak 212.80M) | Time:00:00.32 | Mem:0.00M, Peak:0.00M | Scene, ViewLayer | Synchronizing object | ENV_leaf_704
Fra:195 Mem:212.81M (Peak 212.81M) | Time:00:00.32 | Mem:0.00M, Peak:0.00M | Scene, ViewLayer | Synchronizing object | ENV_leaf_703
Fra:195 Mem:212.87M (Peak 212.87M) | Time:00:00.32 | Mem:0.00M, Peak:0.00M | Scene, ViewLayer | Synchronizing object | ENV_leaf_702
Fra:195 Mem:212.88M (Peak 212.88M) | Time:00:00.32 | Mem:0.00M, Peak:0.00M | Scene, ViewLayer | Synchronizing object | ENV_leaf_701
Fra:195 Mem:212.91M (Peak 212.91M) | Time:00:00.32 | Mem:0.00M, Peak:0.00M | Scene, ViewLayer | Synchronizing object | ENV_leaf_700
Fra:195 Mem:212.97M (Peak 212.97M) | Time:00:00.32 | Mem:0.00M, Peak:0.00M | Scene, ViewLayer | Synchronizing object | ENV_leaf_699
Fra:195 Mem:212.98M (Peak 212.98M) | Time:00:00.32 | Mem:0.00M, Peak:0.00M | Scene, ViewLayer | Synchronizing object | ENV_leaf_698
Fra:195 Mem:212.98M (Peak 212.98M) | Time:00:00.32 | Mem:0.00M, Peak:0.00M | Scene, ViewLayer | Synchronizing object | ENV_leaf_697
Fra:195 Mem:212.92M (Peak 212.98M) | Time:00:00.32 | Mem:0.00M, Peak:0.00M | Scene, ViewLayer | Synchronizing object | ENV_leaf_696
Fra:195 Mem:212.93M (Peak 212.98M) | Time:00:00.32 | Mem:0.00M, Peak:0.00M | Scene, ViewLayer | Synchronizing object | ENV_leaf_695
Fra:195 Mem:213.02M (Peak 213.02M) | Time:00:00.32 | Mem:0.00M, Peak:0.00M | Scene, ViewLayer | Synchronizing object | ENV_leaf_694
Fra:195 Mem:213.02M (Peak 213.02M) | Time:00:00.32 | Mem:0.00M, Peak:0.00M | Scene, ViewLayer | Synchronizing object | ENV_leaf_693
Fra:195 Mem:213.02M (Peak 213.02M) | Time:00:00.32 | Mem:0.00M, Peak:0.00M | Scene, ViewLayer | Synchronizing object | ENV_leaf_692
Fra:195 Mem:213.30M (Peak 213.30M) | Time:00:00.32 | Mem:0.00M, Peak:0.00M | Scene, ViewLayer | Synchronizing object | ENV_leaf_691
Fra:195 Mem:213.31M (Peak 213.31M) | Time:00:00.32 | Mem:0.00M, Peak:0.00M | Scene, ViewLayer | Synchronizing object | ENV_leaf_690
Fra:195 Mem:213.31M (Peak 213.31M) | Time:00:00.32 | Mem:0.00M, Peak:0.00M | Scene, ViewLayer | Synchronizing object | ENV_leaf_689
Fra:195 Mem:213.41M (Peak 213.41M) | Time:00:00.32 | Mem:0.00M, Peak:0.00M | Scene, ViewLayer | Synchronizing object | ENV_leaf_688
Fra:195 Mem:213.42M (Peak 213.42M) | Time:00:00.32 | Mem:0.00M, Peak:0.00M | Scene, ViewLayer | Synchronizing object | ENV_leaf_687
Fra:195 Mem:213.42M (Peak 213.42M) | Time:00:00.32 | Mem:0.00M, Peak:0.00M | Scene, ViewLayer | Synchronizing object | ENV_leaf_686
Fra:195 Mem:213.45M (Peak 213.45M) | Time:00:00.32 | Mem:0.00M, Peak:0.00M | Scene, ViewLayer | Synchronizing object | ENV_leaf_685
Fra:195 Mem:213.53M (Peak 213.53M) | Time:00:00.32 | Mem:0.00M, Peak:0.00M | Scene, ViewLayer | Synchronizing object | ENV_leaf_684
Fra:195 Mem:213.53M (Peak 213.53M) | Time:00:00.32 | Mem:0.00M, Peak:0.00M | Scene, ViewLayer | Synchronizing object | ENV_leaf_683
Fra:195 Mem:213.53M (Peak 213.53M) | Time:00:00.32 | Mem:0.00M, Peak:0.00M | Scene, ViewLayer | Synchronizing object | ENV_leaf_682
Fra:195 Mem:213.54M (Peak 213.54M) | Time:00:00.32 | Mem:0.00M, Peak:0.00M | Scene, ViewLayer | Synchronizing object | ENV_leaf_681
Fra:195 Mem:213.54M (Peak 213.54M) | Time:00:00.32 | Mem:0.00M, Peak:0.00M | Scene, ViewLayer | Synchronizing object | ENV_leaf_680
Fra:195 Mem:213.55M (Peak 213.55M) | Time:00:00.32 | Mem:0.00M, Peak:0.00M | Scene, ViewLayer | Synchronizing object | ENV_leaf_679
Fra:195 Mem:213.55M (Peak 213.55M) | Time:00:00.32 | Mem:0.00M, Peak:0.00M | Scene, ViewLayer | Synchronizing object | ENV_leaf_678
Fra:195 Mem:213.55M (Peak 213.55M) | Time:00:00.32 | Mem:0.00M, Peak:0.00M | Scene, ViewLayer | Synchronizing object | ENV_leaf_677
Fra:195 Mem:213.56M (Peak 213.56M) | Time:00:00.32 | Mem:0.00M, Peak:0.00M | Scene, ViewLayer | Synchronizing object | ENV_leaf_676
Fra:195 Mem:213.56M (Peak 213.56M) | Time:00:00.32 | Mem:0.00M, Peak:0.00M | Scene, ViewLayer | Synchronizing object | ENV_leaf_675
Fra:195 Mem:213.55M (Peak 213.56M) | Time:00:00.32 | Mem:0.00M, Peak:0.00M | Scene, ViewLayer | Synchronizing object | ENV_leaf_674
Fra:195 Mem:213.55M (Peak 213.56M) | Time:00:00.32 | Mem:0.00M, Peak:0.00M | Scene, ViewLayer | Synchronizing object | ENV_leaf_673
Fra:195 Mem:213.55M (Peak 213.56M) | Time:00:00.32 | Mem:0.00M, Peak:0.00M | Scene, ViewLayer | Synchronizing object | ENV_leaf_672
Fra:195 Mem:213.56M (Peak 213.56M) | Time:00:00.32 | Mem:0.00M, Peak:0.00M | Scene, ViewLayer | Synchronizing object | ENV_leaf_671
Fra:195 Mem:213.56M (Peak 213.56M) | Time:00:00.32 | Mem:0.00M, Peak:0.00M | Scene, ViewLayer | Synchronizing object | ENV_leaf_670
Fra:195 Mem:213.57M (Peak 213.57M) | Time:00:00.32 | Mem:0.00M, Peak:0.00M | Scene, ViewLayer | Synchronizing object | ENV_leaf_669
Fra:195 Mem:213.57M (Peak 213.57M) | Time:00:00.32 | Mem:0.00M, Peak:0.00M | Scene, ViewLayer | Synchronizing object | ENV_leaf_668
Fra:195 Mem:213.58M (Peak 213.58M) | Time:00:00.32 | Mem:0.00M, Peak:0.00M | Scene, ViewLayer | Synchronizing object | ENV_leaf_667
Fra:195 Mem:213.58M (Peak 213.58M) | Time:00:00.32 | Mem:0.00M, Peak:0.00M | Scene, ViewLayer | Synchronizing object | ENV_leaf_666
Fra:195 Mem:213.58M (Peak 213.58M) | Time:00:00.32 | Mem:0.00M, Peak:0.00M | Scene, ViewLayer | Synchronizing object | ENV_leaf_665
Fra:195 Mem:213.59M (Peak 213.59M) | Time:00:00.32 | Mem:0.00M, Peak:0.00M | Scene, ViewLayer | Synchronizing object | ENV_leaf_664
Fra:195 Mem:213.59M (Peak 213.59M) | Time:00:00.32 | Mem:0.00M, Peak:0.00M | Scene, ViewLayer | Synchronizing object | ENV_leaf_663
Fra:195 Mem:213.60M (Peak 213.60M) | Time:00:00.32 | Mem:0.00M, Peak:0.00M | Scene, ViewLayer | Synchronizing object | ENV_leaf_662
Fra:195 Mem:213.60M (Peak 213.60M) | Time:00:00.32 | Mem:0.00M, Peak:0.00M | Scene, ViewLayer | Synchronizing object | ENV_leaf_661
Fra:195 Mem:213.60M (Peak 213.60M) | Time:00:00.32 | Mem:0.00M, Peak:0.00M | Scene, ViewLayer | Synchronizing object | ENV_leaf_660
Fra:195 Mem:213.61M (Peak 213.61M) | Time:00:00.32 | Mem:0.00M, Peak:0.00M | Scene, ViewLayer | Synchronizing object | ENV_leaf_659
Fra:195 Mem:213.61M (Peak 213.61M) | Time:00:00.32 | Mem:0.00M, Peak:0.00M | Scene, ViewLayer | Synchronizing object | ENV_leaf_658
Fra:195 Mem:213.62M (Peak 213.62M) | Time:00:00.32 | Mem:0.00M, Peak:0.00M | Scene, ViewLayer | Synchronizing object | ENV_leaf_657
Fra:195 Mem:213.62M (Peak 213.62M) | Time:00:00.32 | Mem:0.00M, Peak:0.00M | Scene, ViewLayer | Synchronizing object | ENV_leaf_656
Fra:195 Mem:213.62M (Peak 213.62M) | Time:00:00.32 | Mem:0.00M, Peak:0.00M | Scene, ViewLayer | Synchronizing object | ENV_leaf_655
Fra:195 Mem:213.63M (Peak 213.63M) | Time:00:00.32 | Mem:0.00M, Peak:0.00M | Scene, ViewLayer | Synchronizing object | ENV_leaf_654
Fra:195 Mem:213.63M (Peak 213.63M) | Time:00:00.32 | Mem:0.00M, Peak:0.00M | Scene, ViewLayer | Synchronizing object | ENV_leaf_653
Fra:195 Mem:213.64M (Peak 213.64M) | Time:00:00.32 | Mem:0.00M, Peak:0.00M | Scene, ViewLayer | Synchronizing object | ENV_leaf_652
Fra:195 Mem:213.64M (Peak 213.64M) | Time:00:00.32 | Mem:0.00M, Peak:0.00M | Scene, ViewLayer | Synchronizing object | ENV_leaf_651
Fra:195 Mem:213.72M (Peak 213.72M) | Time:00:00.32 | Mem:0.00M, Peak:0.00M | Scene, ViewLayer | Synchronizing object | ENV_leaf_650
Fra:195 Mem:213.72M (Peak 213.72M) | Time:00:00.32 | Mem:0.00M, Peak:0.00M | Scene, ViewLayer | Synchronizing object | ENV_leaf_649
Fra:195 Mem:213.73M (Peak 213.73M) | Time:00:00.32 | Mem:0.00M, Peak:0.00M | Scene, ViewLayer | Synchronizing object | ENV_leaf_648
Fra:195 Mem:213.76M (Peak 213.76M) | Time:00:00.32 | Mem:0.00M, Peak:0.00M | Scene, ViewLayer | Synchronizing object | ENV_leaf_647
Fra:195 Mem:213.84M (Peak 213.84M) | Time:00:00.32 | Mem:0.00M, Peak:0.00M | Scene, ViewLayer | Synchronizing object | ENV_leaf_646
Fra:195 Mem:213.85M (Peak 213.85M) | Time:00:00.32 | Mem:0.00M, Peak:0.00M | Scene, ViewLayer | Synchronizing object | ENV_leaf_645
Fra:195 Mem:213.85M (Peak 213.85M) | Time:00:00.32 | Mem:0.00M, Peak:0.00M | Scene, ViewLayer | Synchronizing object | ENV_leaf_644
Fra:195 Mem:213.85M (Peak 213.85M) | Time:00:00.32 | Mem:0.00M, Peak:0.00M | Scene, ViewLayer | Synchronizing object | ENV_leaf_643
Fra:195 Mem:213.78M (Peak 213.85M) | Time:00:00.32 | Mem:0.00M, Peak:0.00M | Scene, ViewLayer | Synchronizing object | ENV_fern_15
Fra:195 Mem:213.78M (Peak 213.85M) | Time:00:00.32 | Mem:0.00M, Peak:0.00M | Scene, ViewLayer | Synchronizing object | ENV_leaf_642
Fra:195 Mem:213.84M (Peak 213.85M) | Time:00:00.32 | Mem:0.00M, Peak:0.00M | Scene, ViewLayer | Synchronizing object | ENV_leaf_641
Fra:195 Mem:214.01M (Peak 214.01M) | Time:00:00.32 | Mem:0.00M, Peak:0.00M | Scene, ViewLayer | Synchronizing object | ENV_leaf_640
Fra:195 Mem:214.08M (Peak 214.08M) | Time:00:00.32 | Mem:0.00M, Peak:0.00M | Scene, ViewLayer | Synchronizing object | ENV_leaf_639
Fra:195 Mem:214.08M (Peak 214.08M) | Time:00:00.32 | Mem:0.00M, Peak:0.00M | Scene, ViewLayer | Synchronizing object | ENV_leaf_638
Fra:195 Mem:214.09M (Peak 214.09M) | Time:00:00.32 | Mem:0.00M, Peak:0.00M | Scene, ViewLayer | Synchronizing object | ENV_leaf_637
Fra:195 Mem:214.14M (Peak 214.14M) | Time:00:00.32 | Mem:0.00M, Peak:0.00M | Scene, ViewLayer | Synchronizing object | ENV_leaf_636
Fra:195 Mem:214.16M (Peak 214.16M) | Time:00:00.32 | Mem:0.00M, Peak:0.00M | Scene, ViewLayer | Synchronizing object | ENV_leaf_635
Fra:195 Mem:214.16M (Peak 214.16M) | Time:00:00.32 | Mem:0.00M, Peak:0.00M | Scene, ViewLayer | Synchronizing object | ENV_leaf_634
Fra:195 Mem:214.16M (Peak 214.16M) | Time:00:00.32 | Mem:0.00M, Peak:0.00M | Scene, ViewLayer | Synchronizing object | ENV_leaf_633
Fra:195 Mem:214.17M (Peak 214.17M) | Time:00:00.32 | Mem:0.00M, Peak:0.00M | Scene, ViewLayer | Synchronizing object | ENV_leaf_632
Fra:195 Mem:214.17M (Peak 214.17M) | Time:00:00.32 | Mem:0.00M, Peak:0.00M | Scene, ViewLayer | Synchronizing object | ENV_leaf_631
Fra:195 Mem:214.18M (Peak 214.18M) | Time:00:00.32 | Mem:0.00M, Peak:0.00M | Scene, ViewLayer | Synchronizing object | ENV_leaf_630
Fra:195 Mem:214.17M (Peak 214.18M) | Time:00:00.32 | Mem:0.00M, Peak:0.00M | Scene, ViewLayer | Synchronizing object | ENV_leaf_629
Fra:195 Mem:214.17M (Peak 214.18M) | Time:00:00.32 | Mem:0.00M, Peak:0.00M | Scene, ViewLayer | Synchronizing object | ENV_leaf_628
Fra:195 Mem:214.18M (Peak 214.18M) | Time:00:00.32 | Mem:0.00M, Peak:0.00M | Scene, ViewLayer | Synchronizing object | ENV_leaf_627
Fra:195 Mem:214.18M (Peak 214.18M) | Time:00:00.32 | Mem:0.00M, Peak:0.00M | Scene, ViewLayer | Synchronizing object | ENV_leaf_626
Fra:195 Mem:214.18M (Peak 214.18M) | Time:00:00.32 | Mem:0.00M, Peak:0.00M | Scene, ViewLayer | Synchronizing object | ENV_leaf_625
Fra:195 Mem:214.19M (Peak 214.19M) | Time:00:00.32 | Mem:0.00M, Peak:0.00M | Scene, ViewLayer | Synchronizing object | ENV_leaf_624
Fra:195 Mem:214.19M (Peak 214.19M) | Time:00:00.32 | Mem:0.00M, Peak:0.00M | Scene, ViewLayer | Synchronizing object | ENV_leaf_623
Fra:195 Mem:214.20M (Peak 214.20M) | Time:00:00.32 | Mem:0.00M, Peak:0.00M | Scene, ViewLayer | Synchronizing object | ENV_leaf_622
Fra:195 Mem:214.20M (Peak 214.20M) | Time:00:00.32 | Mem:0.00M, Peak:0.00M | Scene, ViewLayer | Synchronizing object | ENV_leaf_621
Fra:195 Mem:214.20M (Peak 214.20M) | Time:00:00.32 | Mem:0.00M, Peak:0.00M | Scene, ViewLayer | Synchronizing object | ENV_leaf_620
Fra:195 Mem:214.21M (Peak 214.21M) | Time:00:00.32 | Mem:0.00M, Peak:0.00M | Scene, ViewLayer | Synchronizing object | ENV_leaf_619
Fra:195 Mem:214.21M (Peak 214.21M) | Time:00:00.32 | Mem:0.00M, Peak:0.00M | Scene, ViewLayer | Synchronizing object | ENV_leaf_618
Fra:195 Mem:214.22M (Peak 214.22M) | Time:00:00.32 | Mem:0.00M, Peak:0.00M | Scene, ViewLayer | Synchronizing object | ENV_leaf_617
Fra:195 Mem:214.22M (Peak 214.22M) | Time:00:00.32 | Mem:0.00M, Peak:0.00M | Scene, ViewLayer | Synchronizing object | ENV_leaf_616
Fra:195 Mem:214.22M (Peak 214.22M) | Time:00:00.32 | Mem:0.00M, Peak:0.00M | Scene, ViewLayer | Synchronizing object | ENV_leaf_615
Fra:195 Mem:214.28M (Peak 214.28M) | Time:00:00.32 | Mem:0.00M, Peak:0.00M | Scene, ViewLayer | Synchronizing object | ENV_leaf_614
Fra:195 Mem:214.30M (Peak 214.30M) | Time:00:00.32 | Mem:0.00M, Peak:0.00M | Scene, ViewLayer | Synchronizing object | ENV_leaf_613
Fra:195 Mem:214.35M (Peak 214.35M) | Time:00:00.32 | Mem:0.00M, Peak:0.00M | Scene, ViewLayer | Synchronizing object | ENV_leaf_612
Fra:195 Mem:214.35M (Peak 214.35M) | Time:00:00.32 | Mem:0.00M, Peak:0.00M | Scene, ViewLayer | Synchronizing object | ENV_leaf_611
Fra:195 Mem:214.31M (Peak 214.35M) | Time:00:00.32 | Mem:0.00M, Peak:0.00M | Scene, ViewLayer | Synchronizing object | ENV_fern_16
Fra:195 Mem:214.38M (Peak 214.38M) | Time:00:00.32 | Mem:0.00M, Peak:0.00M | Scene, ViewLayer | Synchronizing object | ENV_leaf_610
Fra:195 Mem:214.38M (Peak 214.38M) | Time:00:00.32 | Mem:0.00M, Peak:0.00M | Scene, ViewLayer | Synchronizing object | ENV_leaf_609
Fra:195 Mem:214.39M (Peak 214.39M) | Time:00:00.32 | Mem:0.00M, Peak:0.00M | Scene, ViewLayer | Synchronizing object | ENV_leaf_608
Fra:195 Mem:214.55M (Peak 214.55M) | Time:00:00.32 | Mem:0.00M, Peak:0.00M | Scene, ViewLayer | Synchronizing object | ENV_leaf_607
Fra:195 Mem:214.62M (Peak 214.62M) | Time:00:00.32 | Mem:0.00M, Peak:0.00M | Scene, ViewLayer | Synchronizing object | ENV_leaf_606
Fra:195 Mem:214.67M (Peak 214.67M) | Time:00:00.32 | Mem:0.00M, Peak:0.00M | Scene, ViewLayer | Synchronizing object | ENV_leaf_605
Fra:195 Mem:214.71M (Peak 214.71M) | Time:00:00.32 | Mem:0.00M, Peak:0.00M | Scene, ViewLayer | Synchronizing object | ENV_leaf_604
Fra:195 Mem:214.71M (Peak 214.71M) | Time:00:00.32 | Mem:0.00M, Peak:0.00M | Scene, ViewLayer | Synchronizing object | ENV_leaf_602
Fra:195 Mem:214.72M (Peak 214.72M) | Time:00:00.32 | Mem:0.00M, Peak:0.00M | Scene, ViewLayer | Synchronizing object | ENV_leaf_601
Fra:195 Mem:214.74M (Peak 214.74M) | Time:00:00.32 | Mem:0.00M, Peak:0.00M | Scene, ViewLayer | Synchronizing object | ENV_leaf_600
Fra:195 Mem:214.80M (Peak 214.80M) | Time:00:00.32 | Mem:0.00M, Peak:0.00M | Scene, ViewLayer | Synchronizing object | ENV_leaf_599
Fra:195 Mem:214.81M (Peak 214.81M) | Time:00:00.32 | Mem:0.00M, Peak:0.00M | Scene, ViewLayer | Synchronizing object | ENV_leaf_598
Fra:195 Mem:214.81M (Peak 214.81M) | Time:00:00.32 | Mem:0.00M, Peak:0.00M | Scene, ViewLayer | Synchronizing object | ENV_leaf_597
Fra:195 Mem:214.81M (Peak 214.81M) | Time:00:00.32 | Mem:0.00M, Peak:0.00M | Scene, ViewLayer | Synchronizing object | ENV_leaf_596
Fra:195 Mem:214.82M (Peak 214.82M) | Time:00:00.32 | Mem:0.00M, Peak:0.00M | Scene, ViewLayer | Synchronizing object | ENV_leaf_595
Fra:195 Mem:214.82M (Peak 214.82M) | Time:00:00.32 | Mem:0.00M, Peak:0.00M | Scene, ViewLayer | Synchronizing object | ENV_leaf_594
Fra:195 Mem:214.83M (Peak 214.83M) | Time:00:00.32 | Mem:0.00M, Peak:0.00M | Scene, ViewLayer | Synchronizing object | ENV_leaf_593
Fra:195 Mem:214.81M (Peak 214.83M) | Time:00:00.32 | Mem:0.00M, Peak:0.00M | Scene, ViewLayer | Synchronizing object | ENV_leaf_592
Fra:195 Mem:214.82M (Peak 214.83M) | Time:00:00.32 | Mem:0.00M, Peak:0.00M | Scene, ViewLayer | Synchronizing object | ENV_leaf_591
Fra:195 Mem:214.82M (Peak 214.83M) | Time:00:00.32 | Mem:0.00M, Peak:0.00M | Scene, ViewLayer | Synchronizing object | ENV_leaf_590
Fra:195 Mem:214.83M (Peak 214.83M) | Time:00:00.32 | Mem:0.00M, Peak:0.00M | Scene, ViewLayer | Synchronizing object | ENV_leaf_589
Fra:195 Mem:214.83M (Peak 214.83M) | Time:00:00.32 | Mem:0.00M, Peak:0.00M | Scene, ViewLayer | Synchronizing object | ENV_leaf_588
Fra:195 Mem:214.83M (Peak 214.83M) | Time:00:00.32 | Mem:0.00M, Peak:0.00M | Scene, ViewLayer | Synchronizing object | ENV_leaf_587
Fra:195 Mem:214.84M (Peak 214.84M) | Time:00:00.32 | Mem:0.00M, Peak:0.00M | Scene, ViewLayer | Synchronizing object | ENV_leaf_586
Fra:195 Mem:214.84M (Peak 214.84M) | Time:00:00.32 | Mem:0.00M, Peak:0.00M | Scene, ViewLayer | Synchronizing object | ENV_leaf_585
Fra:195 Mem:214.85M (Peak 214.85M) | Time:00:00.32 | Mem:0.00M, Peak:0.00M | Scene, ViewLayer | Synchronizing object | ENV_leaf_584
Fra:195 Mem:214.85M (Peak 214.85M) | Time:00:00.32 | Mem:0.00M, Peak:0.00M | Scene, ViewLayer | Synchronizing object | ENV_leaf_583
Fra:195 Mem:214.85M (Peak 214.85M) | Time:00:00.32 | Mem:0.00M, Peak:0.00M | Scene, ViewLayer | Synchronizing object | ENV_leaf_582
Fra:195 Mem:214.86M (Peak 214.86M) | Time:00:00.32 | Mem:0.00M, Peak:0.00M | Scene, ViewLayer | Synchronizing object | ENV_leaf_581
Fra:195 Mem:214.86M (Peak 214.86M) | Time:00:00.32 | Mem:0.00M, Peak:0.00M | Scene, ViewLayer | Synchronizing object | ENV_leaf_580
Fra:195 Mem:214.87M (Peak 214.87M) | Time:00:00.32 | Mem:0.00M, Peak:0.00M | Scene, ViewLayer | Synchronizing object | ENV_leaf_579
Fra:195 Mem:214.87M (Peak 214.87M) | Time:00:00.32 | Mem:0.00M, Peak:0.00M | Scene, ViewLayer | Synchronizing object | ENV_leaf_578
Fra:195 Mem:214.88M (Peak 214.88M) | Time:00:00.32 | Mem:0.00M, Peak:0.00M | Scene, ViewLayer | Synchronizing object | ENV_leaf_577
Fra:195 Mem:214.88M (Peak 214.88M) | Time:00:00.32 | Mem:0.00M, Peak:0.00M | Scene, ViewLayer | Synchronizing object | ENV_leaf_576
Fra:195 Mem:214.88M (Peak 214.88M) | Time:00:00.32 | Mem:0.00M, Peak:0.00M | Scene, ViewLayer | Synchronizing object | ENV_leaf_575
Fra:195 Mem:214.95M (Peak 214.95M) | Time:00:00.32 | Mem:0.00M, Peak:0.00M | Scene, ViewLayer | Synchronizing object | ENV_leaf_574
Fra:195 Mem:214.95M (Peak 214.95M) | Time:00:00.32 | Mem:0.00M, Peak:0.00M | Scene, ViewLayer | Synchronizing object | ENV_leaf_573
Fra:195 Mem:214.98M (Peak 214.98M) | Time:00:00.32 | Mem:0.00M, Peak:0.00M | Scene, ViewLayer | Synchronizing object | ENV_leaf_572
Fra:195 Mem:215.05M (Peak 215.05M) | Time:00:00.32 | Mem:0.00M, Peak:0.00M | Scene, ViewLayer | Synchronizing object | ENV_leaf_571
Fra:195 Mem:215.05M (Peak 215.05M) | Time:00:00.32 | Mem:0.00M, Peak:0.00M | Scene, ViewLayer | Synchronizing object | ENV_leaf_570
Fra:195 Mem:215.05M (Peak 215.05M) | Time:00:00.32 | Mem:0.00M, Peak:0.00M | Scene, ViewLayer | Synchronizing object | ENV_leaf_569
Fra:195 Mem:215.00M (Peak 215.05M) | Time:00:00.32 | Mem:0.00M, Peak:0.00M | Scene, ViewLayer | Synchronizing object | ENV_fern_17
Fra:195 Mem:215.08M (Peak 215.08M) | Time:00:00.32 | Mem:0.00M, Peak:0.00M | Scene, ViewLayer | Synchronizing object | ENV_leaf_568
Fra:195 Mem:215.09M (Peak 215.09M) | Time:00:00.32 | Mem:0.00M, Peak:0.00M | Scene, ViewLayer | Synchronizing object | ENV_leaf_567
Fra:195 Mem:215.36M (Peak 215.36M) | Time:00:00.32 | Mem:0.00M, Peak:0.00M | Scene, ViewLayer | Synchronizing object | ENV_leaf_566
Fra:195 Mem:215.47M (Peak 215.47M) | Time:00:00.32 | Mem:0.00M, Peak:0.00M | Scene, ViewLayer | Synchronizing object | ENV_leaf_565
Fra:195 Mem:215.47M (Peak 215.47M) | Time:00:00.32 | Mem:0.00M, Peak:0.00M | Scene, ViewLayer | Synchronizing object | ENV_leaf_564
Fra:195 Mem:215.48M (Peak 215.48M) | Time:00:00.32 | Mem:0.00M, Peak:0.00M | Scene, ViewLayer | Synchronizing object | ENV_leaf_563
Fra:195 Mem:215.48M (Peak 215.48M) | Time:00:00.32 | Mem:0.00M, Peak:0.00M | Scene, ViewLayer | Synchronizing object | ENV_leaf_562
Fra:195 Mem:215.58M (Peak 215.58M) | Time:00:00.32 | Mem:0.00M, Peak:0.00M | Scene, ViewLayer | Synchronizing object | ENV_leaf_561
Fra:195 Mem:215.58M (Peak 215.58M) | Time:00:00.32 | Mem:0.00M, Peak:0.00M | Scene, ViewLayer | Synchronizing object | ENV_leaf_560
Fra:195 Mem:215.59M (Peak 215.59M) | Time:00:00.32 | Mem:0.00M, Peak:0.00M | Scene, ViewLayer | Synchronizing object | ENV_leaf_559
Fra:195 Mem:215.59M (Peak 215.59M) | Time:00:00.32 | Mem:0.00M, Peak:0.00M | Scene, ViewLayer | Synchronizing object | ENV_leaf_558
Fra:195 Mem:215.60M (Peak 215.60M) | Time:00:00.32 | Mem:0.00M, Peak:0.00M | Scene, ViewLayer | Synchronizing object | ENV_leaf_557
Fra:195 Mem:215.60M (Peak 215.60M) | Time:00:00.32 | Mem:0.00M, Peak:0.00M | Scene, ViewLayer | Synchronizing object | ENV_leaf_556
Fra:195 Mem:215.60M (Peak 215.60M) | Time:00:00.32 | Mem:0.00M, Peak:0.00M | Scene, ViewLayer | Synchronizing object | ENV_leaf_555
Fra:195 Mem:215.61M (Peak 215.61M) | Time:00:00.32 | Mem:0.00M, Peak:0.00M | Scene, ViewLayer | Synchronizing object | ENV_leaf_554
Fra:195 Mem:215.61M (Peak 215.61M) | Time:00:00.32 | Mem:0.00M, Peak:0.00M | Scene, ViewLayer | Synchronizing object | ENV_leaf_553
Fra:195 Mem:215.60M (Peak 215.61M) | Time:00:00.32 | Mem:0.00M, Peak:0.00M | Scene, ViewLayer | Synchronizing object | ENV_leaf_552
Fra:195 Mem:215.60M (Peak 215.61M) | Time:00:00.32 | Mem:0.00M, Peak:0.00M | Scene, ViewLayer | Synchronizing object | ENV_leaf_551
Fra:195 Mem:215.60M (Peak 215.61M) | Time:00:00.32 | Mem:0.00M, Peak:0.00M | Scene, ViewLayer | Synchronizing object | ENV_leaf_550
Fra:195 Mem:215.61M (Peak 215.61M) | Time:00:00.32 | Mem:0.00M, Peak:0.00M | Scene, ViewLayer | Synchronizing object | ENV_leaf_549
Fra:195 Mem:215.61M (Peak 215.61M) | Time:00:00.32 | Mem:0.00M, Peak:0.00M | Scene, ViewLayer | Synchronizing object | ENV_leaf_548
Fra:195 Mem:215.62M (Peak 215.62M) | Time:00:00.32 | Mem:0.00M, Peak:0.00M | Scene, ViewLayer | Synchronizing object | ENV_leaf_547
Fra:195 Mem:215.62M (Peak 215.62M) | Time:00:00.32 | Mem:0.00M, Peak:0.00M | Scene, ViewLayer | Synchronizing object | ENV_leaf_546
Fra:195 Mem:215.63M (Peak 215.63M) | Time:00:00.32 | Mem:0.00M, Peak:0.00M | Scene, ViewLayer | Synchronizing object | ENV_leaf_545
Fra:195 Mem:215.63M (Peak 215.63M) | Time:00:00.32 | Mem:0.00M, Peak:0.00M | Scene, ViewLayer | Synchronizing object | ENV_leaf_544
Fra:195 Mem:215.63M (Peak 215.63M) | Time:00:00.32 | Mem:0.00M, Peak:0.00M | Scene, ViewLayer | Synchronizing object | ENV_leaf_543
Fra:195 Mem:215.64M (Peak 215.64M) | Time:00:00.32 | Mem:0.00M, Peak:0.00M | Scene, ViewLayer | Synchronizing object | ENV_leaf_542
Fra:195 Mem:215.64M (Peak 215.64M) | Time:00:00.32 | Mem:0.00M, Peak:0.00M | Scene, ViewLayer | Synchronizing object | ENV_leaf_541
Fra:195 Mem:215.65M (Peak 215.65M) | Time:00:00.32 | Mem:0.00M, Peak:0.00M | Scene, ViewLayer | Synchronizing object | ENV_leaf_540
Fra:195 Mem:215.65M (Peak 215.65M) | Time:00:00.32 | Mem:0.00M, Peak:0.00M | Scene, ViewLayer | Synchronizing object | ENV_leaf_539
Fra:195 Mem:215.65M (Peak 215.65M) | Time:00:00.32 | Mem:0.00M, Peak:0.00M | Scene, ViewLayer | Synchronizing object | ENV_leaf_538
Fra:195 Mem:215.66M (Peak 215.66M) | Time:00:00.32 | Mem:0.00M, Peak:0.00M | Scene, ViewLayer | Synchronizing object | ENV_leaf_537
Fra:195 Mem:215.66M (Peak 215.66M) | Time:00:00.32 | Mem:0.00M, Peak:0.00M | Scene, ViewLayer | Synchronizing object | ENV_leaf_536
Fra:195 Mem:215.67M (Peak 215.67M) | Time:00:00.32 | Mem:0.00M, Peak:0.00M | Scene, ViewLayer | Synchronizing object | ENV_leaf_535
Fra:195 Mem:215.67M (Peak 215.67M) | Time:00:00.32 | Mem:0.00M, Peak:0.00M | Scene, ViewLayer | Synchronizing object | ENV_leaf_534
Fra:195 Mem:215.67M (Peak 215.67M) | Time:00:00.32 | Mem:0.00M, Peak:0.00M | Scene, ViewLayer | Synchronizing object | ENV_leaf_533
Fra:195 Mem:215.68M (Peak 215.68M) | Time:00:00.32 | Mem:0.00M, Peak:0.00M | Scene, ViewLayer | Synchronizing object | ENV_leaf_532
Fra:195 Mem:215.68M (Peak 215.68M) | Time:00:00.32 | Mem:0.00M, Peak:0.00M | Scene, ViewLayer | Synchronizing object | ENV_leaf_531
Fra:195 Mem:215.76M (Peak 215.76M) | Time:00:00.32 | Mem:0.00M, Peak:0.00M | Scene, ViewLayer | Synchronizing object | ENV_leaf_530
Fra:195 Mem:215.77M (Peak 215.77M) | Time:00:00.32 | Mem:0.00M, Peak:0.00M | Scene, ViewLayer | Synchronizing object | ENV_leaf_529
Fra:195 Mem:215.80M (Peak 215.80M) | Time:00:00.32 | Mem:0.00M, Peak:0.00M | Scene, ViewLayer | Synchronizing object | ENV_leaf_528
Fra:195 Mem:215.80M (Peak 215.80M) | Time:00:00.32 | Mem:0.00M, Peak:0.00M | Scene, ViewLayer | Synchronizing object | ENV_leaf_527
Fra:195 Mem:215.88M (Peak 215.88M) | Time:00:00.32 | Mem:0.00M, Peak:0.00M | Scene, ViewLayer | Synchronizing object | ENV_leaf_525
Fra:195 Mem:215.89M (Peak 215.89M) | Time:00:00.32 | Mem:0.00M, Peak:0.00M | Scene, ViewLayer | Synchronizing object | ENV_leaf_524
Fra:195 Mem:215.89M (Peak 215.89M) | Time:00:00.32 | Mem:0.00M, Peak:0.00M | Scene, ViewLayer | Synchronizing object | ENV_leaf_523
Fra:195 Mem:215.82M (Peak 215.89M) | Time:00:00.32 | Mem:0.00M, Peak:0.00M | Scene, ViewLayer | Synchronizing object | ENV_fern_18
Fra:195 Mem:215.87M (Peak 215.89M) | Time:00:00.32 | Mem:0.00M, Peak:0.00M | Scene, ViewLayer | Synchronizing object | ENV_leaf_522
Fra:195 Mem:215.88M (Peak 215.89M) | Time:00:00.32 | Mem:0.00M, Peak:0.00M | Scene, ViewLayer | Synchronizing object | ENV_leaf_521
Fra:195 Mem:216.05M (Peak 216.05M) | Time:00:00.32 | Mem:0.00M, Peak:0.00M | Scene, ViewLayer | Synchronizing object | ENV_leaf_520
Fra:195 Mem:216.12M (Peak 216.12M) | Time:00:00.32 | Mem:0.00M, Peak:0.00M | Scene, ViewLayer | Synchronizing object | ENV_leaf_519
Fra:195 Mem:216.18M (Peak 216.18M) | Time:00:00.32 | Mem:0.00M, Peak:0.00M | Scene, ViewLayer | Synchronizing object | ENV_leaf_518
Fra:195 Mem:216.19M (Peak 216.19M) | Time:00:00.32 | Mem:0.00M, Peak:0.00M | Scene, ViewLayer | Synchronizing object | ENV_leaf_517
Fra:195 Mem:216.19M (Peak 216.19M) | Time:00:00.32 | Mem:0.00M, Peak:0.00M | Scene, ViewLayer | Synchronizing object | ENV_leaf_516
Fra:195 Mem:216.19M (Peak 216.19M) | Time:00:00.32 | Mem:0.00M, Peak:0.00M | Scene, ViewLayer | Synchronizing object | ENV_leaf_515
Fra:195 Mem:216.20M (Peak 216.20M) | Time:00:00.32 | Mem:0.00M, Peak:0.00M | Scene, ViewLayer | Synchronizing object | ENV_leaf_514
Fra:195 Mem:216.20M (Peak 216.20M) | Time:00:00.32 | Mem:0.00M, Peak:0.00M | Scene, ViewLayer | Synchronizing object | ENV_leaf_513
Fra:195 Mem:216.19M (Peak 216.20M) | Time:00:00.32 | Mem:0.00M, Peak:0.00M | Scene, ViewLayer | Synchronizing object | ENV_leaf_512
Fra:195 Mem:216.20M (Peak 216.20M) | Time:00:00.32 | Mem:0.00M, Peak:0.00M | Scene, ViewLayer | Synchronizing object | ENV_leaf_511
Fra:195 Mem:216.20M (Peak 216.20M) | Time:00:00.32 | Mem:0.00M, Peak:0.00M | Scene, ViewLayer | Synchronizing object | ENV_leaf_510
Fra:195 Mem:216.21M (Peak 216.21M) | Time:00:00.32 | Mem:0.00M, Peak:0.00M | Scene, ViewLayer | Synchronizing object | ENV_leaf_509
Fra:195 Mem:216.21M (Peak 216.21M) | Time:00:00.32 | Mem:0.00M, Peak:0.00M | Scene, ViewLayer | Synchronizing object | ENV_leaf_508
Fra:195 Mem:216.21M (Peak 216.21M) | Time:00:00.32 | Mem:0.00M, Peak:0.00M | Scene, ViewLayer | Synchronizing object | ENV_leaf_507
Fra:195 Mem:216.22M (Peak 216.22M) | Time:00:00.32 | Mem:0.00M, Peak:0.00M | Scene, ViewLayer | Synchronizing object | ENV_leaf_506
Fra:195 Mem:216.22M (Peak 216.22M) | Time:00:00.32 | Mem:0.00M, Peak:0.00M | Scene, ViewLayer | Synchronizing object | ENV_leaf_505
Fra:195 Mem:216.23M (Peak 216.23M) | Time:00:00.32 | Mem:0.00M, Peak:0.00M | Scene, ViewLayer | Synchronizing object | ENV_leaf_504
Fra:195 Mem:216.23M (Peak 216.23M) | Time:00:00.32 | Mem:0.00M, Peak:0.00M | Scene, ViewLayer | Synchronizing object | ENV_leaf_503
Fra:195 Mem:216.23M (Peak 216.23M) | Time:00:00.32 | Mem:0.00M, Peak:0.00M | Scene, ViewLayer | Synchronizing object | ENV_leaf_502
Fra:195 Mem:216.24M (Peak 216.24M) | Time:00:00.32 | Mem:0.00M, Peak:0.00M | Scene, ViewLayer | Synchronizing object | ENV_leaf_501
Fra:195 Mem:216.24M (Peak 216.24M) | Time:00:00.32 | Mem:0.00M, Peak:0.00M | Scene, ViewLayer | Synchronizing object | ENV_leaf_500
Fra:195 Mem:216.29M (Peak 216.29M) | Time:00:00.32 | Mem:0.00M, Peak:0.00M | Scene, ViewLayer | Synchronizing object | ENV_leaf_499
Fra:195 Mem:216.30M (Peak 216.30M) | Time:00:00.32 | Mem:0.00M, Peak:0.00M | Scene, ViewLayer | Synchronizing object | ENV_leaf_498
Fra:195 Mem:216.32M (Peak 216.32M) | Time:00:00.32 | Mem:0.00M, Peak:0.00M | Scene, ViewLayer | Synchronizing object | ENV_leaf_497
Fra:195 Mem:216.37M (Peak 216.37M) | Time:00:00.32 | Mem:0.00M, Peak:0.00M | Scene, ViewLayer | Synchronizing object | ENV_leaf_496
Fra:195 Mem:216.38M (Peak 216.38M) | Time:00:00.32 | Mem:0.00M, Peak:0.00M | Scene, ViewLayer | Synchronizing object | ENV_leaf_495
Fra:195 Mem:216.33M (Peak 216.38M) | Time:00:00.32 | Mem:0.00M, Peak:0.00M | Scene, ViewLayer | Synchronizing object | ENV_fern_19
Fra:195 Mem:216.40M (Peak 216.40M) | Time:00:00.32 | Mem:0.00M, Peak:0.00M | Scene, ViewLayer | Synchronizing object | ENV_leaf_494
Fra:195 Mem:216.41M (Peak 216.41M) | Time:00:00.32 | Mem:0.00M, Peak:0.00M | Scene, ViewLayer | Synchronizing object | ENV_leaf_493
Fra:195 Mem:216.63M (Peak 216.63M) | Time:00:00.32 | Mem:0.00M, Peak:0.00M | Scene, ViewLayer | Synchronizing object | ENV_leaf_492
Fra:195 Mem:216.64M (Peak 216.64M) | Time:00:00.32 | Mem:0.00M, Peak:0.00M | Scene, ViewLayer | Synchronizing object | ENV_leaf_491
Fra:195 Mem:216.72M (Peak 216.72M) | Time:00:00.32 | Mem:0.00M, Peak:0.00M | Scene, ViewLayer | Synchronizing object | ENV_leaf_490
Fra:195 Mem:216.73M (Peak 216.73M) | Time:00:00.32 | Mem:0.00M, Peak:0.00M | Scene, ViewLayer | Synchronizing object | ENV_leaf_489
Fra:195 Mem:216.73M (Peak 216.73M) | Time:00:00.32 | Mem:0.00M, Peak:0.00M | Scene, ViewLayer | Synchronizing object | ENV_leaf_488
Fra:195 Mem:216.75M (Peak 216.75M) | Time:00:00.32 | Mem:0.00M, Peak:0.00M | Scene, ViewLayer | Synchronizing object | ENV_leaf_487
Fra:195 Mem:216.82M (Peak 216.82M) | Time:00:00.32 | Mem:0.00M, Peak:0.00M | Scene, ViewLayer | Synchronizing object | ENV_leaf_486
Fra:195 Mem:216.82M (Peak 216.82M) | Time:00:00.32 | Mem:0.00M, Peak:0.00M | Scene, ViewLayer | Synchronizing object | ENV_leaf_485
Fra:195 Mem:216.82M (Peak 216.82M) | Time:00:00.32 | Mem:0.00M, Peak:0.00M | Scene, ViewLayer | Synchronizing object | ENV_leaf_484
Fra:195 Mem:216.83M (Peak 216.83M) | Time:00:00.32 | Mem:0.00M, Peak:0.00M | Scene, ViewLayer | Synchronizing object | ENV_leaf_483
Fra:195 Mem:216.83M (Peak 216.83M) | Time:00:00.32 | Mem:0.00M, Peak:0.00M | Scene, ViewLayer | Synchronizing object | ENV_leaf_482
Fra:195 Mem:216.84M (Peak 216.84M) | Time:00:00.32 | Mem:0.00M, Peak:0.00M | Scene, ViewLayer | Synchronizing object | ENV_leaf_481
Fra:195 Mem:216.82M (Peak 216.84M) | Time:00:00.32 | Mem:0.00M, Peak:0.00M | Scene, ViewLayer | Synchronizing object | ENV_leaf_480
Fra:195 Mem:216.83M (Peak 216.84M) | Time:00:00.32 | Mem:0.00M, Peak:0.00M | Scene, ViewLayer | Synchronizing object | ENV_leaf_479
Fra:195 Mem:216.83M (Peak 216.84M) | Time:00:00.32 | Mem:0.00M, Peak:0.00M | Scene, ViewLayer | Synchronizing object | ENV_leaf_478
Fra:195 Mem:216.84M (Peak 216.84M) | Time:00:00.32 | Mem:0.00M, Peak:0.00M | Scene, ViewLayer | Synchronizing object | ENV_leaf_477
Fra:195 Mem:216.84M (Peak 216.84M) | Time:00:00.32 | Mem:0.00M, Peak:0.00M | Scene, ViewLayer | Synchronizing object | ENV_leaf_476
Fra:195 Mem:216.84M (Peak 216.84M) | Time:00:00.32 | Mem:0.00M, Peak:0.00M | Scene, ViewLayer | Synchronizing object | ENV_leaf_475
Fra:195 Mem:216.85M (Peak 216.85M) | Time:00:00.32 | Mem:0.00M, Peak:0.00M | Scene, ViewLayer | Synchronizing object | ENV_leaf_474
Fra:195 Mem:216.85M (Peak 216.85M) | Time:00:00.32 | Mem:0.00M, Peak:0.00M | Scene, ViewLayer | Synchronizing object | ENV_leaf_473
Fra:195 Mem:216.86M (Peak 216.86M) | Time:00:00.32 | Mem:0.00M, Peak:0.00M | Scene, ViewLayer | Synchronizing object | ENV_leaf_472
Fra:195 Mem:216.86M (Peak 216.86M) | Time:00:00.32 | Mem:0.00M, Peak:0.00M | Scene, ViewLayer | Synchronizing object | ENV_leaf_471
Fra:195 Mem:216.86M (Peak 216.86M) | Time:00:00.32 | Mem:0.00M, Peak:0.00M | Scene, ViewLayer | Synchronizing object | ENV_leaf_470
Fra:195 Mem:216.87M (Peak 216.87M) | Time:00:00.32 | Mem:0.00M, Peak:0.00M | Scene, ViewLayer | Synchronizing object | ENV_leaf_468
Fra:195 Mem:216.87M (Peak 216.87M) | Time:00:00.32 | Mem:0.00M, Peak:0.00M | Scene, ViewLayer | Synchronizing object | ENV_leaf_467
Fra:195 Mem:216.88M (Peak 216.88M) | Time:00:00.32 | Mem:0.00M, Peak:0.00M | Scene, ViewLayer | Synchronizing object | ENV_leaf_466
Fra:195 Mem:216.88M (Peak 216.88M) | Time:00:00.32 | Mem:0.00M, Peak:0.00M | Scene, ViewLayer | Synchronizing object | ENV_leaf_465
Fra:195 Mem:216.88M (Peak 216.88M) | Time:00:00.32 | Mem:0.00M, Peak:0.00M | Scene, ViewLayer | Synchronizing object | ENV_leaf_464
Fra:195 Mem:216.89M (Peak 216.89M) | Time:00:00.32 | Mem:0.00M, Peak:0.00M | Scene, ViewLayer | Synchronizing object | ENV_leaf_463
Fra:195 Mem:216.95M (Peak 216.95M) | Time:00:00.32 | Mem:0.00M, Peak:0.00M | Scene, ViewLayer | Synchronizing object | ENV_leaf_462
Fra:195 Mem:216.96M (Peak 216.96M) | Time:00:00.32 | Mem:0.00M, Peak:0.00M | Scene, ViewLayer | Synchronizing object | ENV_leaf_461
Fra:195 Mem:216.99M (Peak 216.99M) | Time:00:00.32 | Mem:0.00M, Peak:0.00M | Scene, ViewLayer | Synchronizing object | ENV_leaf_460
Fra:195 Mem:217.05M (Peak 217.05M) | Time:00:00.32 | Mem:0.00M, Peak:0.00M | Scene, ViewLayer | Synchronizing object | ENV_leaf_459
Fra:195 Mem:217.06M (Peak 217.06M) | Time:00:00.32 | Mem:0.00M, Peak:0.00M | Scene, ViewLayer | Synchronizing object | ENV_leaf_458
Fra:195 Mem:217.06M (Peak 217.06M) | Time:00:00.32 | Mem:0.00M, Peak:0.00M | Scene, ViewLayer | Synchronizing object | ENV_leaf_457
Fra:195 Mem:217.00M (Peak 217.06M) | Time:00:00.32 | Mem:0.00M, Peak:0.00M | Scene, ViewLayer | Synchronizing object | ENV_fern_20
Fra:195 Mem:217.00M (Peak 217.06M) | Time:00:00.32 | Mem:0.00M, Peak:0.00M | Scene, ViewLayer | Synchronizing object | ENV_leaf_456
Fra:195 Mem:217.09M (Peak 217.09M) | Time:00:00.32 | Mem:0.00M, Peak:0.00M | Scene, ViewLayer | Synchronizing object | ENV_leaf_455
Fra:195 Mem:217.10M (Peak 217.10M) | Time:00:00.32 | Mem:0.00M, Peak:0.00M | Scene, ViewLayer | Synchronizing object | ENV_leaf_454
Fra:195 Mem:217.10M (Peak 217.10M) | Time:00:00.32 | Mem:0.00M, Peak:0.00M | Scene, ViewLayer | Synchronizing object | ENV_leaf_453
Fra:195 Mem:217.30M (Peak 217.30M) | Time:00:00.32 | Mem:0.00M, Peak:0.00M | Scene, ViewLayer | Synchronizing object | ENV_leaf_452
Fra:195 Mem:217.38M (Peak 217.38M) | Time:00:00.32 | Mem:0.00M, Peak:0.00M | Scene, ViewLayer | Synchronizing object | ENV_leaf_451
Fra:195 Mem:217.49M (Peak 217.49M) | Time:00:00.32 | Mem:0.00M, Peak:0.00M | Scene, ViewLayer | Synchronizing object | ENV_leaf_450
Fra:195 Mem:217.49M (Peak 217.49M) | Time:00:00.32 | Mem:0.00M, Peak:0.00M | Scene, ViewLayer | Synchronizing object | ENV_leaf_449
Fra:195 Mem:217.49M (Peak 217.49M) | Time:00:00.32 | Mem:0.00M, Peak:0.00M | Scene, ViewLayer | Synchronizing object | ENV_leaf_448
Fra:195 Mem:217.50M (Peak 217.50M) | Time:00:00.32 | Mem:0.00M, Peak:0.00M | Scene, ViewLayer | Synchronizing object | ENV_leaf_447
Fra:195 Mem:217.50M (Peak 217.50M) | Time:00:00.32 | Mem:0.00M, Peak:0.00M | Scene, ViewLayer | Synchronizing object | ENV_leaf_446
Fra:195 Mem:217.60M (Peak 217.60M) | Time:00:00.32 | Mem:0.00M, Peak:0.00M | Scene, ViewLayer | Synchronizing object | ENV_leaf_445
Fra:195 Mem:217.61M (Peak 217.61M) | Time:00:00.32 | Mem:0.00M, Peak:0.00M | Scene, ViewLayer | Synchronizing object | ENV_leaf_444
Fra:195 Mem:217.61M (Peak 217.61M) | Time:00:00.32 | Mem:0.00M, Peak:0.00M | Scene, ViewLayer | Synchronizing object | ENV_leaf_443
Fra:195 Mem:217.61M (Peak 217.61M) | Time:00:00.32 | Mem:0.00M, Peak:0.00M | Scene, ViewLayer | Synchronizing object | ENV_leaf_442
Fra:195 Mem:217.62M (Peak 217.62M) | Time:00:00.32 | Mem:0.00M, Peak:0.00M | Scene, ViewLayer | Synchronizing object | ENV_leaf_441
Fra:195 Mem:217.62M (Peak 217.62M) | Time:00:00.32 | Mem:0.00M, Peak:0.00M | Scene, ViewLayer | Synchronizing object | ENV_leaf_440
Fra:195 Mem:217.63M (Peak 217.63M) | Time:00:00.32 | Mem:0.00M, Peak:0.00M | Scene, ViewLayer | Synchronizing object | ENV_leaf_439
Fra:195 Mem:217.63M (Peak 217.63M) | Time:00:00.32 | Mem:0.00M, Peak:0.00M | Scene, ViewLayer | Synchronizing object | ENV_leaf_438
Fra:195 Mem:217.63M (Peak 217.63M) | Time:00:00.32 | Mem:0.00M, Peak:0.00M | Scene, ViewLayer | Synchronizing object | ENV_leaf_437
Fra:195 Mem:217.62M (Peak 217.63M) | Time:00:00.32 | Mem:0.00M, Peak:0.00M | Scene, ViewLayer | Synchronizing object | ENV_leaf_436
Fra:195 Mem:217.62M (Peak 217.63M) | Time:00:00.32 | Mem:0.00M, Peak:0.00M | Scene, ViewLayer | Synchronizing object | ENV_leaf_435
Fra:195 Mem:217.63M (Peak 217.63M) | Time:00:00.32 | Mem:0.00M, Peak:0.00M | Scene, ViewLayer | Synchronizing object | ENV_leaf_434
Fra:195 Mem:217.63M (Peak 217.63M) | Time:00:00.32 | Mem:0.00M, Peak:0.00M | Scene, ViewLayer | Synchronizing object | ENV_leaf_433
Fra:195 Mem:217.63M (Peak 217.63M) | Time:00:00.32 | Mem:0.00M, Peak:0.00M | Scene, ViewLayer | Synchronizing object | ENV_leaf_432
Fra:195 Mem:217.64M (Peak 217.64M) | Time:00:00.32 | Mem:0.00M, Peak:0.00M | Scene, ViewLayer | Synchronizing object | ENV_leaf_431
Fra:195 Mem:217.64M (Peak 217.64M) | Time:00:00.32 | Mem:0.00M, Peak:0.00M | Scene, ViewLayer | Synchronizing object | ENV_leaf_430
Fra:195 Mem:217.65M (Peak 217.65M) | Time:00:00.32 | Mem:0.00M, Peak:0.00M | Scene, ViewLayer | Synchronizing object | ENV_leaf_429
Fra:195 Mem:217.65M (Peak 217.65M) | Time:00:00.32 | Mem:0.00M, Peak:0.00M | Scene, ViewLayer | Synchronizing object | ENV_leaf_428
Fra:195 Mem:217.66M (Peak 217.66M) | Time:00:00.32 | Mem:0.00M, Peak:0.00M | Scene, ViewLayer | Synchronizing object | ENV_leaf_427
Fra:195 Mem:217.66M (Peak 217.66M) | Time:00:00.32 | Mem:0.00M, Peak:0.00M | Scene, ViewLayer | Synchronizing object | ENV_leaf_426
Fra:195 Mem:217.66M (Peak 217.66M) | Time:00:00.32 | Mem:0.00M, Peak:0.00M | Scene, ViewLayer | Synchronizing object | ENV_leaf_425
Fra:195 Mem:217.67M (Peak 217.67M) | Time:00:00.32 | Mem:0.00M, Peak:0.00M | Scene, ViewLayer | Synchronizing object | ENV_leaf_424
Fra:195 Mem:217.67M (Peak 217.67M) | Time:00:00.32 | Mem:0.00M, Peak:0.00M | Scene, ViewLayer | Synchronizing object | ENV_leaf_423
Fra:195 Mem:217.68M (Peak 217.68M) | Time:00:00.32 | Mem:0.00M, Peak:0.00M | Scene, ViewLayer | Synchronizing object | ENV_leaf_422
Fra:195 Mem:217.68M (Peak 217.68M) | Time:00:00.32 | Mem:0.00M, Peak:0.00M | Scene, ViewLayer | Synchronizing object | ENV_leaf_421
Fra:195 Mem:217.68M (Peak 217.68M) | Time:00:00.32 | Mem:0.00M, Peak:0.00M | Scene, ViewLayer | Synchronizing object | ENV_leaf_420
Fra:195 Mem:217.69M (Peak 217.69M) | Time:00:00.32 | Mem:0.00M, Peak:0.00M | Scene, ViewLayer | Synchronizing object | ENV_leaf_419
Fra:195 Mem:217.69M (Peak 217.69M) | Time:00:00.32 | Mem:0.00M, Peak:0.00M | Scene, ViewLayer | Synchronizing object | ENV_leaf_418
Fra:195 Mem:217.70M (Peak 217.70M) | Time:00:00.32 | Mem:0.00M, Peak:0.00M | Scene, ViewLayer | Synchronizing object | ENV_leaf_417
Fra:195 Mem:217.70M (Peak 217.70M) | Time:00:00.32 | Mem:0.00M, Peak:0.00M | Scene, ViewLayer | Synchronizing object | ENV_leaf_416
Fra:195 Mem:217.78M (Peak 217.78M) | Time:00:00.32 | Mem:0.00M, Peak:0.00M | Scene, ViewLayer | Synchronizing object | ENV_leaf_415
Fra:195 Mem:217.78M (Peak 217.78M) | Time:00:00.32 | Mem:0.00M, Peak:0.00M | Scene, ViewLayer | Synchronizing object | ENV_leaf_414
Fra:195 Mem:217.79M (Peak 217.79M) | Time:00:00.32 | Mem:0.00M, Peak:0.00M | Scene, ViewLayer | Synchronizing object | ENV_leaf_413
Fra:195 Mem:217.82M (Peak 217.82M) | Time:00:00.32 | Mem:0.00M, Peak:0.00M | Scene, ViewLayer | Synchronizing object | ENV_leaf_412
Fra:195 Mem:217.90M (Peak 217.90M) | Time:00:00.32 | Mem:0.00M, Peak:0.00M | Scene, ViewLayer | Synchronizing object | ENV_leaf_411
Fra:195 Mem:217.90M (Peak 217.90M) | Time:00:00.32 | Mem:0.00M, Peak:0.00M | Scene, ViewLayer | Synchronizing object | ENV_leaf_410
Fra:195 Mem:217.91M (Peak 217.91M) | Time:00:00.32 | Mem:0.00M, Peak:0.00M | Scene, ViewLayer | Synchronizing object | ENV_leaf_409
Fra:195 Mem:217.84M (Peak 217.91M) | Time:00:00.32 | Mem:0.00M, Peak:0.00M | Scene, ViewLayer | Synchronizing object | ENV_leaf_407
Fra:195 Mem:217.84M (Peak 217.91M) | Time:00:00.32 | Mem:0.00M, Peak:0.00M | Scene, ViewLayer | Synchronizing object | ENV_fern_21
Fra:195 Mem:217.89M (Peak 217.91M) | Time:00:00.32 | Mem:0.00M, Peak:0.00M | Scene, ViewLayer | Synchronizing object | ENV_leaf_406
Fra:195 Mem:217.90M (Peak 217.91M) | Time:00:00.32 | Mem:0.00M, Peak:0.00M | Scene, ViewLayer | Synchronizing object | ENV_leaf_405
Fra:195 Mem:218.07M (Peak 218.07M) | Time:00:00.32 | Mem:0.00M, Peak:0.00M | Scene, ViewLayer | Synchronizing object | ENV_leaf_404
Fra:195 Mem:218.14M (Peak 218.14M) | Time:00:00.32 | Mem:0.00M, Peak:0.00M | Scene, ViewLayer | Synchronizing object | ENV_leaf_403
Fra:195 Mem:218.14M (Peak 218.14M) | Time:00:00.32 | Mem:0.00M, Peak:0.00M | Scene, ViewLayer | Synchronizing object | ENV_leaf_402
Fra:195 Mem:218.15M (Peak 218.15M) | Time:00:00.32 | Mem:0.00M, Peak:0.00M | Scene, ViewLayer | Synchronizing object | ENV_leaf_401
Fra:195 Mem:218.16M (Peak 218.16M) | Time:00:00.32 | Mem:0.00M, Peak:0.00M | Scene, ViewLayer | Synchronizing object | ENV_leaf_400
Fra:195 Mem:218.22M (Peak 218.22M) | Time:00:00.32 | Mem:0.00M, Peak:0.00M | Scene, ViewLayer | Synchronizing object | ENV_leaf_399
Fra:195 Mem:218.22M (Peak 218.22M) | Time:00:00.32 | Mem:0.00M, Peak:0.00M | Scene, ViewLayer | Synchronizing object | ENV_leaf_398
Fra:195 Mem:218.22M (Peak 218.22M) | Time:00:00.32 | Mem:0.00M, Peak:0.00M | Scene, ViewLayer | Synchronizing object | ENV_leaf_397
Fra:195 Mem:218.23M (Peak 218.23M) | Time:00:00.32 | Mem:0.00M, Peak:0.00M | Scene, ViewLayer | Synchronizing object | ENV_leaf_396
Fra:195 Mem:218.23M (Peak 218.23M) | Time:00:00.32 | Mem:0.00M, Peak:0.00M | Scene, ViewLayer | Synchronizing object | ENV_leaf_395
Fra:195 Mem:218.22M (Peak 218.23M) | Time:00:00.32 | Mem:0.00M, Peak:0.00M | Scene, ViewLayer | Synchronizing object | ENV_leaf_394
Fra:195 Mem:218.23M (Peak 218.23M) | Time:00:00.32 | Mem:0.00M, Peak:0.00M | Scene, ViewLayer | Synchronizing object | ENV_leaf_393
Fra:195 Mem:218.23M (Peak 218.23M) | Time:00:00.32 | Mem:0.00M, Peak:0.00M | Scene, ViewLayer | Synchronizing object | ENV_leaf_392
Fra:195 Mem:218.24M (Peak 218.24M) | Time:00:00.32 | Mem:0.00M, Peak:0.00M | Scene, ViewLayer | Synchronizing object | ENV_leaf_391
Fra:195 Mem:218.24M (Peak 218.24M) | Time:00:00.32 | Mem:0.00M, Peak:0.00M | Scene, ViewLayer | Synchronizing object | ENV_leaf_390
Fra:195 Mem:218.24M (Peak 218.24M) | Time:00:00.33 | Mem:0.00M, Peak:0.00M | Scene, ViewLayer | Synchronizing object | ENV_leaf_389
Fra:195 Mem:218.25M (Peak 218.25M) | Time:00:00.33 | Mem:0.00M, Peak:0.00M | Scene, ViewLayer | Synchronizing object | ENV_leaf_388
Fra:195 Mem:218.25M (Peak 218.25M) | Time:00:00.33 | Mem:0.00M, Peak:0.00M | Scene, ViewLayer | Synchronizing object | ENV_leaf_387
Fra:195 Mem:218.26M (Peak 218.26M) | Time:00:00.33 | Mem:0.00M, Peak:0.00M | Scene, ViewLayer | Synchronizing object | ENV_leaf_386
Fra:195 Mem:218.26M (Peak 218.26M) | Time:00:00.33 | Mem:0.00M, Peak:0.00M | Scene, ViewLayer | Synchronizing object | ENV_leaf_385
Fra:195 Mem:218.26M (Peak 218.26M) | Time:00:00.33 | Mem:0.00M, Peak:0.00M | Scene, ViewLayer | Synchronizing object | ENV_leaf_384
Fra:195 Mem:218.27M (Peak 218.27M) | Time:00:00.33 | Mem:0.00M, Peak:0.00M | Scene, ViewLayer | Synchronizing object | ENV_leaf_383
Fra:195 Mem:218.27M (Peak 218.27M) | Time:00:00.33 | Mem:0.00M, Peak:0.00M | Scene, ViewLayer | Synchronizing object | ENV_leaf_382
Fra:195 Mem:218.28M (Peak 218.28M) | Time:00:00.33 | Mem:0.00M, Peak:0.00M | Scene, ViewLayer | Synchronizing object | ENV_leaf_381
Fra:195 Mem:218.28M (Peak 218.28M) | Time:00:00.33 | Mem:0.00M, Peak:0.00M | Scene, ViewLayer | Synchronizing object | ENV_leaf_380
Fra:195 Mem:218.33M (Peak 218.33M) | Time:00:00.33 | Mem:0.00M, Peak:0.00M | Scene, ViewLayer | Synchronizing object | ENV_leaf_379
Fra:195 Mem:218.34M (Peak 218.34M) | Time:00:00.33 | Mem:0.00M, Peak:0.00M | Scene, ViewLayer | Synchronizing object | ENV_leaf_378
Fra:195 Mem:218.36M (Peak 218.36M) | Time:00:00.33 | Mem:0.00M, Peak:0.00M | Scene, ViewLayer | Synchronizing object | ENV_leaf_377
Fra:195 Mem:218.41M (Peak 218.41M) | Time:00:00.33 | Mem:0.00M, Peak:0.00M | Scene, ViewLayer | Synchronizing object | ENV_leaf_376
Fra:195 Mem:218.41M (Peak 218.41M) | Time:00:00.33 | Mem:0.00M, Peak:0.00M | Scene, ViewLayer | Synchronizing object | ENV_leaf_375
Fra:195 Mem:218.37M (Peak 218.41M) | Time:00:00.33 | Mem:0.00M, Peak:0.00M | Scene, ViewLayer | Synchronizing object | ENV_fern_22
Fra:195 Mem:218.37M (Peak 218.41M) | Time:00:00.33 | Mem:0.00M, Peak:0.00M | Scene, ViewLayer | Synchronizing object | ENV_leaf_374
Fra:195 Mem:218.44M (Peak 218.44M) | Time:00:00.33 | Mem:0.00M, Peak:0.00M | Scene, ViewLayer | Synchronizing object | ENV_leaf_373
Fra:195 Mem:218.45M (Peak 218.45M) | Time:00:00.33 | Mem:0.00M, Peak:0.00M | Scene, ViewLayer | Synchronizing object | ENV_leaf_372
Fra:195 Mem:218.67M (Peak 218.67M) | Time:00:00.33 | Mem:0.00M, Peak:0.00M | Scene, ViewLayer | Synchronizing object | ENV_leaf_371
Fra:195 Mem:218.68M (Peak 218.68M) | Time:00:00.33 | Mem:0.00M, Peak:0.00M | Scene, ViewLayer | Synchronizing object | ENV_leaf_370
Fra:195 Mem:218.76M (Peak 218.76M) | Time:00:00.33 | Mem:0.00M, Peak:0.00M | Scene, ViewLayer | Synchronizing object | ENV_leaf_369
Fra:195 Mem:218.77M (Peak 218.77M) | Time:00:00.33 | Mem:0.00M, Peak:0.00M | Scene, ViewLayer | Synchronizing object | ENV_leaf_368
Fra:195 Mem:218.77M (Peak 218.77M) | Time:00:00.33 | Mem:0.00M, Peak:0.00M | Scene, ViewLayer | Synchronizing object | ENV_leaf_367
Fra:195 Mem:218.79M (Peak 218.79M) | Time:00:00.33 | Mem:0.00M, Peak:0.00M | Scene, ViewLayer | Synchronizing object | ENV_leaf_366
Fra:195 Mem:218.86M (Peak 218.86M) | Time:00:00.33 | Mem:0.00M, Peak:0.00M | Scene, ViewLayer | Synchronizing object | ENV_leaf_365
Fra:195 Mem:218.86M (Peak 218.86M) | Time:00:00.33 | Mem:0.00M, Peak:0.00M | Scene, ViewLayer | Synchronizing object | ENV_leaf_364
Fra:195 Mem:218.87M (Peak 218.87M) | Time:00:00.33 | Mem:0.00M, Peak:0.00M | Scene, ViewLayer | Synchronizing object | ENV_leaf_363
Fra:195 Mem:218.87M (Peak 218.87M) | Time:00:00.33 | Mem:0.00M, Peak:0.00M | Scene, ViewLayer | Synchronizing object | ENV_leaf_362
Fra:195 Mem:218.87M (Peak 218.87M) | Time:00:00.33 | Mem:0.00M, Peak:0.00M | Scene, ViewLayer | Synchronizing object | ENV_leaf_361
Fra:195 Mem:218.88M (Peak 218.88M) | Time:00:00.33 | Mem:0.00M, Peak:0.00M | Scene, ViewLayer | Synchronizing object | ENV_leaf_360
Fra:195 Mem:218.88M (Peak 218.88M) | Time:00:00.33 | Mem:0.00M, Peak:0.00M | Scene, ViewLayer | Synchronizing object | ENV_leaf_359
Fra:195 Mem:218.89M (Peak 218.89M) | Time:00:00.33 | Mem:0.00M, Peak:0.00M | Scene, ViewLayer | Synchronizing object | ENV_leaf_358
Fra:195 Mem:218.87M (Peak 218.89M) | Time:00:00.33 | Mem:0.00M, Peak:0.00M | Scene, ViewLayer | Synchronizing object | ENV_leaf_357
Fra:195 Mem:218.88M (Peak 218.89M) | Time:00:00.33 | Mem:0.00M, Peak:0.00M | Scene, ViewLayer | Synchronizing object | ENV_leaf_356
Fra:195 Mem:218.88M (Peak 218.89M) | Time:00:00.33 | Mem:0.00M, Peak:0.00M | Scene, ViewLayer | Synchronizing object | ENV_leaf_355
Fra:195 Mem:218.89M (Peak 218.89M) | Time:00:00.33 | Mem:0.00M, Peak:0.00M | Scene, ViewLayer | Synchronizing object | ENV_leaf_354
Fra:195 Mem:218.89M (Peak 218.89M) | Time:00:00.33 | Mem:0.00M, Peak:0.00M | Scene, ViewLayer | Synchronizing object | ENV_leaf_353
Fra:195 Mem:218.89M (Peak 218.89M) | Time:00:00.33 | Mem:0.00M, Peak:0.00M | Scene, ViewLayer | Synchronizing object | ENV_leaf_352
Fra:195 Mem:218.90M (Peak 218.90M) | Time:00:00.33 | Mem:0.00M, Peak:0.00M | Scene, ViewLayer | Synchronizing object | ENV_leaf_351
Fra:195 Mem:218.90M (Peak 218.90M) | Time:00:00.33 | Mem:0.00M, Peak:0.00M | Scene, ViewLayer | Synchronizing object | ENV_leaf_350
Fra:195 Mem:218.91M (Peak 218.91M) | Time:00:00.33 | Mem:0.00M, Peak:0.00M | Scene, ViewLayer | Synchronizing object | ENV_leaf_349
Fra:195 Mem:218.91M (Peak 218.91M) | Time:00:00.33 | Mem:0.00M, Peak:0.00M | Scene, ViewLayer | Synchronizing object | ENV_leaf_348
Fra:195 Mem:218.91M (Peak 218.91M) | Time:00:00.33 | Mem:0.00M, Peak:0.00M | Scene, ViewLayer | Synchronizing object | ENV_leaf_347
Fra:195 Mem:218.92M (Peak 218.92M) | Time:00:00.33 | Mem:0.00M, Peak:0.00M | Scene, ViewLayer | Synchronizing object | ENV_leaf_346
Fra:195 Mem:218.92M (Peak 218.92M) | Time:00:00.33 | Mem:0.00M, Peak:0.00M | Scene, ViewLayer | Synchronizing object | ENV_leaf_345
Fra:195 Mem:218.93M (Peak 218.93M) | Time:00:00.33 | Mem:0.00M, Peak:0.00M | Scene, ViewLayer | Synchronizing object | ENV_leaf_344
Fra:195 Mem:218.93M (Peak 218.93M) | Time:00:00.33 | Mem:0.00M, Peak:0.00M | Scene, ViewLayer | Synchronizing object | ENV_leaf_343
Fra:195 Mem:218.93M (Peak 218.93M) | Time:00:00.33 | Mem:0.00M, Peak:0.00M | Scene, ViewLayer | Synchronizing object | ENV_leaf_342
Fra:195 Mem:218.94M (Peak 218.94M) | Time:00:00.33 | Mem:0.00M, Peak:0.00M | Scene, ViewLayer | Synchronizing object | ENV_leaf_341
Fra:195 Mem:218.94M (Peak 218.94M) | Time:00:00.33 | Mem:0.00M, Peak:0.00M | Scene, ViewLayer | Synchronizing object | ENV_leaf_340
Fra:195 Mem:218.95M (Peak 218.95M) | Time:00:00.33 | Mem:0.00M, Peak:0.00M | Scene, ViewLayer | Synchronizing object | ENV_leaf_339
Fra:195 Mem:219.01M (Peak 219.01M) | Time:00:00.33 | Mem:0.00M, Peak:0.00M | Scene, ViewLayer | Synchronizing object | ENV_leaf_338
Fra:195 Mem:219.02M (Peak 219.02M) | Time:00:00.33 | Mem:0.00M, Peak:0.00M | Scene, ViewLayer | Synchronizing object | ENV_leaf_337
Fra:195 Mem:219.02M (Peak 219.02M) | Time:00:00.33 | Mem:0.00M, Peak:0.00M | Scene, ViewLayer | Synchronizing object | ENV_leaf_336
Fra:195 Mem:219.05M (Peak 219.05M) | Time:00:00.33 | Mem:0.00M, Peak:0.00M | Scene, ViewLayer | Synchronizing object | ENV_leaf_335
Fra:195 Mem:219.05M (Peak 219.05M) | Time:00:00.33 | Mem:0.00M, Peak:0.00M | Scene, ViewLayer | Synchronizing object | ENV_leaf_334
Fra:195 Mem:219.12M (Peak 219.12M) | Time:00:00.33 | Mem:0.00M, Peak:0.00M | Scene, ViewLayer | Synchronizing object | ENV_leaf_333
Fra:195 Mem:219.12M (Peak 219.12M) | Time:00:00.33 | Mem:0.00M, Peak:0.00M | Scene, ViewLayer | Synchronizing object | ENV_leaf_332
Fra:195 Mem:219.06M (Peak 219.12M) | Time:00:00.33 | Mem:0.00M, Peak:0.00M | Scene, ViewLayer | Synchronizing object | ENV_leaf_331
Fra:195 Mem:219.07M (Peak 219.12M) | Time:00:00.33 | Mem:0.00M, Peak:0.00M | Scene, ViewLayer | Synchronizing object | ENV_fern_23
Fra:195 Mem:219.07M (Peak 219.12M) | Time:00:00.33 | Mem:0.00M, Peak:0.00M | Scene, ViewLayer | Synchronizing object | ENV_leaf_330
Fra:195 Mem:219.07M (Peak 219.12M) | Time:00:00.33 | Mem:0.00M, Peak:0.00M | Scene, ViewLayer | Synchronizing object | ENV_leaf_329
Fra:195 Mem:219.16M (Peak 219.16M) | Time:00:00.33 | Mem:0.00M, Peak:0.00M | Scene, ViewLayer | Synchronizing object | ENV_leaf_328
Fra:195 Mem:219.17M (Peak 219.17M) | Time:00:00.33 | Mem:0.00M, Peak:0.00M | Scene, ViewLayer | Synchronizing object | ENV_leaf_327
Fra:195 Mem:219.17M (Peak 219.17M) | Time:00:00.33 | Mem:0.00M, Peak:0.00M | Scene, ViewLayer | Synchronizing object | ENV_leaf_326
Fra:195 Mem:219.45M (Peak 219.45M) | Time:00:00.33 | Mem:0.00M, Peak:0.00M | Scene, ViewLayer | Synchronizing object | ENV_leaf_325
Fra:195 Mem:219.45M (Peak 219.45M) | Time:00:00.33 | Mem:0.00M, Peak:0.00M | Scene, ViewLayer | Synchronizing object | ENV_leaf_324
Fra:195 Mem:219.56M (Peak 219.56M) | Time:00:00.33 | Mem:0.00M, Peak:0.00M | Scene, ViewLayer | Synchronizing object | ENV_leaf_323
Fra:195 Mem:219.56M (Peak 219.56M) | Time:00:00.33 | Mem:0.00M, Peak:0.00M | Scene, ViewLayer | Synchronizing object | ENV_leaf_322
Fra:195 Mem:219.56M (Peak 219.56M) | Time:00:00.33 | Mem:0.00M, Peak:0.00M | Scene, ViewLayer | Synchronizing object | ENV_leaf_321
Fra:195 Mem:219.59M (Peak 219.59M) | Time:00:00.33 | Mem:0.00M, Peak:0.00M | Scene, ViewLayer | Synchronizing object | ENV_leaf_320
Fra:195 Mem:219.67M (Peak 219.67M) | Time:00:00.33 | Mem:0.00M, Peak:0.00M | Scene, ViewLayer | Synchronizing object | ENV_leaf_319
Fra:195 Mem:219.67M (Peak 219.67M) | Time:00:00.33 | Mem:0.00M, Peak:0.00M | Scene, ViewLayer | Synchronizing object | ENV_leaf_318
Fra:195 Mem:219.68M (Peak 219.68M) | Time:00:00.33 | Mem:0.00M, Peak:0.00M | Scene, ViewLayer | Synchronizing object | ENV_leaf_317
Fra:195 Mem:219.68M (Peak 219.68M) | Time:00:00.33 | Mem:0.00M, Peak:0.00M | Scene, ViewLayer | Synchronizing object | ENV_leaf_316
Fra:195 Mem:219.68M (Peak 219.68M) | Time:00:00.33 | Mem:0.00M, Peak:0.00M | Scene, ViewLayer | Synchronizing object | ENV_leaf_315
Fra:195 Mem:219.69M (Peak 219.69M) | Time:00:00.33 | Mem:0.00M, Peak:0.00M | Scene, ViewLayer | Synchronizing object | ENV_leaf_314
Fra:195 Mem:219.69M (Peak 219.69M) | Time:00:00.33 | Mem:0.00M, Peak:0.00M | Scene, ViewLayer | Synchronizing object | ENV_leaf_313
Fra:195 Mem:219.70M (Peak 219.70M) | Time:00:00.33 | Mem:0.00M, Peak:0.00M | Scene, ViewLayer | Synchronizing object | ENV_leaf_312
Fra:195 Mem:219.70M (Peak 219.70M) | Time:00:00.33 | Mem:0.00M, Peak:0.00M | Scene, ViewLayer | Synchronizing object | ENV_leaf_311
Fra:195 Mem:219.70M (Peak 219.70M) | Time:00:00.33 | Mem:0.00M, Peak:0.00M | Scene, ViewLayer | Synchronizing object | ENV_leaf_310
Fra:195 Mem:219.71M (Peak 219.71M) | Time:00:00.33 | Mem:0.00M, Peak:0.00M | Scene, ViewLayer | Synchronizing object | ENV_leaf_309
Fra:195 Mem:219.69M (Peak 219.71M) | Time:00:00.33 | Mem:0.00M, Peak:0.00M | Scene, ViewLayer | Synchronizing object | ENV_leaf_308
Fra:195 Mem:219.70M (Peak 219.71M) | Time:00:00.33 | Mem:0.00M, Peak:0.00M | Scene, ViewLayer | Synchronizing object | ENV_leaf_307
Fra:195 Mem:219.70M (Peak 219.71M) | Time:00:00.33 | Mem:0.00M, Peak:0.00M | Scene, ViewLayer | Synchronizing object | ENV_leaf_306
Fra:195 Mem:219.71M (Peak 219.71M) | Time:00:00.33 | Mem:0.00M, Peak:0.00M | Scene, ViewLayer | Synchronizing object | ENV_leaf_305
Fra:195 Mem:219.71M (Peak 219.71M) | Time:00:00.33 | Mem:0.00M, Peak:0.00M | Scene, ViewLayer | Synchronizing object | ENV_leaf_304
Fra:195 Mem:219.71M (Peak 219.71M) | Time:00:00.33 | Mem:0.00M, Peak:0.00M | Scene, ViewLayer | Synchronizing object | ENV_leaf_303
Fra:195 Mem:219.72M (Peak 219.72M) | Time:00:00.33 | Mem:0.00M, Peak:0.00M | Scene, ViewLayer | Synchronizing object | ENV_leaf_302
Fra:195 Mem:219.72M (Peak 219.72M) | Time:00:00.33 | Mem:0.00M, Peak:0.00M | Scene, ViewLayer | Synchronizing object | ENV_leaf_301
Fra:195 Mem:219.73M (Peak 219.73M) | Time:00:00.33 | Mem:0.00M, Peak:0.00M | Scene, ViewLayer | Synchronizing object | ENV_leaf_300
Fra:195 Mem:219.73M (Peak 219.73M) | Time:00:00.33 | Mem:0.00M, Peak:0.00M | Scene, ViewLayer | Synchronizing object | ENV_leaf_299
Fra:195 Mem:219.73M (Peak 219.73M) | Time:00:00.33 | Mem:0.00M, Peak:0.00M | Scene, ViewLayer | Synchronizing object | ENV_leaf_298
Fra:195 Mem:219.74M (Peak 219.74M) | Time:00:00.33 | Mem:0.00M, Peak:0.00M | Scene, ViewLayer | Synchronizing object | ENV_leaf_297
Fra:195 Mem:219.74M (Peak 219.74M) | Time:00:00.33 | Mem:0.00M, Peak:0.00M | Scene, ViewLayer | Synchronizing object | ENV_leaf_296
Fra:195 Mem:219.75M (Peak 219.75M) | Time:00:00.33 | Mem:0.00M, Peak:0.00M | Scene, ViewLayer | Synchronizing object | ENV_leaf_295
Fra:195 Mem:219.75M (Peak 219.75M) | Time:00:00.33 | Mem:0.00M, Peak:0.00M | Scene, ViewLayer | Synchronizing object | ENV_leaf_294
Fra:195 Mem:219.75M (Peak 219.75M) | Time:00:00.33 | Mem:0.00M, Peak:0.00M | Scene, ViewLayer | Synchronizing object | ENV_leaf_292
Fra:195 Mem:219.76M (Peak 219.76M) | Time:00:00.33 | Mem:0.00M, Peak:0.00M | Scene, ViewLayer | Synchronizing object | ENV_leaf_291
Fra:195 Mem:219.76M (Peak 219.76M) | Time:00:00.33 | Mem:0.00M, Peak:0.00M | Scene, ViewLayer | Synchronizing object | ENV_leaf_290
Fra:195 Mem:219.77M (Peak 219.77M) | Time:00:00.33 | Mem:0.00M, Peak:0.00M | Scene, ViewLayer | Synchronizing object | ENV_leaf_289
Fra:195 Mem:219.77M (Peak 219.77M) | Time:00:00.33 | Mem:0.00M, Peak:0.00M | Scene, ViewLayer | Synchronizing object | ENV_leaf_288
Fra:195 Mem:219.77M (Peak 219.77M) | Time:00:00.33 | Mem:0.00M, Peak:0.00M | Scene, ViewLayer | Synchronizing object | ENV_leaf_287
Fra:195 Mem:219.78M (Peak 219.78M) | Time:00:00.33 | Mem:0.00M, Peak:0.00M | Scene, ViewLayer | Synchronizing object | ENV_leaf_286
Fra:195 Mem:219.78M (Peak 219.78M) | Time:00:00.33 | Mem:0.00M, Peak:0.00M | Scene, ViewLayer | Synchronizing object | ENV_leaf_285
Fra:195 Mem:219.79M (Peak 219.79M) | Time:00:00.33 | Mem:0.00M, Peak:0.00M | Scene, ViewLayer | Synchronizing object | ENV_leaf_284
Fra:195 Mem:219.79M (Peak 219.79M) | Time:00:00.33 | Mem:0.00M, Peak:0.00M | Scene, ViewLayer | Synchronizing object | ENV_leaf_283
Fra:195 Mem:219.87M (Peak 219.87M) | Time:00:00.33 | Mem:0.00M, Peak:0.00M | Scene, ViewLayer | Synchronizing object | ENV_leaf_282
Fra:195 Mem:219.87M (Peak 219.87M) | Time:00:00.33 | Mem:0.00M, Peak:0.00M | Scene, ViewLayer | Synchronizing object | ENV_leaf_281
Fra:195 Mem:219.88M (Peak 219.88M) | Time:00:00.33 | Mem:0.00M, Peak:0.00M | Scene, ViewLayer | Synchronizing object | ENV_leaf_280
Fra:195 Mem:219.91M (Peak 219.91M) | Time:00:00.33 | Mem:0.00M, Peak:0.00M | Scene, ViewLayer | Synchronizing object | ENV_leaf_279
Fra:195 Mem:219.91M (Peak 219.91M) | Time:00:00.33 | Mem:0.00M, Peak:0.00M | Scene, ViewLayer | Synchronizing object | ENV_leaf_278
Fra:195 Mem:220.00M (Peak 220.00M) | Time:00:00.33 | Mem:0.00M, Peak:0.00M | Scene, ViewLayer | Synchronizing object | ENV_leaf_277
Fra:195 Mem:220.00M (Peak 220.00M) | Time:00:00.33 | Mem:0.00M, Peak:0.00M | Scene, ViewLayer | Synchronizing object | ENV_leaf_276
Fra:195 Mem:220.00M (Peak 220.00M) | Time:00:00.33 | Mem:0.00M, Peak:0.00M | Scene, ViewLayer | Synchronizing object | ENV_leaf_275
Fra:195 Mem:219.93M (Peak 220.00M) | Time:00:00.33 | Mem:0.00M, Peak:0.00M | Scene, ViewLayer | Synchronizing object | ENV_fern_24
Fra:195 Mem:219.98M (Peak 220.00M) | Time:00:00.33 | Mem:0.00M, Peak:0.00M | Scene, ViewLayer | Synchronizing object | ENV_leaf_274
Fra:195 Mem:219.99M (Peak 220.00M) | Time:00:00.33 | Mem:0.00M, Peak:0.00M | Scene, ViewLayer | Synchronizing object | ENV_leaf_273
Fra:195 Mem:220.16M (Peak 220.16M) | Time:00:00.33 | Mem:0.00M, Peak:0.00M | Scene, ViewLayer | Synchronizing object | ENV_leaf_272
Fra:195 Mem:220.23M (Peak 220.23M) | Time:00:00.33 | Mem:0.00M, Peak:0.00M | Scene, ViewLayer | Synchronizing object | ENV_leaf_271
Fra:195 Mem:220.23M (Peak 220.23M) | Time:00:00.33 | Mem:0.00M, Peak:0.00M | Scene, ViewLayer | Synchronizing object | ENV_leaf_270
Fra:195 Mem:220.24M (Peak 220.24M) | Time:00:00.33 | Mem:0.00M, Peak:0.00M | Scene, ViewLayer | Synchronizing object | ENV_leaf_269
Fra:195 Mem:220.30M (Peak 220.30M) | Time:00:00.33 | Mem:0.00M, Peak:0.00M | Scene, ViewLayer | Synchronizing object | ENV_leaf_268
Fra:195 Mem:220.31M (Peak 220.31M) | Time:00:00.33 | Mem:0.00M, Peak:0.00M | Scene, ViewLayer | Synchronizing object | ENV_leaf_267
Fra:195 Mem:220.31M (Peak 220.31M) | Time:00:00.33 | Mem:0.00M, Peak:0.00M | Scene, ViewLayer | Synchronizing object | ENV_leaf_266
Fra:195 Mem:220.31M (Peak 220.31M) | Time:00:00.33 | Mem:0.00M, Peak:0.00M | Scene, ViewLayer | Synchronizing object | ENV_leaf_265
Fra:195 Mem:220.32M (Peak 220.32M) | Time:00:00.33 | Mem:0.00M, Peak:0.00M | Scene, ViewLayer | Synchronizing object | ENV_leaf_264
Fra:195 Mem:220.32M (Peak 220.32M) | Time:00:00.33 | Mem:0.00M, Peak:0.00M | Scene, ViewLayer | Synchronizing object | ENV_leaf_263
Fra:195 Mem:220.33M (Peak 220.33M) | Time:00:00.33 | Mem:0.00M, Peak:0.00M | Scene, ViewLayer | Synchronizing object | ENV_leaf_262
Fra:195 Mem:220.32M (Peak 220.33M) | Time:00:00.33 | Mem:0.00M, Peak:0.00M | Scene, ViewLayer | Synchronizing object | ENV_leaf_261
Fra:195 Mem:220.32M (Peak 220.33M) | Time:00:00.33 | Mem:0.00M, Peak:0.00M | Scene, ViewLayer | Synchronizing object | ENV_leaf_260
Fra:195 Mem:220.33M (Peak 220.33M) | Time:00:00.33 | Mem:0.00M, Peak:0.00M | Scene, ViewLayer | Synchronizing object | ENV_leaf_259
Fra:195 Mem:220.33M (Peak 220.33M) | Time:00:00.33 | Mem:0.00M, Peak:0.00M | Scene, ViewLayer | Synchronizing object | ENV_leaf_258
Fra:195 Mem:220.33M (Peak 220.33M) | Time:00:00.33 | Mem:0.00M, Peak:0.00M | Scene, ViewLayer | Synchronizing object | ENV_leaf_257
Fra:195 Mem:220.34M (Peak 220.34M) | Time:00:00.33 | Mem:0.00M, Peak:0.00M | Scene, ViewLayer | Synchronizing object | ENV_leaf_256
Fra:195 Mem:220.34M (Peak 220.34M) | Time:00:00.33 | Mem:0.00M, Peak:0.00M | Scene, ViewLayer | Synchronizing object | ENV_leaf_255
Fra:195 Mem:220.35M (Peak 220.35M) | Time:00:00.33 | Mem:0.00M, Peak:0.00M | Scene, ViewLayer | Synchronizing object | ENV_leaf_254
Fra:195 Mem:220.35M (Peak 220.35M) | Time:00:00.33 | Mem:0.00M, Peak:0.00M | Scene, ViewLayer | Synchronizing object | ENV_leaf_253
Fra:195 Mem:220.35M (Peak 220.35M) | Time:00:00.33 | Mem:0.00M, Peak:0.00M | Scene, ViewLayer | Synchronizing object | ENV_leaf_252
Fra:195 Mem:220.36M (Peak 220.36M) | Time:00:00.33 | Mem:0.00M, Peak:0.00M | Scene, ViewLayer | Synchronizing object | ENV_leaf_251
Fra:195 Mem:220.36M (Peak 220.36M) | Time:00:00.33 | Mem:0.00M, Peak:0.00M | Scene, ViewLayer | Synchronizing object | ENV_leaf_250
Fra:195 Mem:220.37M (Peak 220.37M) | Time:00:00.33 | Mem:0.00M, Peak:0.00M | Scene, ViewLayer | Synchronizing object | ENV_leaf_249
Fra:195 Mem:220.37M (Peak 220.37M) | Time:00:00.33 | Mem:0.00M, Peak:0.00M | Scene, ViewLayer | Synchronizing object | ENV_leaf_248
Fra:195 Mem:220.38M (Peak 220.38M) | Time:00:00.33 | Mem:0.00M, Peak:0.00M | Scene, ViewLayer | Synchronizing object | ENV_leaf_247
Fra:195 Mem:220.43M (Peak 220.43M) | Time:00:00.33 | Mem:0.00M, Peak:0.00M | Scene, ViewLayer | Synchronizing object | ENV_leaf_246
Fra:195 Mem:220.43M (Peak 220.43M) | Time:00:00.33 | Mem:0.00M, Peak:0.00M | Scene, ViewLayer | Synchronizing object | ENV_leaf_245
Fra:195 Mem:220.45M (Peak 220.45M) | Time:00:00.33 | Mem:0.00M, Peak:0.00M | Scene, ViewLayer | Synchronizing object | ENV_leaf_244
Fra:195 Mem:220.46M (Peak 220.46M) | Time:00:00.33 | Mem:0.00M, Peak:0.00M | Scene, ViewLayer | Synchronizing object | ENV_leaf_243
Fra:195 Mem:220.51M (Peak 220.51M) | Time:00:00.33 | Mem:0.00M, Peak:0.00M | Scene, ViewLayer | Synchronizing object | ENV_leaf_242
Fra:195 Mem:220.46M (Peak 220.51M) | Time:00:00.33 | Mem:0.00M, Peak:0.00M | Scene, ViewLayer | Synchronizing object | ENV_fern_25
Fra:195 Mem:220.46M (Peak 220.51M) | Time:00:00.33 | Mem:0.00M, Peak:0.00M | Scene, ViewLayer | Synchronizing object | ENV_leaf_241
Fra:195 Mem:220.54M (Peak 220.54M) | Time:00:00.33 | Mem:0.00M, Peak:0.00M | Scene, ViewLayer | Synchronizing object | ENV_leaf_240
Fra:195 Mem:220.70M (Peak 220.70M) | Time:00:00.33 | Mem:0.00M, Peak:0.00M | Scene, ViewLayer | Synchronizing object | ENV_leaf_239
Fra:195 Mem:220.77M (Peak 220.77M) | Time:00:00.33 | Mem:0.00M, Peak:0.00M | Scene, ViewLayer | Synchronizing object | ENV_leaf_238
Fra:195 Mem:220.85M (Peak 220.85M) | Time:00:00.33 | Mem:0.00M, Peak:0.00M | Scene, ViewLayer | Synchronizing object | ENV_leaf_237
Fra:195 Mem:220.86M (Peak 220.86M) | Time:00:00.33 | Mem:0.00M, Peak:0.00M | Scene, ViewLayer | Synchronizing object | ENV_leaf_236
Fra:195 Mem:220.86M (Peak 220.86M) | Time:00:00.33 | Mem:0.00M, Peak:0.00M | Scene, ViewLayer | Synchronizing object | ENV_leaf_235
Fra:195 Mem:220.88M (Peak 220.88M) | Time:00:00.33 | Mem:0.00M, Peak:0.00M | Scene, ViewLayer | Synchronizing object | ENV_leaf_234
Fra:195 Mem:220.95M (Peak 220.95M) | Time:00:00.33 | Mem:0.00M, Peak:0.00M | Scene, ViewLayer | Synchronizing object | ENV_leaf_233
Fra:195 Mem:220.95M (Peak 220.95M) | Time:00:00.33 | Mem:0.00M, Peak:0.00M | Scene, ViewLayer | Synchronizing object | ENV_leaf_232
Fra:195 Mem:220.96M (Peak 220.96M) | Time:00:00.33 | Mem:0.00M, Peak:0.00M | Scene, ViewLayer | Synchronizing object | ENV_leaf_231
Fra:195 Mem:220.96M (Peak 220.96M) | Time:00:00.33 | Mem:0.00M, Peak:0.00M | Scene, ViewLayer | Synchronizing object | ENV_leaf_230
Fra:195 Mem:220.96M (Peak 220.96M) | Time:00:00.33 | Mem:0.00M, Peak:0.00M | Scene, ViewLayer | Synchronizing object | ENV_leaf_229
Fra:195 Mem:220.97M (Peak 220.97M) | Time:00:00.33 | Mem:0.00M, Peak:0.00M | Scene, ViewLayer | Synchronizing object | ENV_leaf_228
Fra:195 Mem:220.97M (Peak 220.97M) | Time:00:00.33 | Mem:0.00M, Peak:0.00M | Scene, ViewLayer | Synchronizing object | ENV_leaf_227
Fra:195 Mem:220.96M (Peak 220.97M) | Time:00:00.33 | Mem:0.00M, Peak:0.00M | Scene, ViewLayer | Synchronizing object | ENV_leaf_226
Fra:195 Mem:220.96M (Peak 220.97M) | Time:00:00.33 | Mem:0.00M, Peak:0.00M | Scene, ViewLayer | Synchronizing object | ENV_leaf_225
Fra:195 Mem:220.97M (Peak 220.97M) | Time:00:00.33 | Mem:0.00M, Peak:0.00M | Scene, ViewLayer | Synchronizing object | ENV_leaf_224
Fra:195 Mem:220.97M (Peak 220.97M) | Time:00:00.33 | Mem:0.00M, Peak:0.00M | Scene, ViewLayer | Synchronizing object | ENV_leaf_223
Fra:195 Mem:220.98M (Peak 220.98M) | Time:00:00.33 | Mem:0.00M, Peak:0.00M | Scene, ViewLayer | Synchronizing object | ENV_leaf_222
Fra:195 Mem:220.98M (Peak 220.98M) | Time:00:00.33 | Mem:0.00M, Peak:0.00M | Scene, ViewLayer | Synchronizing object | ENV_leaf_221
Fra:195 Mem:220.98M (Peak 220.98M) | Time:00:00.33 | Mem:0.00M, Peak:0.00M | Scene, ViewLayer | Synchronizing object | ENV_leaf_220
Fra:195 Mem:220.99M (Peak 220.99M) | Time:00:00.33 | Mem:0.00M, Peak:0.00M | Scene, ViewLayer | Synchronizing object | ENV_leaf_219
Fra:195 Mem:220.99M (Peak 220.99M) | Time:00:00.33 | Mem:0.00M, Peak:0.00M | Scene, ViewLayer | Synchronizing object | ENV_leaf_218
Fra:195 Mem:221.00M (Peak 221.00M) | Time:00:00.33 | Mem:0.00M, Peak:0.00M | Scene, ViewLayer | Synchronizing object | ENV_leaf_217
Fra:195 Mem:221.00M (Peak 221.00M) | Time:00:00.33 | Mem:0.00M, Peak:0.00M | Scene, ViewLayer | Synchronizing object | ENV_leaf_216
Fra:195 Mem:221.01M (Peak 221.01M) | Time:00:00.33 | Mem:0.00M, Peak:0.00M | Scene, ViewLayer | Synchronizing object | ENV_leaf_215
Fra:195 Mem:221.01M (Peak 221.01M) | Time:00:00.33 | Mem:0.00M, Peak:0.00M | Scene, ViewLayer | Synchronizing object | ENV_leaf_214
Fra:195 Mem:221.01M (Peak 221.01M) | Time:00:00.33 | Mem:0.00M, Peak:0.00M | Scene, ViewLayer | Synchronizing object | ENV_leaf_213
Fra:195 Mem:221.02M (Peak 221.02M) | Time:00:00.33 | Mem:0.00M, Peak:0.00M | Scene, ViewLayer | Synchronizing object | ENV_leaf_212
Fra:195 Mem:221.02M (Peak 221.02M) | Time:00:00.33 | Mem:0.00M, Peak:0.00M | Scene, ViewLayer | Synchronizing object | ENV_leaf_211
Fra:195 Mem:221.03M (Peak 221.03M) | Time:00:00.33 | Mem:0.00M, Peak:0.00M | Scene, ViewLayer | Synchronizing object | ENV_leaf_210
Fra:195 Mem:221.03M (Peak 221.03M) | Time:00:00.33 | Mem:0.00M, Peak:0.00M | Scene, ViewLayer | Synchronizing object | ENV_leaf_209
Fra:195 Mem:221.03M (Peak 221.03M) | Time:00:00.33 | Mem:0.00M, Peak:0.00M | Scene, ViewLayer | Synchronizing object | ENV_leaf_208
Fra:195 Mem:221.10M (Peak 221.10M) | Time:00:00.33 | Mem:0.00M, Peak:0.00M | Scene, ViewLayer | Synchronizing object | ENV_leaf_207
Fra:195 Mem:221.10M (Peak 221.10M) | Time:00:00.33 | Mem:0.00M, Peak:0.00M | Scene, ViewLayer | Synchronizing object | ENV_leaf_206
Fra:195 Mem:221.11M (Peak 221.11M) | Time:00:00.33 | Mem:0.00M, Peak:0.00M | Scene, ViewLayer | Synchronizing object | ENV_leaf_205
Fra:195 Mem:221.13M (Peak 221.13M) | Time:00:00.33 | Mem:0.00M, Peak:0.00M | Scene, ViewLayer | Synchronizing object | ENV_leaf_204
Fra:195 Mem:221.14M (Peak 221.14M) | Time:00:00.33 | Mem:0.00M, Peak:0.00M | Scene, ViewLayer | Synchronizing object | ENV_leaf_203
Fra:195 Mem:221.20M (Peak 221.20M) | Time:00:00.33 | Mem:0.00M, Peak:0.00M | Scene, ViewLayer | Synchronizing object | ENV_leaf_202
Fra:195 Mem:221.21M (Peak 221.21M) | Time:00:00.33 | Mem:0.00M, Peak:0.00M | Scene, ViewLayer | Synchronizing object | ENV_leaf_201
Fra:195 Mem:221.15M (Peak 221.21M) | Time:00:00.33 | Mem:0.00M, Peak:0.00M | Scene, ViewLayer | Synchronizing object | ENV_leaf_200
Fra:195 Mem:221.15M (Peak 221.21M) | Time:00:00.33 | Mem:0.00M, Peak:0.00M | Scene, ViewLayer | Synchronizing object | ENV_fern_26
Fra:195 Mem:221.24M (Peak 221.24M) | Time:00:00.33 | Mem:0.00M, Peak:0.00M | Scene, ViewLayer | Synchronizing object | ENV_leaf_199
Fra:195 Mem:221.24M (Peak 221.24M) | Time:00:00.33 | Mem:0.00M, Peak:0.00M | Scene, ViewLayer | Synchronizing object | ENV_leaf_198
Fra:195 Mem:221.25M (Peak 221.25M) | Time:00:00.33 | Mem:0.00M, Peak:0.00M | Scene, ViewLayer | Synchronizing object | ENV_leaf_197
Fra:195 Mem:221.25M (Peak 221.25M) | Time:00:00.33 | Mem:0.00M, Peak:0.00M | Scene, ViewLayer | Synchronizing object | ENV_leaf_196
Fra:195 Mem:221.53M (Peak 221.53M) | Time:00:00.33 | Mem:0.00M, Peak:0.00M | Scene, ViewLayer | Synchronizing object | ENV_leaf_195
Fra:195 Mem:221.53M (Peak 221.53M) | Time:00:00.33 | Mem:0.00M, Peak:0.00M | Scene, ViewLayer | Synchronizing object | ENV_leaf_194
Fra:195 Mem:221.54M (Peak 221.54M) | Time:00:00.33 | Mem:0.00M, Peak:0.00M | Scene, ViewLayer | Synchronizing object | ENV_leaf_193
Fra:195 Mem:221.64M (Peak 221.64M) | Time:00:00.33 | Mem:0.00M, Peak:0.00M | Scene, ViewLayer | Synchronizing object | ENV_leaf_192
Fra:195 Mem:221.65M (Peak 221.65M) | Time:00:00.33 | Mem:0.00M, Peak:0.00M | Scene, ViewLayer | Synchronizing object | ENV_leaf_191
Fra:195 Mem:221.65M (Peak 221.65M) | Time:00:00.33 | Mem:0.00M, Peak:0.00M | Scene, ViewLayer | Synchronizing object | ENV_leaf_190
Fra:195 Mem:221.65M (Peak 221.65M) | Time:00:00.33 | Mem:0.00M, Peak:0.00M | Scene, ViewLayer | Synchronizing object | ENV_leaf_189
Fra:195 Mem:221.68M (Peak 221.68M) | Time:00:00.33 | Mem:0.00M, Peak:0.00M | Scene, ViewLayer | Synchronizing object | ENV_leaf_188
Fra:195 Mem:221.76M (Peak 221.76M) | Time:00:00.33 | Mem:0.00M, Peak:0.00M | Scene, ViewLayer | Synchronizing object | ENV_leaf_187
Fra:195 Mem:221.76M (Peak 221.76M) | Time:00:00.33 | Mem:0.00M, Peak:0.00M | Scene, ViewLayer | Synchronizing object | ENV_leaf_186
Fra:195 Mem:221.77M (Peak 221.77M) | Time:00:00.33 | Mem:0.00M, Peak:0.00M | Scene, ViewLayer | Synchronizing object | ENV_leaf_185
Fra:195 Mem:221.77M (Peak 221.77M) | Time:00:00.33 | Mem:0.00M, Peak:0.00M | Scene, ViewLayer | Synchronizing object | ENV_leaf_184
Fra:195 Mem:221.77M (Peak 221.77M) | Time:00:00.33 | Mem:0.00M, Peak:0.00M | Scene, ViewLayer | Synchronizing object | ENV_leaf_183
Fra:195 Mem:221.78M (Peak 221.78M) | Time:00:00.33 | Mem:0.00M, Peak:0.00M | Scene, ViewLayer | Synchronizing object | ENV_leaf_182
Fra:195 Mem:221.78M (Peak 221.78M) | Time:00:00.33 | Mem:0.00M, Peak:0.00M | Scene, ViewLayer | Synchronizing object | ENV_leaf_181
Fra:195 Mem:221.79M (Peak 221.79M) | Time:00:00.33 | Mem:0.00M, Peak:0.00M | Scene, ViewLayer | Synchronizing object | ENV_leaf_180
Fra:195 Mem:221.79M (Peak 221.79M) | Time:00:00.33 | Mem:0.00M, Peak:0.00M | Scene, ViewLayer | Synchronizing object | ENV_leaf_179
Fra:195 Mem:221.78M (Peak 221.79M) | Time:00:00.33 | Mem:0.00M, Peak:0.00M | Scene, ViewLayer | Synchronizing object | ENV_leaf_178
Fra:195 Mem:221.78M (Peak 221.79M) | Time:00:00.33 | Mem:0.00M, Peak:0.00M | Scene, ViewLayer | Synchronizing object | ENV_leaf_177
Fra:195 Mem:221.78M (Peak 221.79M) | Time:00:00.33 | Mem:0.00M, Peak:0.00M | Scene, ViewLayer | Synchronizing object | ENV_leaf_176
Fra:195 Mem:221.79M (Peak 221.79M) | Time:00:00.33 | Mem:0.00M, Peak:0.00M | Scene, ViewLayer | Synchronizing object | ENV_leaf_175
Fra:195 Mem:221.79M (Peak 221.79M) | Time:00:00.33 | Mem:0.00M, Peak:0.00M | Scene, ViewLayer | Synchronizing object | ENV_leaf_174
Fra:195 Mem:221.80M (Peak 221.80M) | Time:00:00.33 | Mem:0.00M, Peak:0.00M | Scene, ViewLayer | Synchronizing object | ENV_leaf_173
Fra:195 Mem:221.80M (Peak 221.80M) | Time:00:00.33 | Mem:0.00M, Peak:0.00M | Scene, ViewLayer | Synchronizing object | ENV_leaf_172
Fra:195 Mem:221.80M (Peak 221.80M) | Time:00:00.33 | Mem:0.00M, Peak:0.00M | Scene, ViewLayer | Synchronizing object | ENV_leaf_171
Fra:195 Mem:221.81M (Peak 221.81M) | Time:00:00.33 | Mem:0.00M, Peak:0.00M | Scene, ViewLayer | Synchronizing object | ENV_leaf_170
Fra:195 Mem:221.81M (Peak 221.81M) | Time:00:00.33 | Mem:0.00M, Peak:0.00M | Scene, ViewLayer | Synchronizing object | ENV_leaf_169
Fra:195 Mem:221.82M (Peak 221.82M) | Time:00:00.33 | Mem:0.00M, Peak:0.00M | Scene, ViewLayer | Synchronizing object | ENV_leaf_168
Fra:195 Mem:221.82M (Peak 221.82M) | Time:00:00.33 | Mem:0.00M, Peak:0.00M | Scene, ViewLayer | Synchronizing object | ENV_leaf_167
Fra:195 Mem:221.82M (Peak 221.82M) | Time:00:00.33 | Mem:0.00M, Peak:0.00M | Scene, ViewLayer | Synchronizing object | ENV_leaf_166
Fra:195 Mem:221.83M (Peak 221.83M) | Time:00:00.33 | Mem:0.00M, Peak:0.00M | Scene, ViewLayer | Synchronizing object | ENV_leaf_165
Fra:195 Mem:221.83M (Peak 221.83M) | Time:00:00.33 | Mem:0.00M, Peak:0.00M | Scene, ViewLayer | Synchronizing object | ENV_leaf_164
Fra:195 Mem:221.84M (Peak 221.84M) | Time:00:00.33 | Mem:0.00M, Peak:0.00M | Scene, ViewLayer | Synchronizing object | ENV_leaf_163
Fra:195 Mem:221.84M (Peak 221.84M) | Time:00:00.33 | Mem:0.00M, Peak:0.00M | Scene, ViewLayer | Synchronizing object | ENV_leaf_162
Fra:195 Mem:221.84M (Peak 221.84M) | Time:00:00.33 | Mem:0.00M, Peak:0.00M | Scene, ViewLayer | Synchronizing object | ENV_leaf_161
Fra:195 Mem:221.85M (Peak 221.85M) | Time:00:00.33 | Mem:0.00M, Peak:0.00M | Scene, ViewLayer | Synchronizing object | ENV_leaf_160
Fra:195 Mem:221.85M (Peak 221.85M) | Time:00:00.33 | Mem:0.00M, Peak:0.00M | Scene, ViewLayer | Synchronizing object | ENV_leaf_159
Fra:195 Mem:221.86M (Peak 221.86M) | Time:00:00.33 | Mem:0.00M, Peak:0.00M | Scene, ViewLayer | Synchronizing object | ENV_leaf_158
Fra:195 Mem:221.86M (Peak 221.86M) | Time:00:00.33 | Mem:0.00M, Peak:0.00M | Scene, ViewLayer | Synchronizing object | ENV_leaf_157
Fra:195 Mem:221.86M (Peak 221.86M) | Time:00:00.33 | Mem:0.00M, Peak:0.00M | Scene, ViewLayer | Synchronizing object | ENV_leaf_156
Fra:195 Mem:221.94M (Peak 221.94M) | Time:00:00.33 | Mem:0.00M, Peak:0.00M | Scene, ViewLayer | Synchronizing object | ENV_leaf_155
Fra:195 Mem:221.95M (Peak 221.95M) | Time:00:00.33 | Mem:0.00M, Peak:0.00M | Scene, ViewLayer | Synchronizing object | ENV_leaf_154
Fra:195 Mem:221.95M (Peak 221.95M) | Time:00:00.33 | Mem:0.00M, Peak:0.00M | Scene, ViewLayer | Synchronizing object | ENV_leaf_153
Fra:195 Mem:221.99M (Peak 221.99M) | Time:00:00.33 | Mem:0.00M, Peak:0.00M | Scene, ViewLayer | Synchronizing object | ENV_leaf_152
Fra:195 Mem:221.99M (Peak 221.99M) | Time:00:00.33 | Mem:0.00M, Peak:0.00M | Scene, ViewLayer | Synchronizing object | ENV_leaf_151
Fra:195 Mem:222.07M (Peak 222.07M) | Time:00:00.33 | Mem:0.00M, Peak:0.00M | Scene, ViewLayer | Synchronizing object | ENV_leaf_150
Fra:195 Mem:222.07M (Peak 222.07M) | Time:00:00.33 | Mem:0.00M, Peak:0.00M | Scene, ViewLayer | Synchronizing object | ENV_leaf_149
Fra:195 Mem:222.08M (Peak 222.08M) | Time:00:00.33 | Mem:0.00M, Peak:0.00M | Scene, ViewLayer | Synchronizing object | ENV_leaf_148
Fra:195 Mem:222.00M (Peak 222.08M) | Time:00:00.33 | Mem:0.00M, Peak:0.00M | Scene, ViewLayer | Synchronizing object | ENV_fern_27
Fra:195 Mem:222.06M (Peak 222.08M) | Time:00:00.33 | Mem:0.00M, Peak:0.00M | Scene, ViewLayer | Synchronizing object | ENV_leaf_147
Fra:195 Mem:222.06M (Peak 222.08M) | Time:00:00.33 | Mem:0.00M, Peak:0.00M | Scene, ViewLayer | Synchronizing object | ENV_leaf_146
Fra:195 Mem:222.19M (Peak 222.19M) | Time:00:00.33 | Mem:0.00M, Peak:0.00M | Scene, ViewLayer | Synchronizing object | ENV_leaf_145
Fra:195 Mem:222.24M (Peak 222.24M) | Time:00:00.33 | Mem:0.00M, Peak:0.00M | Scene, ViewLayer | Synchronizing object | ENV_leaf_144
Fra:195 Mem:222.31M (Peak 222.31M) | Time:00:00.33 | Mem:0.00M, Peak:0.00M | Scene, ViewLayer | Synchronizing object | ENV_leaf_143
Fra:195 Mem:222.31M (Peak 222.31M) | Time:00:00.33 | Mem:0.00M, Peak:0.00M | Scene, ViewLayer | Synchronizing object | ENV_leaf_142
Fra:195 Mem:222.33M (Peak 222.33M) | Time:00:00.33 | Mem:0.00M, Peak:0.00M | Scene, ViewLayer | Synchronizing object | ENV_leaf_141
Fra:195 Mem:222.38M (Peak 222.38M) | Time:00:00.33 | Mem:0.00M, Peak:0.00M | Scene, ViewLayer | Synchronizing object | ENV_leaf_140
Fra:195 Mem:222.38M (Peak 222.38M) | Time:00:00.33 | Mem:0.00M, Peak:0.00M | Scene, ViewLayer | Synchronizing object | ENV_leaf_139
Fra:195 Mem:222.39M (Peak 222.39M) | Time:00:00.33 | Mem:0.00M, Peak:0.00M | Scene, ViewLayer | Synchronizing object | ENV_leaf_138
Fra:195 Mem:222.39M (Peak 222.39M) | Time:00:00.33 | Mem:0.00M, Peak:0.00M | Scene, ViewLayer | Synchronizing object | ENV_leaf_137
Fra:195 Mem:222.40M (Peak 222.40M) | Time:00:00.33 | Mem:0.00M, Peak:0.00M | Scene, ViewLayer | Synchronizing object | ENV_leaf_136
Fra:195 Mem:222.39M (Peak 222.40M) | Time:00:00.33 | Mem:0.00M, Peak:0.00M | Scene, ViewLayer | Synchronizing object | ENV_leaf_135
Fra:195 Mem:222.39M (Peak 222.40M) | Time:00:00.33 | Mem:0.00M, Peak:0.00M | Scene, ViewLayer | Synchronizing object | ENV_leaf_134
Fra:195 Mem:222.40M (Peak 222.40M) | Time:00:00.33 | Mem:0.00M, Peak:0.00M | Scene, ViewLayer | Synchronizing object | ENV_leaf_133
Fra:195 Mem:222.40M (Peak 222.40M) | Time:00:00.33 | Mem:0.00M, Peak:0.00M | Scene, ViewLayer | Synchronizing object | ENV_leaf_132
Fra:195 Mem:222.40M (Peak 222.40M) | Time:00:00.33 | Mem:0.00M, Peak:0.00M | Scene, ViewLayer | Synchronizing object | ENV_leaf_131
Fra:195 Mem:222.41M (Peak 222.41M) | Time:00:00.33 | Mem:0.00M, Peak:0.00M | Scene, ViewLayer | Synchronizing object | ENV_leaf_130
Fra:195 Mem:222.41M (Peak 222.41M) | Time:00:00.33 | Mem:0.00M, Peak:0.00M | Scene, ViewLayer | Synchronizing object | ENV_leaf_129
Fra:195 Mem:222.42M (Peak 222.42M) | Time:00:00.33 | Mem:0.00M, Peak:0.00M | Scene, ViewLayer | Synchronizing object | ENV_leaf_128
Fra:195 Mem:222.42M (Peak 222.42M) | Time:00:00.33 | Mem:0.00M, Peak:0.00M | Scene, ViewLayer | Synchronizing object | ENV_leaf_127
Fra:195 Mem:222.43M (Peak 222.43M) | Time:00:00.33 | Mem:0.00M, Peak:0.00M | Scene, ViewLayer | Synchronizing object | ENV_leaf_126
Fra:195 Mem:222.43M (Peak 222.43M) | Time:00:00.33 | Mem:0.00M, Peak:0.00M | Scene, ViewLayer | Synchronizing object | ENV_leaf_125
Fra:195 Mem:222.43M (Peak 222.43M) | Time:00:00.33 | Mem:0.00M, Peak:0.00M | Scene, ViewLayer | Synchronizing object | ENV_leaf_124
Fra:195 Mem:222.44M (Peak 222.44M) | Time:00:00.33 | Mem:0.00M, Peak:0.00M | Scene, ViewLayer | Synchronizing object | ENV_leaf_123
Fra:195 Mem:222.44M (Peak 222.44M) | Time:00:00.33 | Mem:0.00M, Peak:0.00M | Scene, ViewLayer | Synchronizing object | ENV_leaf_122
Fra:195 Mem:222.45M (Peak 222.45M) | Time:00:00.33 | Mem:0.00M, Peak:0.00M | Scene, ViewLayer | Synchronizing object | ENV_leaf_121
Fra:195 Mem:222.50M (Peak 222.50M) | Time:00:00.33 | Mem:0.00M, Peak:0.00M | Scene, ViewLayer | Synchronizing object | ENV_leaf_120
Fra:195 Mem:222.50M (Peak 222.50M) | Time:00:00.33 | Mem:0.00M, Peak:0.00M | Scene, ViewLayer | Synchronizing object | ENV_leaf_119
Fra:195 Mem:222.52M (Peak 222.52M) | Time:00:00.33 | Mem:0.00M, Peak:0.00M | Scene, ViewLayer | Synchronizing object | ENV_leaf_118
Fra:195 Mem:222.57M (Peak 222.57M) | Time:00:00.33 | Mem:0.00M, Peak:0.00M | Scene, ViewLayer | Synchronizing object | ENV_leaf_117
Fra:195 Mem:222.58M (Peak 222.58M) | Time:00:00.33 | Mem:0.00M, Peak:0.00M | Scene, ViewLayer | Synchronizing object | ENV_leaf_116
Fra:195 Mem:222.54M (Peak 222.58M) | Time:00:00.33 | Mem:0.00M, Peak:0.00M | Scene, ViewLayer | Synchronizing object | ENV_fern_28
Fra:195 Mem:222.54M (Peak 222.58M) | Time:00:00.33 | Mem:0.00M, Peak:0.00M | Scene, ViewLayer | Synchronizing object | ENV_leaf_115
Fra:195 Mem:222.61M (Peak 222.61M) | Time:00:00.33 | Mem:0.00M, Peak:0.00M | Scene, ViewLayer | Synchronizing object | ENV_leaf_114
Fra:195 Mem:222.74M (Peak 222.74M) | Time:00:00.33 | Mem:0.00M, Peak:0.00M | Scene, ViewLayer | Synchronizing object | ENV_leaf_113
Fra:195 Mem:222.84M (Peak 222.84M) | Time:00:00.33 | Mem:0.00M, Peak:0.00M | Scene, ViewLayer | Synchronizing object | ENV_leaf_112
Fra:195 Mem:222.84M (Peak 222.84M) | Time:00:00.33 | Mem:0.00M, Peak:0.00M | Scene, ViewLayer | Synchronizing object | ENV_leaf_111
Fra:195 Mem:222.93M (Peak 222.93M) | Time:00:00.33 | Mem:0.00M, Peak:0.00M | Scene, ViewLayer | Synchronizing object | ENV_leaf_110
Fra:195 Mem:222.93M (Peak 222.93M) | Time:00:00.33 | Mem:0.00M, Peak:0.00M | Scene, ViewLayer | Synchronizing object | ENV_leaf_109
Fra:195 Mem:222.94M (Peak 222.94M) | Time:00:00.33 | Mem:0.00M, Peak:0.00M | Scene, ViewLayer | Synchronizing object | ENV_leaf_108
Fra:195 Mem:222.94M (Peak 222.94M) | Time:00:00.33 | Mem:0.00M, Peak:0.00M | Scene, ViewLayer | Synchronizing object | ENV_leaf_107
Fra:195 Mem:223.02M (Peak 223.02M) | Time:00:00.33 | Mem:0.00M, Peak:0.00M | Scene, ViewLayer | Synchronizing object | ENV_leaf_106
Fra:195 Mem:223.03M (Peak 223.03M) | Time:00:00.33 | Mem:0.00M, Peak:0.00M | Scene, ViewLayer | Synchronizing object | ENV_leaf_105
Fra:195 Mem:223.03M (Peak 223.03M) | Time:00:00.33 | Mem:0.00M, Peak:0.00M | Scene, ViewLayer | Synchronizing object | ENV_leaf_104
Fra:195 Mem:223.03M (Peak 223.03M) | Time:00:00.33 | Mem:0.00M, Peak:0.00M | Scene, ViewLayer | Synchronizing object | ENV_leaf_103
Fra:195 Mem:223.04M (Peak 223.04M) | Time:00:00.33 | Mem:0.00M, Peak:0.00M | Scene, ViewLayer | Synchronizing object | ENV_leaf_102
Fra:195 Mem:223.04M (Peak 223.04M) | Time:00:00.33 | Mem:0.00M, Peak:0.00M | Scene, ViewLayer | Synchronizing object | ENV_leaf_101
Fra:195 Mem:223.05M (Peak 223.05M) | Time:00:00.33 | Mem:0.00M, Peak:0.00M | Scene, ViewLayer | Synchronizing object | ENV_leaf_100
Fra:195 Mem:223.05M (Peak 223.05M) | Time:00:00.33 | Mem:0.00M, Peak:0.00M | Scene, ViewLayer | Synchronizing object | ENV_leaf_99
Fra:195 Mem:223.05M (Peak 223.05M) | Time:00:00.33 | Mem:0.00M, Peak:0.00M | Scene, ViewLayer | Synchronizing object | ENV_leaf_98
Fra:195 Mem:223.06M (Peak 223.06M) | Time:00:00.33 | Mem:0.00M, Peak:0.00M | Scene, ViewLayer | Synchronizing object | ENV_leaf_97
Fra:195 Mem:223.05M (Peak 223.06M) | Time:00:00.33 | Mem:0.00M, Peak:0.00M | Scene, ViewLayer | Synchronizing object | ENV_leaf_96
Fra:195 Mem:223.05M (Peak 223.06M) | Time:00:00.33 | Mem:0.00M, Peak:0.00M | Scene, ViewLayer | Synchronizing object | ENV_leaf_95
Fra:195 Mem:223.06M (Peak 223.06M) | Time:00:00.33 | Mem:0.00M, Peak:0.00M | Scene, ViewLayer | Synchronizing object | ENV_leaf_94
Fra:195 Mem:223.06M (Peak 223.06M) | Time:00:00.33 | Mem:0.00M, Peak:0.00M | Scene, ViewLayer | Synchronizing object | ENV_leaf_93
Fra:195 Mem:223.06M (Peak 223.06M) | Time:00:00.33 | Mem:0.00M, Peak:0.00M | Scene, ViewLayer | Synchronizing object | ENV_leaf_92
Fra:195 Mem:223.07M (Peak 223.07M) | Time:00:00.33 | Mem:0.00M, Peak:0.00M | Scene, ViewLayer | Synchronizing object | ENV_leaf_91
Fra:195 Mem:223.07M (Peak 223.07M) | Time:00:00.33 | Mem:0.00M, Peak:0.00M | Scene, ViewLayer | Synchronizing object | ENV_leaf_90
Fra:195 Mem:223.08M (Peak 223.08M) | Time:00:00.33 | Mem:0.00M, Peak:0.00M | Scene, ViewLayer | Synchronizing object | ENV_leaf_89
Fra:195 Mem:223.08M (Peak 223.08M) | Time:00:00.33 | Mem:0.00M, Peak:0.00M | Scene, ViewLayer | Synchronizing object | ENV_leaf_88
Fra:195 Mem:223.08M (Peak 223.08M) | Time:00:00.33 | Mem:0.00M, Peak:0.00M | Scene, ViewLayer | Synchronizing object | ENV_leaf_87
Fra:195 Mem:223.09M (Peak 223.09M) | Time:00:00.33 | Mem:0.00M, Peak:0.00M | Scene, ViewLayer | Synchronizing object | ENV_leaf_86
Fra:195 Mem:223.09M (Peak 223.09M) | Time:00:00.33 | Mem:0.00M, Peak:0.00M | Scene, ViewLayer | Synchronizing object | ENV_leaf_85
Fra:195 Mem:223.10M (Peak 223.10M) | Time:00:00.33 | Mem:0.00M, Peak:0.00M | Scene, ViewLayer | Synchronizing object | ENV_leaf_84
Fra:195 Mem:223.10M (Peak 223.10M) | Time:00:00.33 | Mem:0.00M, Peak:0.00M | Scene, ViewLayer | Synchronizing object | ENV_leaf_83
Fra:195 Mem:223.10M (Peak 223.10M) | Time:00:00.33 | Mem:0.00M, Peak:0.00M | Scene, ViewLayer | Synchronizing object | ENV_leaf_82
Fra:195 Mem:223.11M (Peak 223.11M) | Time:00:00.33 | Mem:0.00M, Peak:0.00M | Scene, ViewLayer | Synchronizing object | ENV_leaf_81
Fra:195 Mem:223.11M (Peak 223.11M) | Time:00:00.33 | Mem:0.00M, Peak:0.00M | Scene, ViewLayer | Synchronizing object | ENV_leaf_80
Fra:195 Mem:223.12M (Peak 223.12M) | Time:00:00.33 | Mem:0.00M, Peak:0.00M | Scene, ViewLayer | Synchronizing object | ENV_leaf_79
Fra:195 Mem:223.12M (Peak 223.12M) | Time:00:00.33 | Mem:0.00M, Peak:0.00M | Scene, ViewLayer | Synchronizing object | ENV_leaf_78
Fra:195 Mem:223.19M (Peak 223.19M) | Time:00:00.33 | Mem:0.00M, Peak:0.00M | Scene, ViewLayer | Synchronizing object | ENV_leaf_77
Fra:195 Mem:223.19M (Peak 223.19M) | Time:00:00.33 | Mem:0.00M, Peak:0.00M | Scene, ViewLayer | Synchronizing object | ENV_leaf_76
Fra:195 Mem:223.19M (Peak 223.19M) | Time:00:00.33 | Mem:0.00M, Peak:0.00M | Scene, ViewLayer | Synchronizing object | ENV_leaf_75
Fra:195 Mem:223.22M (Peak 223.22M) | Time:00:00.33 | Mem:0.00M, Peak:0.00M | Scene, ViewLayer | Synchronizing object | ENV_leaf_74
Fra:195 Mem:223.29M (Peak 223.29M) | Time:00:00.33 | Mem:0.00M, Peak:0.00M | Scene, ViewLayer | Synchronizing object | ENV_leaf_73
Fra:195 Mem:223.29M (Peak 223.29M) | Time:00:00.33 | Mem:0.00M, Peak:0.00M | Scene, ViewLayer | Synchronizing object | ENV_leaf_72
Fra:195 Mem:223.30M (Peak 223.30M) | Time:00:00.33 | Mem:0.00M, Peak:0.00M | Scene, ViewLayer | Synchronizing object | ENV_leaf_71
Fra:195 Mem:223.24M (Peak 223.30M) | Time:00:00.33 | Mem:0.00M, Peak:0.00M | Scene, ViewLayer | Synchronizing object | ENV_fern_29
Fra:195 Mem:223.32M (Peak 223.32M) | Time:00:00.33 | Mem:0.00M, Peak:0.00M | Scene, ViewLayer | Synchronizing object | ENV_leaf_70
Fra:195 Mem:223.33M (Peak 223.33M) | Time:00:00.33 | Mem:0.00M, Peak:0.00M | Scene, ViewLayer | Synchronizing object | ENV_leaf_69
Fra:195 Mem:223.33M (Peak 223.33M) | Time:00:00.33 | Mem:0.00M, Peak:0.00M | Scene, ViewLayer | Synchronizing object | ENV_leaf_68
Fra:195 Mem:223.61M (Peak 223.61M) | Time:00:00.33 | Mem:0.00M, Peak:0.00M | Scene, ViewLayer | Synchronizing object | ENV_leaf_67
Fra:195 Mem:223.61M (Peak 223.61M) | Time:00:00.33 | Mem:0.00M, Peak:0.00M | Scene, ViewLayer | Synchronizing object | ENV_leaf_66
Fra:195 Mem:223.62M (Peak 223.62M) | Time:00:00.33 | Mem:0.00M, Peak:0.00M | Scene, ViewLayer | Synchronizing object | ENV_leaf_65
Fra:195 Mem:223.72M (Peak 223.72M) | Time:00:00.33 | Mem:0.00M, Peak:0.00M | Scene, ViewLayer | Synchronizing object | ENV_leaf_64
Fra:195 Mem:223.73M (Peak 223.73M) | Time:00:00.33 | Mem:0.00M, Peak:0.00M | Scene, ViewLayer | Synchronizing object | ENV_leaf_63
Fra:195 Mem:223.73M (Peak 223.73M) | Time:00:00.33 | Mem:0.00M, Peak:0.00M | Scene, ViewLayer | Synchronizing object | ENV_leaf_62
Fra:195 Mem:223.73M (Peak 223.73M) | Time:00:00.33 | Mem:0.00M, Peak:0.00M | Scene, ViewLayer | Synchronizing object | ENV_leaf_61
Fra:195 Mem:223.74M (Peak 223.74M) | Time:00:00.33 | Mem:0.00M, Peak:0.00M | Scene, ViewLayer | Synchronizing object | ENV_leaf_60
Fra:195 Mem:223.82M (Peak 223.82M) | Time:00:00.33 | Mem:0.00M, Peak:0.00M | Scene, ViewLayer | Synchronizing object | ENV_leaf_59
Fra:195 Mem:223.84M (Peak 223.84M) | Time:00:00.33 | Mem:0.00M, Peak:0.00M | Scene, ViewLayer | Synchronizing object | ENV_leaf_58
Fra:195 Mem:223.84M (Peak 223.84M) | Time:00:00.33 | Mem:0.00M, Peak:0.00M | Scene, ViewLayer | Synchronizing object | ENV_leaf_57
Fra:195 Mem:223.85M (Peak 223.85M) | Time:00:00.33 | Mem:0.00M, Peak:0.00M | Scene, ViewLayer | Synchronizing object | ENV_leaf_56
Fra:195 Mem:223.85M (Peak 223.85M) | Time:00:00.33 | Mem:0.00M, Peak:0.00M | Scene, ViewLayer | Synchronizing object | ENV_leaf_55
Fra:195 Mem:223.86M (Peak 223.86M) | Time:00:00.33 | Mem:0.00M, Peak:0.00M | Scene, ViewLayer | Synchronizing object | ENV_leaf_54
Fra:195 Mem:223.86M (Peak 223.86M) | Time:00:00.33 | Mem:0.00M, Peak:0.00M | Scene, ViewLayer | Synchronizing object | ENV_leaf_53
Fra:195 Mem:223.86M (Peak 223.86M) | Time:00:00.33 | Mem:0.00M, Peak:0.00M | Scene, ViewLayer | Synchronizing object | ENV_leaf_52
Fra:195 Mem:223.87M (Peak 223.87M) | Time:00:00.33 | Mem:0.00M, Peak:0.00M | Scene, ViewLayer | Synchronizing object | ENV_leaf_51
Fra:195 Mem:223.87M (Peak 223.87M) | Time:00:00.33 | Mem:0.00M, Peak:0.00M | Scene, ViewLayer | Synchronizing object | ENV_leaf_50
Fra:195 Mem:223.88M (Peak 223.88M) | Time:00:00.33 | Mem:0.00M, Peak:0.00M | Scene, ViewLayer | Synchronizing object | ENV_leaf_49
Fra:195 Mem:223.88M (Peak 223.88M) | Time:00:00.33 | Mem:0.00M, Peak:0.00M | Scene, ViewLayer | Synchronizing object | ENV_leaf_48
Fra:195 Mem:223.87M (Peak 223.88M) | Time:00:00.33 | Mem:0.00M, Peak:0.00M | Scene, ViewLayer | Synchronizing object | ENV_leaf_47
Fra:195 Mem:223.87M (Peak 223.88M) | Time:00:00.33 | Mem:0.00M, Peak:0.00M | Scene, ViewLayer | Synchronizing object | ENV_leaf_46
Fra:195 Mem:223.87M (Peak 223.88M) | Time:00:00.33 | Mem:0.00M, Peak:0.00M | Scene, ViewLayer | Synchronizing object | ENV_leaf_45
Fra:195 Mem:223.88M (Peak 223.88M) | Time:00:00.33 | Mem:0.00M, Peak:0.00M | Scene, ViewLayer | Synchronizing object | ENV_leaf_44
Fra:195 Mem:223.88M (Peak 223.88M) | Time:00:00.33 | Mem:0.00M, Peak:0.00M | Scene, ViewLayer | Synchronizing object | ENV_leaf_43
Fra:195 Mem:223.89M (Peak 223.89M) | Time:00:00.33 | Mem:0.00M, Peak:0.00M | Scene, ViewLayer | Synchronizing object | ENV_leaf_42
Fra:195 Mem:223.89M (Peak 223.89M) | Time:00:00.33 | Mem:0.00M, Peak:0.00M | Scene, ViewLayer | Synchronizing object | ENV_leaf_41
Fra:195 Mem:223.89M (Peak 223.89M) | Time:00:00.33 | Mem:0.00M, Peak:0.00M | Scene, ViewLayer | Synchronizing object | ENV_leaf_40
Fra:195 Mem:223.90M (Peak 223.90M) | Time:00:00.33 | Mem:0.00M, Peak:0.00M | Scene, ViewLayer | Synchronizing object | ENV_leaf_39
Fra:195 Mem:223.90M (Peak 223.90M) | Time:00:00.33 | Mem:0.00M, Peak:0.00M | Scene, ViewLayer | Synchronizing object | ENV_leaf_38
Fra:195 Mem:223.91M (Peak 223.91M) | Time:00:00.33 | Mem:0.00M, Peak:0.00M | Scene, ViewLayer | Synchronizing object | ENV_leaf_37
Fra:195 Mem:223.91M (Peak 223.91M) | Time:00:00.33 | Mem:0.00M, Peak:0.00M | Scene, ViewLayer | Synchronizing object | ENV_leaf_36
Fra:195 Mem:223.91M (Peak 223.91M) | Time:00:00.33 | Mem:0.00M, Peak:0.00M | Scene, ViewLayer | Synchronizing object | ENV_leaf_35
Fra:195 Mem:223.92M (Peak 223.92M) | Time:00:00.33 | Mem:0.00M, Peak:0.00M | Scene, ViewLayer | Synchronizing object | ENV_leaf_34
Fra:195 Mem:223.92M (Peak 223.92M) | Time:00:00.33 | Mem:0.00M, Peak:0.00M | Scene, ViewLayer | Synchronizing object | ENV_leaf_33
Fra:195 Mem:223.93M (Peak 223.93M) | Time:00:00.33 | Mem:0.00M, Peak:0.00M | Scene, ViewLayer | Synchronizing object | ENV_leaf_32
Fra:195 Mem:223.93M (Peak 223.93M) | Time:00:00.33 | Mem:0.00M, Peak:0.00M | Scene, ViewLayer | Synchronizing object | ENV_leaf_31
Fra:195 Mem:223.93M (Peak 223.93M) | Time:00:00.33 | Mem:0.00M, Peak:0.00M | Scene, ViewLayer | Synchronizing object | ENV_leaf_30
Fra:195 Mem:223.94M (Peak 223.94M) | Time:00:00.33 | Mem:0.00M, Peak:0.00M | Scene, ViewLayer | Synchronizing object | ENV_leaf_29
Fra:195 Mem:223.94M (Peak 223.94M) | Time:00:00.33 | Mem:0.00M, Peak:0.00M | Scene, ViewLayer | Synchronizing object | ENV_leaf_28
Fra:195 Mem:223.95M (Peak 223.95M) | Time:00:00.33 | Mem:0.00M, Peak:0.00M | Scene, ViewLayer | Synchronizing object | ENV_leaf_27
Fra:195 Mem:223.95M (Peak 223.95M) | Time:00:00.33 | Mem:0.00M, Peak:0.00M | Scene, ViewLayer | Synchronizing object | ENV_leaf_26
Fra:195 Mem:223.95M (Peak 223.95M) | Time:00:00.33 | Mem:0.00M, Peak:0.00M | Scene, ViewLayer | Synchronizing object | ENV_leaf_25
Fra:195 Mem:224.04M (Peak 224.04M) | Time:00:00.33 | Mem:0.00M, Peak:0.00M | Scene, ViewLayer | Synchronizing object | ENV_leaf_24
Fra:195 Mem:224.04M (Peak 224.04M) | Time:00:00.33 | Mem:0.00M, Peak:0.00M | Scene, ViewLayer | Synchronizing object | ENV_leaf_23
Fra:195 Mem:224.04M (Peak 224.04M) | Time:00:00.33 | Mem:0.00M, Peak:0.00M | Scene, ViewLayer | Synchronizing object | ENV_leaf_22
Fra:195 Mem:224.08M (Peak 224.08M) | Time:00:00.33 | Mem:0.00M, Peak:0.00M | Scene, ViewLayer | Synchronizing object | ENV_leaf_21
Fra:195 Mem:224.08M (Peak 224.08M) | Time:00:00.33 | Mem:0.00M, Peak:0.00M | Scene, ViewLayer | Synchronizing object | ENV_leaf_20
Fra:195 Mem:224.16M (Peak 224.16M) | Time:00:00.33 | Mem:0.00M, Peak:0.00M | Scene, ViewLayer | Synchronizing object | ENV_leaf_19
Fra:195 Mem:224.16M (Peak 224.16M) | Time:00:00.33 | Mem:0.00M, Peak:0.00M | Scene, ViewLayer | Synchronizing object | ENV_leaf_18
Fra:195 Mem:224.17M (Peak 224.17M) | Time:00:00.33 | Mem:0.00M, Peak:0.00M | Scene, ViewLayer | Synchronizing object | ENV_leaf_17
Fra:195 Mem:224.10M (Peak 224.17M) | Time:00:00.33 | Mem:0.00M, Peak:0.00M | Scene, ViewLayer | Synchronizing object | ENV_fern_30
Fra:195 Mem:224.10M (Peak 224.17M) | Time:00:00.33 | Mem:0.00M, Peak:0.00M | Scene, ViewLayer | Synchronizing object | ENV_leaf_16
Fra:195 Mem:224.15M (Peak 224.17M) | Time:00:00.33 | Mem:0.00M, Peak:0.00M | Scene, ViewLayer | Synchronizing object | ENV_leaf_15
Fra:195 Mem:224.33M (Peak 224.33M) | Time:00:00.33 | Mem:0.00M, Peak:0.00M | Scene, ViewLayer | Synchronizing object | ENV_leaf_14
Fra:195 Mem:224.40M (Peak 224.40M) | Time:00:00.33 | Mem:0.00M, Peak:0.00M | Scene, ViewLayer | Synchronizing object | ENV_leaf_13
Fra:195 Mem:224.40M (Peak 224.40M) | Time:00:00.33 | Mem:0.00M, Peak:0.00M | Scene, ViewLayer | Synchronizing object | ENV_leaf_12
Fra:195 Mem:224.42M (Peak 224.42M) | Time:00:00.33 | Mem:0.00M, Peak:0.00M | Scene, ViewLayer | Synchronizing object | ENV_leaf_11
Fra:195 Mem:224.47M (Peak 224.47M) | Time:00:00.33 | Mem:0.00M, Peak:0.00M | Scene, ViewLayer | Synchronizing object | ENV_leaf_10
Fra:195 Mem:224.47M (Peak 224.47M) | Time:00:00.33 | Mem:0.00M, Peak:0.00M | Scene, ViewLayer | Synchronizing object | ENV_leaf_9
Fra:195 Mem:224.47M (Peak 224.47M) | Time:00:00.33 | Mem:0.00M, Peak:0.00M | Scene, ViewLayer | Synchronizing object | ENV_leaf_8
Fra:195 Mem:224.48M (Peak 224.48M) | Time:00:00.33 | Mem:0.00M, Peak:0.00M | Scene, ViewLayer | Synchronizing object | ENV_leaf_7
Fra:195 Mem:224.48M (Peak 224.48M) | Time:00:00.33 | Mem:0.00M, Peak:0.00M | Scene, ViewLayer | Synchronizing object | ENV_leaf_6
Fra:195 Mem:224.49M (Peak 224.49M) | Time:00:00.33 | Mem:0.00M, Peak:0.00M | Scene, ViewLayer | Synchronizing object | ENV_leaf_5
Fra:195 Mem:224.48M (Peak 224.49M) | Time:00:00.33 | Mem:0.00M, Peak:0.00M | Scene, ViewLayer | Synchronizing object | ENV_leaf_4
Fra:195 Mem:224.48M (Peak 224.49M) | Time:00:00.33 | Mem:0.00M, Peak:0.00M | Scene, ViewLayer | Synchronizing object | ENV_leaf_3
Fra:195 Mem:224.49M (Peak 224.49M) | Time:00:00.33 | Mem:0.00M, Peak:0.00M | Scene, ViewLayer | Synchronizing object | ENV_leaf_2
Fra:195 Mem:224.49M (Peak 224.49M) | Time:00:00.33 | Mem:0.00M, Peak:0.00M | Scene, ViewLayer | Synchronizing object | ENV_leaf_1
Fra:195 Mem:224.50M (Peak 224.50M) | Time:00:00.33 | Mem:0.00M, Peak:0.00M | Scene, ViewLayer | Synchronizing object | ENV_leaf_0
Fra:195 Mem:224.50M (Peak 224.50M) | Time:00:00.33 | Mem:0.00M, Peak:0.00M | Scene, ViewLayer | Synchronizing object | ENV_fern_77
Fra:195 Mem:225.12M (Peak 225.12M) | Time:00:00.33 | Mem:0.00M, Peak:0.00M | Scene, ViewLayer | Synchronizing object | ENV_fern_31
Fra:195 Mem:225.64M (Peak 225.64M) | Time:00:00.33 | Mem:0.00M, Peak:0.00M | Scene, ViewLayer | Synchronizing object | ENV_fern_76
Fra:195 Mem:226.18M (Peak 226.18M) | Time:00:00.33 | Mem:0.00M, Peak:0.00M | Scene, ViewLayer | Synchronizing object | ENV_fern_32
Fra:195 Mem:226.80M (Peak 226.80M) | Time:00:00.33 | Mem:0.00M, Peak:0.00M | Scene, ViewLayer | Synchronizing object | ENV_fern_75
Fra:195 Mem:227.26M (Peak 227.26M) | Time:00:00.34 | Mem:0.00M, Peak:0.00M | Scene, ViewLayer | Synchronizing object | ENV_fern_74
Fra:195 Mem:227.75M (Peak 227.75M) | Time:00:00.34 | Mem:0.00M, Peak:0.00M | Scene, ViewLayer | Synchronizing object | ENV_fern_33
Fra:195 Mem:228.33M (Peak 228.33M) | Time:00:00.34 | Mem:0.00M, Peak:0.00M | Scene, ViewLayer | Synchronizing object | ENV_fern_34
Fra:195 Mem:228.56M (Peak 228.56M) | Time:00:00.34 | Mem:0.00M, Peak:0.00M | Scene, ViewLayer | Synchronizing object | ENV_fern_73
Fra:195 Mem:229.37M (Peak 229.37M) | Time:00:00.34 | Mem:0.00M, Peak:0.00M | Scene, ViewLayer | Synchronizing object | ENV_fern_72
Fra:195 Mem:229.65M (Peak 229.65M) | Time:00:00.34 | Mem:0.00M, Peak:0.00M | Scene, ViewLayer | Synchronizing object | ENV_fern_35
Fra:195 Mem:230.30M (Peak 230.30M) | Time:00:00.34 | Mem:0.00M, Peak:0.00M | Scene, ViewLayer | Synchronizing object | ENV_fern_71
Fra:195 Mem:230.94M (Peak 230.94M) | Time:00:00.34 | Mem:0.00M, Peak:0.00M | Scene, ViewLayer | Synchronizing object | ENV_fern_36
Fra:195 Mem:231.39M (Peak 231.39M) | Time:00:00.34 | Mem:0.00M, Peak:0.00M | Scene, ViewLayer | Synchronizing object | ENV_fern_70
Fra:195 Mem:231.88M (Peak 231.88M) | Time:00:00.34 | Mem:0.00M, Peak:0.00M | Scene, ViewLayer | Synchronizing object | ENV_fern_37
Fra:195 Mem:232.36M (Peak 232.36M) | Time:00:00.34 | Mem:0.00M, Peak:0.00M | Scene, ViewLayer | Synchronizing object | ENV_fern_69
Fra:195 Mem:232.87M (Peak 232.87M) | Time:00:00.34 | Mem:0.00M, Peak:0.00M | Scene, ViewLayer | Synchronizing object | ENV_fern_68
Fra:195 Mem:233.25M (Peak 233.25M) | Time:00:00.34 | Mem:0.00M, Peak:0.00M | Scene, ViewLayer | Synchronizing object | ENV_fern_38
Fra:195 Mem:234.07M (Peak 234.07M) | Time:00:00.34 | Mem:0.00M, Peak:0.00M | Scene, ViewLayer | Synchronizing object | ENV_fern_67
Fra:195 Mem:234.60M (Peak 234.60M) | Time:00:00.34 | Mem:0.00M, Peak:0.00M | Scene, ViewLayer | Synchronizing object | ENV_fern_39
Fra:195 Mem:234.98M (Peak 234.98M) | Time:00:00.34 | Mem:0.00M, Peak:0.00M | Scene, ViewLayer | Synchronizing object | ENV_fern_66
Fra:195 Mem:235.43M (Peak 235.43M) | Time:00:00.34 | Mem:0.00M, Peak:0.00M | Scene, ViewLayer | Synchronizing object | ENV_fern_65
Fra:195 Mem:236.03M (Peak 236.03M) | Time:00:00.34 | Mem:0.00M, Peak:0.00M | Scene, ViewLayer | Synchronizing object | ENV_fern_40
Fra:195 Mem:236.58M (Peak 236.58M) | Time:00:00.34 | Mem:0.00M, Peak:0.00M | Scene, ViewLayer | Synchronizing object | ENV_fern_64
Fra:195 Mem:237.09M (Peak 237.09M) | Time:00:00.34 | Mem:0.00M, Peak:0.00M | Scene, ViewLayer | Synchronizing object | ENV_fern_63
Fra:195 Mem:237.51M (Peak 237.51M) | Time:00:00.34 | Mem:0.00M, Peak:0.00M | Scene, ViewLayer | Synchronizing object | ENV_fern_41
Fra:195 Mem:238.03M (Peak 238.03M) | Time:00:00.34 | Mem:0.00M, Peak:0.00M | Scene, ViewLayer | Synchronizing object | ENV_fern_62
Fra:195 Mem:238.75M (Peak 238.75M) | Time:00:00.34 | Mem:0.00M, Peak:0.00M | Scene, ViewLayer | Synchronizing object | ENV_fern_61
Fra:195 Mem:239.43M (Peak 239.43M) | Time:00:00.35 | Mem:0.00M, Peak:0.00M | Scene, ViewLayer | Synchronizing object | ENV_fern_42
Fra:195 Mem:239.37M (Peak 239.43M) | Time:00:00.35 | Mem:0.00M, Peak:0.00M | Scene, ViewLayer | Synchronizing object | ENV_fern_60
Fra:195 Mem:240.11M (Peak 240.11M) | Time:00:00.35 | Mem:0.00M, Peak:0.00M | Scene, ViewLayer | Synchronizing object | ENV_fern_59
Fra:195 Mem:240.73M (Peak 240.73M) | Time:00:00.35 | Mem:0.00M, Peak:0.00M | Scene, ViewLayer | Synchronizing object | ENV_fern_43
Fra:195 Mem:241.31M (Peak 241.31M) | Time:00:00.35 | Mem:0.00M, Peak:0.00M | Scene, ViewLayer | Synchronizing object | ENV_fern_58
Fra:195 Mem:241.78M (Peak 241.78M) | Time:00:00.35 | Mem:0.00M, Peak:0.00M | Scene, ViewLayer | Synchronizing object | ENV_fern_44
Fra:195 Mem:242.39M (Peak 242.39M) | Time:00:00.35 | Mem:0.00M, Peak:0.00M | Scene, ViewLayer | Synchronizing object | ENV_fern_57
Fra:195 Mem:242.83M (Peak 242.83M) | Time:00:00.35 | Mem:0.00M, Peak:0.00M | Scene, ViewLayer | Synchronizing object | ENV_fern_45
Fra:195 Mem:243.12M (Peak 243.12M) | Time:00:00.35 | Mem:0.00M, Peak:0.00M | Scene, ViewLayer | Synchronizing object | ENV_fern_56
Fra:195 Mem:243.83M (Peak 243.83M) | Time:00:00.35 | Mem:0.00M, Peak:0.00M | Scene, ViewLayer | Synchronizing object | ENV_fern_46
Fra:195 Mem:244.31M (Peak 244.31M) | Time:00:00.35 | Mem:0.00M, Peak:0.00M | Scene, ViewLayer | Synchronizing object | ENV_fern_55
Fra:195 Mem:244.95M (Peak 244.95M) | Time:00:00.35 | Mem:0.00M, Peak:0.00M | Scene, ViewLayer | Synchronizing object | ENV_fern_54
Fra:195 Mem:245.32M (Peak 245.32M) | Time:00:00.35 | Mem:0.00M, Peak:0.00M | Scene, ViewLayer | Synchronizing object | ENV_fern_47
Fra:195 Mem:245.83M (Peak 245.83M) | Time:00:00.35 | Mem:0.00M, Peak:0.00M | Scene, ViewLayer | Synchronizing object | ENV_fern_53
Fra:195 Mem:246.63M (Peak 246.63M) | Time:00:00.35 | Mem:0.00M, Peak:0.00M | Scene, ViewLayer | Synchronizing object | ENV_fern_52
Fra:195 Mem:247.09M (Peak 247.09M) | Time:00:00.35 | Mem:0.00M, Peak:0.00M | Scene, ViewLayer | Synchronizing object | ENV_fern_48
Fra:195 Mem:247.51M (Peak 247.51M) | Time:00:00.35 | Mem:0.00M, Peak:0.00M | Scene, ViewLayer | Synchronizing object | ENV_fern_51
Fra:195 Mem:247.98M (Peak 247.98M) | Time:00:00.35 | Mem:0.00M, Peak:0.00M | Scene, ViewLayer | Synchronizing object | ENV_fern_49
Fra:195 Mem:248.05M (Peak 248.05M) | Time:00:00.35 | Mem:0.00M, Peak:0.00M | Scene, ViewLayer | Synchronizing object | ENV_fern_50
Fra:195 Mem:249.14M (Peak 249.14M) | Time:00:00.35 | Mem:0.00M, Peak:0.00M | Scene, ViewLayer | Initializing
Fra:195 Mem:125.41M (Peak 249.14M) | Time:00:00.39 | Mem:0.00M, Peak:0.00M | Scene, ViewLayer | Waiting for render to start
Fra:195 Mem:125.41M (Peak 249.14M) | Time:00:00.39 | Mem:0.00M, Peak:0.00M | Scene, ViewLayer | Updating Scene
Fra:195 Mem:125.41M (Peak 249.14M) | Time:00:00.39 | Mem:0.00M, Peak:0.00M | Scene, ViewLayer | Updating Shaders
Fra:195 Mem:125.41M (Peak 249.14M) | Time:00:00.39 | Mem:0.00M, Peak:0.00M | Scene, ViewLayer | Loading render kernels (may take a few minutes the first time)
Fra:195 Mem:125.54M (Peak 249.14M) | Time:00:00.40 | Mem:0.05M, Peak:0.05M | Scene, ViewLayer | Updating Procedurals
Fra:195 Mem:125.54M (Peak 249.14M) | Time:00:00.40 | Mem:0.05M, Peak:0.05M | Scene, ViewLayer | Updating Background
Fra:195 Mem:125.54M (Peak 249.14M) | Time:00:00.40 | Mem:0.05M, Peak:0.05M | Scene, ViewLayer | Updating Camera
Fra:195 Mem:125.54M (Peak 249.14M) | Time:00:00.40 | Mem:0.05M, Peak:0.05M | Scene, ViewLayer | Updating Meshes Flags
Fra:195 Mem:125.54M (Peak 249.14M) | Time:00:00.40 | Mem:0.05M, Peak:0.05M | Scene, ViewLayer | Updating Objects
Fra:195 Mem:125.54M (Peak 249.14M) | Time:00:00.40 | Mem:0.05M, Peak:0.05M | Scene, ViewLayer | Updating Objects | Copying Transformations to device
Fra:195 Mem:126.08M (Peak 249.14M) | Time:00:00.40 | Mem:0.57M, Peak:0.57M | Scene, ViewLayer | Updating Particle Systems
Fra:195 Mem:126.08M (Peak 249.14M) | Time:00:00.40 | Mem:0.57M, Peak:0.57M | Scene, ViewLayer | Updating Particle Systems | Copying Particles to device
Fra:195 Mem:126.08M (Peak 249.14M) | Time:00:00.40 | Mem:0.57M, Peak:0.57M | Scene, ViewLayer | Updating Meshes
Fra:195 Mem:126.08M (Peak 249.14M) | Time:00:00.40 | Mem:0.57M, Peak:0.57M | Scene, ViewLayer | Updating Objects | Applying Static Transformations
Fra:195 Mem:126.08M (Peak 249.14M) | Time:00:00.40 | Mem:0.57M, Peak:0.57M | Scene, ViewLayer | Updating Mesh | Computing attributes
Fra:195 Mem:134.17M (Peak 249.14M) | Time:00:00.41 | Mem:0.65M, Peak:0.65M | Scene, ViewLayer | Updating Mesh | Copying Attributes to device
Fra:195 Mem:133.94M (Peak 249.14M) | Time:00:00.41 | Mem:8.43M, Peak:8.43M | Scene, ViewLayer | Updating Geometry BVH FX_010_dot_src 2/4 | Building BVH
Fra:195 Mem:133.94M (Peak 249.14M) | Time:00:00.41 | Mem:8.43M, Peak:8.43M | Scene, ViewLayer | Updating Geometry BVH FX_010_dot_src 2/4 | Building BVH 0%
Fra:195 Mem:133.94M (Peak 249.14M) | Time:00:00.41 | Mem:8.44M, Peak:8.44M | Scene, ViewLayer | Updating Geometry BVH MOSS_PATCH_A.001 3/4 | Building BVH
Fra:195 Mem:133.94M (Peak 249.14M) | Time:00:00.41 | Mem:8.45M, Peak:8.46M | Scene, ViewLayer | Updating Geometry BVH MOSS_PATCH_B.001 4/4 | Building BVH
Fra:195 Mem:133.94M (Peak 249.14M) | Time:00:00.41 | Mem:8.47M, Peak:8.47M | Scene, ViewLayer | Updating Geometry BVH ROCK_SMALL.001 5/4 | Building BVH
Fra:195 Mem:133.94M (Peak 249.14M) | Time:00:00.41 | Mem:8.48M, Peak:8.49M | Scene, ViewLayer | Updating Scene BVH | Building
Fra:195 Mem:133.97M (Peak 249.14M) | Time:00:00.41 | Mem:8.48M, Peak:8.49M | Scene, ViewLayer | Updating Scene BVH | Building BVH
Fra:195 Mem:133.97M (Peak 249.14M) | Time:00:00.65 | Mem:80.78M, Peak:116.54M | Scene, ViewLayer | Updating Scene BVH | Copying BVH to device
Fra:195 Mem:133.97M (Peak 249.14M) | Time:00:00.65 | Mem:80.78M, Peak:116.54M | Scene, ViewLayer | Updating Mesh | Computing normals
Fra:195 Mem:167.35M (Peak 249.14M) | Time:00:00.68 | Mem:80.78M, Peak:116.54M | Scene, ViewLayer | Updating Mesh | Copying Mesh to device
Fra:195 Mem:167.35M (Peak 249.14M) | Time:00:00.68 | Mem:114.16M, Peak:116.54M | Scene, ViewLayer | Updating Objects Flags
Fra:195 Mem:167.35M (Peak 249.14M) | Time:00:00.68 | Mem:114.18M, Peak:116.54M | Scene, ViewLayer | Updating Primitive Offsets
Fra:195 Mem:167.36M (Peak 249.14M) | Time:00:00.68 | Mem:114.19M, Peak:116.54M | Scene, ViewLayer | Updating Images
Fra:195 Mem:167.36M (Peak 249.14M) | Time:00:00.68 | Mem:114.19M, Peak:116.54M | Scene, ViewLayer | Updating Camera Volume
Fra:195 Mem:167.36M (Peak 249.14M) | Time:00:00.68 | Mem:114.19M, Peak:116.54M | Scene, ViewLayer | Updating Lookup Tables
Fra:195 Mem:167.36M (Peak 249.14M) | Time:00:00.68 | Mem:114.27M, Peak:116.54M | Scene, ViewLayer | Updating Lights
Fra:195 Mem:167.36M (Peak 249.14M) | Time:00:00.68 | Mem:114.27M, Peak:116.54M | Scene, ViewLayer | Updating Lights | Computing tree
Fra:195 Mem:168.04M (Peak 249.14M) | Time:00:00.69 | Mem:114.95M, Peak:116.54M | Scene, ViewLayer | Updating Integrator
Fra:195 Mem:168.04M (Peak 249.14M) | Time:00:00.69 | Mem:114.95M, Peak:116.54M | Scene, ViewLayer | Updating Film
Fra:195 Mem:168.04M (Peak 249.14M) | Time:00:00.69 | Mem:114.87M, Peak:116.54M | Scene, ViewLayer | Updating Lookup Tables
Fra:195 Mem:168.04M (Peak 249.14M) | Time:00:00.69 | Mem:114.95M, Peak:116.54M | Scene, ViewLayer | Updating Baking
Fra:195 Mem:168.04M (Peak 249.14M) | Time:00:00.69 | Mem:114.95M, Peak:116.54M | Scene, ViewLayer | Updating Device | Writing constant memory
Fra:195 Mem:168.08M (Peak 249.14M) | Time:00:00.69 | Mem:114.95M, Peak:116.54M | Scene, ViewLayer | Loading denoising kernels (may take a few minutes the first time)
Fra:195 Mem:168.08M (Peak 249.14M) | Time:00:00.69 | Mem:114.95M, Peak:116.54M | Scene, ViewLayer | Sample 0/6
Fra:195 Mem:177.50M (Peak 249.14M) | Time:00:01.65 | Remaining:00:04.79 | Mem:124.35M, Peak:124.35M | Scene, ViewLayer | Sample 1/6
Fra:195 Mem:181.45M (Peak 249.14M) | Time:00:07.71 | Mem:124.35M, Peak:124.35M | Scene, ViewLayer | Sample 6/6
Fra:195 Mem:181.45M (Peak 249.14M) | Time:00:07.71 | Mem:124.35M, Peak:124.35M | Scene, ViewLayer | Finished
Saved: '/home/user/liuflexrobo/GLIMMER/renders/preview/SHOT_004/frame_0195.jpg'
Time: 00:07.74 (Saving: 00:00.00)

FR SHOT_004 195 7.8s
Fra:196 Mem:135.39M (Peak 135.39M) | Time:00:00.15 | Mem:0.00M, Peak:0.00M | Scene, ViewLayer | Synchronizing object | FX_010_swarm
Fra:196 Mem:135.20M (Peak 135.39M) | Time:00:00.16 | Mem:0.00M, Peak:0.00M | Scene, ViewLayer | Synchronizing object | FX_001_abdomen
Fra:196 Mem:135.21M (Peak 135.39M) | Time:00:00.16 | Mem:0.00M, Peak:0.00M | Scene, ViewLayer | Synchronizing object | FX_001_body
Fra:196 Mem:135.22M (Peak 135.39M) | Time:00:00.16 | Mem:0.00M, Peak:0.00M | Scene, ViewLayer | Synchronizing object | FX_001_wing_L
Fra:196 Mem:135.22M (Peak 135.39M) | Time:00:00.16 | Mem:0.00M, Peak:0.00M | Scene, ViewLayer | Synchronizing object | FX_001_wing_R
Fra:196 Mem:135.22M (Peak 135.39M) | Time:00:00.16 | Mem:0.00M, Peak:0.00M | Scene, ViewLayer | Synchronizing object | FX_010_dot_src
Fra:196 Mem:135.22M (Peak 135.39M) | Time:00:00.16 | Mem:0.00M, Peak:0.00M | Scene, ViewLayer | Synchronizing object | FX_010_swarm
Fra:196 Mem:135.22M (Peak 135.39M) | Time:00:00.16 | Mem:0.00M, Peak:0.00M | Scene, ViewLayer | Synchronizing object | LIGHT_ff_practical
Fra:196 Mem:135.22M (Peak 135.39M) | Time:00:00.16 | Mem:0.00M, Peak:0.00M | Scene, ViewLayer | Synchronizing object | LIGHT_sun
Fra:196 Mem:135.22M (Peak 135.39M) | Time:00:00.16 | Mem:0.00M, Peak:0.00M | Scene, ViewLayer | Synchronizing object | LIGHT_moon
Fra:196 Mem:135.22M (Peak 135.39M) | Time:00:00.16 | Mem:0.00M, Peak:0.00M | Scene, ViewLayer | Synchronizing object | LIGHT_shaft_0
Fra:196 Mem:135.23M (Peak 135.39M) | Time:00:00.16 | Mem:0.00M, Peak:0.00M | Scene, ViewLayer | Synchronizing object | LIGHT_shaft_1
Fra:196 Mem:135.23M (Peak 135.39M) | Time:00:00.16 | Mem:0.00M, Peak:0.00M | Scene, ViewLayer | Synchronizing object | LIGHT_char_fill
Fra:196 Mem:135.23M (Peak 135.39M) | Time:00:00.16 | Mem:0.00M, Peak:0.00M | Scene, ViewLayer | Synchronizing object | LIGHT_night_rim
Fra:196 Mem:135.23M (Peak 135.39M) | Time:00:00.16 | Mem:0.00M, Peak:0.00M | Scene, ViewLayer | Synchronizing object | LIGHT_night_fill
Fra:196 Mem:135.23M (Peak 135.39M) | Time:00:00.16 | Mem:0.00M, Peak:0.00M | Scene, ViewLayer | Synchronizing object | LIGHT_robot_key
